{"0": 0.7168975484723464, "1": 0.44872936931166874, "2": 0.6154194709000969, "3": 0.5709798418733485, "4": 0.3343444424169364, "5": 0.33747202092366535, "6": 0.6083797331854903, "7": 0.5786232597120047, "8": 0.6350488760899772, "9": 0.45106894460388414, "10": 0.6734697519888497, "11": 0.9949767420272078, "22": 0.6678093024213296}