{"0": 0.26484325732179576, "2": 0.6387181688610565, "3": 0.9432447077790973, "5": 0.6740471733991785, "6": 0.5968611232684455, "7": 0.27361805570435394, "9": 0.8937292646683588, "12": 0.48113657271127597, "13": 0.32595246038976994, "14": 0.981232131685918, "15": 0.9315684879650371, "16": 0.6196188954656859, "17": 0.9727827329965694, "18": 0.5247123185998133, "19": 0.8311229959955457, "21": 0.9949767420272078, "23": 0.6260072594908512, "25": 0.5320489077677621, "27": 0.8809389516283095, "28": 0.9217586009312606, "29": 0.6653534822950975, "30": 0.8192778384406973, "31": 0.5685866553822061, "32": 0.8809396244696035, "33": 0.5890213061352436, "35": 0.5947314687275336, "36": 0.5198685220641122, "38": 0.9093223456592029, "39": 0.8016408203693159, "40": 0.7849634154001839, "41": 0.9141130735845608, "42": 0.6013506347590544, "43": 0.2667876912297211, "44": -0.0020026099042433354, "46": 0.8646846833957632, "48": 0.26136390952185357, "50": 0.6018924626007458, "51": 0.644185570254385, "52": 0.9711625608873772, "53": 0.41247311771951933, "54": 0.7051300887732297, "55": 0.5171546343115796, "56": 0.880369923789478, "62": 0.6397620421540968, "63": 0.5726946656952732, "64": 0.37540567929468754, "65": 0.7540475002364506, "66": 0.5513144173319915, "67": 0.9539519567428785, "69": 0.8330156279542347, "70": 0.6144125538152523, "71": 0.7569497374690988, "72": 0.654067553166424, "73": 0.8128551965592921, "74": 0.9375321277109495, "75": 0.9713595535558777, "78": 0.7010120954522201, "79": 0.8333468763597425, "80": 0.6258554352216742, "81": 0.921999206994456, "82": 0.9983737266052923, "84": 0.9700371969819471, "85": 0.32326250314784427, "87": 0.7637396974633953, "90": 0.8756754309304606, "93": 0.557010402473584, "95": 0.684961249623832, "96": 0.9367269048304978, "97": 0.9476023808238805, "98": 0.727702565045798}