{"0": 0.4623238418241676, "5": 0.9105598404433028, "7": 0.48113657271127597, "9": 0.45671881603026226, "11": 0.7529601642824387, "13": 0.6198570058454504, "17": 0.9704814302099272, "18": 0.9217586009312606, "19": 0.9865001752117635, "21": 0.7561202494503998, "23": 0.7993444339342476, "28": 0.6957616916647424, "30": 0.2173441914935903, "31": 0.9318625117538578, "34": 0.4869503083491822, "35": 0.487364546922174, "37": 0.8421031499706284, "38": 0.5014702119724355, "40": 0.6501087259297218, "44": 0.9983737266052923, "45": 0.7345918941665259, "47": 0.9709483288034012, "49": 0.354169779327812, "51": 0.6491935015945167, "55": 0.9949767420272078, "56": 0.5545573611580547, "58": 0.5863082890548692, "59": 0.5241478553875311, "60": 0.7122596126299678, "63": 0.6289616914917582}