{"0": 0.4706877654213421, "1": 0.9949767420272078}