{"0": 0.5609849854360007, "1": 0.7824962939969589, "2": 0.8192778384406973, "3": 0.9586919378087284, "4": 0.9330858868122798, "5": 0.8311229959955457, "6": 0.9949767420272078, "7": 0.9779848608639259, "8": 0.9865001752117635, "9": 0.9988882682104072, "10": 0.9750826465612488, "11": 0.9983737266052923, "12": 0.9892581571897634, "13": 0.9884989516004242, "14": 0.8794961698328488, "15": 0.9140329995531735}