{"0": 0.8775265032524076, "1": 0.9687175705183642, "2": 0.5428146706341573, "3": 0.9249524416875297, "4": 0.7276444416980752, "5": 0.2958912091038236, "6": 0.1767561018272008, "7": 0.3885201854651707, "8": 0.6826620317984129, "9": 0.7365398254287008, "10": 0.9061104814689838, "11": 0.8311229959955457, "12": 0.9801948925335262, "13": 0.9127274042373902, "14": 0.9691939465332382, "15": 0.9830954797357201, "16": 0.9129039455580766, "17": 0.942923417458683, "18": 0.7973563010853268, "19": 0.8794961698328488, "20": 0.9688241791634957, "21": 0.9114644625959997, "22": 0.6082976936329352, "23": 0.9327349011946073, "25": 0.8720945545738419, "26": 0.8280814828306626, "29": 0.9903820945691412, "33": 0.8615112575471175, "34": 0.963944995920045, "35": 0.9453520912576178, "36": 0.9559398348927166, "38": 0.9988882682104072, "41": 0.9573363750671867, "42": 0.9713595535558777, "43": 0.9586919378087284, "44": 0.8456938319969669, "45": 0.3702217257773508, "46": 0.953211483519156, "47": 0.9983737266052923, "51": 0.9949767420272078, "69": 0.9140329995531735, "73": 0.8192778384406973, "74": 0.6335425290632055, "84": 0.9750826465612488, "88": 0.9865001752117635, "89": 0.9884989516004242, "90": 0.920017648857659, "93": 0.981232131685918, "94": 0.8978997239936704}