{"0": 0.5078656437065918, "1": 0.48268520772831897, "3": 0.5993662082868174, "4": 0.7979713081674964, "5": 0.9374193455156212, "7": 0.7479959090478019, "8": 0.8116761558597236, "9": 0.9488360901438864, "10": 0.4030563949977728, "11": 0.415821352802326, "12": 0.7570387652548305, "18": 0.48113657271127597, "24": 0.5905458580455961, "27": 0.6028903935512808, "28": 0.9709483288034012, "29": 0.9949767420272078, "30": 0.6314619164950735, "31": 0.36054260936238747, "36": 0.8316076253923786, "42": 0.943959991281367, "43": 0.6218739178756072, "46": 0.6260072594908512, "49": 0.734684879499055, "51": 0.4432566710275604, "55": 0.9476023808238805, "67": 0.9217586009312606, "68": 0.9167608330614505, "70": 0.7357403798508895, "75": 0.7228399962807887, "82": 0.1637654641008508, "84": 0.24610147062709067, "85": 0.8491020066480099, "87": 0.7832415845423211, "89": 0.6282441029947119, "95": 0.8402704944493974, "96": 0.9983737266052923}