{"0": 0.8510479082711758, "1": 0.7465430850292932, "3": 0.7016430386802859, "7": 0.592096737276914, "12": 0.3529256614169821, "13": 0.3959529039019857, "14": 0.49128156229654574, "17": 0.6957009130025238, "19": 0.4275424870641419, "20": 0.841832887969435, "23": 0.9217586009312606, "25": 0.9983737266052923, "29": 0.9949767420272078, "31": 0.5796450853086754, "32": 0.917459470470178, "36": 0.7073422066443572, "37": 0.980133147923703, "39": 0.8710974742424678, "40": 0.39180076684227044, "42": 0.8117823156968187, "43": 0.6260072594908512, "44": 0.7496293598194063, "45": 0.33259344595703244, "46": 0.9865001752117635, "47": 0.981232131685918, "48": 0.7802901764356169, "49": 0.9449277469107293, "51": 0.7831581017980025, "52": 0.5493022969164718, "54": 0.9711625608873772, "55": 0.8953599538075763, "57": 0.7577493501762518, "64": 0.7075546733458378, "65": 0.9709483288034012, "66": 0.9024938573736566, "68": 0.9704814302099272, "69": 0.017581498289859186, "71": 0.8936385536968288, "72": 0.7472374836751929, "73": 0.36490458399849823, "76": 0.9230266956734278, "77": 0.48113657271127597, "79": 0.8773368069598443, "81": 0.9687175705183642, "84": 0.6972574929582108, "90": 0.7189024676856439, "91": 0.6527383214021293, "94": 0.5668252227996196, "99": 0.40158594120137986}