{"0": 0.477073288143656, "1": 0.6648215670674185}