{"0": 0.9592332369017739, "1": 0.9018630594927176, "2": 0.6352874104845518, "3": 0.941544463957757, "4": 0.8472879608371888, "5": 0.8775265032524076, "6": 0.3885201854651707, "7": 0.4306050671479955, "8": 0.832860782860757, "9": 0.9129039455580766, "10": 0.7973563010853268, "11": 0.9472676651898911, "12": 0.523868503082112, "13": 0.9061104814689838, "14": 0.9304763003992487, "15": 0.9687175705183642, "16": 0.5090991786701287, "17": 0.1767561018272008, "18": 0.6082976936329352, "20": 0.9691939465332382, "21": 0.8456938319969669, "22": 0.3702217257773508, "23": 0.9127274042373902, "24": 0.9114644625959997, "27": 0.981232131685918, "28": 0.9688241791634957, "29": 0.8720945545738419, "31": 0.9713595535558777, "32": 0.9750826465612488, "33": 0.963944995920045, "35": 0.7365398254287008, "36": 0.9801948925335262, "38": 0.9903820945691412, "41": 0.9586919378087284, "42": 0.9949767420272078, "45": 0.920017648857659, "46": 0.9884989516004242, "47": 0.855578621286744, "48": 0.8362662271757135, "49": 0.8311229959955457, "50": 0.8615112575471175, "58": 0.9573363750671867, "59": 0.8192778384406973, "65": 0.9988882682104072, "68": 0.9830954797357201, "71": 0.9865001752117635, "72": 0.5560960332074883, "73": 0.942923417458683, "74": 0.9453520912576178, "78": 0.6335425290632055, "83": 0.8794961698328488, "84": 0.8280814828306626, "85": 0.9983737266052923, "92": -0.0475896289864841, "96": 0.9140329995531735, "98": 0.8978997239936704, "149": 0.9559398348927166}