{"0": 0.5632118522698228, "1": 0.689946858505204, "2": 0.7298825725960352, "3": 0.5241478553875311, "4": 0.7093007587895401, "5": 0.6842440698002539, "9": 0.7621083816735483, "10": 0.47696589007168033, "12": 0.7997439209185461, "14": 0.9983737266052923, "15": 0.530085087744713, "16": 0.9949767420272078, "18": 0.5185842903523001, "19": 0.42744251982692405, "20": 0.2279792540372191, "23": 0.9217586009312606, "25": 0.5602677850793855, "26": 0.8124465791272606, "30": 0.7362738421594113, "31": 0.9709483288034012, "32": 0.9771451713702621, "34": 0.905853298347148, "35": 0.21304526941459787, "38": -0.05547754353508212, "39": 0.5535188316323769, "41": 0.5483982320747937, "45": 0.9711625608873772, "47": 0.5317869285499643, "50": 0.9644804896774047, "52": 0.5509321997381238, "53": 0.8720945545738419, "55": 0.7051300887732297, "56": 0.6662812573662056, "63": 0.980133147923703, "64": 0.6580174988099861, "68": 0.9604526003642835, "72": 0.8830833783478265, "74": 0.921999206994456, "76": 0.5584755322826442, "78": 0.9180753773976005, "80": 0.7127734682700447, "82": 0.8316076253923786, "84": 0.9865001752117635, "87": 0.4100212176237697, "88": 0.7939924047784267, "90": 0.7524496205077271, "95": 0.5638559195758706, "96": 0.6612516745902779, "98": 0.7127301950855451, "99": 0.6153118614397586}