{"0": 0.48182861457983406, "1": 0.9709483288034012, "2": 0.9865001752117635, "3": 0.9949767420272078}