{"1": 0.1175270849213755, "2": 0.6684228288493552, "3": 0.5056635126115956, "4": 0.800361072025644, "5": 0.9320261642551013, "6": 0.8073369428793344, "7": 0.8128551965592921, "8": 0.9604526003642835, "10": 0.9573146345238671, "12": 0.5253696695115937, "13": 0.6288473701422195, "16": 0.6097693913724529, "18": 0.9865001752117635, "20": 0.36489599095898007, "21": 0.6654222623906785, "22": 0.7817993465837122, "23": 0.789181501551268, "25": 0.30043726305024904, "28": 0.7099117977030927, "29": 0.7179832814982685, "31": 0.7459154378713146, "34": 0.7891792742177998, "35": 0.33446552339560476, "36": 0.981232131685918, "38": 0.6260072594908512, "39": 0.9180753773976005, "42": 0.8316076253923786, "47": 0.48113657271127597, "55": 0.38044437745947535, "56": 0.5770065951815211, "58": 0.6982264045604896, "60": 0.967905757640733, "61": 0.5776804415972758, "64": 0.8912853394485831, "67": 0.42235500442309315, "72": 0.9949767420272078, "76": 0.9771451713702621, "77": 0.8830833783478265, "79": 0.9642811283825925, "81": 0.649774395520555, "87": 0.670624294662076, "89": 0.9476023808238805, "90": 0.8952635008702641, "91": 0.9983737266052923, "96": 0.8366841729045951}