{"0": 0.8759489814643256, "1": 0.41034414204083425, "2": 0.9315684879650371, "3": 0.732174604037293, "4": 0.34620748627742515, "5": 0.869170515593214, "6": 0.9949767420272078, "7": 0.688425142701773, "8": 0.4221817176660859, "9": 0.11481398392847894, "10": 0.5515903364492653, "11": 0.9129039455580766, "12": 0.6131014408222359, "13": 0.7146389994851791, "14": 0.7286513348026014, "15": 0.8960944809249964, "16": 0.6733213007476928, "17": 0.5247123185998133, "18": 0.6632782758195849, "19": 0.6491935015945167, "20": 0.2370241823853118, "21": 0.7866875579257706, "22": 0.817963083354873, "23": 0.8910618665151236, "25": 0.6956085320899287, "26": 0.48113657271127597, "27": 0.5932436965553058, "28": 0.943959991281367, "29": 0.4817438292948889, "30": 0.8322572914088767, "31": 0.6260072594908512, "32": 0.660673913766087, "33": 0.27361805570435394, "34": 0.7331552650568469, "35": 0.544095781957517, "36": 0.3366835704077431, "37": 0.8216912714609571, "38": 0.9053622125320325, "40": 0.9093223456592029, "41": 0.7849634154001839, "42": 0.6685812721607511, "44": 0.8117823156968187, "45": 0.8016408203693159, "46": 0.26136390952185357, "47": 0.8192778384406973, "48": 0.9539519567428785, "49": 0.8756754309304606, "50": 0.8311229959955457, "51": -0.0020026099042433354, "53": 0.32893364296232114, "54": 0.5685866553822061, "55": 0.5220569662425524, "57": 0.921999206994456, "58": 0.7075546733458378, "59": 0.6733559840239098, "60": 0.9217586009312606, "61": 0.757604564146452, "62": 0.9983737266052923, "63": 0.8444621505000198, "66": -0.03156587147432149, "67": 0.9141130735845608, "68": -0.0947404194997906, "69": 0.24427880458326123, "70": 0.9709483288034012, "71": 0.981232131685918, "73": 0.5281575017133101, "74": 0.8946270963376559, "75": 0.8720945545738419, "77": 0.5383327331910661, "78": 0.44260974064371894, "80": 0.9711625608873772, "83": 0.5324672631935163, "84": 0.8976058608558702, "85": 0.7634150330236524, "86": 0.6258554352216742, "87": 0.9476023808238805, "89": 0.8655817455287372, "90": 0.9865001752117635, "93": 0.7425417598060612, "99": 0.684961249623832}