{"0": 0.6140339432171433, "1": -0.21663253992098172, "2": 0.9462769360884645, "3": 0.31779348065073154, "4": 0.7979756133661735, "5": 0.7910892565119598, "6": 0.6614848335510186, "7": 0.9255037955693852, "8": 0.763170073977818, "9": 0.8116338469056381, "10": 0.33544959272937136, "11": 0.8421031499706284, "12": 0.7422980257065354, "13": 0.9490615228462083, "14": 0.6260072594908512, "15": 0.6509661946617844, "16": 0.757604564146452, "17": 0.733402937629024, "18": 0.5876641503028501, "19": 0.9254189677048988, "20": 0.9949767420272078, "21": 0.5441508032487349, "24": 0.9217586009312606, "25": 0.9865001752117635, "27": 0.20719309844180892, "28": 0.980133147923703, "29": 0.48113657271127597, "30": 0.506649232907195, "31": 0.9449277469107293, "35": 0.6788596630468333, "37": 0.5304847344681385, "38": 0.4616719898593228, "40": 0.8494976603097388, "46": 0.6335425290632055, "51": 0.525027673004182, "54": 0.6547103932626869, "57": 0.6483931281146313, "63": 0.6487520872752499, "66": 0.7873897911526725, "72": 0.6790274359236491, "73": 0.8546179968153367, "79": 0.5652292697037742, "80": 0.3843293913425536, "82": 0.9709483288034012, "85": 0.2754367803391704, "86": 0.9983737266052923, "88": 0.981232131685918, "89": 0.9711625608873772, "91": 0.7658701887411197, "97": 0.9687175705183642, "99": 0.8855337795628653}