{"0": 0.3887877067919965, "1": 0.5164901658439864, "2": 0.4865086535226908, "3": 0.44123928194042245, "4": 0.40015922872218856, "5": 0.6176878531080432, "6": 0.636078408884836, "7": 0.5879579430133247, "8": 0.7010823889681865, "9": 0.712669562530023, "10": 0.41038671012558614, "11": 0.9316966264562736, "12": 0.967905757640733, "13": 0.9865001752117635, "14": 0.8756754309304606, "15": 0.9488360901438864, "16": 0.9472676651898911, "17": 0.981232131685918, "18": 0.9983737266052923, "19": 0.9949767420272078}