{"0": 0.7497941299904008, "1": 0.6710171039516435, "2": 0.6642716192230244, "3": 0.5786232597120047, "5": 0.40331698522902765, "7": 0.554702735686429, "8": 0.6148974511392573, "9": 0.9709483288034012, "10": 0.9217586009312606, "11": 0.9167768880526932, "12": 0.4060194721643152, "13": 0.6391026556583548, "14": 0.48113657271127597, "16": 0.6420821057292383, "17": 0.9949767420272078, "21": 0.9462769360884645, "22": 0.8912853394485831, "24": 0.77228253510812, "25": 0.595515807587681, "27": 0.7127301950855451, "28": 0.7831581017980025, "29": 0.8366841729045951, "33": 0.9865001752117635, "34": 0.874800964842428, "37": 0.37167246170621615, "40": 0.4511695565774678, "42": 0.6690981267032541, "43": 0.8676176257395529, "44": 0.8843771074822482, "51": 0.48951144052714235, "53": 0.8813757932458062, "56": 0.6703368053274344, "57": 0.8013146954227292, "58": 0.49001972338672806, "61": 0.8956786215892709, "67": 0.14698600143204282, "70": 0.9983737266052923, "73": 0.9711625608873772, "74": 0.981232131685918, "76": 0.6487520872752499, "79": 0.980133147923703, "81": 0.5294447108015252, "82": 0.7025715852737098, "84": 0.9252433584349254, "91": 0.6032529230001816, "93": 0.4477345343246184, "97": 0.6830788192248078, "99": 0.9006714259588862}