{"0": 0.9709483288034012, "1": 0.3956403970145097, "2": 0.8375869359907355, "3": 0.7162198101860491, "4": 0.6387601949853665, "5": 0.585586251779141, "6": 0.6865984055971042, "7": 0.9949767420272078, "9": 0.9050715799851166, "10": 0.9217586009312606, "12": 0.4009453733839653, "13": 0.48113657271127597, "14": 0.5467888274436655, "18": 0.3001490053800927, "19": 0.9356155407207811, "22": 0.4318764891887431, "23": 0.4651693611344156, "26": 0.7517680022901747, "27": 0.8366841729045951, "29": 0.6437552037342908, "31": 0.9711625608873772, "33": 0.8900765842494998, "34": 0.48513547253832706, "35": 0.6260072594908512, "39": 0.6203141770971493, "40": 0.7387612646920135, "43": 0.716682951966982, "48": 0.8370818016606321, "50": 0.6387351836079386, "51": 0.6271424200933868, "52": 0.8295754075163463, "54": 0.8953357204137226, "55": 0.9196762676827337, "56": 0.9204330867250647, "61": 0.7979575173700935, "63": 0.8514468362324392, "64": 0.980133147923703, "72": 0.544634990060118, "73": 0.9865001752117635, "78": -0.15345094145548951, "80": 0.21685808405994073, "85": 0.2133538004266336, "88": 0.6970528412114143, "94": 0.4637226310989762, "95": 0.5088029625838943}