{"0": 0.7831581017980025, "2": 0.5786232597120047, "3": 0.4065694600147872, "6": 0.21714044699787466, "8": 0.5119491315263249, "10": 0.5890995501974303, "12": 0.9217586009312606, "13": 0.39189568712668876, "14": 0.9865001752117635, "15": 0.8710395307777925, "16": 0.725359424752839, "17": 0.6308996091655661, "18": 0.8431159508544971, "19": 0.564308815613688, "20": 0.6554093342763931, "21": 0.7856967384302154, "22": 0.7496293598194063, "24": 0.33747202092366535, "25": 0.7127301950855451, "26": 0.6342451481925557, "27": 0.8160154020078866, "28": 0.9687370516063287, "29": 0.2282015222686555, "32": 0.9949767420272078, "33": 0.9604526003642835, "34": 0.6180032137120303, "35": 0.48113657271127597, "36": 0.3897997721072064, "37": 0.6260072594908512, "38": 0.5971301216459637}