{"0": 0.9462769360884645, "3": 0.5377661340612773, "4": 0.569810803033655, "5": 0.6260072594908512, "6": 0.9709483288034012, "9": 0.7922489164452652, "11": 0.5388074985725961, "15": 0.361267345932905, "18": 0.716682951966982, "19": 0.8366841729045951, "20": 0.5585063947291987, "22": 0.7782912029730289, "23": 0.7380802531804802, "24": 0.53361542765685, "28": 0.6359125783382944, "29": 0.20907527986086205, "32": 0.9217586009312606, "35": 0.5605125055920812, "37": 0.5288669806415319, "43": 0.9687175705183642, "48": 0.980133147923703, "49": 0.757604564146452, "50": 0.4323508784133556, "59": 0.905041681043786, "61": 0.8877772318813972, "64": 0.771003949953108, "67": 0.9865001752117635, "70": 0.7074406951156328, "72": 0.9304763003992487, "74": 0.8311229959955457, "76": 0.3367336792806327, "79": 0.6855427253833422, "83": 0.9476023808238805, "95": 0.7423436848092225, "96": 0.8937599839047031, "98": 0.48113657271127597}