{"0": 0.48690522159157845, "1": 0.8188763159117212, "2": 0.9592332369017739, "3": 0.8830833783478265, "4": 0.6061367038825813, "5": 0.9687175705183642, "6": 0.967905757640733, "7": 0.9865001752117635, "8": 0.9335934621781633, "9": 0.9472676651898911, "10": 0.8366841729045951, "11": 0.8720945545738419, "12": 0.981232131685918, "13": 0.9983737266052923, "14": 0.7010120954522201, "15": 0.9949767420272078}