{"0": 0.5024155389281557, "1": 0.7893161168886208, "2": 0.6851702053725485, "3": 0.39789032496842464, "5": 0.7384546401503757, "6": 0.5273247648060132, "7": 0.3768976593739229, "9": 0.5973070206411616, "11": 0.2751265597348631, "13": 0.9180753773976005, "14": 0.7419980476402368, "15": 0.9217586009312606, "16": 0.921999206994456, "17": 0.9949767420272078, "18": 0.9865001752117635, "19": 0.8402168381837082, "20": 0.3548601772963379, "21": 0.9145257769498933, "24": 0.9983737266052923, "26": 0.8582793452754662, "27": 0.48113657271127597, "29": 0.8036171673830603, "30": 0.6686109149132414, "32": 0.20719309844180892, "33": 0.9462769360884645, "35": 0.9093223456592029, "36": 0.9422384203384251, "39": 0.4634015476907999, "40": 0.7326018757553265, "41": 0.25608179492407146, "42": 0.5149058008426404, "44": 0.7752637354002361, "45": 0.6222512710709779, "46": 0.6268871362083699, "47": 0.7557890504906399, "48": 0.8533648924231312, "50": 0.5255047779155486, "51": 0.7362738421594113, "52": 0.9488360901438864, "53": 0.4341110162047124, "57": 0.7945269330005886, "58": 0.8720945545738419, "59": 0.757604564146452, "60": 0.8546179968153367, "62": 0.7075546733458378, "73": 0.7782912029730289, "74": 0.2926714706602051, "76": 0.6487520872752499, "81": 0.4560727718364672, "82": 0.9710685701243187, "84": 0.44021508524341013, "85": 0.662784129011599, "88": 0.9315684879650371, "92": 0.7979756133661735, "94": 0.45417742914473036}