{"1": 0.8439991865954267, "2": 0.5731200314467619, "4": 0.757604564146452, "5": 0.46423472288454415, "7": 0.8200672390537388, "8": 0.8333468763597425, "10": 0.5714030402418647, "11": 0.2950296354755094, "12": 0.5403132924696423, "13": 0.5494843342428134, "15": 0.8585003682887828, "18": 0.7658089738885232, "20": 0.27998992571322023, "21": 0.9239777041182415, "23": 0.7243843500343019, "25": 0.39136758651032943, "26": 0.7814403810405333, "32": 0.3941495104052666, "33": 0.5083773007186321, "35": 0.7002305874117906, "36": 0.7907760438956404, "39": 0.3272231542683248, "42": 0.6557949459336881, "43": 0.6139961670765683, "44": 0.6925970528484819, "45": 0.9949767420272078, "47": 0.5960293715802429, "48": 0.8830833783478265, "52": 0.9713595535558777, "55": 0.4968885057412682, "57": 0.9709483288034012, "59": 0.7921469597621462, "62": 0.42078005933169066, "63": 0.8809474207073994, "67": 0.8787429367518667, "68": 0.6082839194544385, "69": 0.34384838052099814, "70": 0.54003238427019, "73": 0.26960656914533654, "74": 0.5808446707006777, "75": 0.7985980260006434, "81": 0.367815415391919, "82": 0.8101693485967609, "84": 0.7384487906104287, "88": 0.7658701887411197, "89": 0.6260072594908512, "90": 0.8020506026369691, "92": 0.7746917364776701, "97": 0.6431088138172338, "98": 0.8970177852405782, "99": 0.9656236097165958}