{"0": 0.7036495585102586, "1": 0.6258554352216742, "2": 0.37350480715181, "3": 0.8192778384406973, "4": 0.8809396244696035, "5": 0.921999206994456, "6": 0.5247123185998133, "8": 0.8766664135836837, "9": 0.8937292646683588, "10": 0.7341373282659742, "11": 0.8216912714609571, "12": 0.27361805570435394, "14": 0.5167012888246905, "15": 0.901748777249892, "16": 0.852402447062848, "18": 0.5812670872069942, "19": 0.7031352040331899, "20": 0.3557704496665197, "21": 0.7617414539305428, "22": 0.943959991281367, "23": 0.26136390952185357, "24": 0.8953599538075763, "25": 0.8642616605705435, "27": 0.9709483288034012, "28": 0.6867908213314001, "31": 0.6516239041062111, "32": 0.9865001752117635, "33": 0.5590755786185421, "34": 0.978789337755493, "35": 0.4183847681953678, "36": 0.8016408203693159, "37": 0.48113657271127597, "38": 0.9217586009312606, "39": 0.7923975123858403, "40": 0.43263427305857904, "42": 0.8311229959955457, "43": 0.6733213007476928, "44": 0.2667876912297211, "45": 0.41247311771951933, "46": 0.7204835355393335, "47": 0.5292378121730696, "48": 0.6228661377684988, "50": 0.6733559840239098, "51": 0.6397620421540968, "54": 0.7634150330236524, "55": 0.744983495403502, "56": 0.9476023808238805, "58": 0.7646757269224965, "59": 0.8126874765373676, "61": 0.8917687476877005, "64": 0.8333468763597425, "65": 0.7849634154001839, "66": 0.7637396974633953, "68": 0.3778574483795422, "69": 0.557010402473584, "70": 0.0882759782354223, "71": 0.9224531410964992, "72": 0.8960944809249964, "74": 0.9053622125320325, "75": 0.9335934621781633, "76": 0.721825734073164, "77": 0.9620011027659975, "79": 0.32253553498702653, "80": 0.981232131685918, "83": 0.12249633937071452, "85": 0.980133147923703, "89": 0.9096911896636037, "91": 0.4688705171340102, "97": 0.684961249623832}