{"0": 0.8938772884269843, "1": 0.4865376241939008, "2": 0.716038394372499, "4": 0.70332942894918, "5": 0.8311229959955457, "8": 0.5513144173319915, "9": 0.6160150566261295, "10": 0.6443552196715276, "11": 0.6848936213076972, "12": 0.9315684879650371, "15": 0.6720709804039435, "16": -0.024156359863211005, "17": 0.5294447108015252, "18": 0.8128551965592921, "20": 0.6427335032905915, "21": 0.5633545234992926, "22": 0.2676936408781446, "23": 0.46912644829314326, "24": 0.822393697567884, "26": 0.8333468763597425, "27": 0.9442464244826696, "28": 0.8950298170428456, "29": 0.7617414539305428, "31": 0.37635237639997554, "32": 0.9712097172582024, "33": 0.8646846833957632, "34": 0.6653534822950975, "35": 0.0882759782354223, "38": 0.6924673961808485, "40": 0.7107871868202708, "41": 0.684961249623832, "42": 0.2667876912297211, "44": 0.5246737853562746, "45": 0.9983737266052923, "50": 0.9217586009312606, "51": 0.48113657271127597, "53": 0.4756185840993384, "54": 0.7849634154001839, "55": 0.9709483288034012, "56": 0.8216912714609571, "57": 0.557010402473584, "60": 0.6632782758195849, "61": 0.9865001752117635, "62": 0.19248205210184646, "63": 0.41029683209188217, "65": 0.8937292646683588, "67": 0.9988882682104072, "69": 0.28588413714012695, "70": 0.7075546733458378, "73": 0.8292426892435174, "75": 0.8702891274457223, "77": 0.660673913766087, "81": 0.8809396244696035, "82": 0.8192778384406973, "84": 0.5292378121730696, "86": 0.4856930389365831, "87": 0.757604564146452, "89": 0.9264714269843606, "94": 0.981232131685918, "95": 0.6549913034441552, "98": 0.9711625608873772, "99": 0.9141130735845608}