{"0": 0.9687175705183642, "1": 0.5358827365043197, "2": 0.757604564146452, "3": 0.9488360901438864, "4": -0.0475896289864841, "5": 0.7973563010853268, "6": 0.8794961698328488, "7": 0.9212526051038312, "8": 0.9304763003992487, "9": 0.9006714259588862, "10": 0.8311229959955457, "11": 0.9884989516004242, "12": 0.8995238736482618, "13": 0.920017648857659, "14": 0.9432151547278886, "15": 0.942923417458683, "16": 0.9691939465332382, "17": 0.8949721784391503, "18": 0.6082976936329352, "19": 0.8720945545738419, "20": 0.9432447077790973, "21": 0.9013207959089523, "22": 0.9865001752117635, "23": 0.9983737266052923, "24": 0.963944995920045, "25": 0.9892581571897634, "26": 0.9830954797357201, "27": 0.9061104814689838, "28": 0.9711625608873772, "29": 0.980133147923703, "30": 0.7158316922876482, "31": 0.8366841729045951, "32": 0.981232131685918, "33": 0.9335934621781633, "34": 0.7010120954522201, "35": 0.7116043175588809, "36": 0.9472676651898911, "37": 0.8756754309304606, "38": 0.9217586009312606, "39": 0.8192778384406973, "40": 0.9750826465612488, "41": 0.9140329995531735, "42": 0.8830833783478265, "43": 0.9316966264562736, "44": 0.7336565076444184, "45": 0.9709483288034012, "46": 0.9949767420272078}