{"0": 0.9442464244826696, "1": 0.7831581017980025, "3": 0.7365917586812888, "4": 0.5142375211771926, "6": 0.9711625608873772, "8": 0.3523378564480171, "11": 0.719469981971244, "15": 0.6824195476123049, "16": 0.7331689393216139, "18": 0.9217586009312606, "19": 0.5189611432608479, "20": 0.9865001752117635, "23": 0.615021887256318, "24": 0.5656149210637991, "26": 0.7498029308278769, "28": 0.8749444637013986, "30": 0.829554232517227, "32": 0.581850974975022, "35": 0.7669192657594605, "40": 0.2724544276318117, "47": 0.8042452024692914, "48": 0.7709655471410095, "50": 0.8383164521840973, "51": 0.9709483288034012, "52": 0.2843405974063835, "54": 0.6169986833098449, "57": 0.4661444755008513, "60": 0.9949767420272078, "62": 0.48113657271127597, "63": 0.5922198009192682, "64": 0.6260072594908512, "65": 0.3201396594735778}