{"0": 0.5987456197062906, "1": 0.8192778384406973, "2": 0.8311229959955457, "3": 0.9949767420272078, "4": 0.9687237924699306, "5": 0.9865001752117635, "6": 0.9988882682104072, "7": 0.9983737266052923, "8": 0.9892581571897634, "9": 0.8794961698328488}