{"0": 0.6603301396915146, "1": 0.7197444028093709, "3": 0.8178367413121834, "4": 0.5103504292219222, "5": 0.8952635008702641, "6": 0.657689320857211, "7": 0.18428780972413933, "8": 0.8855337795628653, "9": 0.6789913311518556, "10": 0.513639998193295, "11": 0.7356186620883198, "14": 0.3727174463422115, "16": 0.589537795283237, "17": 0.9949767420272078, "18": 0.7576288068124419, "19": 0.415821352802326, "20": 0.8094615901590485, "23": 0.9865001752117635, "25": 0.7192374784501628, "27": 0.5984908878794782, "28": 0.8068998566268073, "29": 0.1460289271421529, "30": 0.8807013296621978, "31": 0.5241478553875311, "32": 0.4618494148627507, "33": 0.5358827365043197, "34": 0.864298596601293, "36": 0.4772721055495608, "37": 0.8109078650174935, "38": 0.5618963108921582, "40": 0.5730054172979819, "45": 0.5055602823032099, "46": 0.6852443605191594, "49": 0.9709483288034012, "50": 0.6598909481939857, "51": 0.9983737266052923, "53": 0.35951599979397697, "58": 0.5903377636520423, "59": 0.4749168740070717, "60": 0.505876909420551, "61": 0.9239777041182415, "64": -0.016422913884859287, "66": 0.7467991445448245, "69": 0.8546179968153367, "72": 0.9204330867250647, "76": 0.8203731167615342, "77": 0.6739390109513268, "78": 0.7912124534639593, "81": 0.594287748289196, "83": 0.6309168682417451, "91": 0.5929846074639422, "99": 0.40540983168551925}