{"2": 0.88022253334417, "3": 0.8124465791272606, "4": 0.8684472247482378, "6": 0.7635979396139114, "7": 0.6632634697963784, "9": 0.9043277139641153, "11": 0.8546179968153367, "12": 0.49055573833005617, "13": 0.3661119807005872, "16": 0.9949767420272078, "20": 0.573604914278669, "22": 0.7759392029678017, "23": 0.8810708245159549, "25": 0.48113657271127597, "27": 0.6483931281146313, "28": 0.5798507072602224, "29": 0.9711625608873772, "31": 0.27658426633121325, "33": 0.9196762676827337, "34": 0.9865001752117635, "35": 0.757604564146452, "36": 0.9983737266052923, "39": 0.7845861534736376, "41": 0.5294447108015252, "44": 0.9217586009312606, "45": 0.8768841032676198, "52": 0.394816952421995, "53": 0.9709483288034012, "60": 0.7259539260691046, "61": 0.8499550459911512, "67": 0.5472147803544244, "71": 0.5709520429953605, "72": 0.3648017775027196, "74": 0.7010120954522201, "78": 0.8068773160677776, "79": 0.9157957284855488, "82": 0.4179407811153327, "88": 0.6476439257687895, "90": 0.8720945545738419, "92": 0.9252433584349254, "93": 0.9604526003642835, "95": 0.8216912714609571, "99": 0.53361542765685}