{"0": 0.9249524416875297, "1": 0.9203077752011908, "2": 0.8794961698328488, "3": 0.8999328978891317, "4": 0.7544870790261873, "5": 0.9884989516004242, "6": 0.8272104826016874, "7": 0.8613776094407015, "8": 0.9750826465612488, "9": 0.9713595535558777, "10": 0.9204854370161487, "11": 0.7870072749384418, "12": 0.941952435588411, "13": 0.3885201854651707, "14": 0.9327349011946073, "15": 0.9830954797357201, "16": 0.8767764380190937, "17": 0.8862374456360023, "18": 0.9988882682104072, "19": 0.9140329995531735, "20": 0.981232131685918, "21": 0.5358827365043197, "22": 0.9090796779337953, "23": 0.8720945545738419, "24": 0.967905757640733, "25": 0.9204330867250647, "26": 0.9592332369017739, "27": 0.9709483288034012, "28": 0.8070834178164799, "29": 0.9983737266052923, "30": 0.9865001752117635, "31": 0.8546179968153367, "32": 0.9949767420272078}