{"0": 0.6180032137120303, "1": 0.7139982306358827, "2": 0.6094012913532996, "3": 0.4477290739835533, "4": 0.574031499518063, "5": 0.3398294073738458, "6": 0.31342203584485395, "7": 0.5786232597120046, "8": 0.6342451481925557, "9": 0.6692430371893076, "10": 0.4668517837063278}