{"0": 0.8590198123278379, "1": 0.3969558824985872, "2": 0.5432174934454463, "3": 0.9704814302099272, "4": 0.7854095390540887, "6": 0.9374193455156212, "7": 0.9983737266052923, "8": 0.6392367392600011, "9": 0.9217586009312606, "10": 0.5864500476888937, "11": 0.41379660306355937, "14": 0.16061391605256475, "15": 0.7932229844228881, "16": 0.6618191480244111, "18": 0.8316076253923786, "20": 0.591481483529656, "21": 0.659675751033918, "22": 0.5448510919517566, "23": 0.5114204939861041, "28": 0.9949767420272078, "29": 0.7979756133661735, "31": 0.6440558728227208, "32": 0.47697802032041436, "33": -0.003888364837631997, "35": 0.594565395849322, "40": 0.8404461023348363, "42": 0.981232131685918, "43": 0.14449678458109552, "44": 0.7127301950855451, "45": 0.6946224615361336, "46": 0.9573146345238671, "47": 0.6324311305859132, "52": 0.7428844890724299, "53": 0.9711625608873772, "54": 0.5870580827459112, "60": 0.0760679392908579, "61": 0.757604564146452, "64": 0.9672364309982049, "65": 0.46922723798612953, "66": 0.4100212176237697, "68": 0.5241478553875311, "72": 0.9865001752117635, "73": 0.5358827365043197, "76": 0.8855256728754468, "77": 0.696677079395257, "79": 0.8949258926567634, "81": 0.6487520872752499, "89": 0.3426229356157113, "97": 0.9488360901438864, "99": 0.9476023808238805}