{"0": 0.806604815968605, "1": 0.6377955501573265, "2": 0.8556782626916579, "3": 0.744656588627224, "4": -0.66484306795428, "5": 0.6491935015945167, "6": 0.943959991281367, "7": 0.655660942174523, "8": 0.7709666089932787, "9": 0.061712956713041084, "10": 0.7853801635686781, "11": 0.8598698242351048, "12": 0.8510603248391713, "13": 0.45970526553006136, "14": 0.5670608927898844, "15": 0.5921071972552718, "16": 0.5390243210976668, "17": 0.5092941819102618, "18": 0.5919214394642369, "19": 0.7258420653129816, "20": 0.7127301950855451, "21": 0.7971336978263514, "22": -0.2810040922799176, "23": 0.19797355391308352, "24": 0.5373482677155631, "25": 0.3928274139720481, "26": 0.6101537085949902, "27": 0.6830788192248078, "28": 0.6578214786098125, "30": 0.30152866968179604, "31": 0.20719309844180892, "32": 0.48035385513583406, "33": 0.9709483288034012, "34": 0.84857550744142, "35": 0.8404461023348363, "36": 0.19367869466622997, "37": 0.7645566186662003, "38": 0.6295866200551988, "41": 0.6258554633767097, "42": 0.9217586009312606, "43": 0.477149759924902, "44": 0.8860110555823051, "45": 0.16696338284843787, "46": 0.7782912029730289, "48": 0.6540854768253637, "49": 0.44767699875036676, "52": 0.7075546733458378, "55": 0.5322411525262815, "56": 0.4340184493973487, "57": 0.9865001752117635, "58": 0.6260072594908512, "61": 0.9672364309982049, "64": 0.9539519567428785, "66": 0.3689027094833305, "67": 0.9711625608873772, "70": 0.921999206994456, "71": 0.9949767420272078, "72": 0.6487520872752499, "73": 0.5847427791228762, "74": 0.842947102188196, "78": 0.980133147923703, "85": 0.8298497151028721, "88": 0.981232131685918, "89": 0.9093223456592029, "92": 0.5509321997381238, "98": 0.9983737266052923, "99": 0.49823951007937656}