{"1": 0.6893001069649467, "2": 0.8198954770092584, "3": 0.4764482446992384, "4": 0.9006714259588862, "5": 0.8910750691432985, "6": 0.36907248071853427, "7": 0.630605164500554, "8": 0.5257683686451634, "9": 0.725436044322399, "11": 0.8128551965592921, "14": 0.5268363302506616, "15": 0.9949767420272078, "16": 0.08753688818673482, "17": 0.5096967609167102, "19": 0.7521605964346454, "23": 0.9711625608873772, "26": 0.5161431219473525, "28": 0.9865001752117635, "29": 0.8982141648452864, "30": 0.5987456197062906, "33": 0.5917954620750498, "34": 0.7743816133542177, "37": 0.7831581017980025, "38": 0.7841626860446499, "39": 0.9204330867250647, "41": 0.5241478553875311, "43": 0.8720945545738419, "46": 0.15339903065846078, "47": 0.4654307883495664, "50": 0.48113657271127597, "51": 0.4710354908286546, "52": 0.9306717778743876, "57": 0.7873897911526725, "60": -0.046316104661163135, "62": 0.7874512269853393, "64": 0.8298400721460164, "65": 0.8904396041166127, "66": 0.980133147923703, "69": 0.9901079757944491, "71": 0.5744218882780332, "72": 0.7709655471410095, "73": 0.9983737266052923, "77": 0.981232131685918, "78": 0.2627295793192379, "80": 0.6487520872752499, "84": 0.7010120954522201, "85": 0.7824253789091019, "90": 0.877167540121377, "91": 0.9771451713702621, "93": 0.967905757640733, "97": 0.8302051050303796, "99": 0.9710685701243187}