{"0": 0.5894869790125996, "1": 0.7824962939969589, "2": 0.9143785161370213, "3": 0.8192778384406973, "4": 0.888367791813524, "5": 0.6260927642888132, "6": 0.9221242168488359, "7": 0.8311229959955457, "8": 0.9304763003992487, "9": 0.942923417458683, "10": 0.7878969237776184, "11": 0.9006714259588862, "12": 0.9949767420272078, "13": 0.8549476145020383, "14": 0.9865001752117635, "15": 0.9988882682104072, "16": 0.9750826465612488, "17": 0.9573363750671867, "18": 0.9983737266052923, "19": 0.8720945545738419, "20": 0.9713595535558777, "21": 0.9830954797357201, "22": 0.9884989516004242, "23": -0.0475896289864841, "24": 0.8794961698328488, "25": 0.9140329995531735, "26": 0.9559398348927166}