{"1": 0.36296248221748834, "3": 0.9141130735845608, "4": 0.8192778384406973, "5": 0.7866875579257706, "6": 0.8857099933130383, "7": 0.660673913766087, "8": 0.5292378121730696, "9": 0.7868196267911413, "10": 0.424062593700137, "11": 0.7782912029730289, "12": 0.7779432045317027, "13": 0.5513144173319915, "14": 0.6866431588436726, "15": 0.5247123185998133, "16": 0.7979575173700935, "18": 0.7051300887732297, "19": 0.5968611232684455, "20": 0.015703981356464863, "21": 0.5198685220641122, "24": 0.29347914089717964, "28": 0.428475922718237, "30": 0.9181169426857589, "31": 0.8809396244696035, "32": 0.6260072594908512, "33": 0.7637396974633953, "34": 0.7286513348026014, "35": 0.7626943296168404, "36": 0.5685866553822061, "37": 0.6397620421540968, "39": 0.5206094161289334, "40": 0.9704814302099272, "42": 0.6013506347590544, "43": 0.869170515593214, "44": 0.29830921354618783, "45": 0.5195850373691462, "46": 0.41247311771951933, "47": 0.9315684879650371, "49": 0.9476023808238805, "50": 0.13174492547066127, "52": 0.3014277915473468, "53": 0.691751106621022, "54": 0.981232131685918, "55": 0.8333468763597425, "57": 0.838807105863113, "58": 0.6154870367320417, "59": 0.839959919104204, "60": 0.921999206994456, "61": 0.7425417598060612, "66": 0.9983737266052923, "69": 0.8444621505000198, "71": 0.9021221516449848, "74": 0.9687175705183642, "75": 0.5320489077677621, "77": 0.6258554352216742, "79": 0.9700371969819471, "82": 0.6256843617435405, "84": 0.9539519567428785, "85": 0.9711625608873772, "86": 0.9865001752117635, "87": 0.9217586009312606, "90": 0.8938772884269843, "91": 0.5171546343115796, "92": 0.9573146345238671, "93": 0.8311229959955457, "95": 0.3778574483795422, "96": 0.8128551965592921, "98": 0.7634150330236524, "99": 0.8756754309304606}