{"0": 0.5896092488634156, "1": 0.26136390952185357, "2": 0.8663412539970857, "3": 0.5247123185998133, "4": 0.8546179968153367, "5": 0.32486547688738276, "6": 0.980133147923703, "7": 0.6340430440545783, "8": 0.5595279976431677, "9": 0.6491935015945167, "10": 0.9617893046956509, "11": 0.691751106621022, "12": 0.09707997758153472, "13": 0.9949767420272078, "14": 0.8926963550766154, "15": 0.32893364296232114, "16": 0.8500339407183843, "17": 0.9335934621781633, "18": 0.27361805570435394, "19": 0.943959991281367, "20": 0.6526061874683491, "21": 0.46912644829314326, "22": 0.6733213007476928, "23": 0.40654944099519164, "24": 0.5198685220641122, "26": 0.901748777249892, "27": 0.9118226267696934, "28": 0.8016408203693159, "29": 0.9865001752117635, "30": 0.7849634154001839, "32": 0.31427447016246723, "33": -0.16838912818797858, "34": 0.9141130735845608, "35": 0.7913203075413664, "36": 0.5292378121730696, "37": 0.6685812721607511, "38": 0.7496293598194063, "39": 0.8216912714609571, "40": 0.9711625608873772, "41": 0.16493676590346956, "42": 0.6260072594908512, "44": 0.9217586009312606, "45": 0.8755225610321277, "46": 0.7923975123858403, "47": 0.921999206994456, "48": 0.6134898289396189, "49": 0.29830921354618783, "50": 0.6258554352216742, "51": 0.9983737266052923, "52": 0.7318603052297429, "53": 0.8333468763597425, "55": 0.7410466359749462, "56": 0.8809389516283095, "60": 0.7010120954522201, "63": 0.7331552650568469, "64": 0.34384838052099814, "65": 0.9476023808238805, "66": 0.17738326685955055, "67": 0.6733559840239098, "68": 0.5685866553822061, "69": 0.8158767083442671, "71": 0.9700371969819471, "74": 0.8049099964440658, "75": 0.981232131685918, "76": 0.48113657271127597, "77": 0.832860782860757, "78": 0.8566543753557061, "79": 0.21112865065936468, "80": -0.07310790845330156, "81": 0.8444621505000198, "82": 0.7075546733458378, "84": 0.8236881008660053, "85": 0.9539519567428785, "86": 0.8756754309304606, "87": 0.7154292068711092, "88": 0.9432447077790973, "90": 0.8646846833957632, "91": 0.5320489077677621, "92": 0.6231590994045664, "93": 0.7646757269224965, "94": 0.6223278092782243, "96": 0.8027138195874133, "97": 0.8382260206580295, "99": 0.7425417598060612}