{"0": 0.9949767420272078, "1": 0.7613336017330742, "2": 0.9355283419584952, "3": 0.4819433973838639, "4": 0.3696440618053626, "5": 0.32544837285118566, "6": 0.908227861500424, "7": -0.05813279248469755, "11": 0.558619455294671, "12": 0.31342203584485395, "14": 0.36020065110600297, "15": 0.20719309844180892, "16": 0.7393986208950704, "17": 0.5973740363780364, "18": 0.6990945622464706, "19": 0.7005661354465311, "20": 0.6894578908915058, "24": 0.980133147923703, "27": 0.8229270877821375, "28": 0.8756754309304606, "30": 0.6260072594908512, "37": 0.7077051345284574, "39": 0.8366841729045951, "41": 0.9586122851243293, "43": 0.9709483288034012, "44": 0.8080373896898151, "46": 0.89944571787745, "47": 0.6623738443135211, "49": 0.5281027835336249, "50": 0.48113657271127597, "52": 0.6333502625397462, "53": 0.7887537612048194, "58": 0.9488360901438864, "59": 0.7605974943029383, "61": 0.7048762207382641, "62": 0.8316076253923786, "64": 0.9865001752117635, "68": 0.9983737266052923, "69": 0.9006714259588862, "71": 0.5011533334832527, "75": 0.7496293598194063, "78": 0.8467118969043473, "79": 0.899594785395805, "86": 0.7831581017980025, "89": 0.7305548341392115, "91": 0.5346758993655624, "92": 0.5377680095721029, "94": 0.4860176792897628, "96": 0.7874989358797473, "97": 0.7782912029730289, "98": 0.9901079757944491, "99": 0.6588558291738909}