{"0": 0.4647788990150499, "1": 0.9949767420272078, "4": 0.7496293598194063, "7": 0.7106909629058977, "9": 0.41538329667239515, "12": 0.7945478137597362}