{"1": 0.5786232597120047, "2": 0.4065694600147872, "3": 0.2593920307819988, "4": 0.5523110521927699, "6": 0.5109712017211483, "8": 0.8957338129572621, "9": 0.39126789179330845, "10": 0.9865001752117635, "11": 0.5654486721768843, "12": 0.7654746680832275, "13": 0.7183852476322019, "14": 0.6180032137120303, "15": 0.6463592133480827, "16": 0.5291501257084006, "17": 0.5123234293674468, "18": 0.7157334095877508, "19": 0.8109793178185447, "21": 0.33747202092366535, "22": 0.7530585371334276, "23": 0.9687370516063287, "25": 0.9949767420272078, "26": 0.33676456667902455, "27": 0.3883952039336679, "28": 0.6260072594908512, "29": 0.5971301216459637}