{"0": 0.8366841729045951, "2": 0.36115055656092265, "3": 0.635140945349176, "4": 0.24237631901188167, "6": 0.9949767420272078, "9": 0.8433043074849942, "10": 0.5893305368904356, "14": 0.6594213964114941, "16": 0.752729180243546, "17": 0.6149461954949715, "18": 0.8921703669736184, "20": 0.6911329026880603, "26": 0.8169683714073805, "27": 0.9865001752117635, "28": 0.7667007012686703, "31": 0.7237480833182686, "32": 0.9604526003642835, "38": 0.30908947104679374, "40": 0.9449277469107293, "41": 0.716682951966982, "43": 0.14449678458109552, "46": 0.5538431407884716, "48": 0.48113657271127597, "50": 0.5241478553875311, "54": 0.9709483288034012, "59": 0.550044389266013, "65": 0.8756754309304606, "68": 0.8855337795628653, "69": 0.9217586009312606, "77": 0.9488360901438864, "79": 0.5401238284667922, "81": 0.6019395447136573, "84": 0.8952635008702641, "88": 0.8720945545738419, "90": 0.9672364309982049, "91": 0.37896544064112436, "94": 0.600133696225796, "99": 0.9476023808238805}