{"0": 0.46546005857923634, "1": 0.9709483288034012, "2": 0.9949767420272078}