{"0": 0.4221235022405473, "1": 0.757604564146452, "2": 0.2667876912297211, "3": 0.7858358557688865, "4": 0.6897782779610693, "5": -0.2533528214200177, "6": 0.691751106621022, "7": 0.5968611232684455, "8": 0.8727104168106703, "9": 0.8192778384406973, "10": 0.8311229959955457, "11": 0.47375041638672777, "12": 0.8359579514350155, "13": 0.9711625608873772, "14": 0.901748777249892, "15": 0.786565829456501, "16": 0.6623738443135211, "17": 0.48113657271127597, "18": 0.9129039455580766, "19": 0.8655817455287372, "20": 0.6526061874683491, "21": 0.9013207959089523, "22": 0.857209295739242, "23": 0.8809396244696035, "24": 0.841121674857908, "25": 0.9021221516449848, "26": 0.5247123185998133, "27": 0.9777812587919528, "28": 0.8031429848247243, "29": 0.8937292646683588, "30": 0.8333468763597425, "31": 0.9074541861500449, "32": 0.8463778409804674, "33": 0.31386290128369077, "34": 0.8475814908605418, "35": 0.48607992823877844, "36": 0.832860782860757, "37": 0.2766104727276304, "38": 0.5980084337551699, "39": 0.9141130735845608, "40": 0.7336565076444184, "41": 0.9901079757944491, "42": 0.7116043175588809, "43": 0.9687175705183642, "44": 0.9217586009312606, "45": 0.9865001752117635, "46": 0.9713595535558777, "47": 0.7449588556572684, "48": 0.5120501550986825, "49": 0.6685812721607511, "50": 0.8756754309304606, "51": 0.9432447077790973, "52": 0.9093223456592029, "53": 0.6013506347590544, "54": 0.6236955654053149, "55": 0.9488360901438864, "56": 0.9335934621781633, "57": 0.9472676651898911, "58": 0.8697134878509117, "59": 0.8720945545738419, "60": 0.7437328602714011, "61": 0.1416938655417028, "62": 0.23032766890594292, "63": 0.7466890867450248, "64": 0.981232131685918, "65": 0.684961249623832, "66": 0.8261204300060645, "67": 0.9983737266052923, "68": 0.6821030813261982, "69": 0.7010120954522201, "70": 0.6082976936329352, "71": 0.9949767420272078}