{"0": 0.5320489077677621, "1": 0.26136390952185357, "2": 0.8937292646683588, "3": 0.8475814908605418, "4": 0.4342382363724685, "5": 0.7036495585102586, "6": 0.3760352847555464, "7": 0.5703553742233516, "8": 0.980133147923703, "9": 0.943959991281367, "10": 0.3364547129609142, "11": 0.8444621505000198, "13": 0.9093223456592029, "14": 0.6929517111605159, "15": 0.6303919708330243, "17": 0.4172200733471222, "18": 0.9949767420272078, "19": 0.5792675697201592, "20": 0.8404461023348363, "21": 0.27361805570435394, "22": 0.4949948198706473, "23": 0.1834031264398699, "24": 0.0882759782354223, "25": 0.8016408203693159, "26": 0.9476023808238805, "28": 0.6260072594908512, "29": 0.6653534822950975, "30": 0.34384838052099814, "31": 0.7410466359749462, "34": 0.44783901186604874, "36": 0.757604564146452, "37": 0.8456112728719162, "38": 0.48113657271127597, "39": 0.9711625608873772, "40": 0.6258554352216742, "42": 0.6388240884690515, "43": 0.9983737266052923, "44": 0.37926994236181244, "45": 0.8076556655344307, "46": 0.8333468763597425, "47": 0.6491935015945167, "48": 0.8438384769995706, "50": 0.5340408503905419, "51": 0.6302261882094874, "52": 0.9217586009312606, "53": 0.7709655471410095, "54": 0.8117823156968187, "55": 0.7634150330236524, "56": 0.6685812721607511, "59": 0.9865001752117635, "60": 0.4340184493973487, "62": 0.8756754309304606, "64": 0.8809396244696035, "67": 0.5685866553822061, "68": 0.6614955345007789, "69": 0.5868910658168658, "70": 0.5515903364492653, "71": 0.615434092793544, "72": 0.7496293598194063, "73": 0.8678754977481153, "75": 0.7425417598060612, "77": 0.8460339659379754, "80": 0.7233474455540546, "81": 0.6415605559254902, "82": 0.6134898289396189, "83": 0.7010120954522201, "84": 0.684961249623832, "88": 0.7756011867373185, "90": 0.8646846833957632, "91": 0.9709483288034012, "93": 0.8543475528055253, "94": -0.03156587147432149, "95": -0.0947404194997906, "96": 0.09323321998798931, "98": 0.6526061874683491, "99": 0.981232131685918}