{"0": 0.4545535649979341, "1": 0.6251744650034066, "2": 0.3386155815656828, "3": 0.6256489765386051, "4": 0.34515723505190443, "5": 0.6200589956895017, "6": 0.5786232597120047, "7": 0.7137229982641029, "8": 0.7451946617211239, "9": 0.9949767420272078, "21": 0.7991324255293472, "30": 0.8971296633490093, "35": 0.9462769360884645, "36": 0.7535349231500573, "39": 0.7232403721913852, "49": 0.815805393340231, "52": 0.5241478553875311}