{"0": 0.4709345182599521, "1": 0.9949767420272078, "5": 0.6359125783382944}