{"0": 0.9865001752117635, "1": 0.4170272233988034, "2": 0.8432502253552147, "3": 0.7478320045260555, "4": 0.34706655731216907, "5": 0.42795987924576995, "6": 0.13056475922447375, "7": 0.7053250850897668, "8": 0.7960225523719819, "9": 0.27437511607765475, "10": 0.8546179968153367, "11": 0.766647953755798, "12": 0.47088245402316575, "13": 0.7931670630448308, "14": 0.42081449912382296, "15": 0.8593749452068691, "16": 0.6577477415121804, "17": 0.6113326673515, "18": 0.3843511538994979, "19": 0.7817392181952088, "20": 0.744462066057344, "21": 0.8554314688577472, "22": 0.6491935015945167, "25": 0.47475203611071604, "27": 0.6272050181110387, "31": 0.34384838052099814, "33": 0.9949767420272078, "34": 0.7780935537488489, "35": 0.967905757640733, "36": 0.8128551965592921, "37": -0.23720159294001567, "38": 0.12173133083360331, "43": 0.5529218165962455, "45": 0.9367269048304978, "46": 0.7311437839227762, "47": 0.8170462827086747, "48": 0.7496293598194063, "49": 0.8309304959867635, "50": 0.8353832886695329, "51": 0.239549602857221, "53": 0.28026414933891264, "54": 0.5241478553875311, "55": 0.9709483288034012, "62": 0.8443622059360121, "65": 0.500429974393165, "66": 0.8243757530494418, "67": 0.5378742542927608, "68": 0.6578339742646693, "71": 0.8830833783478265, "72": 0.9983737266052923, "73": 0.14138697414814727, "77": 0.631918581356081, "78": 0.8773368069598443, "80": 0.4675369585488617, "81": 0.9317598837696073, "82": 0.7407872295122774, "85": 0.757604564146452, "86": 0.8830281235644627, "88": 0.8806885332381765, "89": 0.9711625608873772, "90": 0.3734677606905643, "91": 0.9587780833337113, "93": 0.6235675221895856}