{"0": 0.7193369430604821, "1": 0.5740001910906721, "2": 0.8192778384406973, "3": 0.8311229959955457, "4": 0.8549476145020383, "5": 0.8830833783478265, "6": 0.6335425290632055, "7": 0.9330858868122798, "8": 0.9830954797357201, "9": 0.9143785161370213, "10": 0.7833145592966051, "11": 0.8280814828306626, "12": 0.9304763003992487, "13": 0.9865001752117635, "14": 0.9713595535558777, "15": 0.9140329995531735, "16": 0.6260927642888132, "17": 0.9750826465612488, "18": 0.9988882682104072, "19": 0.9573363750671867, "20": -0.0475896289864841, "21": 0.8615112575471175, "22": 0.9884989516004242, "23": 0.942923417458683, "24": 0.981232131685918, "25": 0.9983737266052923, "26": 0.8794961698328488, "27": 0.9949767420272078}