{"0": 0.5395395977100704, "2": 0.8912853394485831, "3": 0.669193104666791, "4": 0.9983737266052923, "9": 0.741664831982635, "10": 0.9644804896774047, "11": 0.49576675253461666, "13": 0.4899883527221736, "15": 0.709927562462356, "16": 0.9709483288034012, "18": 0.6673242619689991, "19": 0.6057228348050434, "20": 0.6039945336961958, "23": 0.9604526003642835, "25": 0.5241478553875311, "30": 0.7617591934499849, "34": 0.9949767420272078, "35": 0.8874683215191028, "39": 0.5921071972552718, "40": 0.9217586009312606, "43": 0.6796582262957351, "47": 0.627980109389441, "49": 0.48113657271127597, "51": 0.9687175705183642, "52": 0.8274534318887151, "53": 0.5920931757809508, "55": 0.9865001752117635, "56": 0.6010910445068709, "58": 0.9476023808238805, "61": 0.47551700795518637, "62": 0.895844977660055, "66": 0.7016430386802859, "67": 0.7384103438939553, "68": 0.35439449497348696, "76": 0.1910987736939822, "78": 0.5806267253100275, "82": 0.9180753773976005, "84": 0.9449277469107293, "85": 0.9539519567428785, "86": 0.621678382271701, "87": 0.7276647368742164, "88": 0.8953599538075763, "91": 0.9884989516004242, "92": 0.43532541024395144, "95": 0.5319643681386812, "96": 0.8720945545738419, "99": 0.8316076253923786}