{"0": 0.8756754309304606, "1": 0.42946188312315847, "2": 0.8181430262232735, "3": 0.6166770921673854, "4": 0.9252433584349254, "5": 0.5867339586460945, "6": 0.40581829751774867, "7": 0.6875464317738269, "8": 0.6470048384473293, "11": 0.980133147923703, "12": 0.7864568843051115, "13": 0.8882192527376922, "14": 0.574057602957079, "15": 0.8806885332381765, "16": 0.7684732529269382, "17": 0.9175212267109542, "18": 0.4232575386257728, "19": 0.6765703902477489, "20": 0.6938055466915203, "22": 0.9771451713702621, "23": 0.5241478553875311, "24": 0.9532023633053024, "25": 0.8530040100972406, "26": 0.7587096101503892, "27": 0.5666246795851162, "28": 0.9224531410964992, "30": 0.798313899225742, "31": 0.8421031499706284, "33": 0.20719309844180892, "35": 0.9573146345238671, "36": 0.8520066263804686, "38": 0.4505546925642361, "39": 0.7328887417864776, "40": 0.8546179968153367, "41": 0.8229362832229206, "42": 0.39391252594010806, "44": 0.7362738421594113, "45": 0.5502028675698796, "47": 0.7911182601686708, "48": 0.3731379259435953, "49": 0.7127301950855451, "50": 0.5509321997381238, "52": 0.3621368792982391, "53": 0.9949767420272078, "55": 0.7899723824247298, "57": 0.905960568989223, "58": 0.25886166690225804, "59": 0.9488360901438864, "60": 0.9318625117538578, "61": 0.5589873581007555, "64": 0.218311365797546, "65": 0.8128551965592921, "68": 0.456311015976116, "69": 0.981232131685918, "73": 0.5249626848512742, "74": 0.9865001752117635, "75": 0.9204330867250647, "78": 0.4998971634370261, "83": 0.9901079757944491, "85": 0.5868158106594481, "87": 0.9685981925243182, "88": 0.9983737266052923, "89": 0.6578214786098125, "97": 0.7236883692307972}