{"0": 0.9825033311030087, "1": 0.5417062551317325, "2": 0.6411589003007538, "3": 0.9687175705183642, "4": 0.3735265597397692, "5": 0.9051012961795913, "6": 0.3146609447107383, "7": 0.9195600455059738, "8": 0.1872760877702751, "9": 0.6219024435094758, "10": 0.5273830435033084, "11": 0.5786232597120047, "12": 0.8113985520796767, "13": 0.9711625608873772, "15": 0.678616091864299, "16": 0.6260072594908512, "17": 0.760406844039957, "18": 0.7363352577871336, "19": 0.9180753773976005, "20": 0.40581829751774867, "21": 0.6894578908915058, "23": 0.9217586009312606, "27": 0.905853298347148, "30": 0.7986950783579384, "31": 0.9865001752117635, "33": 0.3763229863382958, "34": 0.8326096743259999, "36": 0.4077175964221311, "38": 0.5621909235505896, "40": 0.5740587809361193, "41": 0.8366841729045951, "43": 0.5727980150794222, "44": 0.9949767420272078, "45": 0.30212985782796836, "46": 0.9709483288034012, "48": 0.6236955654053149, "51": 0.506093876076638, "54": 0.5358827365043197, "55": 0.9983737266052923, "56": 0.7075546733458378, "57": 0.852279079366884, "59": 0.8947230545358664, "60": 0.9157957284855488, "62": 0.921999206994456, "63": 0.7247738367745771, "65": 0.7127301950855451, "66": 0.9449277469107293, "70": 0.7938359566839277, "72": 0.7826451857731336, "74": 0.8343580104190202, "75": 0.7831581017980025, "76": 0.9901079757944491, "79": 0.35041455942854244, "80": 0.6487520872752499, "88": 0.34735960362235085, "91": 0.980133147923703, "92": 0.9771451713702621, "95": 0.4922067940782455, "97": 0.8703321687320354, "98": 0.981232131685918}