{"0": 0.6775497760702227, "1": 0.7132272161579949, "2": 0.5333942391487443, "3": 0.4227846148852085, "4": 0.6258554633767097, "5": 0.5635999529474545, "6": 0.43769304745346155, "7": 0.712669562530023, "8": 0.5995479195372444, "9": 0.967905757640733, "10": 0.6061367038825813, "11": 0.9949767420272078, "12": 0.9592332369017739, "13": 0.9865001752117635, "14": 0.9988882682104072, "15": 0.7010120954522201, "16": 0.9983737266052923, "17": 0.8720945545738419, "18": 0.981232131685918, "19": 0.6082976936329352, "20": 0.9472676651898911, "56": 0.7016430386802859, "105": 0.9149068217490111, "253": 0.8807061007194629}