{"0": -0.2111819922341467, "1": 0.10285298507394601, "2": 0.49928657929548603, "4": 0.580079438072829, "5": 0.9030594344891256, "8": 0.9335934621781633, "10": 0.9709483288034012, "11": 0.8952635008702641, "13": 0.8609620443681278, "14": 0.430822091345742, "15": 0.6880823188155982, "17": 0.9949767420272078, "18": 0.7181379778372141, "19": 0.9217586009312606, "20": 0.8316076253923786, "23": 0.8833572845838177, "24": 0.4971807178498513, "30": 0.4902982299355138, "31": 0.7016430386802859, "32": 0.8366841729045951, "36": 0.6241774335759012, "37": 0.5504562677212952, "40": 0.3425114390013465, "44": 0.5441508032487349, "45": 0.8009030791862706, "48": 0.9006714259588862, "50": -0.15345094145548951, "57": 0.5403041002428977, "59": 0.34932262050082463, "61": 0.7405462713505258, "62": 0.6224615236819624, "65": 0.9901079757944491, "68": 0.9865001752117635, "74": 0.3626519478650726, "76": 0.757604564146452, "82": 0.8767652788854756, "85": 0.20719309844180892, "86": 0.525027673004182, "91": 0.981232131685918, "92": 0.8135950575372952, "94": 0.6309732015705684, "95": 0.2616535011951141, "97": 0.6073775995120578, "98": 0.9196762676827337, "99": 0.6444235041034423}