{"0": 0.5329873024240855, "1": 0.6733213007476928, "2": 0.8937292646683588, "3": 0.19636038889005966, "4": 0.27361805570435394, "5": 0.5968611232684455, "6": 0.714638999485179, "7": 0.424062593700137, "8": 0.3778574483795422, "9": 0.5513144173319915, "10": 0.691751106621022, "11": 0.557010402473584, "12": 0.4154512915887426, "13": 0.9141130735845608, "14": 0.660673913766087, "15": 0.8192778384406973, "16": 0.8016408203693158, "17": 0.5195850373691461, "18": 0.6443955829734422, "19": 0.7923975123858403, "20": 0.7634150330236524, "21": 0.8444621505000198, "22": 0.8128551965592921, "23": 0.8216912714609571, "24": 0.8756754309304606, "25": 0.6260072594908512, "26": 0.9021221516449848, "27": 0.5247123185998133, "28": 0.9093223456592029, "29": 0.29830921354618783, "30": -0.03156587147432149, "31": 0.5410752967980765, "32": 0.23032766890594292, "33": 0.6196188954656859, "35": 0.2613639095218535, "36": 0.9217586009312606, "37": 0.7425417598060612, "38": 0.7849634154001839, "39": 0.8755225610321277, "41": 0.9315684879650371, "42": 0.981232131685918, "43": 0.5685866553822061, "44": 0.9865001752117635, "45": 0.9983737266052923, "46": 0.0882759782354223, "47": 0.8475814908605418, "48": 0.41247311771951933, "49": 0.7646757269224965, "50": 0.6821030813261982, "51": 0.8928144447523121, "52": 0.6258554352216742, "53": 0.9700371969819471, "54": 0.6082976936329352, "55": 0.8642616605705435, "56": 0.921999206994456, "57": 0.6397620421540968, "58": 0.832860782860757, "60": 0.3641110015527814, "61": 0.943959991281367, "62": 0.7051300887732296, "63": 0.8720945545738419, "64": 0.799615023321244, "67": 0.9053622125320326, "69": 0.8646846833957632, "70": 0.16671988941425248, "71": 0.8331087363663148, "72": 0.5198685220641122, "73": 0.684961249623832, "74": 0.901748777249892, "75": 0.9711625608873772, "76": 0.7637396974633953, "77": 0.9476023808238805, "79": 0.6526061874683491, "80": 0.37540567929468754, "83": -0.0947404194997906, "86": 0.8809396244696035, "87": 0.6685812721607511, "90": 0.6733559840239098, "91": 0.6013506347590544, "92": 0.5292378121730696, "93": 0.48113657271127597, "96": 0.8178413482602938, "98": 0.8126874765373676, "99": 0.1864354156823636, "125": 0.8655817455287372, "127": 0.9713595535558777}