{"0": 0.4221235022405473, "1": 0.6227030251343328, "2": 0.8458853891381444, "3": 0.922705653532762, "4": 0.48630350204210104, "5": 0.33242742082889554, "6": 0.8192778384406973, "7": 0.888367791813524, "8": 0.7706541904344153, "9": 0.9032334825999139, "10": 0.43630621520808116, "11": 0.6623738443135211, "12": 0.3266097069010509, "13": 0.1416938655417028, "14": 0.9141130735845608, "15": 0.901748777249892, "16": 0.8688965644538921, "17": 0.8809396244696035, "18": 0.8311229959955457, "19": 0.9181169426857589, "20": 0.6526061874683491, "21": 0.5372819131295028, "22": 0.8333468763597425, "23": 0.967905757640733, "24": 0.8601391183990965, "25": 0.8366841729045951, "26": 0.942923417458683, "27": 0.6061367038825813, "28": 0.7466890867450248, "29": 0.9777812587919528, "30": 0.9949767420272078, "31": 0.9592332369017739, "32": 0.8272030732920543, "33": 0.9335934621781633, "34": 0.9865001752117635, "35": 0.9988882682104072, "36": 0.7010120954522201, "37": 0.9983737266052923, "38": 0.9687175705183642, "39": 0.8720945545738419, "40": 0.981232131685918, "41": 0.9713595535558777, "42": 0.9129039455580766, "43": 0.832860782860757, "44": 0.6082976936329352, "45": 0.9472676651898911, "46": -0.0475896289864841, "47": 0.8794961698328488, "261": 0.008973126238788917}