{"0": 0.3406328138183794, "1": 0.6388775785732212, "2": 0.4717944272446839, "3": 0.360057518189059, "4": 0.5786232597120047, "5": 0.6241512376400153, "6": 0.6083797331854903, "7": 0.7135223043433994, "8": 0.7070115807382815, "9": 0.9709483288034012, "10": 0.571024858883638, "11": 0.6903814802615618, "12": 0.9217586009312606, "13": 0.9865001752117635, "14": 0.9949767420272078}