{"0": 0.33903325111206195, "1": 0.9388630062945065, "2": 0.8829078613700614, "3": 0.5786232597120047, "4": 0.7305380618545634, "5": 0.6414593545548871, "6": 0.733402937629024, "7": 0.7782912029730289, "8": 0.3592897755122327, "9": 0.5161094991613724, "10": 0.9709483288034012, "11": 0.5513093605985813, "12": 0.5500383054482458, "13": 0.8688965644538921, "14": 0.9157957284855488, "17": 0.48113657271127597, "18": 0.9771451713702621, "19": 0.9217586009312606, "21": 0.7620930894163712, "23": 0.5483982320747937, "25": 0.5523313222496504, "26": 0.7979756133661735, "27": 0.30212985782796836, "28": 0.851246218090586, "29": 0.6260072594908512, "30": 0.8192217898519648, "31": 0.2260429050807896, "32": 0.8960662493003724, "33": 0.9983737266052923, "34": 0.8809396244696035, "36": 0.7544041309705991, "37": 0.8496434856931712, "40": 0.8546179968153367, "41": 0.4077175964221311, "42": 0.9949767420272078, "43": 0.4085427325872969, "44": 0.8309160298243321, "45": 0.9865001752117635, "47": 0.432477854883597, "49": 0.9620011027659975, "50": 0.9539519567428785, "51": 0.8045688822852735, "52": 0.8952635008702641, "60": 0.7362738421594113, "61": 0.8427021256521232, "62": 0.50562245978684, "65": 0.632281070766162, "67": 0.7556595006968578, "68": 0.9604526003642835, "70": 0.12211096038550859, "74": 0.8128551965592921, "76": 0.6491935015945167, "79": 0.757604564146452, "82": 0.8423325564961074, "83": 0.980133147923703, "85": 0.7782682615911111, "96": 0.9687175705183642, "99": 0.9488360901438864}