{"0": 0.938598859247602, "1": 0.24834386704749178, "2": 0.8192778384406973, "3": 0.23032766890594292, "4": 0.5968611232684455, "5": 0.8463603914574913, "6": 0.9093223456592029, "7": 0.8333468763597425, "8": 0.8830833783478265, "9": 0.5808446707006777, "10": 0.9140329995531735, "11": 0.9713595535558777, "12": 0.3702217257773508, "13": 0.6593315186139259, "14": 0.7002029063388291, "15": 0.9415328181544287, "16": 0.6258554352216742, "17": 0.901748777249892, "18": 0.8642616605705435, "19": 0.9016627608838315, "20": 0.8446352867590317, "21": 0.9691939465332382, "22": 0.9403846533518059, "23": 0.6526061874683491, "24": 0.5198685220641122, "25": 0.6821030813261982, "26": 0.8311229959955457, "27": 0.9884989516004242, "28": 0.3885201854651707, "29": 0.8126874765373676, "30": 0.6013506347590544, "31": 0.9114128703941509, "32": 0.9096911896636037, "33": 0.29830921354618783, "34": 0.799615023321244, "35": 0.5120501550986825, "36": 0.9021221516449848, "37": 0.9810437586707521, "38": 0.9774756252630845, "39": 0.6685812721607511, "40": 0.8655817455287372, "41": 0.9129039455580766, "42": 0.46912644829314326, "43": 0.19636038889005966, "44": 0.730393459622743, "45": 0.8809396244696035, "46": 0.9830954797357201, "47": 0.7849634154001839, "48": 0.7512094717113464, "49": 0.8178413482602938, "50": 0.9141130735845608, "51": 0.7637396974633953, "52": 0.8646846833957632, "53": 0.8444621505000198, "54": 0.9472676651898911, "55": 0.9709483288034012, "56": 0.6082976936329352, "57": -0.0947404194997906, "58": 0.8727104168106703, "59": 0.9335934621781633, "60": 0.3778574483795422, "61": 0.5292378121730696, "62": 0.9432447077790973, "63": -0.03156587147432149, "64": 0.7634150330236524, "65": 0.832860782860757, "66": 0.6733559840239098, "67": 0.7750054133812562, "68": 0.37540567929468754, "69": 0.8331087363663148, "70": 0.6196188954656859, "71": 0.24629622076075364, "72": 0.3641110015527814, "73": 0.7425417598060612, "74": 0.8216912714609571, "75": 0.557010402473584, "76": 0.6914842433289334, "77": 0.8546179968153367, "78": 0.8128551965592921, "79": 0.8261204300060645, "80": 0.9157957284855488, "81": 0.9949767420272078, "82": 0.8756754309304606, "83": 0.6260072594908512, "84": 0.981232131685918, "85": 0.48113657271127597, "86": 0.8720945545738419, "87": 0.40489536255844116, "88": 0.9217586009312606, "89": 0.5685866553822061, "90": 0.16671988941425248, "91": 0.9587780833337113, "92": 0.41247311771951933, "93": 0.9476023808238805, "94": 0.6491935015945167, "95": 0.9711625608873772, "96": 0.684961249623832, "97": 0.6397620421540968, "98": 0.9700371969819471, "99": 0.921999206994456, "100": 0.9983737266052923, "101": 0.34384838052099814, "102": 0.8928144447523121, "103": 0.9865001752117635}