{"0": 0.551061129837146, "1": 0.5247123185998133, "2": 0.8475814908605418, "3": 0.5968611232684455, "4": 0.6443955829734422, "5": 0.5195850373691461, "6": 0.9217586009312606, "7": 0.0882759782354223, "8": 0.6733213007476928, "9": 0.714638999485179, "10": 0.691751106621022, "11": 0.7051300887732296, "12": 0.9093223456592029, "13": 0.9711625608873772, "14": 0.424062593700137, "15": 0.660673913766087, "16": 0.8937292646683588, "17": 0.557010402473584, "18": 0.3778574483795422, "19": 0.19636038889005966, "20": 0.7634150330236524, "21": 0.48113657271127597, "22": 0.41247311771951933, "23": 0.6397620421540968, "24": 0.5410752967980765, "25": 0.7637396974633953, "26": 0.6526061874683491, "27": 0.943959991281367, "28": 0.8311229959955457, "29": 0.6685812721607511, "30": 0.8128551965592921, "31": 0.4154512915887426, "32": 0.8646846833957632, "33": 0.9315684879650371, "34": 0.8642616605705435, "35": 0.8016408203693158, "37": 0.27361805570435394, "38": 0.921999206994456, "39": 0.799615023321244, "40": 0.5292378121730696, "41": 0.5198685220641122, "42": 0.8928144447523121, "43": 0.8192778384406973, "44": 0.5685866553822061, "45": 0.9053622125320326, "46": 0.2613639095218535, "47": 0.901748777249892, "48": 0.29830921354618783, "51": 0.34384838052099814, "52": 0.8655817455287372, "53": 0.6260072594908512, "54": 0.9114128703941509, "55": 0.37540567929468754, "56": 0.7923975123858403, "57": 0.16671988941425248, "58": 0.8216912714609571, "60": 0.6258554352216742, "61": 0.7849634154001839, "63": 0.8720945545738419, "64": 0.6733559840239098, "66": 0.6821030813261982, "68": 0.5513144173319915, "69": 0.9476023808238805, "70": 0.6082976936329352, "73": 0.8756754309304606, "74": 0.9983737266052923, "77": 0.23032766890594292, "78": 0.9700371969819471, "79": 0.8333468763597427, "81": 0.9713595535558777, "82": 0.7425417598060612, "83": 0.8178413482602938, "84": 0.832860782860757, "85": -0.03156587147432149, "86": 0.8755225610321277, "87": 0.6196188954656859, "88": 0.6013506347590544, "89": 0.9129039455580766, "90": 0.9021221516449848, "91": 0.7646757269224965, "92": 0.8331087363663148}