{"1": 0.3398294073738458, "4": 0.4477290739835533, "8": 0.4668517837063278, "11": 0.574031499518063, "12": 0.5786232597120046, "13": 0.6094012913532996, "17": 0.6342451481925557, "19": 0.6180032137120303, "22": 0.7139982306358827, "32": 0.31342203584485395, "62": 0.6692430371893076}