{"0": 0.3758032747990448, "1": 0.4870294216168417, "2": 0.757604564146452, "3": 0.35106251851178766, "4": 0.585586251779141, "5": 0.6384094383068186, "6": 0.5897027606530321, "7": 0.704702577964611, "8": 0.7347986930255427, "9": 0.4677520071661232, "10": 0.6473510236610821, "11": 0.9114752869112804, "12": 0.7336565076444184, "13": 0.9901079757944491, "14": 0.9217586009312606, "15": 0.9865001752117635, "16": 0.8756754309304606, "17": 0.9488360901438864, "18": 0.981232131685918, "19": 0.9983737266052923, "20": 0.9949767420272078}