{"0": 0.8475011606206494, "1": 0.8775265032524076, "2": 0.7437328602714011, "3": 0.8311229959955457, "4": 0.6821030813261982, "5": 0.23032766890594292, "6": 0.47375041638672777, "7": 0.5120501550986825, "8": 0.8333468763597425, "9": 0.7193369430604821, "10": 0.9392020401735667, "11": 0.6082976936329352, "12": 0.1416938655417028, "13": 0.523868503082112, "14": -0.03156587147432149, "15": 0.9892581571897634, "16": 0.2667876912297211, "17": 0.9432447077790973, "18": 0.9830954797357201, "19": 0.8271072745261993, "20": 0.8809396244696035, "21": 0.8192778384406973, "22": 0.9713595535558777, "23": 0.6526061874683491, "24": 0.9093223456592029, "25": 0.8697134878509117, "26": 0.8536357420102894, "27": 0.9777812587919528, "28": 0.901748777249892, "29": 0.8655817455287372, "30": 0.7466890867450248, "31": 0.9021221516449848, "32": 0.9485822131185805, "33": 0.6685812721607511, "34": 0.7923975123858403, "35": 0.6236955654053149, "36": 0.9691939465332382, "37": 0.9477068043036703, "38": 0.6073028217056597, "39": 0.8711994502463034, "40": 0.832860782860757, "41": 0.9884989516004242, "42": 0.1975043325266742, "43": 0.9140329995531735, "44": 0.8830833783478265, "45": 0.9129039455580766, "46": 0.9141130735845608, "47": 0.839959919104204, "48": 0.8292426892435174, "49": 0.146496758185714, "50": 0.8359579514350155, "51": 0.857209295739242, "52": 0.9335934621781633, "53": 0.8902155816030437, "54": 0.48607992823877844, "55": 0.841121674857908, "56": 0.44260974064371894, "57": 0.8261204300060645, "58": 0.8463778409804674, "59": 0.6196188954656859, "60": 0.8720945545738419, "61": 0.7146534890473241, "62": 0.7116043175588809, "63": 0.6723491595009656, "64": 0.7010120954522201, "65": 0.757604564146452, "66": 0.8128551965592921, "67": 0.9687175705183642, "68": 0.684961249623832, "69": 0.9472676651898911, "70": 0.6260072594908512, "71": -0.0947404194997906, "72": 0.8756754309304606, "73": 0.9700371969819471, "74": 0.48113657271127597, "75": 0.9711625608873772, "76": 0.9704814302099272, "77": 0.9180753773976005, "78": 0.9983737266052923, "79": 0.9709483288034012, "80": 0.981232131685918, "81": 0.6774506021333373, "82": 0.5685866553822061, "83": 0.921999206994456, "84": 0.9476023808238805, "85": 0.9217586009312606, "86": 0.9865001752117635, "87": 0.9949767420272078}