{"0": 0.47472489748000407, "1": 0.943959991281367, "2": 0.48113657271127597, "3": 0.9476023808238805, "4": 0.9709483288034012, "5": 0.9217586009312606, "6": 0.9865001752117635, "7": 0.5685866553822061, "8": 0.8756754309304606, "9": 0.16671988941425248, "10": 0.6491935015945167, "11": 0.6260072594908512, "12": 0.9472676651898911, "13": 0.8216912714609571, "14": 0.981232131685918, "15": 0.9983737266052923, "16": 0.9949767420272078}