{"0": 0.9652197466936353, "1": 0.931021982020077, "2": 0.8333468763597427, "3": 0.27874587387653993, "4": 0.9700371969819471, "5": 0.3673880262650814, "6": 0.8108859078003221, "7": 0.8365389165406976, "8": 0.6415605559254902, "9": 0.5766698600284136, "10": 0.49172772849901925, "11": 0.41691886446825394, "12": 0.7210414533560225, "13": 0.938074591269868, "14": 0.6515536215425838, "15": 0.7284531703731787, "16": 0.4447291282627591, "17": 0.37531432045770907, "18": 0.9356657607132645, "19": 0.8720945545738419, "20": 0.44582878950304766, "21": 0.3125813719550198, "22": 0.5245893473669587, "23": 0.716356944202799, "24": -0.05886431595078876, "25": 0.7634150330236524, "26": 0.8839454515177394, "27": 0.05651924102348614, "28": 0.7948185039635725, "29": 0.263755577319145, "30": 0.882002634000509, "31": 0.8700165000962381, "32": 0.5045415919383787, "33": 0.471039738862605, "34": 0.7425417598060612, "35": 0.3637049733672413, "36": 0.29542639465187137, "37": 0.9114128703941509, "38": 0.6470639358815731, "39": 0.9255601785703345, "40": 0.8995238736482618, "41": 0.9335934621781633, "42": 0.8331087363663148, "43": 0.8756754309304606, "44": 0.6196188954656859, "45": 0.9476023808238805, "46": 0.9432447077790973, "47": 0.34798782986239263, "48": 0.9096911896636037, "49": 0.9281763776399854, "50": 0.5569954147974067, "51": 0.9886308360437618, "52": 0.8843497809749714, "53": 0.7910066852120582, "54": 0.8517950447995001, "55": 0.8396372841917765, "56": 0.8764406322379414, "57": -0.49840235056999604, "58": 0.9146530503992909, "59": 0.44633195421901944, "60": -0.03156587147432149, "61": 0.8091767526534996, "62": 0.4514535286619107, "64": 0.8548615396185473, "65": 0.7828599905228542, "66": 0.9507422463744685, "68": 0.6335425290632055, "69": 0.9777812587919528, "70": 0.7499205830975755, "71": 0.37540567929468754, "72": 0.832860782860757, "74": 0.6082976936329352, "75": 0.8178413482602938, "77": 0.9713595535558777, "78": 0.684961249623832, "80": 0.8464138790455564, "81": -0.0947404194997906, "82": 0.9907737289176031, "83": 0.17571392999619895, "84": 0.6685689385096243, "85": 0.9129039455580766, "86": 0.9098698567125048, "87": 0.9013207959089523, "88": 0.9865001752117635, "89": 0.8655817455287372}