{"0": 0.9093223456592029, "1": 0.901748777249892, "2": 0.691751106621022, "3": 0.4183847681953678, "4": 0.8311229959955457, "5": 0.5226357162698628, "6": 0.5896092488634156, "7": 0.3778574483795422, "8": 0.8475814908605418, "9": 0.8960944809249964, "10": 0.8937292646683588, "12": 0.7146389994851791, "13": 0.6200863410641005, "14": 0.7923975123858403, "15": 0.5195850373691462, "16": 0.8809396244696035, "17": 0.48113657271127597, "18": 0.8663412539970857, "19": 0.5198685220641122, "20": 0.7646757269224965, "21": 0.27361805570435394, "22": 0.19431383196901578, "23": 0.5513144173319915, "24": 0.9217586009312606, "26": 0.5247123185998133, "27": 0.9604526003642835, "28": 0.8419447689518809, "29": 0.9141130735845608, "30": 0.8720945545738419, "31": 0.6685812721607511, "32": 0.6733213007476928, "33": 0.8016408203693159, "34": 0.6526061874683491, "35": 0.5870517010341324, "36": 0.5292378121730696, "37": 0.42411855077003824, "38": 0.0882759782354223, "39": 0.7634150330236524, "40": 0.9949767420272078, "41": 0.8192778384406973, "42": 0.9711625608873772, "43": 0.26136390952185357, "44": 0.9539519567428785, "45": 0.6260072594908512, "46": 0.6501892812086637, "48": 0.8216912714609571, "49": 0.8278479298912622, "50": 0.6589658447412513, "51": 0.16671988941425248, "52": 0.49407286344447865, "53": 0.6131014408222359, "55": 0.7089888300092461, "56": 0.7637396974633953, "59": 0.35593647357549874, "60": 0.9315684879650371, "61": 0.9145322830238507, "62": 0.921999206994456, "63": 0.2667876912297211, "64": 0.9983737266052923, "65": 0.8612982640595616, "66": 0.7424520390270506, "68": 0.6733559840239098, "69": -0.0947404194997906, "71": 0.5685866553822061, "72": 0.9709483288034012, "73": 0.8128551965592921, "74": 0.9053622125320325, "75": 0.34384838052099814, "76": 0.6397620421540968, "77": 0.9865001752117635, "79": 0.41247311771951933, "80": 0.981232131685918, "82": 0.9700371969819471, "83": 0.9771451713702621, "84": 0.839959919104204, "85": 0.6196188954656859, "86": 0.8111180154407209, "87": 0.6491935015945167, "88": 0.20486201960380793, "89": 0.5099200401850535, "90": 0.7010120954522201, "91": 0.9114128703941509, "92": 0.9713595535558777, "95": 0.9476023808238805, "96": 0.8126874765373676, "97": -0.03156587147432149, "99": 0.684961249623832}