{"1": 0.8405221884408871, "2": 0.44561381521568727, "6": 0.8756754309304606, "8": 0.43940489359957435, "9": 0.9115383234916338, "14": 0.3611665283318087, "15": 0.554031958914532, "16": 0.7614926112227629, "17": 0.7789228245988948, "19": 0.967905757640733, "22": 0.8051335520083587, "23": 0.7304707355588165, "24": 0.9709483288034012, "27": 0.9949767420272078, "29": 0.9488360901438864, "30": 0.5638555862947048, "32": 0.19400961494706043, "34": 0.48141048874258385, "36": 0.7305548341392115, "37": 0.5921071972552718, "38": 0.6487520872752499, "40": 0.9249349632665391, "44": 0.9293202038601335, "47": 0.6260072594908512, "48": 0.8773368069598443, "51": 0.7979756133661735, "52": 0.8564561422994226, "53": 0.807818378589215, "54": 0.9604526003642835, "57": 0.9539519567428785, "58": 0.48113657271127597, "61": 0.5171242226051914, "62": 0.051445675094845864, "63": 0.9865001752117635, "64": 0.7010120954522201, "65": 0.8216912714609571, "71": 0.4000573944990319, "75": 0.6617562981920593, "77": 0.625091962676118, "79": 0.6842670808556561, "82": 0.20719309844180892, "84": 0.6176878531080432, "87": 0.8130980481234205, "89": 0.981232131685918, "97": 0.7377947882474862}