{"0": 0.8830833783478265, "1": 0.9592332369017739, "2": 0.9777812587919528, "3": 0.3690962936014758, "4": 0.3885201854651707, "5": 0.941544463957757, "6": 0.9249524416875297, "7": 0.9018630594927176, "8": 0.9061104814689838, "9": 0.9129039455580766, "10": 0.8775265032524076, "11": 0.9687175705183642, "12": 0.7351537590866082, "13": 0.9453520912576178, "14": 0.9688241791634957, "15": 0.9304763003992487, "16": 0.832860782860757, "17": 0.981232131685918, "18": 0.9830954797357201, "19": 0.5216926673736717, "20": 0.523868503082112, "21": 0.9472676651898911, "22": 0.8549476145020383, "23": 0.9691939465332382, "24": 0.8720945545738419, "25": 0.9865001752117635, "26": 0.9114644625959997, "28": 0.6335425290632055, "29": 0.9750826465612488, "30": 0.8280814828306626, "32": 0.1767561018272008, "33": 0.5090991786701287, "34": 0.9884989516004242, "35": 0.8311229959955457, "36": 0.8853431112904293, "37": 0.8794961698328488, "38": 0.9573363750671867, "39": 0.7365398254287008, "40": 0.5560960332074883, "41": 0.8365170505443663, "42": 0.6082976936329352, "44": 0.942923417458683, "48": 0.7833145592966051, "51": 0.9988882682104072, "66": 0.9603770715877809, "71": 0.9713595535558777, "72": 0.9983737266052923, "74": 0.9949767420272078, "77": 0.8615112575471175, "80": 0.8815986591591685, "83": 0.8192778384406973, "85": -0.0475896289864841, "89": 0.9586919378087284, "97": 0.7336176094242233, "161": 0.9140329995531735, "179": 0.920017648857659}