{"1": 0.803598835361161, "2": 0.8842096180880704, "3": 0.8953599538075763, "6": 0.3873273257595673, "8": 0.6476492109952727, "9": 0.5294447108015252, "11": 0.8854619801156158, "16": 0.5931095809605178, "21": 0.7832539681123425, "22": 0.6989572293694251, "24": 0.9865001752117635, "25": 0.9687370516063287, "27": 0.38346780418490023, "29": 0.7485425325937486, "30": 0.7579050007535391, "33": 0.6764633181297491, "34": 0.6540982249970537, "37": 0.36620110617769025, "40": 0.8834293610338549, "41": 0.6164891844771048, "45": 0.12589188477523816, "46": 0.614292866108892, "48": 0.8366841729045951, "49": 0.8055152228046069, "50": 0.9711625608873772, "55": 0.541631938641555, "57": 0.8533302346080374, "58": 0.7250269741843032, "59": 0.45812757221759304, "63": 0.11388895357401885, "65": 0.9949767420272078, "75": 0.5509321997381238, "76": 0.8938772884269843, "77": 0.9304763003992487, "78": 0.9713595535558777, "85": 0.7172664643579031, "87": 0.5293886699424214, "88": 0.02854000326247845, "89": 0.9448216206002296, "92": 0.8124465791272606, "97": 0.41709120681017536}