{"0": 0.557010402473584, "1": 0.7657803143428534, "2": 0.8937292646683588, "3": 0.5198685220641122, "4": 0.7006576974473449, "5": 0.8311229959955457, "6": 0.8216912714609571, "7": 0.8720945545738419, "8": 0.4990076359070602, "9": 0.5968611232684455, "10": 0.2095945991821374, "12": 0.4353905283503711, "13": 0.5861005228132212, "14": 0.4064178987639405, "15": 0.7146389994851791, "16": 0.4183847681953678, "17": 0.7826816353405363, "19": 0.901748777249892, "20": 0.7425417598060612, "21": 0.9217586009312606, "22": 0.7478386756266562, "23": 0.9129039455580766, "24": 0.8809396244696035, "25": 0.8178413482602938, "26": 0.943959991281367, "27": 0.5195850373691462, "28": 0.9711625608873772, "29": 0.691751106621022, "31": 0.6013506347590544, "32": 0.7637396974633953, "33": 0.9709483288034012, "34": 0.3778574483795422, "37": 0.9053622125320325, "40": 0.19636038889005966, "42": 0.8646846833957632, "43": 0.8333468763597425, "44": 0.7646757269224965, "45": 0.9335934621781633, "46": 0.6821030813261982, "47": 0.4010849557244405, "48": 0.9315684879650371, "49": 0.4933147198444846, "50": 0.5292378121730696, "51": 0.8016408203693159, "52": 0.8642616605705435, "53": 0.9476023808238805, "54": 0.32893364296232114, "55": 0.9298097197394065, "56": 0.7899876622435141, "57": 0.6882372776623795, "58": 0.6258554352216742, "59": 0.7051300887732297, "60": 0.8928144447523121, "61": 0.7570745990904548, "62": 0.6733213007476928, "63": 0.26136390952185357, "64": 0.9983737266052923, "67": 0.9093223456592029, "68": 0.9865001752117635, "69": 0.2879189120272835, "70": 0.9182998889385686, "72": 0.7849634154001839, "74": 0.0882759782354223, "75": 0.6260072594908512, "76": 0.8766664135836837, "77": 0.8128551965592921, "78": 0.5358827365043197, "79": 0.9021221516449848, "82": 0.5685866553822061, "85": 0.660673913766087, "89": -0.0947404194997906, "90": 0.684961249623832, "91": 0.5120501550986825, "92": 0.9472676651898911, "93": 0.6815217232488077, "97": 0.5320489077677621, "98": 0.981232131685918}