{"0": 0.6693841374846776, "1": 0.601132593174229, "2": 0.675569593870537, "3": 0.6116982605388527, "8": 0.503616307356772, "10": 0.49605536717449594, "11": 0.9711625608873772, "13": 0.8634339508268334, "18": 0.6536207273322064, "23": 0.9949767420272078, "24": 0.8368946189167095, "25": 0.5493288443691607, "26": 0.89944571787745, "28": 0.6458667534828821, "29": 0.844835987757745, "31": 0.6260072594908512, "36": 0.9983737266052923, "39": 0.03422586520722773, "40": 0.590378697080597, "43": 0.7569640545091643, "45": 0.8356230760059518, "47": 0.5441508032487349, "48": 0.14706669971481465, "49": 0.11760058375839783, "50": 0.8175658712069824, "52": 0.420671911666862, "53": 0.525027673004182, "55": 0.8952620512823077, "56": 0.6568804750742717, "64": 0.9709483288034012, "67": 0.7237679177889201, "68": 0.6852443605191594, "69": 0.11241173670548762, "70": 0.4361339624686613, "72": 0.32276834037653723, "78": 0.6598909481939857, "80": 0.5146082717421195, "84": 0.7622456555613148, "87": 0.20061278236257174, "88": 0.2093468545701357, "89": 0.29330064215987517, "91": 0.5859701311781187, "93": 0.9865001752117635, "94": 0.7191020222033466, "95": 0.2903876942704386, "98": 0.6784462824423367, "99": 0.8806885332381765}