{"0": 0.6685812721607511, "2": 0.5247123185998133, "3": 0.5896092488634156, "4": 0.8099306876374217, "5": 0.7094798122783587, "6": 0.6733213007476928, "7": 0.7146389994851791, "8": 0.10904427398636651, "10": 0.9021221516449848, "12": 0.9315684879650371, "13": 0.8755225610321277, "14": 0.660673913766087, "15": 0.0882759782354223, "16": 0.8937292646683588, "17": 0.6258554352216742, "18": 0.5195850373691462, "19": 0.9949767420272078, "20": 0.7923975123858403, "21": 0.5198685220641122, "22": 0.6491935015945167, "23": 0.3366835704077431, "24": 0.691751106621022, "25": 0.757604564146452, "26": 0.8016408203693159, "27": 0.8377884954101573, "28": 0.48113657271127597, "29": 0.19636038889005966, "30": 0.7830048582773759, "31": 0.6260072594908512, "32": 0.7075546733458378, "33": 0.8192778384406973, "34": 0.6526061874683491, "35": 0.9983737266052923, "36": 0.27361805570435394, "37": 0.9217586009312606, "38": 0.8444621505000198, "39": 0.6595959820128834, "40": 0.7425417598060612, "41": 0.9141130735845608, "42": 0.7648121287856391, "43": 0.26136390952185357, "44": 0.6733559840239098, "45": 0.4183847681953678, "46": 0.8545885282580425, "47": 0.5685866553822061, "48": 0.9865001752117635, "49": 0.5292378121730696, "50": 0.7634150330236524, "51": 0.8216912714609571, "52": 0.9432447077790973, "54": 0.6424679284713251, "55": 0.9093223456592029, "56": -0.03156587147432149, "57": 0.6624692207649989, "58": 0.40489536255844116, "59": 0.799615023321244, "60": 0.684961249623832, "61": 0.29830921354618783, "62": 0.8720945545738419, "64": 0.943959991281367, "66": 0.8928144447523121, "67": 0.44123658792863535, "68": 0.6923142679019358, "69": 0.6821030813261982, "70": 0.8809396244696035, "71": 0.9711625608873772, "72": 0.8475814908605418, "73": 0.884039134073451, "75": 0.18168131915734786, "76": 0.5320489077677621, "78": 0.7637396974633953, "79": -0.0947404194997906, "80": 0.3641110015527814, "81": 0.9713595535558777, "82": 0.921999206994456, "83": 0.4637226310989762, "84": 0.8331087363663148, "85": 0.8989513737387981, "86": 0.5981567141636808, "88": 0.6013506347590544, "89": 0.981232131685918, "90": 0.9476023808238805, "92": 0.9114128703941509, "93": 0.5293013479618837, "96": 0.9129039455580766}