{"0": 0.4663616971062073, "1": 0.9709483288034012, "2": 0.9949767420272078}