{"1": 0.6490058576665056, "2": 0.6402895563479197, "3": 0.639062295487238, "4": 0.6685812721607511, "5": 0.8455576846630604, "6": 0.8937292646683588, "7": 0.7036495585102586, "8": 0.5077804931572509, "9": 0.7866875579257706, "10": 0.5247123185998133, "11": 0.7228123903725414, "13": 0.3259173685316173, "16": 0.5880858500374273, "17": 0.2199732014657444, "20": 0.8322038882294907, "21": 0.8127875400235169, "22": 0.5443430367161408, "23": 0.557010402473584, "24": 0.5198685220641122, "26": 0.2667876912297211, "28": 0.7783900728457858, "29": 0.6733559840239098, "30": 0.7637396974633953, "32": 0.8366841729045951, "33": 0.18168131915734786, "35": 0.981232131685918, "36": 0.6260072594908512, "37": 0.7634150330236524, "39": 0.8333468763597425, "40": 0.943959991281367, "41": 0.8646846833957632, "43": 0.26136390952185357, "44": 0.8755225610321277, "45": -0.03156587147432149, "46": 0.5051849822978105, "47": 0.9315684879650371, "48": 0.9949767420272078, "50": 0.7804001736821261, "51": 0.9114128703941509, "52": 0.8655817455287372, "53": 0.2860226661234187, "54": 0.9983737266052923, "55": 0.9141130735845608, "56": -0.0947404194997906, "57": 0.6258554352216742, "59": 0.8720945545738419, "60": 0.9700371969819471, "61": 0.8216912714609571, "63": 0.8049099964440658, "65": 0.9217586009312606, "66": 0.9382053980900551, "67": 0.3366835704077431, "68": 0.6733213007476928, "69": 0.36144806423814313, "70": 0.8444621505000198, "71": 0.8870192884221564, "72": 0.524055530787126, "74": 0.6526061874683491, "75": 0.5561363471972417, "76": 0.5656999453838275, "79": 0.48113657271127597, "81": 0.7075546733458378, "84": 0.9711625608873772, "85": 0.8928144447523121, "86": 0.7425417598060612, "87": 0.8809396244696035, "88": 0.8813757932458062, "89": 0.757604564146452, "90": 0.8311229959955457, "91": 0.44123658792863535, "92": 0.7051300887732297, "94": 0.44260974064371894, "96": 0.34384838052099814, "97": 0.873955944747916, "98": 0.8128551965592921, "99": 0.5375996711722785}