{"0": 0.5203398473403409, "1": 0.5968611232684455, "2": 0.27361805570435394, "3": 0.19636038889005966, "4": 0.8216912714609571, "5": 0.6258554352216742, "6": 0.8475814908605418, "7": 0.8937292646683588, "8": 0.6260072594908512, "9": 0.5195850373691461, "10": 0.7637396974633953, "11": 0.557010402473584, "12": 0.0882759782354223, "13": 0.8126874765373676, "14": 0.7051300887732296, "15": 0.4154512915887426, "16": 0.424062593700137, "17": 0.6443955829734422, "18": 0.714638999485179, "19": 0.660673913766087, "20": 0.3778574483795422, "21": 0.8016408203693158, "22": 0.5292378121730696, "23": 0.6733213007476928, "24": 0.7923975123858403, "25": 0.8755225610321277, "26": 0.5198685220641122, "27": 0.5513144173319915, "28": 0.1864354156823636, "29": 0.691751106621022, "30": 0.8192778384406973, "32": 0.7634150330236524, "33": 0.921999206994456, "34": 0.7646757269224965, "35": 0.2613639095218535, "36": 0.48113657271127597, "37": 0.6733559840239098, "38": 0.8331087363663148, "39": 0.8444621505000198, "40": 0.9021221516449848, "41": -0.03156587147432149, "42": 0.8642616605705435, "43": 0.6397620421540968, "44": 0.901748777249892, "46": 0.9700371969819471, "47": 0.9114128703941509, "48": 0.7849634154001839, "49": 0.8311229959955457, "50": 0.9093223456592029, "51": 0.9141130735845608, "52": 0.9315684879650371, "53": 0.943959991281367, "55": 0.5410752967980765, "56": 0.9983737266052923, "57": 0.9476023808238805, "58": 0.9711625608873772, "59": 0.684961249623832, "60": 0.9865001752117635, "61": 0.8720945545738419, "62": 0.6526061874683491, "63": 0.8128551965592921, "64": 0.29830921354618783, "65": 0.9713595535558777, "66": 0.7425417598060612, "67": 0.9335934621781633, "68": 0.6821030813261982, "69": 0.41247311771951933, "70": 0.799615023321244, "78": 0.37540567929468754, "79": 0.8646846833957632, "80": 0.8928144447523121, "81": 0.8809396244696035, "83": 0.9053622125320326, "84": 0.5247123185998133, "87": -0.0947404194997906, "88": 0.6685812721607511, "93": 0.6082976936329352, "94": 0.8333468763597427, "95": 0.16671988941425248, "97": 0.981232131685918}