{"0": 0.8261204300060645, "1": 0.9687175705183642, "2": 0.5730293047153447, "3": 0.26242612893149053, "4": 0.806971628043814, "5": 0.7292594590665118, "6": 0.9214859910388071, "7": 0.8937452550387537, "10": 0.5060970298142013, "11": 0.84336581771656, "13": 0.8945382671498674, "14": 0.6623738443135211, "15": 0.5195812697532928, "16": 0.8187683529238529, "18": 0.5689594036914651, "19": 0.7291500295291995, "20": 0.757604564146452, "22": 0.9949767420272078, "25": 0.6260072594908512, "26": 0.6536207273322064, "27": 0.7588051709574621, "28": 0.5226250989567949, "29": 0.7658701887411197, "30": 0.48113657271127597, "31": 0.525027673004182, "32": 0.9709483288034012, "33": 0.9865001752117635, "36": 0.6169726370577279, "38": 0.8299859201788236, "40": 0.5809593011405569, "42": 0.1441395246339513, "43": 0.4749299021017803, "44": 0.9213921928068671, "46": 0.3355980472832976, "51": 0.9196762676827337, "53": 0.7979575173700935, "54": 0.8952635008702641, "56": 0.9983737266052923, "57": 0.9217586009312606, "59": 0.7941725717079042, "61": 0.8546179968153367, "64": 0.8112876443151475, "73": 0.9442464244826696, "77": 0.5156500362205638, "79": 0.5961895683911898, "84": 0.6094302657788987, "90": -0.36821549634366463, "91": 0.5551225952900269, "93": 0.8585802201401334, "97": 0.7728339587831798}