{"0": 0.3530481468678174, "1": 0.5800521901037896, "2": 0.757604564146452, "3": 0.3743670621731986, "4": 0.6258554633767097, "5": 0.5740664902227477, "6": 0.6638197523392959, "7": 0.7040881923762208, "8": 0.9711625608873772, "9": 0.8830833783478265, "10": 0.6061367038825813, "11": 0.727539460861021, "12": 0.9687175705183642, "13": 0.967905757640733, "14": 0.9865001752117635, "15": 0.9432447077790973, "16": 0.5995479195372444, "17": 0.9472676651898911, "18": 0.8366841729045951, "19": 0.8720945545738419, "20": 0.981232131685918, "21": 0.9983737266052923, "22": 0.7010120954522201, "23": 0.6082976936329352, "24": 0.9949767420272078}