{"0": 0.6977994835672343, "1": 0.8192778384406973, "2": 0.9865001752117635, "3": 0.9750826465612488, "4": 0.9988882682104072, "5": 0.9892581571897634, "6": 0.9983737266052923, "7": 0.8794961698328488, "8": 0.9949767420272078}