{"0": -0.48531118563206616, "1": 0.18259347283306054, "2": 0.4289965492452877, "3": 0.4751273908221863, "8": 0.7001103661585439, "9": 0.8743034803525781, "13": 0.7689203549015033, "15": 0.4132891334324345, "17": 0.7168071503936716, "20": 0.832047827586428, "21": 0.5282407968972481, "26": 0.5744372301275098, "27": 0.5241478553875311, "31": 0.5358827365043197, "32": 0.648844227885645, "33": 0.7778133136981027, "34": 0.3311704656874554, "36": 0.6407491061218575, "38": 0.7676646077675143, "39": 0.9709483288034012, "40": 0.5507398728205377, "42": 0.6222452841572133, "43": 0.6148769576906141, "46": 0.8349772719337096, "48": 0.7238861932465723, "51": 0.7344839286130149, "52": 0.5821040132765096, "53": 0.19382884747188278, "56": -0.36821549634366463, "57": 0.5678831524785729, "61": 0.5613200057418282, "66": 0.18156715913653212, "68": 0.3885201854651707, "70": 0.5418338328729526, "71": 0.7371776919008166, "72": -0.0009658097822616656, "75": 0.825868694608215, "76": 0.6084890896180588, "77": 0.7579457171892481, "78": 0.2188617908665665, "79": 0.32518362496347775, "80": 0.6790385852091951, "87": 0.9711625608873772, "88": 0.8546179968153367, "89": 0.7996948207449324, "90": 0.8346103793020443, "91": 0.363069895358086, "95": 0.8830281235644627, "97": 0.747265339492918, "98": 0.9983737266052923}