{"0": 0.6653534822950975, "1": 0.7505437246414122, "2": 0.5896092488634156, "4": 0.812698182365685, "5": 0.721825734073164, "6": 0.7437328602714011, "8": 0.882809090276024, "9": 0.5685866553822061, "10": 0.2667876912297211, "11": 0.19636038889005966, "13": 0.8126874765373676, "15": 0.5513144173319915, "17": 0.41900385112715033, "18": 0.6491935015945167, "19": 0.6085085723685444, "20": 0.757604564146452, "21": 0.8445509311188995, "23": 0.691751106621022, "24": 0.6260072594908512, "26": 0.5247123185998133, "29": 0.8333468763597425, "30": 0.26136390952185357, "31": 0.5195850373691462, "32": 0.6685812721607511, "33": 0.921999206994456, "34": 0.48113657271127597, "36": 0.8755225610321277, "39": 0.7849634154001839, "40": 0.6694302570992088, "41": 0.8128551965592921, "42": 0.8016408203693159, "43": 0.9476023808238805, "44": 0.4064178987639405, "45": 0.014379971621051833, "46": 0.8646846833957632, "47": 0.8791473832634391, "48": 0.8928462641755874, "49": 0.660673913766087, "51": 0.684961249623832, "52": 0.9093223456592029, "56": 0.40489536255844116, "58": 0.9656236097165958, "60": 0.8311229959955457, "61": 0.7646757269224965, "63": 0.8809396244696035, "64": 0.30671884495796936, "65": 0.8844261311437704, "66": 0.4340184493973487, "67": 0.7923975123858403, "68": 0.6258554352216742, "71": 0.6397620421540968, "72": 0.557010402473584, "74": 0.8756754309304606, "75": 0.9700371969819471, "76": 0.6733559840239098, "78": 0.5186944924205162, "79": 0.9432447077790973, "81": 0.16772079627794467, "83": 0.7634150330236524, "84": 0.5874500029765293, "85": 0.49541573542701145, "86": 0.9217586009312606, "90": 0.44260974064371894, "91": 0.18168131915734786, "93": 0.48607992823877844, "94": 0.8330156279542347, "95": 0.943959991281367, "96": 0.27361805570435394}