{"0": 0.46717992118218044, "1": 0.9093223456592029, "2": 0.48113657271127597, "3": 0.9217586009312606, "4": 0.6260072594908512, "5": 0.9704814302099272, "6": 0.6774506021333373, "7": 0.8394074838025692, "8": 0.8128551965592921, "9": 0.9711625608873772, "10": 0.9315684879650371, "11": 0.8756754309304606, "12": 0.9949767420272078, "13": 0.7521226612388665, "14": 0.9180753773976005, "15": 0.9865001752117635, "16": 0.9983737266052923, "17": 0.981232131685918, "18": 0.9488360901438864, "19": 0.9472676651898911, "23": 0.9341479147413281, "48": 0.5594946980739446}