{"0": 0.7851290918293297, "1": 0.8509454875987394, "2": 0.6095664446458031, "3": 0.26136390952185357, "4": 0.6215175027588653, "5": 0.3366835704077431, "6": 0.8937292646683588, "7": 0.7654977061318371, "8": 0.8554097544325301, "9": 0.5740001910906721, "10": 0.7866875579257706, "11": 0.8311229959955457, "12": 0.9709483288034012, "13": 0.8521355614104235, "14": 0.5247123185998133, "15": 0.6491935015945167, "16": 0.7286513348026014, "17": 0.6963932817675615, "18": 0.943959991281367, "20": 0.9093223456592029, "21": 0.757604564146452, "22": 0.6260072594908512, "23": 0.3259173685316173, "24": 0.6685812721607511, "25": 0.48113657271127597, "26": 0.24407602418614086, "27": 0.9711625608873772, "29": 0.7688384742837, "30": 0.9539519567428785, "31": 0.9949767420272078, "33": 0.3505409246346395, "36": 0.3527451829914512, "37": 0.8158767083442671, "38": 0.008973126238788917, "39": 0.46912644829314326, "40": 0.9865001752117635, "41": 0.3153968357679011, "42": 0.9217586009312606, "43": 0.6258554352216742, "45": 0.8016408203693159, "46": 0.4756185840993384, "47": 0.844205869665169, "48": 0.46984506507234103, "50": 0.8938772884269843, "51": 0.5198685220641122, "52": 0.6733213007476928, "53": 0.8684827535567756, "54": 0.5292378121730696, "55": 0.9053622125320325, "56": 0.5407414898164831, "58": 0.7405875688417289, "59": 0.8813757932458062, "60": 0.4622891760399982, "61": 0.8444621505000198, "62": 0.9700371969819471, "63": 0.7979575173700935, "65": 0.8128551965592921, "69": 0.921999206994456, "70": 0.9687175705183642, "71": 0.34384838052099814, "72": 0.6526061874683491, "73": 0.9335934621781633, "74": 0.7849634154001839, "75": 0.660673913766087, "76": 0.7127301950855451, "77": 0.5685866553822061, "81": 0.9141130735845608, "84": 0.721044234952458, "85": 0.9096911896636037, "87": 0.7010120954522201, "89": 0.981232131685918, "90": 0.7634150330236524, "91": -0.0020026099042433354, "93": 0.9983737266052923, "94": 0.7808806488710628, "95": 0.8646846833957632, "96": 0.605840532100246, "99": 0.36537585234024605}