{"3": 0.8446352867590317, "4": 0.5808446707006777, "6": 0.6318020602487693, "9": 0.7979756133661735, "11": 0.9865001752117635, "13": 0.8971277989018693, "14": 0.2234060256254172, "15": 0.6365132226761061, "17": 0.5968496488520021, "18": 0.8066491008596008, "19": 0.9983737266052923, "20": 0.9239777041182415, "21": 0.8827055582399498, "22": 0.6851336750268496, "24": 0.22973345488927796, "25": 0.47765324693593647, "27": 0.08820827143207904, "32": 0.8229848270258664, "33": 0.6705800487621474, "35": 0.9949767420272078, "36": 0.4400695245052362, "37": 0.7663300236736856, "41": 0.3879025038801294, "42": 0.7419980476402368, "44": 0.48663189302430043, "48": 0.9687370516063287, "50": 0.9211789862620838, "51": 0.5202088467464681, "52": 0.7251387652204415, "56": 0.7658701887411197, "57": 0.4800577987740855, "58": 0.5197757438855669, "61": 0.7695641869994007, "62": 0.9275979296429275, "63": 0.6451297289028958, "64": 0.5858993782504178, "67": 0.149867432742451, "72": 0.9013207959089523, "73": 0.6077352120765227, "76": 0.3512651512587639, "78": 0.39075656835371564, "79": 0.7116043175588809, "81": 0.8615518575912298, "83": 0.8217202130726271, "87": 0.8546179968153367, "88": 0.4563132321076616, "94": 0.35296772415583577, "96": 0.8424699466107948, "99": 0.81007487930792}