{"0": 0.7316066680516797, "1": 0.7266655246276565, "2": 0.3004638436360175, "3": 0.34932262050082463, "4": 0.9000543078507882, "6": 0.5125527642728354, "9": 0.5083260925499196, "10": 0.9949767420272078, "11": 0.5644693458785089, "14": 0.684961249623832, "16": 0.9711625608873772, "18": 0.8854619801156158, "21": 0.8366841729045951, "22": 0.46827582854876215, "23": 0.6649430807089585, "25": 0.9672364309982049, "26": 0.8898689614158148, "29": 0.5841236081445523, "35": -0.27496486801528375, "40": 0.5705224904294753, "41": 0.9217455898854673, "42": 0.7233347450595491, "45": 0.752587720981049, "47": 0.6780858160979031, "48": -0.7436007780767186, "50": 0.8036018470803274, "52": 0.9217586009312606, "57": 0.2646285889044907, "58": 0.415821352802326, "60": 0.5769647861713657, "61": 0.9604526003642835, "63": 0.5685866553822061, "65": 0.9196762676827337, "67": 0.8834293610338549, "68": 0.9227641550709345, "73": 0.44568389958613996, "75": 0.5049824659265439, "77": 0.8193412871982035, "80": 0.8625254390221386, "83": 0.45758693404527595, "88": 0.8261204300060645, "92": 0.49107951994044496, "93": 0.8720945545738419, "95": 0.23653755011431882, "97": 0.9903820945691412, "98": 0.33446082009707223, "99": 0.9158398574640056}