{"0": 0.7828363066027845, "1": 0.942923417458683, "2": 0.6429115937914918, "3": 0.8750414042484809, "4": 0.942699523539489, "5": 0.6137183794469678, "6": 0.9691939465332382, "7": 0.7365398254287008, "8": 0.9801948925335262, "9": 0.9453520912576178, "10": 0.8830833783478265, "11": 0.8280814828306626, "13": 0.9790004208511209, "14": 0.8311229959955457, "15": 0.9949767420272078, "16": 0.3885201854651707, "17": 0.9573363750671867, "18": 0.941952435588411, "20": 0.9061104814689838, "21": 0.9830954797357201, "22": 0.8213445434803914, "23": 0.7801534985324701, "24": 0.9988882682104072, "27": 0.9022031422838689, "28": 0.953211483519156, "29": 0.981232131685918, "30": 0.9983737266052923, "36": 0.9202997667703496, "37": 0.9687175705183642, "38": 0.9329405209770878, "41": 0.8794961698328488, "42": 0.9254870181391006, "44": 0.3702217257773508, "45": 0.8502829396202195, "47": 0.9144828186989488, "48": 0.1767561018272008, "56": 0.8615112575471175, "58": 0.9000543078507882, "76": 0.8835599668670103, "78": 0.9713595535558777, "90": -0.0475896289864841, "91": 0.9865001752117635, "92": 0.9903820945691412, "96": 0.9140329995531735, "98": 0.9703889040133444, "182": 0.8978997239936704, "366": 0.9884989516004242}