{"0": 0.4221235022405473, "1": 0.8070834178164799, "2": 0.3704862501212974, "3": 0.8883571263293488, "4": 0.8688965644538921, "5": -0.2533528214200177, "6": 0.691751106621022, "7": 0.5894869790125996, "8": 0.5198685220641122, "9": 0.8192778384406973, "10": 0.8311229959955457, "11": 0.7419184683448392, "12": 0.9592332369017739, "13": 0.901748777249892, "14": 0.8016408203693159, "15": 0.6653534822950975, "16": 0.5358827365043197, "17": 0.9129039455580766, "18": 0.8655817455287372, "19": 0.6526061874683491, "20": 0.857209295739242, "21": 0.8809396244696035, "22": 0.841121674857908, "23": 0.9021221516449848, "24": 0.5247123185998133, "25": 0.9777812587919528, "26": 0.21530035847232937, "27": 0.9709483288034012, "28": 0.8031429848247243, "29": 0.9097043845728758, "30": 0.8333468763597425, "31": 0.9074541861500449, "32": 0.8463778409804674, "33": 0.8458853891381444, "34": 0.832860782860757, "35": 0.6284436739232024, "36": 0.9141130735845608, "37": 0.9687175705183642, "38": 0.9217586009312606, "39": 0.9865001752117635, "40": 0.9713595535558777, "41": 0.7260287547211197, "42": 0.6685812721607511, "43": 0.8756754309304606, "44": 0.9093223456592029, "45": 0.6236955654053149, "46": 0.33242742082889554, "47": 0.9988882682104072, "48": 0.9488360901438864, "49": 0.9335934621781633, "50": 0.9472676651898911, "51": 0.8697134878509117, "52": 0.8720945545738419, "53": 0.7437328602714011, "54": 0.1416938655417028, "55": 0.8128551965592921, "56": -0.0475896289864841, "57": 0.7466890867450248, "58": 0.9309065637866576, "59": 0.981232131685918, "60": 0.9983737266052923, "61": 0.9096911896636037, "62": 0.978789337755493, "63": 0.7010120954522201, "64": 0.8794961698328488, "65": 0.6082976936329352, "66": 0.9949767420272078}