{"0": -0.22026778217896212, "1": 0.134413696180793, "2": 0.817808414260369, "3": 0.5673701370466202, "4": 0.24529358451515962, "5": 0.8689086045383441, "6": 0.8607725101495401, "7": 0.6796756543690005, "9": 0.4891546069166186, "10": 0.4782345449988788, "11": 0.7979575173700935, "12": 0.7486984704920517, "15": 0.9217586009312606, "16": 0.7002669016182743, "17": 0.9983737266052923, "19": 0.8936676334836202, "20": 0.5002544514817137, "21": 0.7831581017980025, "22": 0.6260072594908512, "23": 0.2815041079479771, "24": 0.6431855057332925, "27": 0.7111842788978916, "30": 0.9949767420272078, "31": 0.9709483288034012, "33": 0.4983494194646217, "37": 0.7720649159718456, "39": 0.5358827365043197, "42": 0.8080373896898151, "45": 0.6491935015945167, "53": 0.6064559144077307, "54": 0.8557838822892957, "55": 0.9711625608873772, "60": 0.7873897911526725, "61": 0.9865001752117635, "62": 0.8366841729045951, "65": 0.9476023808238805, "66": 0.9157957284855488, "68": 0.981232131685918, "79": 0.08360770597162553, "82": 0.22486631963469694, "87": 0.787124426001298, "88": 0.525027673004182, "90": 0.4602179172835975, "92": 0.9901079757944491, "95": 0.6904374732116503, "96": 0.9356155407207811, "98": 0.9714042571934205, "99": 0.7207445274401345}