{"0": 0.8775265032524076, "1": 0.7437328602714011, "2": 0.1416938655417028, "3": -0.0475896289864841, "4": 0.8794961698328488, "5": 0.8311229959955457, "6": 0.47375041638672777, "7": 0.5120501550986825, "8": 0.8333468763597425, "9": 0.7193369430604821, "10": 0.9392020401735667, "11": 0.523868503082112, "12": -0.2533528214200177, "13": 0.7365398254287008, "14": 0.3704862501212974, "15": 0.9432447077790973, "16": 0.9493540059122985, "17": 0.9830954797357201, "18": 0.6082976936329352, "19": 0.7449588556572684, "20": 0.8809396244696035, "21": 0.8192778384406973, "22": 0.9713595535558777, "23": 0.6526061874683491, "24": 0.9093223456592029, "25": 0.7466890867450248, "26": 0.8697134878509117, "27": 0.901748777249892, "28": 0.8458853891381444, "29": 0.9777812587919528, "30": 0.8655817455287372, "31": 0.6073028217056597, "32": 0.8711994502463034, "33": 0.9691939465332382, "34": 0.9477068043036703, "35": 0.9021221516449848, "36": 0.9097043845728758, "37": 0.6685812721607511, "38": 0.6236955654053149, "39": 0.9884989516004242, "40": 0.1975043325266742, "41": 0.9129039455580766, "42": 0.8727104168106703, "43": 0.9140329995531735, "44": 0.8830833783478265, "45": 0.9141130735845608, "46": 0.832860782860757, "47": 0.9074541861500449, "48": 0.857209295739242, "49": 0.8359579514350155, "50": 0.6897782779610693, "51": 0.48607992823877844, "52": 0.146496758185714, "53": 0.5980084337551699, "54": 0.9335934621781633, "55": 0.841121674857908, "56": 0.7146534890473241, "57": 0.6196188954656859, "58": 0.8463778409804674, "59": 0.7116043175588809, "60": 0.8261204300060645, "61": 0.8720945545738419, "62": 0.7010120954522201, "63": 0.8128551965592921, "64": 0.9687175705183642, "65": 0.684961249623832, "66": 0.9472676651898911, "67": 0.6260072594908512, "68": 0.8756754309304606, "69": 0.9711625608873772, "70": 0.9180753773976005, "71": 0.9704814302099272, "72": 0.757604564146452, "73": 0.9700371969819471, "74": 0.48113657271127597, "75": 0.981232131685918, "76": 0.6774506021333373, "77": 0.9983737266052923, "78": 0.9488360901438864, "79": 0.921999206994456, "80": 0.9476023808238805, "81": 0.9709483288034012, "82": 0.9217586009312606, "83": 0.9865001752117635, "84": 0.9949767420272078}