{"0": 0.7556756676167846, "1": 0.7146661497674027, "2": -0.054380950747749096, "3": 0.8546179968153367, "4": 0.3752921205655746, "6": 0.4827461990655034, "7": 0.9085365931214857, "8": 0.9652258575357737, "9": 0.6805487815421402, "11": 0.8421034201970813, "12": 0.4275675100808677, "17": 0.9712097172582024, "18": 0.980133147923703, "19": 0.7973539670631666, "21": 0.9949767420272078, "22": 0.712718536925018, "24": 0.7869918068771349, "25": 0.6779934369271006, "27": 0.7782918144180921, "28": 0.7237480833182686, "30": 0.47548903297200273, "32": 0.5044774680749794, "34": 0.5971191281793176, "37": 0.757604564146452, "38": 0.48113657271127597, "39": 0.7677524345271604, "43": 0.526307859604561, "44": 0.9710685701243187, "45": 0.637123989389841, "46": 0.5768189092826739, "48": 0.7362738421594113, "49": 0.6877141585803115, "53": 0.20949283458266404, "55": 0.7979575173700935, "56": 0.9635051318471994, "58": 0.8720945545738419, "59": 0.8938772884269843, "63": 0.9865001752117635, "66": 0.9711625608873772, "68": 0.9217586009312606, "70": 0.43332942019059695, "73": 0.9442464244826696, "80": 0.9687175705183642, "82": 0.8830833783478265, "83": 0.7709655471410095, "87": 0.5294447108015252, "89": 0.9983737266052923, "90": 0.9013207959089523, "91": 0.37575104576274726, "92": 0.6528660746356352, "93": 0.981232131685918}