{"0": 0.6234903258720565, "1": 0.8751326861014993, "2": 0.48113657271127597, "3": 0.621507387088079, "4": 0.8117823156968187, "5": 0.34689095750237053, "6": -0.21663253992098172, "7": 0.7251973573117783, "10": 0.9414908077273463, "11": 0.8830833783478265, "12": 0.7498708500091151, "13": 0.614597694795387, "14": 0.5832332651835559, "15": 0.6169986833098449, "16": 0.5097077628234394, "17": 0.8363100595305545, "18": 0.9709483288034012, "19": 0.9711625608873772, "20": 0.981232131685918, "21": 0.6496584943774282, "23": 0.9096911896636037, "24": 0.9949767420272078, "26": 0.8773368069598443, "27": 0.7496293598194063, "30": 0.9217586009312606, "31": 0.5485535948246542, "32": 0.8463355359297258, "33": 0.7010120954522201, "34": 0.9442464244826696, "35": 0.35713656854990394, "36": 0.2543490139072463, "37": 0.40404733114809, "39": 0.6260072594908512, "42": 0.732826975565847, "44": 0.9472676651898911, "45": 0.6997629196236648, "46": 0.7709655471410095, "48": 0.7200282158089641, "50": 0.8107236851316617, "51": 0.7867217720209136, "53": 0.8799904438940406, "55": 0.7831581017980025, "56": 0.39930332792412093, "57": 0.5985894307070109, "59": 0.7873386372576556, "60": 0.7407872295122774, "61": 0.8720945545738419, "64": 0.9865001752117635, "71": 0.7127301950855451, "77": 0.42914228890020967, "80": 0.9157957284855488, "85": 0.47718965670526514, "87": 0.8216912714609571, "89": 0.5598791325106417, "92": 0.8843497809749714, "93": 0.34384838052099814}