{"0": 0.7016938232614232, "1": 0.6970732976680225, "2": 0.546563697421333, "3": 0.6258554633767097, "4": 0.595060438290657, "5": 0.36146620803688945, "6": 0.5356285228710826, "7": 0.7277393101022782, "8": 0.8366841729045951, "9": 0.6061367038825813, "10": 0.9949767420272078, "11": 0.9988882682104072, "12": 0.6650081387432569, "13": 0.9983737266052923, "14": 0.9687175705183642, "15": 0.8720945545738419, "16": 0.981232131685918, "17": 0.9072409240804903, "18": 0.6082976936329352, "19": 0.9865001752117635, "162": 0.8807061007194629}