{"0": 0.19186440008252775, "1": -0.03156587147432149, "2": 0.4409190901668864, "3": 0.8016408203693159, "4": 0.9141130735845608, "5": 0.23295546691983532, "6": 0.8475814908605418, "7": 0.19636038889005966, "9": 0.6678093024213296, "11": 0.8311229959955457, "12": 0.8937292646683588, "13": 0.5968611232684455, "15": 0.691751106621022, "16": 0.8977883779971628, "18": 0.9865001752117635, "19": 0.11889000311667515, "20": 0.9711625608873772, "21": 0.8444621505000198, "22": 0.6491935015945167, "24": 0.48113657271127597, "25": 0.6685812721607511, "26": 0.6443955829734422, "27": 0.4154512915887426, "28": 0.6733213007476928, "29": 0.7425417598060612, "30": 0.0882759782354223, "31": 0.8727104168106703, "32": 0.5417929192225336, "33": 0.504212413054403, "34": 0.1864354156823636, "35": 0.943959991281367, "36": 0.8669725745628007, "37": 0.8333468763597425, "38": 0.6258554352216742, "40": 0.5685866553822061, "41": 0.41247311771951933, "42": 0.16671988941425248, "43": 0.8642616605705435, "45": 0.37540567929468754, "46": 0.799615023321244, "47": 0.6821030813261982, "48": 0.5198685220641122, "49": 0.6039579323241857, "50": 0.7634150330236524, "51": 0.6397620421540968, "52": 0.3641110015527814, "54": 0.26136390952185357, "55": 0.9091135273767043, "56": 0.5476690023897588, "57": 0.23032766890594292, "58": 0.684961249623832, "61": 0.5026522738227703, "62": 0.8417961933053902, "63": 0.6013506347590544, "64": 0.6957983044641678, "65": 0.6260072594908512, "66": 0.8331087363663148, "67": 0.7910066852120582, "68": 0.5513144173319915, "71": 0.6225751188825022, "72": 0.8313281921485667, "74": 0.660673913766087, "76": 0.44582878950304766, "78": 0.8642395554081561, "79": 0.9713595535558777, "80": 0.8756754309304606, "81": 0.8126874765373676, "82": 0.9335934621781633, "83": 0.981232131685918, "86": 0.34384838052099814, "87": 0.832860782860757, "88": 0.9217586009312606, "89": 0.921999206994456, "93": 0.6196188954656859, "94": -0.0947404194997906, "96": 0.8128551965592921, "97": 0.687543990071051, "98": 0.9021221516449848, "99": 0.9476023808238805}