{"0": 0.25469957738934934, "1": 0.6797933409636179, "2": 0.8830833783478265, "3": 0.9072409240804903, "4": 0.2897773117912632, "5": 0.953211483519156, "6": 0.9129039455580766, "7": 0.9304763003992487, "8": 0.5428146706341573, "9": 0.3885201854651707, "10": 0.7276444416980752, "11": 0.8615112575471175, "13": 0.1767561018272008, "14": 0.981232131685918, "15": 0.8775265032524076, "16": 0.9830954797357201, "17": 0.942923417458683, "18": 0.9801948925335262, "19": 0.7973563010853268, "21": 0.963944995920045, "22": 0.9114644625959997, "23": 0.9140329995531735, "27": 0.8311229959955457, "28": 0.7365398254287008, "29": 0.8978997239936704, "30": 0.9884989516004242, "31": 0.9687175705183642, "32": 0.9249524416875297, "34": 0.8794961698328488, "35": 0.9691939465332382, "38": 0.9453520912576178, "39": 0.9949767420272078, "40": 0.9865001752117635, "43": 0.9713595535558777, "44": 0.9586919378087284, "45": 0.8456938319969669, "46": 0.9688241791634957, "55": 0.8192778384406973, "57": 0.8280814828306626, "58": 0.9988882682104072, "63": 0.8720945545738419, "65": 0.9573363750671867, "66": 0.9061104814689838, "71": 0.9750826465612488, "72": 0.6082976936329352, "78": 0.9127274042373902, "87": 0.9983737266052923, "90": 0.9903820945691412, "92": 0.920017648857659, "93": 0.6335425290632055}