{"0": 0.6659947338303871, "1": 0.7138324232533995, "2": 0.46993627977186786, "3": 0.39781600489808455, "4": 0.6258554633767097, "5": 0.5635999529474545, "6": 0.38819763360932397, "7": 0.7402396625975438, "8": 0.6554996312857393, "9": 0.5039542540108591, "10": 0.48113657271127597, "11": 0.757604564146452, "12": 0.967905757640733, "13": 0.9711625608873772, "14": 0.9316966264562736, "15": 0.9949767420272078, "16": 0.9865001752117635, "17": 0.9983737266052923, "18": 0.981232131685918, "19": 0.9488360901438864, "20": 0.9472676651898911, "95": 0.9149068217490111}