{"0": 0.48113657271127597, "1": 0.6959299745686642, "2": 0.523457200739093, "3": 0.517865101672029, "4": 0.553123439025667, "5": 0.647474559962076, "6": 0.7439429505442813, "7": 0.7076804256390601, "9": 0.5455410165434558, "10": 0.5859267950196552, "11": 0.7909153514145553, "12": 0.8864415373298299, "13": 0.7886250157828029, "18": 0.8222455264873754, "20": 0.47959609582698437, "21": 0.3925420706116171, "24": 0.9160671221351466, "27": 0.49807630628037497, "28": 0.4608667398322682, "31": 0.4034628853536184, "32": 0.45394431255120604, "33": 0.29190796396892427, "37": 0.45860457106224267, "39": 0.7803280876032134, "40": 0.281942263572601, "41": 0.7445656361023374, "42": 0.7578060412751384, "45": 0.757604564146452, "46": 0.494183147841505, "47": 0.9217586009312606, "49": 0.9137887058080534, "50": 0.9949767420272078, "51": 0.9709483288034012, "61": 0.49888626564848376, "65": 0.6040650508930583, "67": 0.9983737266052923, "68": 0.4133264961716761, "74": 0.4133445281330247, "75": 0.6376602831450877, "76": 0.9711625608873772, "78": 0.12909246554705436, "80": 0.8546179968153367, "81": 0.9865001752117635, "82": 0.8388065793068272, "85": 0.6853851628807519, "86": 0.9133056583232569, "94": 0.48259447926565613, "97": 0.1017108589920103, "98": 0.6383216792874831}