{"1": 0.8435342784192679, "2": 0.5894928502734509, "4": 0.39263197247061876, "5": 0.3869594288106222, "7": 0.6422893898022538, "8": 0.8366841729045951, "9": 0.8952635008702641, "10": 0.6487520872752499, "12": 0.5289597860545561, "13": 0.4065694600147872, "14": 0.5103573161733834, "16": 0.7475538787155522, "19": 0.7899876622435141, "25": 0.8566296791941953, "26": 0.1630108497525475, "27": 0.9949767420272078, "28": 0.798274125347938, "29": 0.757604564146452, "30": 0.9983737266052923, "34": 0.9318625117538578, "35": 0.6940922202372735, "36": 0.5209045889352161, "37": 0.4818920767109175, "39": 0.6272433801648418, "40": 0.9687175705183642, "41": 0.7730131688911392, "42": 0.6260072594908512, "45": 0.8756754309304606, "48": 0.7788435146170649, "49": 0.9217586009312606, "50": 0.7604863947486931, "54": 0.9157957284855488, "57": 0.428475922718237, "60": 0.6694798657497347, "61": 0.6726196751830813, "70": 0.9462769360884645, "72": 0.8326096743259999, "73": 0.389439480574299, "77": 0.9758188427224292, "79": 0.7016430386802859, "82": 0.9710685701243187, "84": 0.7233347450595491, "86": 0.7339894005821355, "87": 0.9865001752117635, "90": 0.7878041556125506, "93": 0.8929430515180781, "95": 0.9488360901438864, "96": 0.571983554707701}