{"1": 0.4477290739835533, "2": 0.7139982306358827, "4": 0.3398294073738458, "6": 0.31342203584485395, "12": 0.4668517837063278, "13": 0.6342451481925557, "27": 0.6180032137120303, "66": 0.6094012913532996, "68": 0.574031499518063, "69": 0.5786232597120046, "130": 0.6692430371893076}