{"0": 0.5292378121730696, "1": 0.691751106621022, "2": 0.5513144173319915, "3": 0.5247123185998133, "5": 0.7637396974633953, "6": 0.48574128400034783, "7": 0.46900769567891787, "8": 0.4654421551084127, "9": 0.7051300887732297, "11": 0.6733213007476928, "12": 0.9315684879650371, "13": 0.9093223456592029, "14": 0.7650762633925905, "16": 0.9021221516449848, "17": 0.9539519567428785, "20": 0.8261204300060645, "21": 0.8333468763597425, "23": 0.9604526003642835, "24": 0.5685866553822061, "25": 0.855309862058039, "27": 0.26136390952185357, "28": 0.5968611232684455, "29": 0.20270924568334603, "30": 0.8311229959955457, "31": 0.8016408203693159, "33": 0.7027582473952154, "34": 0.9097043845728758, "35": 0.8444621505000198, "36": 0.7094798122783587, "37": 0.7923975123858403, "38": 0.48113657271127597, "41": 0.8475814908605418, "42": 0.6260072594908512, "43": 0.8809396244696035, "44": 0.9141130735845608, "45": 0.6313731905431029, "47": -0.0020026099042433354, "48": 0.27361805570435394, "49": 0.757604564146452, "50": 0.4377309870395272, "51": 0.7849634154001839, "52": -0.03156587147432149, "54": 0.684961249623832, "55": 0.46912644829314326, "56": 0.7010120954522201, "57": 0.921999206994456, "58": 0.9949767420272078, "59": 0.7646757269224965, "60": 0.5220569662425524, "61": 0.8192778384406973, "62": 0.16671988941425248, "64": 0.9711625608873772, "65": 0.5198685220641122, "68": 0.9076415008622544, "69": 0.9865001752117635, "70": 0.9432447077790973, "73": 0.5444588902880099, "74": 0.7075546733458378, "76": 0.8545885282580425, "78": 0.7634150330236524, "79": 0.7721440652032403, "81": 0.8128551965592921, "82": -0.14345900439937326, "83": 0.8756754309304606, "84": 0.9983737266052923, "86": 0.6196188954656859, "88": 0.9476023808238805, "91": 0.799905531199155, "93": 0.41247311771951933, "95": 0.8126874765373676, "97": 0.9217586009312606, "99": 0.3314945387480545}