{"0": 0.49667389660286476, "1": 0.36806161337201504, "2": 0.8188763159117212, "3": 0.7193369430604821, "4": 0.5894869790125996, "5": 0.8192778384406973, "6": 0.8311229959955457, "7": 0.43630621520808116, "8": 0.9592332369017739, "9": 0.901748777249892, "10": 0.8830833783478265, "11": 0.6061367038825813, "12": 0.9129039455580766, "13": 0.6526061874683491, "14": 0.8809396244696035, "15": 0.888367791813524, "16": 0.9403846533518059, "17": 0.9691939465332382, "18": 0.9777812587919528, "19": 0.9830954797357201, "20": 0.922705653532762, "21": 0.8333468763597425, "22": 0.1975043325266742, "23": 0.8491241118867037, "24": 0.832860782860757, "25": 0.9304763003992487, "26": 0.9687175705183642, "27": 0.967905757640733, "28": 0.9865001752117635, "29": 0.9713595535558777, "30": 0.9140329995531735, "31": 0.4750477323353133, "32": 0.9181169426857589, "33": 0.5372819131295028, "34": 0.9988882682104072, "35": 0.8601391183990965, "36": 0.9335934621781633, "37": 0.9472676651898911, "38": 0.8272030732920543, "39": 0.522677044646806, "40": 0.8366841729045951, "41": 0.8720945545738419, "42": 0.2011426332164294, "43": -0.0475896289864841, "44": 0.9072409240804903, "45": 0.9884989516004242, "46": 0.8775265032524076, "47": 0.942923417458683, "48": 0.981232131685918, "49": 0.9983737266052923, "50": 0.7010120954522201, "51": 0.8794961698328488, "52": 0.6082976936329352, "53": 0.9949767420272078}