{"0": 0.8472879608371888, "1": 0.4978696089000355, "2": 0.6258554633767097, "3": 0.634079964424244, "4": 0.431706758467808, "5": 0.90472075955636, "6": 0.8830833783478265, "7": 0.9801948925335262, "8": 0.8441131880788921, "9": 0.9691939465332382, "10": 0.9830954797357201, "11": 0.43154655065555625, "12": 0.8280814828306626, "13": 0.9304763003992487, "14": 0.9687175705183642, "15": 0.9865001752117635, "16": 0.9140329995531735, "17": 0.9988882682104072, "18": 0.9573363750671867, "19": 0.8720945545738419, "20": 0.5090991786701287, "21": 0.9006714259588862, "22": 0.9884989516004242, "23": 0.942923417458683, "24": 0.981232131685918, "25": 0.9061104814689838, "26": 0.9983737266052923, "27": 0.7608528783887835, "28": 0.6082976936329352, "29": 0.9949767420272078}