{"1": 0.3302654487257838, "2": 0.8475814908605418, "3": 0.41259556631291305, "4": 0.8663412539970857, "5": 0.980133147923703, "6": 0.8016408203693159, "7": 0.7036495585102586, "8": 0.7051300887732297, "9": 0.3926925160356013, "10": 0.4949948198706473, "11": 0.7320375535676165, "12": 0.20270924568334603, "13": 0.7866875579257706, "14": 0.5247123185998133, "15": 0.9093223456592029, "16": 0.8737673884645086, "17": 0.44783901186604874, "18": 0.8809396244696035, "19": 0.660673913766087, "20": 0.28638825837547066, "21": 0.8937292646683588, "22": 0.49152033019246844, "23": 0.8311229959955457, "24": 0.8454214017151047, "25": 0.8612982640595616, "26": 0.26136390952185357, "27": 0.6601540566442792, "28": 0.9217586009312606, "29": 0.6260072594908512, "30": 0.5515903364492653, "31": 0.8543475528055253, "32": 0.943959991281367, "33": 0.4214769469478127, "34": 0.6685812721607511, "35": 0.0882759782354223, "36": 0.9709483288034012, "37": 0.7634150330236524, "38": 0.6686420853106081, "39": 0.9865001752117635, "40": 0.6258554352216742, "41": 0.8938772884269843, "42": 0.48113657271127597, "43": 0.9949767420272078, "44": 0.6171622993154828, "45": 0.4291684942005213, "46": 0.7849634154001839, "47": 0.9053622125320325, "48": 0.8396372841917765, "49": 0.981232131685918, "50": 0.8192778384406973, "52": 0.8333468763597425, "54": 0.901748777249892, "55": 0.7012566093743738, "56": 0.8216912714609571, "57": 0.3778574483795422, "59": 0.5831511834152502, "60": 0.6134898289396189, "61": 0.7334615520232637, "63": 0.9711625608873772, "65": 0.9983737266052923, "66": 0.5292378121730696, "67": 0.921999206994456, "68": 0.41247311771951933, "69": 0.34384838052099814, "70": 0.9315684879650371, "71": 0.7639735573284052, "72": 0.7010120954522201, "76": 0.7637396974633953, "77": 0.7545917828543953, "78": 0.6013506347590544, "79": 0.5685866553822061, "82": 0.6733559840239098, "83": -0.0947404194997906, "84": 0.8720945545738419, "86": 0.8128551965592921, "87": 0.684961249623832, "88": 0.6632782758195849, "92": 0.5837984462963324, "93": 0.4451315435094247, "97": 0.7721440652032403, "98": 0.263755577319145}