{"0": 0.8394074838025692, "4": 0.7282048980995455, "8": 0.8235812601756979, "9": 0.5996391118620429, "13": 0.7854187170761273, "18": 0.8641580168869507, "20": 0.3641374193508281, "23": 0.3520981271445881, "26": 0.5921071972552718, "32": 0.9449277469107293, "37": 0.4957399905604635, "38": 0.21604983648978832, "42": 0.9687175705183642, "43": 0.9949767420272078, "44": 0.8999634387152573, "49": 0.40168909033605155, "50": 0.553143556138983, "51": 0.5537854584033384, "52": -0.3128358947874208, "55": 0.48113657271127597, "56": 0.8615112575471175, "57": 0.5578840431741773, "58": -0.6135187498657506, "62": 0.9180753773976005, "63": 0.6848835494132282, "64": 0.981232131685918, "67": 0.9196762676827337, "70": 0.7305548341392115, "71": 0.8830833783478265, "74": 0.7351405018435444, "76": 0.4557678511128256, "77": 0.9205425842867887, "78": 0.9901079757944491, "80": 0.757604564146452, "82": 0.8720945545738419, "84": 0.35945528449136477, "87": 0.9709483288034012, "88": 0.1660253602539452, "89": 0.9865001752117635, "90": 0.9217586009312606, "94": 0.8668690260667716, "98": 0.7397440056644533}