{"1": 0.8038281740643533, "3": 0.4070132188000424, "4": 0.5447470801434154, "5": 0.6807122092622881, "6": 0.585586251779141, "7": 0.7907760438956404, "8": 0.730287493560162, "10": 0.8830833783478265, "11": 0.6834147206572199, "12": 0.2723356794347277, "15": 0.8589409069692279, "16": 0.8309304959867635, "17": -0.6839958387610735, "18": 0.2974693742369723, "19": 0.6483931281146313, "20": 0.9350213846962443, "21": 0.2017148340359145, "22": 0.9687370516063287, "25": 0.6650523650300169, "27": 0.8124465791272606, "28": 0.48578807216538306, "29": 0.9949767420272078, "30": 0.6664401308116286, "31": 0.7273628051233735, "32": 0.9711625608873772, "33": 0.6829609796315936, "34": 0.4076173133999289, "36": 0.434462918108733, "38": 0.8452752523159741, "39": 0.18832129100224446, "40": 0.8546179968153367, "41": 0.7690548666125904, "42": 0.6598909481939857, "45": 0.7266853210570041, "46": 0.8057263274894069, "47": 0.9865001752117635, "49": 0.5358827365043197, "50": 0.6139961670765683, "52": 0.46068788867891075, "54": 0.7979756133661735, "55": 0.438491458685178, "56": 0.9983737266052923, "57": 0.3895470866635639, "58": 0.847372334359386, "62": 0.44987777622274483, "64": 0.8463778409804674, "66": 0.7496293598194063, "67": 0.9367269048304978, "68": 0.45390967856927433, "70": -0.23720159294001567, "71": 0.3282459606949881, "73": 0.757604564146452, "77": 0.8420307301673775, "80": 0.6781497813428304, "82": -0.041270021412198654, "83": 0.4426716427228049, "86": 0.7682216455484197, "87": 0.7269498089671544, "88": 0.8026368857680288, "90": 0.5886201565338272, "92": 0.9275979296429275, "93": 0.9239777041182415, "96": 0.5665259215768246, "98": 0.8773368069598443, "99": 0.9142951613245062}