{"0": 0.4221235022405473, "1": 0.757604564146452, "2": 0.2667876912297211, "3": 0.9042655422831997, "4": 0.9050715799851166, "5": -0.2533528214200177, "6": 0.7193369430604821, "7": 0.5968611232684455, "8": 0.7923975123858403, "9": 0.8192778384406973, "10": 0.8311229959955457, "11": 0.47375041638672777, "12": 0.8269134158533042, "13": 0.9711625608873772, "14": 0.901748777249892, "15": 0.6413911019625415, "16": 0.786565829456501, "17": 0.6487520872752499, "18": 0.48113657271127597, "19": 0.9129039455580766, "20": 0.8655817455287372, "21": 0.6526061874683491, "22": 0.921999206994456, "23": 0.8809396244696035, "24": 0.841121674857908, "25": 0.888367791813524, "26": 0.5070644983107764, "27": 0.9777812587919528, "28": 0.7684849226889559, "29": 0.8937292646683588, "30": 0.8333468763597425, "31": 0.9074541861500449, "32": 0.31386290128369077, "33": 0.8536357420102894, "34": 0.48607992823877844, "35": 0.832860782860757, "36": 0.2766104727276304, "37": 0.6284436739232024, "38": 0.9141130735845608, "39": 0.7116043175588809, "40": 0.9687175705183642, "41": 0.967905757640733, "42": 0.9865001752117635, "43": 0.9713595535558777, "44": 0.8271072745261993, "45": 0.5120501550986825, "46": 0.8766664135836837, "47": 0.9140329995531735, "48": 0.8756754309304606, "49": 0.9432447077790973, "50": 0.9181169426857589, "51": 0.6013506347590544, "52": 0.6283383812384, "53": 0.9488360901438864, "54": 0.9335934621781633, "55": 0.9472676651898911, "56": 0.8697134878509117, "57": 0.8366841729045951, "58": 0.8720945545738419, "59": 0.7437328602714011, "60": 0.1416938655417028, "61": 0.23032766890594292, "62": 0.7466890867450248, "63": 0.981232131685918, "64": 0.684961249623832, "65": -0.1752464829013728, "66": 0.9983737266052923, "67": 0.9177778432333028, "68": 0.6821030813261982, "69": 0.7010120954522201, "70": 0.6082976936329352, "71": 0.9949767420272078}