{"0": 0.4931547299584928, "1": 0.9592332369017739, "2": 0.6061367038825813, "3": 0.8953357204137226, "4": 0.9687175705183642, "5": 0.967905757640733, "6": 0.9865001752117635, "7": 0.9488360901438864, "8": 0.9472676651898911, "9": 0.8366841729045951, "10": 0.981232131685918, "11": 0.9983737266052923, "12": 0.7010120954522201, "13": 0.9949767420272078}