{"0": 0.6685812721607511, "1": 0.9053622125320325, "2": 0.3628759677144574, "3": 0.8352441535944656, "4": 0.6051169128606819, "5": 0.6260072594908512, "6": 0.8475814908605418, "8": 0.5968611232684455, "13": 0.921999206994456, "14": 0.8773386371500407, "16": 0.8333468763597425, "17": 0.6733559840239098, "18": 0.4309357667448347, "22": 0.26136390952185357, "23": 0.6632782758195849, "26": 0.8655817455287372, "28": 0.8465043182647762, "29": 0.7655801570672589, "30": 0.839959919104204, "31": 0.7910066852120582, "33": 0.757604564146452, "35": 0.5220569662425524, "36": 0.7036495585102586, "37": 0.684961249623832, "38": 0.9217586009312606, "42": 0.48113657271127597, "43": 0.2654206943042908, "44": 0.11661037297160878, "45": 0.43419808544510263, "46": 0.7849634154001839, "47": 0.9710685701243187, "50": 0.8030700092363727, "51": 0.980133147923703, "55": 0.6653534822950975, "56": 0.9093223456592029, "57": 0.6470145015559466, "58": 0.5963742158579581, "59": 0.5513144173319915, "60": 0.0882759782354223, "61": -0.03156587147432149, "63": 0.9754846259278245, "64": 0.9315684879650371, "65": 0.9949767420272078, "68": 0.9129039455580766, "69": 0.4756185840993384, "70": 0.7321628840532988, "71": 0.7505930148811509, "73": 0.9114128703941509, "74": 0.8684827535567756, "75": 0.6559792039205901, "77": 0.5685866553822061, "80": 0.7728971377320866, "81": 0.6983952161286942, "82": 0.943959991281367, "83": 0.5571774282145698, "86": 0.5292378121730696, "88": 0.8311229959955457, "90": 0.8128551965592921, "91": 0.832860782860757, "92": 0.6239852737230454, "94": 0.8756754309304606, "96": 0.6245042675352854, "97": 0.3366835704077431}