{"0": 0.4322192844460445, "1": 0.21334483201136295, "2": 0.5422901323368211, "3": 0.8418138744159926, "5": 0.585586251779141, "6": 0.8055373666653947, "7": -0.2810040922799176, "8": 0.6008556086035983, "9": 0.6936211083880446, "10": 0.9592332369017739, "11": 0.7012659606304567, "12": 0.8980303879282828, "13": 0.5767151544998302, "16": 0.5241478553875311, "18": 0.9709483288034012, "20": 0.811518800087036, "21": 0.338420442051034, "22": 0.45557769743282905, "24": -0.1705881026684804, "25": 0.8720945545738419, "28": 0.8070834178164799, "29": 0.9442464244826696, "31": 0.7539866097412056, "35": 0.6472125053108531, "37": 0.9000730351488017, "38": 0.8789142893562266, "39": 0.43738900920557455, "41": 0.9217586009312606, "42": 0.5604607382939127, "45": 0.6882791983162402, "47": 0.7496293598194063, "58": 0.9983737266052923, "60": 0.6557091184584602, "61": 0.7991939153743481, "63": 0.5685866553822061, "64": 0.34932262050082463, "65": 0.8216912714609571, "71": 0.7514639256089173, "76": 0.5458844656049748, "79": 0.3535772643191749, "81": 0.8043145266696983, "82": 0.9257020524575003, "84": 0.7723629731705641, "85": 0.48618523368401245, "90": -0.08893551368986477, "91": -0.2920684620872272, "92": 0.5519313221159661, "96": 0.7909412308120726, "97": 0.9949767420272078, "99": 0.9865001752117635}