{"0": 0.512734715578468, "1": 0.6386972452643789, "2": 0.9592332369017739, "3": 0.8830833783478265, "4": 0.9691939465332382, "5": 0.9830954797357201, "6": 0.967905757640733, "7": 0.9865001752117635, "8": 0.9140329995531735, "9": 0.9472676651898911, "10": 0.9573363750671867, "11": 0.8720945545738419, "12": 0.9006714259588862, "13": 0.9884989516004242, "14": 0.981232131685918, "15": 0.9061104814689838, "16": 0.9983737266052923, "17": 0.9949767420272078}