{"0": 0.8128551965592921, "1": 0.21605325504224987, "2": 0.8976058608558702, "3": 0.8016408203693159, "4": 0.5513144173319915, "5": 0.8999634387152573, "6": 0.7233474455540546, "7": 0.8331087363663148, "8": 0.7972366638737207, "9": 0.8926963550766154, "10": 0.26136390952185357, "11": 0.7173963279448836, "12": 0.6956085320899287, "13": 0.48113657271127597, "14": 0.7993444339342476, "15": 0.980133147923703, "16": 0.19636038889005966, "17": 0.7496293598194063, "18": 0.5247123185998133, "19": 0.9709483288034012, "20": 0.5692933801455431, "22": 0.9217586009312606, "23": 0.2148628740859696, "24": 0.6565392827068353, "25": 0.6134898289396189, "26": 0.8727754159158532, "27": 0.7774279185030899, "28": 0.8333468763597425, "29": 0.9711625608873772, "32": 0.8413338937060468, "33": 0.32893364296232114, "35": 0.9754846259278245, "37": 0.8444621505000198, "38": 0.9949767420272078, "39": 0.5733697510092004, "41": 0.757604564146452, "42": 0.9472676651898911, "44": 0.8663412539970857, "45": 0.8151302566395757, "46": 0.9604526003642835, "47": 0.5606333133258026, "48": 0.9539519567428785, "49": 0.2941254336236244, "50": 0.6491935015945167, "51": 0.544344158755081, "52": 0.37611177819071645, "53": 0.7923975123858403, "54": 0.8216912714609571, "55": 0.8809396244696035, "56": 0.6260072594908512, "57": -0.0020026099042433354, "60": 0.660673913766087, "61": 0.6624692207649989, "62": 0.6685812721607511, "63": 0.651773474182166, "65": 0.9983737266052923, "66": 0.7127301950855451, "68": 0.9315684879650371, "69": 0.7849634154001839, "70": 0.4480073508045833, "71": 0.7425417598060612, "74": 0.7075546733458378, "75": 0.7695416708607508, "76": 0.9114128703941509, "77": 0.6733559840239098, "78": 0.4625939412705071, "79": 0.12249633937071452, "80": 0.7128054437693416, "82": 0.9771451713702621, "83": 0.981232131685918, "84": 0.5469105250206979, "85": 0.921999206994456, "86": 0.5608977334933727, "87": 0.5685866553822061, "88": 0.9129039455580766, "89": 0.5220569662425524, "90": 0.9865001752117635, "91": 0.5921071972552718, "92": 0.2477369510848173, "94": 0.684961249623832, "96": 0.5697991000218938, "98": 0.9476023808238805}