{"0": 0.8728039086406796, "1": 0.6246143977355212, "2": 0.8192778384406973, "3": 0.8999328978891317, "4": 0.9687237924699306, "5": 0.9865001752117635, "6": 0.9988882682104072, "7": 0.9892581571897634, "8": 0.9983737266052923, "9": 0.8794961698328488, "10": 0.9949767420272078}