{"1": 0.7525964989578007, "4": 0.7284471702728972, "5": 0.981232131685918, "6": 0.8556404531863896, "7": 0.9204330867250647, "9": 0.7112141877702598, "10": 0.6496584943774282, "11": 0.8067722838733653, "12": 0.943959991281367, "13": 0.5394824529098387, "14": 0.7981108931392096, "15": 0.8209338130002732, "16": 0.48113657271127597, "17": 0.5643892424927202, "18": 0.9539519567428785, "20": 0.16597289248351105, "25": 0.20719309844180892, "26": 0.7856312790148056, "29": 0.7091809505242646, "33": 0.36294123312538196, "35": 0.7831581017980025, "37": 0.953358308630897, "38": 0.734593887479379, "43": 0.5199679630665699, "46": 0.9844617817620179, "47": 0.7016430386802859, "48": 0.5584051140133217, "51": 0.9488360901438864, "54": 0.9687175705183642, "57": 0.6068147373067432, "58": 0.8366841729045951, "60": 0.6226819601882199, "61": 0.5326697087035581, "69": 0.8953599538075763, "70": 0.24387723208169676, "71": 0.9472676651898911, "74": 0.6205772005378131, "75": 0.32985726853159236, "79": 0.9046049785319161, "80": -0.09896194695004992, "81": 0.5241478553875311, "83": 0.7212709847221572, "84": 0.88022253334417, "86": 0.9319317893791428, "88": 0.623989120120534, "89": 0.6017735393995904, "92": 0.9559398348927166, "93": 0.9159338970904156, "97": 0.7127301950855451}