{"0": 0.5786232597120047, "1": 0.48328272754828683, "2": 0.29090434218921035, "4": 0.6734028544375098, "5": 0.8289279051283813, "6": 0.5905108005666769, "7": 0.6535954140661548, "8": 0.6124140846129686, "9": 0.5286316109111722, "10": 0.6066984050214093, "11": 0.31342203584485395, "12": 0.5797742356769299, "13": 0.7958011739386489, "14": 0.6342451481925557, "16": 0.9949767420272078, "17": 0.6083797331854903, "18": 0.42107138481485595, "19": 0.6260072594908512, "21": 0.43022479584914297}