{"1": 0.29830921354618783, "2": 0.5968611232684455, "4": 0.8444621505000198, "5": 0.9711625608873772, "7": 0.0882759782354223, "8": 0.7255902050697742, "10": 0.8145736855038246, "11": 0.9476023808238805, "12": 0.921999206994456, "13": 0.7634150330236524, "15": 0.8172772077504513, "16": 0.6526061874683491, "17": 0.6733213007476928, "18": 0.9539519567428785, "19": 0.8377884954101573, "20": 0.7425417598060612, "21": 0.7036495585102586, "22": 0.8158767083442671, "24": 0.5292378121730696, "25": 0.7075546733458378, "26": 0.6733559840239098, "27": 0.9217586009312606, "28": 0.40051035273128255, "29": 0.9865001752117635, "30": 0.7219951513499141, "31": 0.7320375535676165, "32": 0.8372412929886421, "34": 0.9093223456592029, "35": 0.8756754309304606, "36": 0.9432447077790973, "37": 0.869170515593214, "38": 0.5685866553822061, "39": 0.9335934621781633, "40": 0.6606155147914359, "41": 0.32893364296232114, "42": 0.26136390952185357, "43": 0.8720945545738419, "45": 0.8475814908605418, "46": 0.9021221516449848, "47": 0.16671988941425248, "48": 0.8128551965592921, "49": 0.08955328840336288, "52": 0.46912644829314326, "53": 0.8216912714609571, "54": 0.7913203075413664, "55": 0.27361805570435394, "56": 0.34384838052099814, "57": 0.684961249623832, "58": 0.6685812721607511, "59": 0.6013506347590544, "60": 0.7750054133812562, "62": 0.9141130735845608, "64": 0.9983737266052923, "65": 0.9700371969819471, "66": 0.6134898289396189, "67": 0.799615023321244, "68": 0.9315684879650371, "69": 0.19636038889005966, "70": 0.7849634154001839, "71": 0.683113815366293, "72": 0.7866875579257706, "73": 0.8755225610321277, "74": 0.40489536255844116, "75": 0.3400479515608866, "77": 0.6491935015945167, "78": 0.5513144173319915, "79": 0.7331552650568469, "80": 0.5742996058380779, "82": 0.9949767420272078, "83": 0.943959991281367, "84": 0.639062295487238, "85": 0.48113657271127597, "86": 0.5325414065555024, "87": 0.3366835704077431, "88": 0.6260072594908512, "89": 0.981232131685918, "90": 0.7112617137830068, "91": -0.03156587147432149, "92": 0.1847241837193484, "94": 0.6258554352216742}