{"0": 0.5249626848512742, "2": 0.4156538000308728, "5": 0.1205598945536234, "7": 0.45129755022682533, "8": 0.8012872641357992, "11": 0.9462769360884645, "12": 0.9217586009312606, "13": 0.9865001752117635, "15": 0.7787283093299902, "17": 0.7276009216604347, "18": 0.8813757932458062, "19": 0.46131770310385517, "21": 0.4999517134731542, "22": 0.7068573582711941, "23": 0.6215756861322976, "24": 0.8527589040154633, "25": 0.6894578908915058, "28": 0.6381925698277093, "29": 0.6258879951102811, "30": 0.5786232597120047, "31": 0.7305548341392115, "32": 0.33747202092366535, "33": 0.3670671936488735, "36": 0.6488683752211095, "37": 0.7518913759052046, "38": 0.8598698242351048, "39": 0.9709483288034012, "41": 0.6594479296908939, "42": 0.6822031819899654, "44": 0.9949767420272078, "45": 0.5801428708850087, "46": 0.48113657271127597, "47": 0.434791621598829, "48": 0.6260072594908512}