{"0": 0.7831581017980025, "3": 0.9711625608873772, "7": 0.7118183270081275, "12": 0.5554689514014765, "15": 0.9217586009312606, "16": 0.9865001752117635, "18": 0.6782191023583404, "19": 0.787698347833411, "21": 0.806971628043814, "24": 0.8336630217495616, "26": 0.49067726129889977, "27": 0.27552957000399303, "30": 0.7696118740260071, "38": 0.9983737266052923, "40": 0.7754600289324297, "41": 0.9157957284855488, "42": 0.9687370516063287, "43": 0.46719311847632744, "45": 0.6219024435094758, "49": 0.9949767420272078, "50": 0.9604526003642835, "51": 0.5789008328107235, "53": 0.48113657271127597, "54": 0.4829227349587212, "55": 0.6260072594908512, "56": 0.5472147803544244, "57": 0.15410835356747693}