{"0": 0.4183847681953678, "1": 0.41247311771951933, "3": 0.4214769469478127, "4": 0.5558901920474175, "5": -0.03156587147432149, "6": -0.0947404194997906, "7": 0.0882759782354223, "8": 0.6733213007476928, "9": 0.48113657271127597, "10": 0.8311229959955457, "12": 0.9129039455580766, "13": 0.6709188716817207, "14": 0.9476023808238805, "15": 0.6134898289396189, "16": 0.8663412539970857, "17": 0.7634150330236524, "18": 0.6526061874683491, "19": 0.34012190477210724, "20": 0.7062654534230781, "21": 0.8928144447523121, "22": 0.8646846833957632, "23": 0.7425417598060612, "24": 0.7036495585102586, "25": 0.8809396244696035, "26": 0.5276464025633392, "28": 0.5292378121730696, "29": 0.943959991281367, "30": 0.7075546733458378, "31": 0.6733559840239098, "32": 0.9217586009312606, "33": 0.9865001752117635, "34": 0.9713595535558777, "36": 0.921999206994456, "37": 0.660673913766087, "38": 0.6568880500244708, "39": 0.9051277537243145, "41": 0.9093223456592029, "42": 0.5195850373691462, "43": 0.8756754309304606, "44": 0.9053622125320325, "46": 0.9335934621781633, "47": 0.8938772884269843, "48": 0.8357757214092377, "49": 0.8720945545738419, "51": 0.8007648151367821, "52": 0.19431383196901578, "53": 0.27361805570435394, "54": 0.16671988941425248, "55": 0.8377884954101573, "56": 0.8128551965592921, "57": 0.23032766890594292, "59": 0.8126874765373676, "61": 0.38012663962712423, "62": 0.5968611232684455, "63": 0.9711625608873772, "65": 0.8444621505000198, "66": 0.6258554352216742, "67": 0.26136390952185357, "68": 0.684961249623832, "69": 0.6685812721607511, "70": 0.5045588321637767, "73": 0.9141130735845608, "75": 0.9983737266052923, "76": 0.7849634154001839, "77": 0.8937292646683588, "78": 0.7923975123858403, "79": 0.9709483288034012, "80": 0.7709219618259459, "81": 0.7051300887732297, "82": 0.7457970200613431, "83": 0.7637396974633953, "84": 0.8016408203693159, "85": 0.5198685220641122, "86": 0.7146389994851791, "87": 0.9949767420272078, "88": 0.8192778384406973, "89": 0.5685866553822061, "90": 0.5531728460311762, "91": 0.3366835704077431, "92": 0.6260072594908512, "93": 0.981232131685918, "94": 0.7646757269224965, "95": 0.6082976936329352, "96": 0.9315684879650371, "97": 0.8216912714609571, "98": 0.37540567929468754}