{"0": 0.36148350604465695, "1": 0.48825555809271365, "3": 0.4228152468743336, "4": 0.48113657271127597, "6": 0.3978236054022566, "7": 0.7877847887718545, "9": 0.943959991281367, "10": 0.9217586009312606, "11": 0.9865001752117635, "13": 0.7561202494503998, "15": 0.7197749185345628, "16": 0.4673148912317917, "17": 0.5535163348682032, "18": 0.7018406481933006, "19": 0.7969599710382654, "20": 0.19181694922412285, "21": 0.6894578908915058, "23": 0.5889228761228207, "24": 0.6258879951102811, "25": 0.5786232597120047, "26": 0.3607812631717313, "28": 0.7000020430995962, "29": 0.9120506649817908, "30": 0.4303553315146016, "31": 0.9709483288034012, "32": 0.46770156816840047, "34": 0.6902224000396834, "35": 0.9949767420272078, "36": 0.5926305836551508, "37": 0.4029925476379342, "38": 0.6260072594908512}