{"1": 0.4156538000308728, "3": 0.19128988212421014, "5": 0.3608117306080705, "6": 0.8012872641357992, "8": 0.7831581017980025, "10": 0.9462769360884645, "11": 0.9217586009312606, "12": 0.9865001752117635, "14": 0.7095904220235867, "15": 0.7276009216604347, "16": 0.4560741879612076, "18": 0.5691315698559964, "19": 0.6201240870642649, "20": 0.8317431362910681, "21": 0.6894578908915058, "24": 0.6141397590122395, "25": 0.6256387883332225, "26": 0.5786232597120047, "28": 0.8404461023348363, "29": 0.33747202092366535, "30": 0.5248459699491403, "32": 0.8415246958036542, "34": 0.9120506649817908, "35": 0.7518913759052046, "36": 0.9709483288034012, "37": 0.6811039799075618, "38": 0.6107107964282388, "39": 0.9949767420272078, "40": 0.5801428708850087, "42": 0.48113657271127597, "43": 0.4392295838320285, "44": 0.6260072594908512}