{"0": 0.41247311771951933, "2": 0.4214769469478127, "3": 0.5558901920474175, "4": 0.11859098474450522, "5": 0.5941437583531144, "7": 0.0882759782354223, "8": 0.6653534822950975, "9": 0.48113657271127597, "11": 0.7213380106152278, "12": 0.9476023808238805, "13": 0.6134898289396189, "14": 0.8658012086773752, "15": 0.7634150330236524, "16": 0.8016408203693159, "17": 0.6526061874683491, "18": 0.34012190477210724, "19": 0.8928144447523121, "20": 0.7425417598060612, "21": 0.5514547256137492, "22": 0.8809396244696035, "25": 0.5292378121730696, "26": 0.943959991281367, "27": 0.7075546733458378, "28": 0.6733559840239098, "29": 0.9217586009312606, "30": 0.9865001752117635, "32": 0.921999206994456, "33": 0.7320375535676165, "34": 0.901748777249892, "35": 0.8646846833957632, "37": 0.9093223456592029, "38": 0.8756754309304606, "39": 0.9053622125320325, "41": 0.8938772884269843, "42": 0.7784370931981168, "43": 0.26136390952185357, "44": 0.8720945545738419, "46": 0.7121731527892637, "47": 0.2898002580417728, "48": 0.2237304177344761, "49": 0.16671988941425248, "50": 0.8377884954101573, "51": 0.3539945585428872, "52": 0.36310239826691304, "55": 0.4897495397357674, "56": 0.5968611232684455, "57": 0.9711625608873772, "59": 0.8444621505000198, "60": 0.630336495326459, "61": 0.4183847681953678, "62": 0.6685812721607511, "63": 0.5045588321637767, "64": 0.9141130735845608, "66": 0.9983737266052923, "67": 0.8438756745070317, "68": 0.9315684879650371, "69": 0.7849634154001839, "70": 0.8937292646683588, "71": 0.660673913766087, "72": 0.7866875579257706, "73": 0.9709483288034012, "74": 0.5029728104268747, "76": 0.7051300887732297, "77": 0.7010120954522201, "78": 0.7637396974633953, "79": 0.7750054133812562, "80": 0.9949767420272078, "81": 0.639062295487238, "82": 0.5685866553822061, "83": 0.5674640482194409, "84": 0.3366835704077431, "85": 0.6260072594908512, "86": 0.981232131685918, "87": 0.7646757269224965, "88": 0.5754620937289252, "89": 0.8216912714609571, "90": 0.37540567929468754}