{"0": 0.8368711382590375, "1": 0.8094615901590485, "3": 0.5070349685340931, "5": 0.4410101347289469, "7": 0.8705389945550446, "12": 0.46622117318217277, "17": 0.9865001752117635, "18": 0.8546179968153367, "20": 0.5366014318842864, "21": 0.7439429505442813, "22": 0.6579901016546017, "24": 0.4976399736350654, "27": 0.8467420923913553, "28": 0.6727559876939295, "29": 0.42377081931980154, "32": 0.6635639285844128, "33": 0.7958051489209412, "34": 0.5441508032487349, "35": 0.3475973971162232, "37": 0.6852443605191594, "42": 0.9983737266052923, "43": 0.16840258928333157, "46": 0.896831814845234, "47": 0.7407872295122774, "48": 0.49721607917660116, "50": 0.49983958524075844, "53": 0.9949767420272078, "54": 0.4067921844192641, "55": 0.5303710638382683, "56": 0.6260072594908512, "59": 0.5876132646265073}