{"0": 0.36036585085271344, "1": 0.9988882682104072, "2": 0.9140329995531735, "3": 0.8830148201858203, "4": 0.9096911896636037, "5": 0.942923417458683, "6": 0.6350518813987663, "7": 0.48113657271127597, "8": 0.9097443498608652, "9": 0.8647325169518429, "10": 0.7312976493423636, "11": 0.6198570058454504, "12": 0.6335425290632055, "13": 0.9949767420272078, "14": 0.5090991786701287, "15": 0.9704814302099272, "16": 0.9217586009312606, "17": 0.9865001752117635, "18": 0.6446533843954694, "19": 0.9884989516004242, "20": 0.7561202494503998, "21": 0.1767561018272008, "22": 0.7993444339342476, "23": 0.5740001910906721, "24": 0.5111177106727012, "25": 0.7771337900484663, "26": 0.9988882682104072, "27": 0.9949767420272078, "28": 0.7979756133661735, "29": 0.8311229959955457, "30": 0.6904783999583003, "31": 0.9592332369017739, "32": 0.26771118942212735, "33": 0.903122849637854, "34": 0.36436121223066376, "35": 0.942923417458683, "36": 0.9750826465612488, "37": 0.4632862041364161, "38": 0.5328134556399828, "40": 0.8365170505443663, "41": 0.8421031499706284, "43": 0.9072409240804903, "44": 0.9949767420272078, "45": 0.8192778384406973, "46": 0.8794961698328488, "47": 0.9592332369017739, "48": 0.6526061874683491, "49": 0.7365398254287008, "50": 0.9983737266052923, "51": 0.9709483288034012, "52": 0.949197368722514, "59": 0.490581410842068, "61": 0.981232131685918, "62": 0.6137183794469678, "64": 0.9983737266052923, "66": 0.3072038754712934, "70": 0.9573363750671867, "71": 0.9983737266052923, "72": 0.7941893966993767, "73": 0.8549476145020383, "76": 0.9327349011946073, "77": 0.7360771803738557, "78": 0.8909116136667745, "81": 0.9988882682104072, "89": 0.9801948925335262, "92": 0.832860782860757, "93": 0.9687175705183642, "94": 0.6703785647893232, "96": 0.9129039455580766, "98": 0.9006714259588862, "99": 0.7833145592966051, "39": 0.7768227613746872, "42": 0.5161799548181741, "55": 0.8775265032524076, "56": 0.6631207873834795, "57": 0.9949767420272078, "58": 0.6480970951138354, "60": 0.6260072594908512, "63": -0.0475896289864841, "65": 0.9988882682104072, "69": 0.9687175705183642, "74": 0.9983737266052923, "79": 0.981232131685918, "83": 0.9687175705183642, "86": 0.942923417458683, "91": 0.523868503082112, "80": 0.9304763003992487, "82": 0.8794961698328488, "87": 0.8192778384406973, "88": 0.8720945545738419, "90": 0.8615112575471175, "97": 0.9801948925335262, "53": 0.40596064728753906, "54": 0.7648191923580527, "67": 0.981232131685918, "68": 0.953211483519156, "75": 0.9691939465332382, "84": 0.9449277469107293, "85": 0.8720945545738419, "95": 0.8720945545738419, "103": 0.8615112575471175, "108": 0.8830833783478265, "126": 0.9573363750671867, "138": 0.8830833783478265, "140": 0.9691939465332382, "141": 0.3885201854651707, "143": 0.9072409240804903, "146": 0.9096911896636037, "147": 0.8830833783478265, "148": 0.9830954797357201, "111": 0.9140329995531735, "112": 0.9687175705183642, "113": 0.9129039455580766, "114": 0.981232131685918, "128": 0.8720945545738419, "136": 0.9021221516449848, "139": 0.3885201854651707, "142": 0.8272030732920543, "102": 0.8188763159117212, "116": 0.9713595535558777, "119": 0.9801948925335262, "121": 0.832860782860757, "122": 0.523868503082112, "123": 0.6082976936329352, "124": 0.9687175705183642, "104": 0.9323752314045052, "107": 0.9949767420272078, "134": 0.9472676651898911, "100": 0.9988882682104072, "101": 0.733402937629024, "129": 0.8830833783478265, "130": 0.6082976936329352, "105": 0.981232131685918, "110": 0.9573363750671867, "118": 0.9884989516004242, "125": 0.6260927642888132, "144": 0.9884989516004242, "109": 0.8794961698328488, "127": 0.9129039455580766, "132": 0.8830833783478265, "115": 0.8615112575471175, "137": 0.6082976936329352, "106": 0.9713595535558777, "135": 0.9713595535558777, "120": 0.832860782860757, "131": 0.981232131685918, "117": -0.0475896289864841, "133": 0.9830954797357201, "145": 0.9335934621781633, "156": 0.8794961698328488, "163": 0.6938230769044524, "179": 0.9691939465332382, "184": 0.706311419275102, "186": 0.523868503082112, "178": 0.9335934621781633, "181": 0.6059903718554975, "182": 0.9636589083754621, "183": 0.8819107449582411, "193": 0.9403846533518059, "158": 0.7593201782472505, "165": 0.9713595535558777, "166": 0.9830954797357201, "168": 0.9830954797357201, "190": 0.8775265032524076, "196": 0.9830954797357201, "164": 0.9830954797357201, "169": 0.8737673884645086, "174": 0.9006714259588862, "185": 0.9140329995531735, "157": 0.8280814828306626, "173": 0.8794961698328488, "192": 0.8099293895919316, "151": 0.9777812587919528, "180": 0.9691939465332382, "159": 0.7365398254287008, "161": 0.5799811776941057, "162": 0.9713595535558777, "170": 0.7215565292961452, "172": 0.8043586781099643, "177": 0.9687175705183642, "187": 0.8997670280032732, "194": 0.6196188954656859, "198": 0.9988882682104072, "150": 0.9855536974533013, "188": 0.9304763003992487, "197": 0.9830954797357201, "153": 0.9687175705183642, "189": 0.9884989516004242, "195": 0.26825548030123403, "154": 0.8646846833957632, "191": 0.8333468763597427, "171": 0.9249524416875297, "212": 0.5090991786701287, "228": 0.8475814908605418, "230": 0.9217586009312606, "210": 0.9726470427282614, "246": 0.9140329995531735, "248": 0.9672145785527155, "202": 0.9140329995531735, "236": 0.9453520912576178, "206": 0.6221959113137245, "221": 0.851365899104036, "231": 0.9140329995531735, "232": 0.8737673884645086, "244": 0.48543551194910384, "224": 0.9830954797357201, "225": 0.9884989516004242, "241": 0.9691939465332382, "242": 0.8311229959955457, "226": 0.9750826465612488, "229": 0.8950225771487155, "249": 0.8978997239936704, "214": 0.9129039455580766, "220": 0.8830833783478265, "222": 0.7219928007212897, "209": 0.9493540059122985, "227": 0.9249524416875297, "200": 0.9713595535558777, "286": 0.8331087363663148, "282": 0.9586919378087284, "259": 0.9830954797357201, "252": 0.8569287472943754, "274": 0.8735298931423038, "279": 0.8682719484747381, "149": 0.8794961698328488, "294": -0.17113383438743482, "254": 0.9335934621781633, "264": 0.9644804896774047, "256": 0.5808446707006777, "261": 0.8164440519992329, "167": 0.1975043325266742, "155": 0.8830833783478265, "152": 0.5799811776941057, "312": 0.523868503082112, "314": 0.832860782860757, "160": 0.9140329995531735, "366": 0.9074336942928223, "176": 0.6215196101578111, "175": 0.7857678052424569, "199": 0.9140329995531735, "208": 0.9691939465332382, "218": 0.9061104814689838, "238": -0.18019987315208102, "205": 0.949197368722514, "213": 0.9884989516004242, "215": 0.9691939465332382, "216": 0.9327349011946073, "239": 0.8794961698328488, "240": 0.9140329995531735, "233": 0.5685866553822061, "243": 0.9691939465332382, "245": 0.9000543078507882, "203": 0.23032766890594292, "219": 0.953211483519156, "223": 0.36645510761163114, "247": 0.9072409240804903, "217": 0.9304763003992487, "237": 0.942699523539489, "201": 0.22713163900934336, "204": 0.9140329995531735, "211": 0.8794961698328488, "235": 0.8615112575471175, "207": 0.8615112575471175, "272": 0.9750826465612488, "293": 0.9453520912576178, "234": 0.7365398254287008, "251": 0.8272030732920543, "270": 0.9903820945691412, "289": 0.7878969237776184, "263": 0.9855536974533013, "269": 0.6481777048834356, "275": 0.6505046585807042, "280": 0.9140329995531735, "290": 0.3777130006322914, "292": 0.9093223456592029, "253": 0.9672145785527155, "257": 0.9485822131185805, "265": 0.9140329995531735, "271": 0.5090991786701287, "295": 0.4865376241939008, "262": 0.7878969237776184, "277": 0.9494744048089876, "296": 0.36806161337201504, "266": 0.7791147817526702, "267": 0.25507894495499195, "291": 0.9140329995531735, "250": 0.9029526996772712, "255": 0.6625051892583147, "288": 0.9750826465612488, "297": 0.6587164308825127, "258": 0.9830954797357201, "260": 0.6335425290632055, "273": 0.8280814828306626, "281": 0.9710685701243187, "285": 0.9061104814689838, "276": -0.2533528214200177, "299": 0.9140329995531735, "283": 0.643680320580785, "287": 0.9249524416875297, "284": -0.14932931480824793,