{"0": 0.36036585085271344, "3": 0.8830148201858203, "6": 0.6350518813987663, "7": 0.48113657271127597, "10": 0.7312976493423636, "11": 0.6198570058454504, "15": 0.9704814302099272, "16": 0.9217586009312606, "17": 0.9865001752117635, "18": 0.6446533843954694, "20": 0.7561202494503998, "22": 0.7993444339342476, "24": 0.5111177106727012, "28": 0.7979756133661735, "30": 0.6904783999583003, "32": 0.26771118942212735, "33": 0.903122849637854, "34": 0.36436121223066376, "37": 0.4632862041364161, "38": 0.5328134556399828, "39": 0.7768227613746872, "41": 0.8421031499706284, "42": 0.5161799548181741, "51": 0.9709483288034012, "53": 0.40596064728753906, "54": 0.7648191923580527, "56": 0.6631207873834795, "57": 0.9949767420272078, "58": 0.6480970951138354, "59": 0.490581410842068, "60": 0.6260072594908512, "61": 0.981232131685918}