{"0": 0.881460309655468, "1": 0.7022724845474018, "2": 0.5461479109118621, "3": 0.587726325491905, "4": 0.37540567929468754, "5": 0.41247311771951933, "6": 0.9053622125320325, "7": 0.27361805570435394, "8": 0.5292378121730696, "9": 0.3778574483795422, "10": 0.3641110015527814, "11": 0.1043495971483766, "12": 0.19636038889005966, "13": 0.557010402473584, "14": 0.8642616605705435, "15": 0.7637396974633953, "16": 0.7646757269224965, "17": 0.7923975123858403, "18": 0.29830921354618783, "19": 0.7750054133812562, "20": 0.6821030813261982, "21": 0.5513144173319915, "22": 0.6258554352216742, "23": 0.8755225610321277, "24": 0.4183847681953678, "25": 0.660673913766087, "26": 0.0882759782354223, "27": 0.5968611232684455, "28": 0.7634150330236524, "29": 0.7849634154001839, "30": 0.8475814908605418, "31": 0.7425417598060612, "32": 0.6013506347590544, "33": 0.943959991281367, "34": 0.5198685220641122, "35": 0.16671988941425248, "36": 0.8928144447523121, "37": 0.3366835704077431, "38": 0.40489536255844116, "40": 0.9711625608873772, "41": 0.6196188954656859, "43": 0.7075546733458378, "44": -0.2810040922799176, "45": 0.26136390952185357, "46": 0.8178413482602938, "47": 0.8646846833957632, "48": 0.23032766890594292, "49": 0.9949767420272078, "50": 0.8216912714609571, "51": 0.8333468763597425, "52": 0.9093223456592029, "59": 0.8016408203693159, "61": 0.9114128703941509, "62": 0.6526061874683491, "64": 0.6685812721607511, "66": 0.5247123185998133, "70": 0.5685866553822061, "71": 0.6260072594908512, "72": 0.9983737266052923, "73": 0.799615023321244, "76": 0.5968611232684455, "77": 0.8331087363663148, "78": 0.6491935015945167, "81": 0.6733213007476928, "89": 0.9093223456592029, "92": 0.684961249623832, "93": 0.8756754309304606, "94": 0.8809396244696035, "96": 0.9700371969819471, "98": 0.6733559840239098, "99": 0.49823951007937656, "39": 0.46912644829314326, "42": -0.03156587147432149, "55": 0.9141130735845608, "56": 0.691751106621022, "57": 0.16671988941425248, "58": 0.48113657271127597, "60": 0.921999206994456, "63": 0.9217586009312606, "65": 0.8311229959955457, "69": 0.8720945545738419, "74": 0.34384838052099814, "79": 0.8444621505000198, "83": 0.9021221516449848, "86": 0.8128551965592921, "91": 0.9335934621781633, "80": 0.8444621505000198, "82": 0.684961249623832, "87": 0.6733213007476928, "88": 0.799615023321244, "90": 0.721825734073164, "97": 0.9700371969819471, "53": 0.9865001752117635, "54": 0.9315684879650371, "67": 0.901748777249892, "68": 0.8937292646683588, "75": 0.8126874765373676, "84": 0.981232131685918, "85": 0.8192778384406973, "95": 0.9472676651898911}