{"0": 0.6926877589018903, "1": 0.5841664775056605, "2": 0.6029051262528848, "3": 0.6639376929679248, "4": 0.29790089038933165, "5": 0.6423441134930759, "6": 0.48243062240853535, "7": 0.5698799744820637, "8": 0.6855723602362239, "9": 0.4353118076309709, "10": 0.34184263479815025}