{"0": 0.9204330867250647, "1": 0.7782912029730289, "2": 0.757604564146452, "3": 0.8642743915411626, "4": -0.03156587147432149, "5": 0.5120501550986825, "6": 0.8029890641979753, "7": 0.7937358642281429, "8": 0.5550045090805424, "9": 0.8463778409804674, "10": 0.8809396244696035, "11": 0.9476023808238805, "12": 0.9093223456592029, "13": 0.9141130735845608, "14": 0.8929080542408647, "15": 0.9765485267282645, "16": 0.837005164183327, "17": 0.922705653532762, "18": 0.5894869790125996, "19": 0.9074541861500449, "20": 0.9021221516449848, "21": 0.7466890867450248, "22": 0.8756754309304606, "23": 0.9700371969819471, "24": 0.39467583264028283, "25": 0.9477068043036703, "26": 0.9771451713702621, "27": 0.3853391078878501, "28": 0.8655817455287372, "29": 0.3704862501212974, "30": 0.6221959113137245, "31": 0.33447235262622044, "32": 0.8235304974469049, "33": 0.901748777249892, "34": 0.8720945545738419, "35": 0.967905757640733, "36": 0.43630621520808116, "37": 0.7010120954522201, "38": 0.9096911896636037, "40": 0.9090796779337953, "41": 0.8366841729045951, "43": 0.8272030732920543, "44": 0.9129039455580766, "45": 0.9335934621781633, "46": 0.941544463957757, "47": 0.8601391183990965, "48": 0.3431187303073333, "49": 0.9710685701243187, "50": 0.9335934621781633, "51": 0.8333468763597425, "52": 0.34798782986239263, "59": 0.8912663949925073, "61": 0.978789337755493, "62": 0.9777812587919528, "64": 0.609225864488296, "66": 0.9472676651898911, "70": 0.9072409240804903, "71": 0.6073028217056597, "72": 0.9983737266052923, "73": 0.609225864488296, "76": -0.0475896289864841, "77": 0.9140329995531735, "78": 0.1975043325266742, "81": 0.9687175705183642, "89": 0.9884989516004242, "92": 0.9006714259588862, "93": 0.609225864488296, "94": 0.9212696731928448, "96": 0.9592332369017739, "98": 0.9140329995531735, "99": 0.9830954797357201, "39": 0.6061367038825813, "42": 0.8128551965592921, "55": 0.6284436739232024, "56": 0.8188773417294917, "57": 0.832860782860757, "58": 0.9249524416875297, "60": 0.9477068043036703, "63": 0.1416938655417028, "65": 0.9488360901438864, "69": 0.7403430007381616, "74": 0.2011426332164294, "79": 0.9432447077790973, "83": 0.981232131685918, "86": 0.5808446707006777, "91": 0.9830954797357201, "80": 0.9983737266052923, "82": 0.942923417458683, "87": 0.9983737266052923, "88": 0.9304763003992487, "90": 0.8794961698328488, "97": 0.9140329995531735, "53": 0.6413911019625415, "54": 0.14449678458109552, "67": 0.1975043325266742, "68": 0.8830833783478265, "75": 0.8188763159117212, "84": 0.981232131685918, "85": 0.8192778384406973, "95": 0.8261204300060645, "103": 0.8070834178164799, "108": 0.832860782860757, "126": -0.27496486801528375, "138": 0.9884989516004242, "140": 0.9072721105355721, "141": 0.4375200121653842, "143": 0.9865001752117635, "146": 0.9949767420272078, "147": 0.9329405209770878, "148": 0.981232131685918, "111": 0.7116043175588809, "112": 0.9006714259588862, "113": 0.9006714259588862, "114": 0.26941044593599295, "128": 0.9713595535558777, "136": 0.9884989516004242, "139": 0.6082976936329352, "142": 0.7391722071175117, "102": 0.9687175705183642, "116": 0.614315707939549, "119": 0.6082976936329352, "121": 0.5808446707006777, "122": 0.8333468763597425, "123": 0.4375200121653842, "124": 0.9006714259588862, "104": 0.8711994502463034, "107": 0.9865001752117635, "134": 0.7419184683448392, "100": 0.9949767420272078, "101": 0.9988882682104072, "129": 0.7328887417864776, "130": 0.967905757640733, "105": 0.6061367038825813, "110": 0.7451525819373325, "118": 0.8188763159117212, "125": 0.9983737266052923, "144": 0.9687175705183642, "109": 0.6082976936329352, "127": 0.9988882682104072, "132": 0.8311229959955457, "115": 0.8188763159117212, "137": 0.8794961698328488, "106": 0.8720945545738419, "135": 0.9865001752117635, "120": 0.7193369430604821, "131": -0.27496486801528375, "117": 0.9691939465332382, "133": 0.7328887417864776, "145": 0.9983737266052923, "156": -0.2927296876967831, "163": 0.9983737266052923, "179": 0.8192778384406973, "184": 0.8213445434803914, "186": 0.757604564146452, "178": 0.9988882682104072, "181": 0.8213445434803914, "182": 0.9884989516004242, "183": 0.9865001752117635, "193": 0.8983851212872435, "158": 0.897738363336651, "165": 0.8688965644538921, "166": 0.8830833783478265, "168": 0.9316966264562736, "190": 0.8533643694982009, "196": 0.9140329995531735, "164": 0.9865001752117635, "169": 0.6061367038825813, "174": 0.9988882682104072, "185": 0.6284436739232024, "157": 0.5606333133258026, "173": 0.8946708982650449, "192": 0.9472676651898911, "151": 0.8809389516283095, "180": 0.890637701754797, "159": 0.9949767420272078, "161": 0.8688965644538921, "162": 0.6494747637317144, "170": 0.7010120954522201, "172": 0.5727355528053012, "177": 0.9709483288034012, "187": 0.9335934621781633, "194": 0.8446352867590317, "198": 0.9687175705183642, "150": 0.7466890867450248, "188": 0.9672702438730358, "197": 0.9983737266052923, "153": 0.9949767420272078, "189": 0.23032766890594292, "195": 0.9472676651898911, "154": 0.8463778409804674, "191": 0.9140329995531735, "171": 0.6082976936329352, "212": 0.9865001752117635, "228": 0.8537946221448134, "230": 0.2198279891278654, "210": 0.8980219409923789, "246": 0.8720945545738419, "248": 0.8978551441977376, "202": 0.9091726585479631, "236": 0.614315707939549, "206": 0.7955272601359307, "221": 0.9949767420272078, "231": 0.9667771893756375, "232": 0.14449678458109552, "244": 0.5830765794498906, "224": 0.9477068043036703, "225": 0.9006714259588862, "241": 0.9865001752117635, "242": 0.7002029063388291, "226": 0.9090796779337953, "229": 0.7818255438676718, "249": 0.8311229959955457, "214": 0.8720945545738419, "220": 0.9129039455580766, "222": 0.9988882682104072, "209": 0.9901079757944491, "227": 0.9713595535558777, "200": 0.9901079757944491, "286": 0.9013207959089523, "282": 0.7955272601359307, "259": 0.9006714259588862, "252": 0.8311229959955457, "274": 0.8794961698328488, "279": 0.8311229959955457, "149": 0.4100431994763632, "294": 0.8794961698328488, "254": 0.6526061874683491, "264": 0.9667486322023373}