{"0": 0.16777426508286658, "1": 0.5031474580005098, "2": 0.1355216277565304, "3": 0.6993426582284945, "4": 0.4280970550129223, "5": 0.8097623224931205, "6": 0.31974163284429963, "7": 0.8022328717453986, "8": 0.8249107609672599, "9": 0.6404103162567272, "10": 0.7501569983752492}