{"0": 0.1140441259606046, "1": 0.3575825917896049, "2": 0.7116043175588809, "3": 0.8964966694114829, "4": 0.980133147923703, "5": 0.6645511274365897, "6": 0.8169828532336345, "7": 0.9710685701243187, "8": 0.8259214369404496, "9": 0.45774349899472455, "10": 0.5980084337551699, "11": 0.5358827365043197, "12": 0.6427366583001348, "13": 0.3762521354765092, "14": 0.9432447077790973, "15": 0.17701882824091913, "16": 0.7669301099235952, "17": 0.9711625608873772, "18": 0.8715030775120034, "19": 0.9901079757944491, "20": 0.6853504200854672, "21": 0.28683413918507206, "22": 0.9771451713702621, "23": 0.6065878471733628, "24": 0.8316076253923786, "25": -0.3744739590017734, "26": 0.8889214944185417, "27": 0.7016430386802859, "28": 0.6815660531926984, "29": 0.9180753773976005, "30": 0.2509905064061316, "31": 0.9252433584349254, "32": 0.8720977720763801, "33": 0.9141130735845608, "34": 0.9140329995531735, "35": 0.9006714259588862, "36": 0.8756754309304606, "37": 0.8688965644538921, "38": 0.5139108062519728, "40": 0.9204330867250647, "41": 0.8261204300060645, "43": 0.9865001752117635, "44": 0.5929463479178985, "45": 0.6016547272205249, "46": 0.7782912029730289, "47": 0.9983737266052923, "48": 0.9335934621781633, "49": 0.6832849641513881, "50": 0.7782912029730289, "51": 0.9949767420272078, "52": 0.8387381211929597, "59": 0.9548140641345824, "61": 0.792699613768703, "62": 0.7336565076444184, "64": 0.978789337755493, "66": 0.7419184683448392, "70": 0.7749655531092492, "71": 0.9006714259588862, "72": 0.8316076253923786, "73": 0.619830398968277, "76": 0.9687175705183642, "77": 0.9013207959089523, "78": 0.8756754309304606, "81": 0.9755342154974929, "89": 0.9090796779337953, "92": 0.8805558672433613, "93": 0.9181169426857589, "94": 0.981232131685918, "96": 0.7234695324764673, "98": 0.8311229959955457, "99": 0.8720945545738419, "39": 0.7466890867450248, "42": 0.733402937629024, "55": 0.832860782860757, "56": 0.9217586009312606, "57": 0.9477068043036703, "58": 0.7451525819373325, "60": 0.8479058592127356, "63": 0.9472676651898911, "65": 0.684961249623832, "69": 0.7001923597703745, "74": 0.757604564146452, "79": 0.9316966264562736, "83": 0.981232131685918, "86": 0.7010120954522201, "91": 0.6082976936329352, "80": 0.9316966264562736, "82": 0.9771451713702621, "87": 0.7288769931091931, "88": 0.9304763003992487, "90": 0.14449678458109552, "97": 0.9765485267282645, "53": 0.1975043325266742, "68": 0.9642811283825925, "84": 0.1998297511318301, "85": 0.9983737266052923, "75": 0.967905757640733, "54": 0.5358827365043197, "67": 0.8711994502463034, "95": 0.8720977720763801, "103": 0.8316076253923786, "108": 0.8386443644739268, "126": 0.2509905064061316, "138": 0.9432447077790973, "140": 0.9949767420272078, "141": 0.981232131685918, "143": 0.9472676651898911, "146": 0.8720945545738419, "147": 0.9713595535558777, "148": 0.8756754309304606, "111": 0.7116043175588809, "112": 0.9006714259588862, "113": 0.7818255438676718, "114": 0.358031518049137, "128": 0.9006714259588862, "136": 0.9687175705183642, "139": 0.6082976936329352, "142": 0.832860782860757, "102": 0.9091726585479631, "116": 0.614315707939549, "119": 0.981232131685918, "121": 0.831315809318495, "122": 0.9016627608838315, "123": 0.4375200121653842, "124": 0.8311798646017152, "104": 0.733402937629024, "107": 0.9217455898854673, "134": 0.7419184683448392, "100": 0.8366841729045951, "101": 0.9988882682104072, "129": 0.9006714259588862, "130": 0.967905757640733, "105": 0.8366841729045951, "110": 0.9477068043036703, "118": 0.8830833783478265, "125": 0.38746020307642964, "144": 0.9949767420272078, "109": 0.9825033311030087, "127": 0.9472676651898911, "132": 0.6526061874683491, "115": 0.5730475298205275, "137": 0.9324646889865593, "106": 0.978789337755493, "135": 0.9449277469107293, "120": 0.1975043325266742, "131": 0.832860782860757, "117": 0.9691939465332382, "133": 0.9129039455580766, "145": 0.9983737266052923, "156": 0.5808446707006777, "163": 0.9983737266052923, "179": 0.8192778384406973, "184": 0.5808446707006777, "186": 0.8213445434803914, "178": 0.733402937629024, "181": 0.8213445434803914, "182": 0.8366841729045951, "183": 0.9865001752117635, "193": 0.6272050181110387, "158": 0.38289412569515124, "165": 0.8688965644538921, "166": 0.8830833783478265, "168": 0.9316966264562736, "190": 0.8533643694982009, "196": 0.9140329995531735, "164": 0.9865001752117635, "169": 0.9316966264562736, "174": 0.9988882682104072, "185": 0.8711994502463034, "157": 0.5606333133258026, "173": 0.6821030813261982, "192": 0.9335934621781633, "151": 0.8809389516283095, "180": 0.7451525819373325, "159": 0.9949767420272078, "161": 0.8688965644538921, "162": 0.6494747637317144, "170": 0.7010120954522201, "172": 0.8070834178164799, "177": 0.9709483288034012, "187": 0.9335934621781633, "194": -0.1634122768290731, "198": 0.9687175705183642, "150": 0.9488360901438864, "188": 0.9672702438730358, "197": 0.9983737266052923, "153": 0.9949767420272078, "189": 0.8366841729045951, "195": 0.9140329995531735, "154": 0.8463778409804674, "191": 0.9140329995531735, "171": 0.981232131685918, "212": 0.9865001752117635, "228": 0.8537946221448134, "230": 0.14449678458109552, "210": 0.8980219409923789, "246": 0.8720945545738419, "248": 0.8978551441977376, "202": 0.8311229959955457, "236": 0.614315707939549, "206": 0.7955272601359307, "221": 0.9949767420272078, "231": 0.9667771893756375, "232": 0.14449678458109552, "244": 0.5808446707006777, "224": 0.9477068043036703, "225": 0.9006714259588862, "241": 0.9865001752117635, "242": 0.6221959113137245, "226": 0.9090796779337953, "229": 0.7818255438676718, "249": 0.8311229959955457, "214": 0.8720945545738419}