{"0": 0.32467167559080123, "1": 0.5761215730898731, "2": 0.6569269632377233, "3": 0.19636038889005966, "4": 0.7496293598194063, "5": 0.736569972007167, "6": 0.8976058608558702, "7": 0.8813757932458062, "8": 0.6929517111605159, "9": 0.865656010184517, "10": 0.7587933766587492, "11": 0.9053622125320325, "12": 0.7637396974633953, "13": 0.0882759782354223, "14": 0.5195850373691462, "15": 0.5513144173319915, "16": 0.12178833900958064, "17": 0.9217586009312606, "18": 0.8642616605705435, "19": 0.8684827535567756, "20": 0.6402017302044994, "21": 0.7389296594229778, "22": 0.5036049489901049, "23": 0.26136390952185357, "24": 0.8475814908605418, "25": 0.6260072594908512, "26": 0.691751106621022, "27": 0.5968611232684455, "28": 0.8928144447523121, "29": 0.5292378121730696, "30": 0.6491935015945167, "31": 0.27361805570435394, "32": 0.09323321998798931, "33": 0.4183847681953678, "34": 0.8016408203693159, "35": 0.8311229959955457, "36": 0.981232131685918, "37": 0.767120613631048, "38": 0.6013506347590544, "40": 0.5198685220641122, "41": 0.8192778384406973, "43": 0.6733213007476928, "44": 0.8126874765373676, "45": 0.943959991281367, "46": 0.31322929846605074, "47": 0.7646757269224965, "48": 0.6258554352216742, "49": 0.6526061874683491, "50": 0.8646846833957632, "51": 0.9865001752117635, "52": 0.8333468763597425, "59": 0.16671988941425248, "61": 0.9315684879650371, "62": 0.7075546733458378, "64": 0.7634150330236524, "66": 0.4637226310989762, "70": 0.9141130735845608, "71": 0.9865001752117635, "72": 0.9983737266052923, "73": 0.9021221516449848, "76": 0.7849634154001839, "77": 0.9021221516449848, "78": 0.9093223456592029, "81": 0.6258554352216742, "89": 0.8128551965592921, "92": 0.8720945545738419, "93": 0.9949767420272078, "94": 0.7923975123858403, "96": 0.684961249623832, "98": 0.6082976936329352, "99": 0.9713595535558777, "39": 0.32893364296232114, "42": 0.9709483288034012, "55": 0.6685812721607511, "56": -0.0947404194997906, "57": 0.8809396244696035, "58": 0.921999206994456, "60": 0.9093223456592029, "63": 0.6526061874683491, "65": 0.8333468763597425, "69": 0.8216912714609571, "74": 0.9949767420272078, "79": 0.48113657271127597, "83": 0.9021221516449848, "86": 0.9335934621781633, "91": 0.901748777249892, "80": 0.7425417598060612, "82": 0.757604564146452, "87": 0.9711625608873772, "88": 0.9476023808238805, "90": 0.9472676651898911, "97": 0.9687175705183642, "53": 0.9141130735845608, "54": 0.8444621505000198, "67": 0.5685866553822061, "68": 0.2667876912297211, "75": 0.5247123185998133, "84": 0.981232131685918, "85": 0.8937292646683588, "95": 0.8655817455287372}