{"0": 0.5869471407129316, "1": -0.0008507932506100031, "2": 0.7013672886324566, "3": 0.415821352802326, "4": 0.5350491548513554, "5": 0.5029594233678897, "6": 0.7039219706045199, "7": 0.8888386389038594, "8": 0.5257199958984917, "9": 0.09323321998798931, "10": 0.6678093024213296, "11": 0.6649430807089585, "12": 0.8933170195176424, "13": 0.585586251779141, "14": 0.5891352739089024, "15": 0.8273264199495172, "16": 0.34283285956111265, "17": 0.8278479298912622, "18": 0.9204156585932881, "19": 0.37157387317054413, "20": 0.7928594239454771, "21": 0.4046155761235105, "22": 0.5876065589830353, "23": 0.4319725941831978, "24": 0.6536207273322064, "25": 0.1615134424269641, "26": 0.20719309844180892, "27": 0.9217586009312606, "28": 0.9539519567428785, "29": 0.7107160818723499, "30": 0.921999206994456, "31": 0.48113657271127597, "32": 0.6426657857727531, "33": 0.3067445956070036, "34": 0.5633031318154388, "35": 0.5685866553822061, "36": 0.655660942174523, "37": 0.4994282483210213, "38": 0.980133147923703, "40": 0.6487520872752499, "41": 0.8124465791272606, "43": 0.6111025323527008, "44": 0.8132803932024162, "45": 0.34967456334810976, "46": 0.5063403186206561, "47": 0.6284964527875891, "48": 0.4123102036343764, "49": 0.9252433584349254, "50": 0.921999206994456, "51": 0.6119400401053049, "52": 0.8411286739195638, "59": 0.9217586009312606, "61": 0.9865001752117635, "62": 0.7363235205463128, "64": 0.7299996530867721, "66": 0.7156138944122838, "70": 0.9031449790666332, "71": 0.9709483288034012, "72": 0.832860782860757, "73": 0.943959991281367, "76": 0.9114128703941509, "77": 0.8979572713815254, "78": 0.684961249623832, "81": 0.9865001752117635, "89": 0.7304595244341628, "92": 0.4562633568800467, "93": 0.6397620421540968, "94": 0.9252433584349254, "96": 0.6260072594908512, "98": 0.8310753650371385, "99": 0.9949767420272078, "39": 0.9227641550709345, "42": 0.9983737266052923, "55": 0.6830788192248078, "56": 0.5195850373691461, "57": 0.9672364309982049, "58": 0.9711625608873772, "60": 0.8953599538075763, "63": 0.9983737266052923, "65": 0.1864354156823636, "69": 0.9711625608873772, "74": 0.8366841729045951, "79": 0.7075546733458378, "83": 0.34384838052099814, "86": 0.9949767420272078, "91": 0.48113657271127597, "80": 0.43116746174336557, "82": 0.6258554633767097, "87": 0.8756754309304606, "88": 0.8685189063681069, "90": 0.9196762676827337, "97": 0.6358889267915722, "53": 0.7873897911526725, "54": 0.4154512915887426, "67": 0.8928144447523121, "68": 0.9217586009312606, "75": 0.8216912714609571, "84": 0.9949767420272078, "85": 0.9983737266052923}