{"0": 0.9642811283825925, "1": 0.48652483919001444, "2": 0.8394074838025692, "3": 0.831353635284674, "4": 0.6450819217451216, "5": 0.8128551965592921, "6": 0.000722957805710489, "7": 0.2766104727276304, "8": 0.48113657271127597, "9": 0.13069255931921245, "10": 0.8727104168106703, "11": 0.146496758185714, "12": -0.03156587147432149, "13": 0.8458853891381444, "14": 0.5980084337551699, "15": 0.23032766890594292, "16": 0.5905357269786584, "17": 0.9217586009312606, "18": 0.8031888154399565, "19": 0.9096911896636037, "20": 0.6487520872752499, "21": 0.9180753773976005, "22": 0.901557766682243, "23": 0.8893648405821538, "24": 0.839959919104204, "25": 0.9700371969819471, "26": 0.8655817455287372, "27": 0.6196188954656859, "28": 0.6236955654053149, "29": 0.9710685701243187, "30": 0.8615555957814991, "31": 0.42569657473590466, "32": 0.9476023808238805, "33": 0.9093223456592029, "34": 0.47375041638672777, "35": 0.9204330867250647, "36": 0.9983737266052923, "37": 0.8292426892435174, "38": 0.9021221516449848, "40": 0.901748777249892, "41": 0.981232131685918, "43": 0.6082976936329352, "44": 0.6010709993751915, "45": 0.9771451713702621, "46": 0.9477068043036703, "47": 0.684961249623832, "48": 0.1416938655417028, "49": 0.9432447077790973, "50": 0.9687175705183642, "51": 0.7684849226889559, "52": 0.8688965644538921, "59": 0.8634972012844142, "61": 0.8809396244696035, "62": 0.7466890867450248, "64": 0.28563333160425863, "66": 0.8311229959955457, "70": 0.9711625608873772, "71": 0.6526061874683491, "72": 0.48607992823877844, "73": 0.9713595535558777, "76": 0.832860782860757, "77": 0.9141130735845608, "78": 0.8292426892435174, "81": 0.000722957805710489, "89": 0.7449588556572684, "92": 0.9006714259588862, "93": 0.8688965644538921, "94": 0.9472676651898911, "96": 0.9140329995531735, "98": 0.8720945545738419, "99": 0.3481767917250045, "39": 0.14449678458109552, "42": 0.7437328602714011, "55": 0.841121674857908, "56": 0.8192778384406973, "57": 0.8601391183990965, "58": 0.8697134878509117, "60": 0.6058103655050147, "63": 0.34798782986239263, "65": 0.6821030813261982, "69": 0.8727754159158532, "74": 0.9949767420272078, "79": 0.978789337755493, "83": 0.8311229959955457, "86": 0.9865001752117635, "91": 0.978789337755493, "80": 0.757604564146452, "82": 0.7684849226889559, "87": 0.6082976936329352, "88": 0.9949767420272078, "90": 0.981232131685918, "97": 0.5894869790125996, "53": 0.9777812587919528, "54": 0.901748777249892, "67": 0.9013207959089523, "68": 0.7116043175588809, "75": 0.7193369430604821, "84": 0.8615555957814991, "85": 0.922705653532762, "95": 0.7010120954522201, "103": 0.9488360901438864, "108": 0.9488360901438864, "126": 0.2509905064061316, "138": 0.757604564146452, "140": 0.8333468763597425, "141": 0.8720945545738419, "143": 0.1975043325266742, "146": 0.8546179968153367, "147": 0.5894869790125996, "148": 0.5358827365043197, "111": 0.7466890867450248, "112": 0.9335934621781633, "113": 0.9335934621781633, "114": 0.9309065637866576, "128": 0.980133147923703, "136": 0.9687175705183642, "139": 0.6082976936329352, "142": 0.832860782860757, "102": 0.8697134878509117, "116": 0.832860782860757, "119": 0.7419184683448392, "121": 0.9488360901438864, "122": 0.8655817455287372, "123": 0.6221959113137245, "124": 0.8990338733006693, "104": 0.8756754309304606, "107": 0.9865001752117635, "134": 0.7419184683448392, "100": 0.9949767420272078, "101": 0.9988882682104072, "129": 0.8261204300060645, "130": 0.8463778409804674, "105": 0.8756754309304606, "110": 0.8366841729045951, "118": 0.9713595535558777, "125": 0.38746020307642964, "144": 0.9865001752117635, "109": 0.14449678458109552, "127": 0.9472676651898911, "132": 0.7782912029730289, "115": 0.5730475298205275, "137": 0.9324646889865593, "106": 0.9477068043036703, "135": 0.5120501550986825, "120": 0.8949211271494089, "131": 0.832860782860757, "117": 0.8601391183990965, "133": 0.9335934621781633, "145": 0.9983737266052923, "156": 0.9129039455580766, "163": 0.9983737266052923, "179": 0.8192778384406973, "184": 0.5808446707006777, "186": 0.8720945545738419, "178": 0.9988882682104072, "181": 0.8213445434803914, "182": 0.8366841729045951, "183": 0.9865001752117635, "193": 0.6272050181110387, "158": 0.38289412569515124, "165": 0.8688965644538921, "166": 0.8830833783478265, "168": 0.9316966264562736, "190": 0.8533643694982009, "196": 0.9140329995531735, "164": 0.9865001752117635, "169": 0.981232131685918, "174": 0.9988882682104072, "185": 0.8366841729045951, "157": 0.5606333133258026, "173": 0.8946708982650449, "192": 0.9472676651898911, "151": 0.8809389516283095, "180": 0.9771451713702621, "159": 0.9949767420272078, "161": 0.8688965644538921, "162": 0.6494747637317144, "170": 0.7010120954522201, "172": 0.8366841729045951, "177": 0.9709483288034012, "187": 0.9335934621781633, "194": 0.1975043325266742, "198": 0.8720945545738419, "150": 0.47375041638672777, "188": 0.9672702438730358, "197": 0.9983737266052923, "153": 0.9949767420272078, "189": 0.23032766890594292, "195": 0.9472676651898911, "154": 0.8463778409804674, "191": 0.9140329995531735, "171": 0.6082976936329352, "212": 0.9865001752117635, "228": 0.8830833783478265, "230": 0.9687175705183642, "210": 0.8980219409923789, "246": 0.8720945545738419, "248": 0.9335934621781633, "202": 0.8311229959955457, "236": 0.8601391183990965, "206": 0.7955272601359307, "221": 0.9949767420272078, "231": 0.9667771893756375, "232": 0.14449678458109552, "244": 0.5808446707006777, "224": 0.9477068043036703, "225": 0.9006714259588862, "241": 0.9865001752117635, "242": 0.7002029063388291, "226": 0.8311229959955457, "229": 0.7818255438676718, "249": 0.8311229959955457, "214": 0.8720945545738419, "220": 0.9949767420272078, "222": 0.9988882682104072, "209": 0.9901079757944491, "227": 0.9713595535558777, "200": 0.9901079757944491}