{"0": 0.9217586009312606, "1": 0.8394074838025692, "2": -0.03156587147432149, "3": 0.9097043845728758, "4": 0.48652483919001444, "5": 0.6685812721607511, "6": 0.8314000659599659, "7": 0.6487520872752499, "8": 0.9700371969819471, "9": 0.40935448314745815, "10": 0.8727104168106703, "11": -0.1752464829013728, "12": 0.8534409175952754, "13": 0.9476023808238805, "14": 0.9021221516449848, "15": 0.4019092004887582, "16": 0.7437328602714011, "17": 0.7782912029730289, "18": 0.831353635284674, "19": 0.4489129048824567, "20": 0.1416938655417028, "21": 0.7397711122758679, "22": 0.6013506347590544, "23": 0.4564190283463607, "24": 0.48113657271127597, "25": 0.6196188954656859, "26": 0.8809396244696035, "27": 0.47375041638672777, "28": 0.839959919104204, "29": 0.5980084337551699, "30": 0.9771451713702621, "31": 0.9204330867250647, "32": 0.9573146345238671, "33": 0.9141130735845608, "34": 0.980133147923703, "35": 0.841121674857908, "36": 0.7466890867450248, "37": 0.9488360901438864, "38": 0.9055122579192303, "40": 0.9180753773976005, "41": 0.8366841729045951, "43": 0.8697134878509117, "44": 0.6236955654053149, "45": 0.901748777249892, "46": 0.24629622076075364, "47": 0.9181169426857589, "48": 0.9096911896636037, "49": 0.684961249623832, "50": 0.9114128703941509, "51": 0.6821030813261982, "52": 0.23032766890594292, "59": 0.8271072745261993, "61": 0.7419184683448392, "62": 0.7466890867450248, "64": 0.9711625608873772, "66": 0.8311229959955457, "70": 0.9141130735845608, "71": 0.7449588556572684, "72": 0.8311229959955457, "73": 0.9777812587919528, "76": 0.48607992823877844, "77": 0.8463778409804674, "78": 0.9983737266052923, "81": 0.000722957805710489, "89": 0.40935448314745815, "92": 0.9140329995531735, "93": 0.9949767420272078, "94": 0.832860782860757, "96": 0.684961249623832, "98": 0.8756754309304606, "99": 0.9713595535558777, "39": 0.8292426892435174, "42": 0.7193369430604821, "55": 0.6526061874683491, "56": 0.8737673884645086, "57": 0.6236955654053149, "58": 0.5894869790125996, "60": 0.8688965644538921, "63": 0.5120501550986825, "65": 0.5905357269786584, "69": 0.9456500726951311, "74": 0.9949767420272078, "79": 0.978789337755493, "83": 0.8192778384406973, "86": 0.9335934621781633, "91": 0.901748777249892, "80": 0.7116043175588809, "82": 0.7684849226889559, "87": 0.6082976936329352, "88": 0.9777812587919528, "90": 0.9472676651898911, "97": 0.8366841729045951, "53": 0.8720945545738419, "68": 0.9013207959089523, "84": 0.9340071081722181, "85": 0.981232131685918, "75": 0.8192778384406973, "54": 0.9432447077790973, "67": 0.8333468763597425, "95": 0.8655817455287372, "103": 0.9865001752117635, "108": 0.9488360901438864, "126": 0.2509905064061316, "138": 0.757604564146452, "140": 0.7116043175588809, "141": 0.981232131685918, "143": 0.9472676651898911, "146": 0.8546179968153367, "147": 0.5894869790125996, "148": 0.5358827365043197, "111": 0.7010120954522201, "112": 0.9335934621781633, "113": 0.5283044122876839, "114": 0.3615041464724502, "128": 0.8655817455287372, "136": 0.9687175705183642, "139": 0.6082976936329352, "142": 0.832860782860757, "102": 0.7669301099235952, "116": 0.7010120954522201, "119": 0.7419184683448392, "121": 0.9129039455580766, "122": 0.8333468763597425, "123": 0.9865001752117635, "124": 0.8990338733006693, "104": 0.2766104727276304, "107": 0.8756754309304606, "134": 0.7419184683448392, "100": 0.9949767420272078, "101": 0.9988882682104072, "129": 0.9006714259588862, "130": 0.9687175705183642, "105": 0.8756754309304606, "110": 0.8366841729045951, "118": 0.9988882682104072, "125": 0.38746020307642964, "144": 0.9865001752117635, "109": 0.6082976936329352, "127": 0.1975043325266742, "132": 0.6526061874683491, "115": 0.5730475298205275, "137": 0.9324646889865593, "106": 0.9477068043036703, "135": 0.9865001752117635, "120": 0.8912663949925073, "131": 0.832860782860757, "117": 0.14449678458109552, "133": 0.9335934621781633, "145": 0.9983737266052923, "156": 0.9021221516449848, "163": 0.9983737266052923, "179": 0.8192778384406973, "184": 0.5808446707006777, "186": 0.8720945545738419, "178": 0.733402937629024, "181": 0.8213445434803914, "182": 0.8366841729045951, "183": 0.9865001752117635, "193": 0.6272050181110387, "158": 0.38289412569515124, "165": 0.8688965644538921, "166": 0.8830833783478265, "168": 0.9316966264562736, "190": 0.8533643694982009, "196": 0.9140329995531735, "164": 0.9865001752117635, "169": 0.981232131685918, "174": 0.9988882682104072, "185": 0.8366841729045951, "157": 0.5606333133258026, "173": 0.8946708982650449, "192": 0.9472676651898911, "151": 0.8809389516283095, "180": 0.9771451713702621, "159": 0.9949767420272078, "161": 0.8688965644538921, "162": 0.6494747637317144, "170": 0.7010120954522201, "172": 0.9087732864468079, "177": 0.9709483288034012, "187": 0.9335934621781633, "194": 0.1975043325266742, "198": 0.8720945545738419, "150": 0.47375041638672777, "188": 0.9672702438730358, "197": 0.9983737266052923, "153": 0.9949767420272078, "189": 0.23032766890594292, "195": 0.9472676651898911, "154": 0.8463778409804674, "191": 0.9140329995531735, "171": 0.6082976936329352, "212": 0.9865001752117635, "228": 0.8537946221448134, "230": 0.9687175705183642, "210": 0.8980219409923789, "246": 0.8720945545738419, "248": 0.8978551441977376, "202": 0.8311229959955457, "236": 0.8601391183990965, "206": 0.7955272601359307, "221": 0.9949767420272078, "231": 0.9667771893756375, "232": 0.14449678458109552, "244": 0.5808446707006777, "224": 0.9477068043036703, "225": 0.9006714259588862, "241": 0.9865001752117635, "242": 0.6221959113137245, "226": 0.8311229959955457, "229": 0.7818255438676718, "249": 0.8311229959955457, "214": 0.8720945545738419, "220": 0.9129039455580766, "222": 0.9988882682104072, "209": 0.9901079757944491, "227": 0.9713595535558777}