{"0": 0.7544041309705991, "1": 0.34384838052099814, "2": 0.7979756133661735, "3": -0.22353891965082884, "4": 0.5792223499638832, "5": 0.36400784743514447, "6": 0.29563285698633723, "7": 0.841832887969435, "8": 0.5261936924639263, "9": 0.49145478290263744, "10": 0.9476023808238805, "11": 0.757604564146452, "12": 0.8971277989018693, "13": 0.9217586009312606, "14": 0.6774506021333373, "15": 0.6244430848104265, "16": 0.5294447108015252, "17": -0.4977495620776494, "18": 0.6414593545548871, "19": 0.7992356996063099, "20": 0.5551327402286325, "21": 0.7604755292429785, "22": 0.8865844825555141, "23": 0.9765485267282645, "24": 0.2930666221141601, "25": 0.8172610839269925, "26": 0.358031518049137, "27": 0.5808446707006777, "28": 0.9983737266052923, "29": -0.6360131342047263, "30": 0.6757514758563474, "31": 0.8807061007194629, "32": 0.7544265494803262, "33": 0.46349913049472957, "34": 0.7229534570939476, "35": 0.9140329995531735, "36": 0.9157957284855488, "37": 0.921999206994456, "38": 0.7421569886133462, "40": 0.8413943478447947, "41": 0.8878011756923945, "43": 0.7706003353827079, "44": 0.7010120954522201, "45": 0.7332547478964475, "46": 0.5826371925090046, "47": 0.7466890867450248, "48": 0.9334632364863532, "49": 0.8251599375915066, "50": 0.733402937629024, "51": 0.696107718511853, "52": 0.8590567583818747, "59": 0.5358827365043197, "61": 0.8546179968153367, "62": 0.39647362371735795, "64": 0.20641358651095307, "66": 0.7116043175588809, "70": 0.7995937005332028, "71": 0.9687175705183642, "72": 0.757604564146452, "73": 0.853182746358577, "76": 0.8756754309304606, "77": 0.5072227971089143, "78": 0.5222408743768618, "81": 0.8732255365262316, "89": 0.9865001752117635, "92": 0.9587780833337113, "93": 0.7116043175588809, "94": 0.7419184683448392, "96": 0.7168071503936716, "98": 0.7876873771180102, "99": 0.9700371969819471, "39": 0.8830281235644627, "42": 0.914368093799977, "55": 0.8720945545738419, "56": 0.9196762676827337, "57": 0.7782912029730289, "58": 0.8688965644538921, "60": 0.525027673004182, "63": 0.9711625608873772, "65": 0.9488360901438864, "69": 0.8599869738268529, "74": 0.9361648681010845, "79": 0.27651093854946196, "83": 0.981232131685918, "86": 0.8311229959955457, "91": 0.9252433584349254, "80": 0.7669301099235952, "82": 0.8717840960341987, "87": 0.9983737266052923, "88": 0.746983179706743, "90": 0.36116048122407557, "97": 0.9140329995531735, "53": 0.8386443644739268, "54": 0.684961249623832, "67": 0.9227320212054115, "68": 0.5639967673076488, "75": 0.9177778432333028, "84": -0.6839958387610735, "85": 0.9363102851791325, "95": 0.8316076253923786, "103": 0.8366841729045951, "108": 0.9004275735381126, "126": 0.2509905064061316, "138": 0.9432447077790973, "140": 0.8756754309304606, "141": 0.981232131685918, "143": 0.9472676651898911, "146": 0.2818029255133064, "147": 0.9713595535558777, "148": 0.8756754309304606, "111": 0.9335934621781633, "112": 0.9983737266052923, "113": 0.9687175705183642, "114": 0.7127301950855451, "128": 0.1975043325266742, "136": 0.8333468763597425, "139": 0.5104872573381166, "142": 0.770088970886962, "102": 0.8697134878509117, "116": 0.5001504920796276, "119": 0.96706302647472, "121": 0.9180753773976005, "122": 0.981232131685918, "123": 0.8546179968153367, "124": 0.981232131685918, "104": 0.8756754309304606, "107": 0.9335934621781633, "134": 0.8311229959955457, "100": 0.7237791989114861, "101": 0.9711625608873772, "129": 0.619830398968277, "130": 0.9252433584349254, "105": 0.9488360901438864, "110": -0.027144066241102993, "118": 0.9711625608873772, "125": 0.9488360901438864, "144": 0.947640553051555, "109": 0.9949767420272078, "127": 0.9472676651898911, "132": 0.8720945545738419, "115": 0.5730475298205275, "137": 0.7821694225012211, "106": 0.8316076253923786, "135": 0.9449277469107293, "120": 0.5120501550986825, "131": 0.832860782860757, "117": 0.23032766890594292, "133": 0.9129039455580766, "145": 0.9983737266052923, "156": 0.8302051050303796, "163": 0.9983737266052923, "179": 0.8192778384406973, "184": 0.832860782860757, "186": 0.8213445434803914, "178": 0.8192778384406973, "181": 0.8213445434803914, "182": 0.9141130735845608, "183": 0.9204330867250647, "193": 0.6272050181110387, "158": 0.8949211271494089, "165": 0.8688965644538921, "166": 0.9771451713702621, "168": 0.9316966264562736, "190": 0.1009843972457225, "196": 0.9140329995531735, "164": 0.9865001752117635, "169": 0.9949767420272078, "174": 0.9988882682104072, "185": 0.8316076253923786, "157": 0.8366841729045951, "173": 0.9316966264562736, "192": 0.9335934621781633, "151": 0.967905757640733, "180": 0.757604564146452, "159": 0.9949767420272078, "161": 0.8688965644538921, "162": 0.6494747637317144, "170": 0.8830833783478265, "172": 0.7782912029730289, "177": 0.9709483288034012, "187": 0.9335934621781633, "194": -0.1634122768290731, "198": 0.9687175705183642}