{"0": 0.7457970200613431, "1": 0.34098286130088423, "2": 0.7225540413847045, "3": 0.839205437554883, "4": 0.9476023808238805, "5": 0.8466560353464885, "6": 0.8539561459452504, "7": 0.19439435039049202, "8": 0.8543618892600278, "9": 0.8001543796660955, "10": 0.7928200156197267, "11": 0.8938772884269843, "12": 0.5921071972552718, "13": 0.48922649876756014, "14": 0.5097137091489985, "15": 0.8748008537706637, "16": 0.8953599538075763, "17": 0.7017856094992272, "18": -0.6622089816416941, "19": 0.1604384709593712, "20": 0.451857068964953, "21": 0.7838753293139706, "22": 0.7816269768896524, "23": 0.5509321997381238, "24": 0.7127301950855451, "25": 0.9204330867250647, "26": 0.8326096743259999, "27": 0.7336565076444184, "28": 0.6487520872752499, "29": 0.9180753773976005, "30": 0.8454229776130338, "31": 0.921999206994456, "32": 0.4508729438389558, "33": 0.9066181566767454, "34": 0.9196762676827337, "35": 0.22299724386866177, "36": 0.8849944663879861, "37": 0.8737673884645086, "38": 0.8946708982650449, "40": 0.5920931757809508, "41": 0.7874067873002832, "43": 0.8531967961742201, "44": 0.41857766972100613, "45": 0.7490091029309954, "46": 0.9488360901438864, "47": 0.6637773908939087, "48": 0.3283304384502731, "49": 0.9949767420272078, "50": 0.967905757640733, "51": 0.9644804896774047, "52": 0.9865001752117635, "59": 0.8352343999972272, "61": 0.2682972741279794, "62": 0.9901079757944491, "64": 0.5590755786185421, "66": 0.9476023808238805, "70": 0.684961249623832, "71": 0.733402937629024, "72": 0.7016430386802859, "73": 0.9771451713702621, "76": 0.8302051050303796, "77": 0.9016627608838315, "78": 0.9021221516449848, "81": 0.6298907508055882, "89": 0.6883160820660006, "92": 0.9177778432333028, "93": 0.9949767420272078, "94": 0.9472676651898911, "96": 0.5874343959391126, "98": 0.8720945545738419, "99": 0.9700371969819471, "39": 0.6623738443135211, "42": 0.4417848502066217, "55": 0.9316966264562736, "56": 0.6166770921673854, "57": 0.6236955654053149, "58": 0.8697134878509117, "60": 0.6685812721607511, "63": 0.5968611232684455, "65": 0.980133147923703, "69": 0.978789337755493, "74": 0.9983737266052923, "79": 0.9298097197394065, "83": 0.8756754309304606, "86": 0.9865001752117635, "91": 0.7116043175588809, "80": 0.757604564146452, "82": 0.7738688837581604, "87": 0.8311229959955457, "88": 0.7216597150738794, "90": 0.757604564146452, "97": 0.8720977720763801, "53": 0.9711625608873772, "54": -0.03156587147432149, "67": 0.9635051318471994, "68": 0.7574311365647997, "75": 0.8311229959955457, "84": 0.5283044122876839, "85": 0.981232131685918, "95": 0.9409180973655387, "103": 0.8366841729045951, "108": 0.8316076253923786, "126": 0.2509905064061316, "138": 0.7782912029730289, "140": 0.13134282679022186, "141": 0.981232131685918, "143": 0.1975043325266742, "146": 0.9204545337732695, "147": 0.9713595535558777, "148": 0.9687175705183642, "111": 0.6196188954656859, "112": 0.9335934621781633, "113": 0.9335934621781633, "114": 0.8216912714609571, "128": 0.980133147923703, "136": 0.8333468763597425, "139": 0.5104872573381166, "142": 0.832860782860757, "102": 0.8697134878509117, "116": 0.832860782860757, "119": 0.6082976936329352, "121": 0.9180753773976005, "122": 0.8655817455287372, "123": 0.9315684879650371, "124": 0.8654624897863742, "104": 0.8756754309304606, "107": 0.8720945545738419, "134": 0.8311229959955457, "100": 0.9432447077790973, "101": 0.9687175705183642, "129": 0.23032766890594292, "130": -0.0947404194997906, "105": 0.9700371969819471, "110": 0.901748777249892, "118": 0.9713595535558777, "125": 0.7831581017980025, "144": 0.9217586009312606, "109": 0.9949767420272078, "127": 0.9472676651898911, "132": 0.7782912029730289, "115": 0.6236955654053149, "137": 0.7233347450595491, "106": 0.8720945545738419, "135": 0.9093223456592029, "120": 0.5120501550986825, "131": 0.832860782860757, "117": 0.23032766890594292, "133": 0.9129039455580766, "145": 0.9983737266052923, "156": 0.9181169426857589, "163": 0.9983737266052923, "179": 0.8192778384406973}