{"0": 0.06254680013837394, "1": 0.8925734933740234, "2": 0.48951163541589615, "3": 0.2864791094239556, "4": 0.7098368955432505, "5": 0.849653429094844, "6": 0.744656588627224, "7": 0.6520531305037218, "8": 0.5357113303496508, "9": 0.943959991281367, "10": 0.20719309844180892, "11": 0.4756185840993384, "12": 0.5497085135043723, "13": -0.66484306795428, "14": 0.6830788192248078, "15": 0.8771293174106414, "16": 0.8339137051239797, "17": 0.5919214394642369, "18": 0.6497339281611443, "19": 0.2340349269278049, "20": 0.769071196498196, "21": 0.9401876984133095, "22": 0.6260072594908512, "23": 0.5751680170655618, "24": 0.5441508032487349, "25": 0.6906509678606461, "26": 0.48765681756003443, "27": 0.7127301950855451, "28": 0.19797355391308352, "30": 0.7560389123664026, "31": 0.5775656175562427, "32": 0.7964528677783177, "33": 0.48113657271127597, "34": 0.6487520872752499, "35": 0.3992655260933058, "36": 0.5685866553822061, "37": 0.8444777697142489, "38": 0.842947102188196, "39": 0.7233347450595491, "40": 0.9865001752117635, "41": 0.980133147923703, "42": 0.6258554633767097, "43": 0.1367524446236211, "44": 0.061712956713041084, "46": 0.6199481378624291, "47": 0.8316076253923786, "48": 0.8598698242351048, "53": 0.9709483288034012, "54": 0.7524496205077271, "62": 0.8855337795628653, "63": 0.921999206994456, "64": 0.6649430807089585, "71": 0.9711625608873772, "72": 0.9539519567428785, "78": 0.8366841729045951, "79": 0.9949767420272078, "80": 0.9196762676827337, "86": 0.575179193640408, "87": 0.9983737266052923, "88": 0.9217586009312606, "89": 0.863702328079117, "90": 0.8987374023573276, "98": 0.8518236557789329}