{"0": 0.4802717574787696, "1": 0.4059716790770931, "2": 0.8922504535292228, "3": 0.6088932316386714, "4": 0.4099657791007262, "5": 0.6260072594908512, "6": 0.8781691734381386, "7": 0.666715482862082, "8": 0.5932744041696927, "9": 0.6487520872752499, "10": 0.7658701887411197, "11": 0.6536207273322064, "12": 0.7002513184273723, "13": 0.5090752095208848, "14": 0.9363102851791325, "15": 0.9145373211730075, "16": 0.9418460857753708, "17": 0.5171850145507579, "18": 0.732195630196528, "19": 0.9901079757944491, "20": 0.5671545478739171, "21": 0.9196762676827337, "22": 0.21410076080976922, "23": 0.9157957284855488, "24": 0.9252433584349254, "25": 0.8546179968153367, "26": 0.37033941123922126, "27": 0.7780592936066402, "28": 0.3014277915473468, "29": 0.981232131685918, "30": 0.757604564146452, "31": 0.9133056583232569, "32": 0.7931629752155371, "33": 0.3816392810356619, "34": -0.22353891965082884, "35": 0.5358827365043197, "36": 0.721502482876155, "37": 0.3866188030287403, "38": 0.6951492004144497, "40": 0.9865001752117635, "41": 0.20060648027476055, "43": 0.8205673398734163, "44": 0.7526844956687821, "45": 0.9180753773976005, "46": 0.9771451713702621, "47": 0.7233347450595491, "48": 0.8261204300060645, "49": 0.20641358651095307, "50": 0.7328887417864776, "51": 0.8117823156968187, "52": 0.53361542765685, "59": 0.9217586009312606, "61": 0.9304763003992487, "62": 0.7937358642281429, "64": 0.7457970200613431, "66": 0.7116043175588809, "70": 0.9949767420272078, "71": 0.9709483288034012, "72": 0.757604564146452, "73": 0.8394885437480385, "76": 0.9472676651898911, "77": 0.980133147923703, "78": 0.9194832481391102, "81": 0.6470048384473293, "89": 0.36116048122407557, "92": 0.7767333053147136, "93": 0.8180458581672289, "94": 0.9335934621781633, "96": 0.6974661799177088, "98": 0.14449678458109552, "99": 0.9700371969819471, "39": 0.684961249623832, "42": 0.9672702438730358, "55": 0.9217586009312606, "56": 0.792699613768703, "57": 0.8938772884269843, "58": 0.8308650831704691, "60": 0.8953599538075763, "63": -0.027144066241102993, "65": 0.9687175705183642, "69": 0.5639967673076488, "74": 0.8366841729045951, "79": 0.8720945545738419, "83": 0.7782912029730289, "86": 0.9983737266052923, "91": 0.6272050181110387, "80": 0.952640111361408, "82": 0.1975043325266742, "87": 0.684961249623832, "88": 0.5454377007950747, "90": 0.4539547878918262, "97": 0.8946708982650449, "53": 0.358031518049137, "68": 0.6526061874683491, "84": 0.7010120954522201, "85": 0.9983737266052923, "75": 0.9204330867250647, "54": 0.6356738946847988, "67": 0.9141130735845608, "95": 0.8717840960341987, "103": 0.8366841729045951, "108": 0.9004275735381126, "126": 0.2509905064061316, "138": 0.9949767420272078, "140": 0.13134282679022186, "141": 0.981232131685918, "143": 0.9472676651898911, "146": 0.2818029255133064, "147": 0.9713595535558777, "148": 0.8756754309304606, "111": 0.9335934621781633, "112": 0.9013207959089523, "113": 0.9687175705183642, "114": 0.8688965644538921, "128": 0.8720945545738419, "136": 0.8333468763597425, "139": 0.9865001752117635, "142": 0.757604564146452, "102": 0.8697134878509117, "116": 0.5001504920796276, "119": 0.96706302647472, "121": 0.9180753773976005, "122": 0.8720945545738419, "123": 0.8546179968153367, "124": 0.981232131685918, "104": 0.8756754309304606, "107": 0.9335934621781633, "134": 0.8311229959955457, "100": 0.7237791989114861, "101": 0.757604564146452, "129": 0.619830398968277, "130": -0.0947404194997906, "105": 0.9476023808238805, "110": 0.8688965644538921, "118": 0.9711625608873772, "125": 0.9488360901438864, "144": 0.947640553051555, "109": 0.9949767420272078, "127": 0.9472676651898911, "132": 0.7782912029730289, "115": 0.6236955654053149, "137": 0.7233347450595491, "106": 0.8720945545738419, "135": 0.9093223456592029, "120": 0.5120501550986825, "131": 0.832860782860757, "117": 0.23032766890594292, "133": 0.9129039455580766, "145": 0.9983737266052923, "156": 0.8756754309304606, "163": 0.9983737266052923, "179": 0.8192778384406973, "184": 0.8213445434803914, "186": 0.9140329995531735, "178": 0.9587780833337113, "181": 0.8213445434803914, "182": 0.9217455898854673, "183": 0.7481107270482277, "193": 0.8298497151028721, "158": 0.9449277469107293, "165": 0.8688965644538921, "166": 0.8830833783478265, "168": 0.9316966264562736, "190": 0.7010120954522201, "196": 0.9140329995531735, "164": 0.6617562981920593, "169": 0.9949767420272078, "174": 0.9988882682104072, "185": 0.8316076253923786}