{"0": 0.1509813212838149, "1": 0.4946511222882721, "2": 0.16671988941425248, "3": 0.8937292646683588, "4": 0.6712147755924107, "5": 0.6258554352216742, "6": 0.8475814908605418, "7": 0.48113657271127597, "8": 0.714638999485179, "9": 0.5198685220641122, "10": 0.19636038889005966, "11": 0.9021221516449848, "12": 0.8216912714609571, "13": 0.8128551965592921, "14": 0.691751106621022, "15": 0.8016408203693158, "16": 0.943959991281367, "17": 0.5247123185998133, "18": 0.41247311771951933, "19": 0.7646757269224965, "20": 0.0882759782354223, "21": 0.9053622125320326, "22": 0.424062593700137, "23": 0.5968611232684455, "24": 0.3778574483795422, "25": 0.7923975123858403, "26": 0.6733213007476928, "27": 0.9315684879650371, "28": 0.6821030813261982, "29": 0.799615023321244, "30": 0.5685866553822061, "31": 0.6013506347590544, "32": 0.6685812721607511, "33": 0.2613639095218535, "34": 0.27361805570435394, "35": 0.7051300887732296, "36": 0.5292378121730696, "37": 0.8311229959955457, "38": 0.6526061874683491, "40": 0.6260072594908512, "41": 0.8646846833957632, "43": 0.6443955829734422, "44": 0.5410752967980765, "45": 0.557010402473584, "46": 0.7849634154001839, "47": 0.8809396244696035, "48": 0.8642616605705435, "49": 0.901748777249892, "50": 0.9217586009312606, "51": 0.8333468763597427, "52": 0.7634150330236524, "59": 0.660673913766087, "61": 0.9093223456592029, "62": 0.921999206994456, "64": 0.6733559840239098, "66": 0.23032766890594292, "70": 0.7425417598060612, "71": 0.37540567929468754, "72": 0.832860782860757, "73": 0.981232131685918, "76": 0.9114128703941509, "77": 0.9713595535558777, "78": 0.684961249623832, "81": -0.0947404194997906, "89": 0.8655817455287372, "92": 0.7637396974633953, "93": 0.6397620421540968, "94": 0.9252433584349254, "96": 0.7560389123664026, "98": 0.28960281581777214, "99": 0.9949767420272078, "39": 0.5513144173319915, "42": 0.9141130735845608, "55": 0.8444621505000198, "56": 0.5195850373691461, "57": 0.29830921354618783, "58": 0.3641110015527814, "60": -0.03156587147432149, "63": 0.8755225610321277, "65": 0.1864354156823636, "69": 0.9711625608873772, "74": 0.6082976936329352, "79": 0.8720945545738419, "83": 0.34384838052099814, "86": 0.8331087363663148, "91": 0.9476023808238805, "80": 0.9700371969819471, "82": 0.9983737266052923, "87": 0.8756754309304606, "88": 0.9865001752117635, "90": 0.6196188954656859, "97": 0.44029793094419967, "53": 0.8192778384406973, "54": 0.4154512915887426, "67": 0.8928144447523121, "68": 0.8126874765373676, "75": 0.8178413482602938, "84": 0.9335934621781633, "85": 0.9129039455580766}