{"0": 0.020858023905434588, "1": 0.5685866553822061, "2": 0.48084516537488614, "3": 0.7317224646367233, "4": 0.863702328079117, "5": 0.8813757932458062, "6": 0.7127301950855451, "7": 0.5414363925481331, "8": 0.6716088773286175, "9": 0.9157957284855488, "10": 0.8635851898076743, "11": 0.8216912714609571, "12": 0.6774506021333373, "13": 0.8839418008042674, "14": -0.06269267419693347, "15": 0.8301501138822639, "16": 0.9125249009341821, "17": 0.48041126843148363, "18": 0.9704814302099272, "19": 0.7233347450595491, "20": 0.6062130938969661, "21": 0.7283768678156353, "22": 0.6260072594908512, "23": 0.06955474745762823, "24": 0.40289029549403355, "25": 0.3014277915473468, "26": 0.5072647971659954, "27": 0.53361542765685, "28": 0.34237282311190664, "29": 0.981232131685918, "30": 0.9635051318471994, "31": 0.7342369067263592, "32": 0.7256641736735439, "33": 0.48113657271127597, "34": 0.6487520872752499, "35": 0.8627973736826323, "36": 0.7914981220620045, "37": 0.8216912714609571, "38": 0.842947102188196, "40": 0.9865001752117635, "41": 0.980133147923703, "43": 0.1367524446236211, "44": 0.8987374023573276, "45": 0.4562633568800467, "46": 0.6199481378624291, "47": 0.8316076253923786, "48": 0.18923848781478989, "49": 0.6536207273322064, "50": 0.7957074792809067, "51": 0.8938772884269843, "52": 0.8546179968153367, "59": 0.9217586009312606, "61": 0.8855337795628653, "62": 0.3743435312473772, "64": 0.468731522645366, "66": 0.6678093024213296, "70": -0.22353891965082884, "71": 0.9711625608873772, "72": 0.757604564146452, "73": 0.9217455898854673, "76": 0.7637396974633953, "77": 0.9157957284855488, "78": 0.8366841729045951, "81": 0.9865001752117635, "89": 0.8441257055317077, "92": 0.7658701887411197, "93": 0.9488360901438864, "94": 0.9472676651898911, "96": 0.9157957284855488, "98": 0.8667582744663883, "99": 0.9949767420272078, "39": 0.9196762676827337, "42": 0.6258554633767097, "55": 0.7016430386802859, "56": 0.792699613768703, "57": 0.8938772884269843, "58": 0.684961249623832, "60": 0.8953599538075763, "63": 0.921999206994456, "65": 0.6645511274365897, "69": 0.8479671330960867, "74": 0.8366841729045951, "79": 0.9949767420272078, "83": 0.9709483288034012, "86": 0.575179193640408, "91": 0.48113657271127597, "80": 0.8830281235644627, "82": 0.6258554633767097, "87": 0.9983737266052923, "88": 0.9217586009312606, "90": 0.9196762676827337, "97": 0.6358889267915722, "53": 0.9709483288034012, "68": 0.9141130735845608, "84": 0.9949767420272078, "85": 0.9983737266052923, "75": 0.5932744041696927, "54": 0.4866444388179959, "67": 0.9141130735845608, "95": 0.684961249623832, "103": 0.8366841729045951, "108": 0.8822738782105426, "126": 0.7233347450595491, "138": 0.757604564146452, "140": 0.9196762676827337, "141": 0.981232131685918, "143": 0.9472676651898911, "146": 0.2818029255133064, "147": 0.9771451713702621, "148": 0.8756754309304606, "111": 0.8591239839651712, "112": 0.3014277915473468, "113": 0.9687175705183642, "114": 0.8688965644538921, "128": 0.8720945545738419, "136": 0.8298497151028721, "139": 0.9865001752117635, "142": 0.757604564146452, "102": 0.8277105652656794, "116": 0.5063641929951099, "119": 0.96706302647472, "121": 0.9180753773976005, "122": 0.9709483288034012, "123": 0.8546179968153367, "124": 0.981232131685918, "104": 0.8117823156968187, "107": 0.6487520872752499, "134": 0.9204330867250647, "100": 0.9252433584349254, "101": 0.757604564146452, "129": 0.619830398968277, "130": 0.9252433584349254, "105": 0.53361542765685, "110": 0.7906139996115094, "118": 0.9711625608873772, "125": 0.9488360901438864, "144": 0.9709483288034012, "109": 0.8546179968153367, "127": 0.9687175705183642}