{"0": 0.6491935015945167, "1": 0.943959991281367, "2": 0.908733204943817, "3": 0.6639149136220341, "4": 0.395919552863755, "5": 0.9120506649817908, "6": 0.2965176877951592, "7": 0.8558837809281341, "8": -0.19402597107221625, "9": 0.826482433142216, "10": 0.8598698242351048, "11": 0.6426657857727531, "12": 0.5585767531532713, "13": 0.4060991564498081, "14": 0.20719309844180892, "15": 0.8807731911490575, "16": -0.02721635446212879, "17": 0.6901685744482535, "18": 0.9539519567428785, "19": 0.8813757932458062, "20": 0.9672364309982049, "21": 0.7247064569105793, "22": 0.6101537085949902, "23": 0.7389820822868471, "24": 0.3390545728494356, "25": 0.5183817541412007, "26": 0.6830788192248078, "27": 0.8531978683144498, "28": 0.5345552608617521, "29": 0.9865001752117635, "30": 0.8798010029427057, "31": 0.6528765841270063, "32": 0.9336796674578178, "33": 0.12343816344089548, "34": 0.6260072594908512, "35": 0.7075546733458378, "36": 0.619830398968277, "37": 0.8489569732052533, "38": 0.426571498053043, "40": 0.8830833783478265, "41": 0.5931578416281629, "43": 0.477149759924902, "44": 0.7782912029730289, "45": 0.842947102188196, "46": 0.5328698825041603, "47": 0.5663370034758634, "48": 0.7979756133661735, "49": 0.6578214786098125, "50": 0.48113657271127597, "51": 0.9217586009312606, "52": 0.426418826082137, "59": 0.9217586009312606, "61": 0.9672364309982049, "62": 0.7233562968344265, "64": 0.757604564146452, "66": 0.3689027094833305, "70": 0.7540779241662452, "71": 0.9949767420272078, "72": 0.6487520872752499, "73": 0.5847427791228762, "76": 0.9949767420272078, "77": 0.921999206994456, "78": 0.620564581296107, "81": 0.9865001752117635, "89": 0.9093223456592029, "92": 0.8546179968153367, "93": 0.6139961670765683, "94": 0.980133147923703, "96": 0.7466890867450248, "98": 0.9983737266052923, "99": 0.49823951007937656, "39": 0.5792223499638832, "42": 0.9709483288034012, "55": 0.5149058008426404, "56": 0.3249589271980394, "57": 0.7460343887694937, "58": 0.8404461023348363, "60": 0.20719309844180892, "63": 0.8441414764751911, "65": 0.5620152184426415, "69": 0.9202355368134549, "74": 0.981232131685918, "79": 0.9949767420272078, "83": 0.9709483288034012, "86": 0.7782912029730289, "91": 0.9252433584349254, "80": 0.8830281235644627, "82": 0.5792223499638832, "87": 0.9983737266052923, "88": 0.981232131685918, "90": 0.7045757447777523, "97": 0.6358889267915722, "53": 0.9355283419584952, "68": 0.5710752585811706, "84": 0.7342015779776678, "85": 0.8298497151028721, "75": 0.921999206994456, "54": 0.4968885057412682, "67": 0.9711625608873772}