{"0": 0.2620862341526685, "1": -0.22353891965082884, "2": 0.8084980920402256, "3": 0.48113657271127597, "4": 0.8056996948745287, "5": 0.6088932316386714, "6": 0.9364115178790138, "7": 0.8386443644739268, "8": 0.5639967673076488, "9": 0.5905357269786584, "10": 0.4099657791007262, "11": 0.5509886430002409, "12": 0.8689364825035311, "13": 0.781410041757693, "14": 0.6260072594908512, "15": 0.44208280198338035, "16": 0.9180753773976005, "17": 0.8261204300060645, "18": 0.9270169976746598, "19": 0.8773368069598443, "20": 0.980133147923703, "21": 0.21410076080976922, "22": 0.6757514758563474, "23": 0.8546179968153367, "24": 0.5792223499638832, "25": 0.8117823156968187, "26": 0.8953599538075763, "27": 0.8302051050303796, "28": 0.382522580810992, "29": 0.37033941123922126, "30": 0.7658701887411197, "31": 0.9157957284855488, "32": 0.7937358642281429, "33": 0.8394885437480385, "34": 0.7466890867450248, "35": 0.7328887417864776, "36": 0.9472676651898911, "37": 0.9687175705183642, "38": 0.28113302734964213, "40": 0.7706003353827079, "41": 0.6470048384473293, "43": 0.9229573593990639, "44": 0.7526844956687821, "45": 0.7277393101022782, "46": 0.980133147923703, "47": 0.7233347450595491, "48": 0.9252433584349254, "49": 0.9314201553979722, "50": 0.9901079757944491, "51": 0.8316076253923786, "52": 0.9476023808238805, "59": 0.981232131685918, "61": 0.8654624897863742, "62": 0.7780592936066402, "64": 0.7669301099235952, "66": 0.684961249623832, "70": 0.87973306014029, "71": 0.9771451713702621, "72": 0.8316076253923786, "73": 0.619830398968277, "76": 0.23545721681412596, "77": 0.371008086237271, "78": 0.8298497151028721, "81": 0.9687175705183642, "89": 0.8830833783478265, "92": 0.6272050181110387, "93": 0.8311229959955457, "94": 0.8688965644538921, "96": 0.9771451713702621, "98": 0.25200880240500323, "99": 0.45774349899472455, "39": 0.8209271927614987, "42": 0.9672702438730358, "55": 0.9488360901438864, "56": 0.3014277915473468, "57": 0.757604564146452, "58": -0.027144066241102993, "60": 0.9488360901438864, "63": 0.9949767420272078, "65": 0.9709483288034012, "69": 0.9125249009341821, "74": 0.8756754309304606, "79": 0.9449277469107293, "83": 0.981232131685918, "86": 0.7010120954522201, "91": 0.6082976936329352, "80": 0.9316966264562736, "82": 0.5094557671263628, "87": 0.7782912029730289, "88": 0.8205673398734163, "90": 0.9217455898854673, "97": 0.20641358651095307, "53": 0.684961249623832, "68": 0.7971122046526787, "84": 0.8696337877535689, "85": 0.9983737266052923, "75": 0.8830281235644627, "54": 0.9711625608873772, "67": 0.9141130735845608, "95": 0.8720977720763801, "103": 0.8366841729045951, "108": 0.9004275735381126, "126": 0.5139108062519728, "138": 0.9432447077790973, "140": 0.8756754309304606, "141": 0.8720945545738419, "143": 0.9472676651898911, "146": 0.2818029255133064, "147": 0.9713595535558777, "148": 0.8756754309304606, "111": 0.7116043175588809, "112": 0.9432447077790973, "113": 0.9217586009312606, "114": 0.358031518049137, "128": 0.1975043325266742, "136": 0.8333468763597425, "139": 0.5104872573381166, "142": 0.355293346499719, "102": 0.7782912029730289, "116": 0.5001504920796276, "119": 0.96706302647472, "121": 0.9180753773976005, "122": 0.981232131685918, "123": 0.8546179968153367, "124": 0.9204330867250647, "104": 0.8756754309304606, "107": 0.9335934621781633, "134": 0.8311229959955457, "100": 0.8366841729045951, "101": 0.9988882682104072, "129": 0.619830398968277, "130": 0.757604564146452, "105": 0.9488360901438864, "110": -0.027144066241102993, "118": 0.8720945545738419, "125": 0.9983737266052923, "144": 0.9949767420272078, "109": 0.9949767420272078, "127": 0.9472676651898911, "132": 0.6526061874683491, "115": 0.5730475298205275, "137": 0.7821694225012211, "106": 0.8316076253923786, "135": 0.6815660531926984, "120": 0.9865001752117635, "131": 0.7336565076444184, "117": 0.23032766890594292, "133": 0.9129039455580766, "145": 0.9983737266052923, "156": 0.7010120954522201, "163": 0.9983737266052923, "179": 0.8192778384406973, "184": 0.832860782860757, "186": 0.8213445434803914, "178": 0.8192778384406973, "181": 0.8213445434803914, "182": 0.8366841729045951, "183": 0.9865001752117635, "193": 0.6272050181110387, "158": 0.8756754309304606, "165": 0.8688965644538921, "166": 0.9363102851791325, "168": 0.9316966264562736, "190": 0.1009843972457225, "196": 0.9765485267282645, "164": 0.9865001752117635, "169": 0.9949767420272078, "174": 0.9988882682104072, "185": 0.8213445434803914, "157": 0.8688965644538921, "173": 0.9316966264562736, "192": 0.9335934621781633, "151": 0.967905757640733, "180": 0.7451525819373325, "159": 0.9949767420272078, "161": 0.8688965644538921, "162": 0.6494747637317144, "170": 0.8830833783478265, "172": 0.8298497151028721, "177": 0.9709483288034012, "187": 0.9335934621781633, "194": -0.1634122768290731, "198": 0.9687175705183642, "150": 0.981232131685918, "188": 0.9335934621781633, "197": 0.9983737266052923, "153": 0.9949767420272078, "189": 0.9642811283825925, "195": 0.9140329995531735}