{"0": 0.35087608871880105, "1": 0.8298497151028721, "2": 0.9364115178790138, "3": 0.724631569281355, "4": 0.20641358651095307, "5": 0.4818344495613388, "6": 0.8688965644538921, "7": 0.738176036704584, "8": 0.47989375327943895, "9": 0.9196762676827337, "10": 0.53361542765685, "11": 0.3866188030287403, "12": 0.9217586009312606, "13": 0.8205673398734163, "14": 0.3513381991478322, "15": 0.9476023808238805, "16": 0.757604564146452, "17": 0.2800011204192964, "18": 0.9141130735845608, "19": 0.684961249623832, "20": 0.8261204300060645, "21": 0.8509690755583822, "22": 0.5752068447121543, "23": 0.8332808443783379, "24": -0.027144066241102993, "25": 0.7360844087903462, "26": 0.9825033311030087, "27": 0.9204330867250647, "28": 0.8998062392572328, "29": 0.8128551965592921, "30": 0.37888946142136354, "31": 0.6258554633767097, "32": 0.27740537426519407, "33": 0.9192352410161628, "34": 0.5639967673076488, "35": 0.9079624269628734, "36": 0.7198527973182188, "37": 0.5560046959281356, "38": 0.2011426332164294, "40": 0.9217455898854673, "41": 0.9709483288034012, "43": 0.9771451713702621, "44": 0.6022774452433992, "45": 0.8809369641871786, "46": 0.9667771893756375, "47": 0.6413911019625415, "48": 0.9204817737354929, "49": 0.9949767420272078, "50": 0.978789337755493, "51": 0.5808446707006777, "52": 0.9672702438730358, "59": -0.21663253992098172, "61": 0.7986368350112858, "62": 0.8720945545738419, "64": 0.8715285584530765, "66": 0.9476023808238805, "70": 0.9642811283825925, "71": 0.7466890867450248, "72": 0.8756754309304606, "73": 0.7955272601359307, "76": 0.9472676651898911, "77": 0.9140329995531735, "78": 0.8292426892435174, "81": 0.8366841729045951, "89": 0.5343727877991107, "92": 0.7010120954522201, "93": 0.9477068043036703, "94": 0.981232131685918, "96": 0.1975043325266742, "98": 0.9949767420272078, "99": 0.3481767917250045, "39": 0.7937358642281429, "42": 0.8877131731627659, "55": 0.5341855818237136, "56": 0.6853504200854672, "57": 0.7010120954522201, "58": 0.014058300792772638, "60": 0.8830833783478265, "63": 0.7276307788329681, "65": 0.8805558672433613, "69": 0.9592332369017739, "74": 0.980133147923703, "79": 0.8453048777385126, "83": 0.3853391078878501, "86": 0.9865001752117635, "91": 0.3431187303073333, "80": 0.9449277469107293, "82": 0.901748777249892, "87": 0.9488360901438864, "88": 0.9949767420272078, "90": 0.981232131685918, "97": 0.146496758185714, "53": 0.9711625608873772, "68": 0.7451525819373325, "84": 0.5283044122876839, "85": 0.7146534890473241, "75": 0.48113657271127597, "54": 0.831315809318495, "67": 0.9093223456592029, "95": 0.9006714259588862, "103": 0.8366841729045951, "108": 0.8316076253923786, "126": 0.2509905064061316, "138": 0.7116043175588809, "140": 0.13134282679022186, "141": 0.981232131685918, "143": 0.6061367038825813, "146": 0.8720945545738419, "147": 0.9713595535558777, "148": 0.9687175705183642, "111": 0.9335934621781633, "112": 0.6602439498541726, "113": 0.9687175705183642, "114": 0.9477068043036703, "128": 0.980133147923703, "136": 0.9687175705183642, "139": 0.9865001752117635, "142": 0.832860782860757, "102": 0.733402937629024, "116": 0.832860782860757, "119": 0.8316076253923786, "121": 0.9180753773976005, "122": 0.8655817455287372, "123": 0.9691939465332382, "124": 0.9493540059122985, "104": 0.9983737266052923, "107": 0.9140329995531735, "134": 0.7419184683448392, "100": 0.48113657271127597, "101": 0.9687175705183642, "129": 0.23032766890594292, "130": 0.8463778409804674, "105": 0.6999024934303189, "110": 0.8326096743259999, "118": 0.9713595535558777, "125": 0.2509905064061316, "144": 0.9865001752117635, "109": 0.9949767420272078, "127": 0.9472676651898911, "132": 0.7782912029730289, "115": 0.6236955654053149, "137": 0.7821694225012211, "106": 0.8720945545738419, "135": 0.5120501550986825, "120": 0.627991012045094, "131": 0.832860782860757, "117": 0.6010709993751915, "133": 0.9129039455580766, "145": 0.9983737266052923, "156": 0.9129039455580766, "163": 0.9983737266052923, "179": 0.8192778384406973, "184": 0.832860782860757, "186": 0.9988882682104072, "178": 0.6196188954656859, "181": 0.5929463479178985, "182": 0.8366841729045951, "183": 0.9901079757944491, "193": 0.6272050181110387, "158": 0.8756754309304606, "165": 0.8688965644538921, "166": 0.9363102851791325, "168": 0.9316966264562736, "190": 0.1009843972457225, "196": 0.9765485267282645, "164": 0.9865001752117635, "169": 0.981232131685918, "174": 0.9988882682104072, "185": 0.8366841729045951, "157": 0.8688965644538921, "173": 0.6821030813261982, "192": 0.9472676651898911, "151": 0.8809389516283095, "180": 0.6010709993751915, "159": 0.9129039455580766, "161": 0.8688965644538921, "162": 0.6494747637317144, "170": 0.7466890867450248, "172": 0.8366841729045951, "177": 0.9709483288034012, "187": 0.9335934621781633, "194": 0.684961249623832, "198": 0.8720945545738419, "150": 0.7782912029730289, "188": 0.9672702438730358, "197": 0.6082976936329352, "153": 0.9949767420272078, "189": 0.23032766890594292, "195": 0.9472676651898911, "154": 0.8463778409804674, "191": 0.9140329995531735, "171": 0.981232131685918, "212": 0.9865001752117635, "228": 0.8537946221448134, "230": 0.14449678458109552}