{"0": 0.6284436739232024, "1": -0.2095418605550597, "2": 0.9477068043036703, "3": 0.4315552873866565, "4": 0.6318536571836258, "5": 0.5104985258037865, "6": 0.7260287547211197, "7": 0.7276307788329681, "8": 0.7466890867450248, "9": 0.8453048777385126, "10": 0.9667771893756375, "11": 0.9204817737354929, "12": 0.9825033311030087, "13": 0.8720977720763801, "14": 0.37888946142136354, "15": 0.967905757640733, "16": 0.8070834178164799, "17": 0.6061367038825813, "18": 0.2011426332164294, "19": 0.9449277469107293, "20": 0.866299782057011, "21": 0.9488360901438864, "22": 0.9324646889865593, "23": 0.6413911019625415, "24": 0.978789337755493, "25": 0.892425835788849, "26": 0.6487191447383625, "27": 0.8246770699601791, "28": 0.9672145785527155, "29": -0.21663253992098172, "30": 0.7986368350112858, "31": 0.45354175149395, "32": 0.8805558672433613, "33": 0.48771932999233114, "34": 0.8674928441358716, "35": 0.6413139025810413, "36": 0.6403345505849907, "37": 0.8045988831986077, "38": 0.9140329995531735, "40": 0.8366841729045951, "41": 0.4752986120354671, "43": 0.9304763003992487, "44": 0.832860782860757, "45": 0.5976103528956859, "46": 0.9652197466936353, "47": 0.9006714259588862, "48": 0.8711994502463034, "49": 0.9949767420272078, "50": 0.8188763159117212, "51": 0.5808446707006777, "52": 0.9672702438730358, "59": 0.8316076253923786, "61": -0.14527704154478904, "62": 0.881875322540995, "64": 0.4375200121653842, "66": 0.7849001521249795, "70": 0.928036319474823, "71": 0.6082976936329352, "72": 0.6852309177799163, "73": 0.9884989516004242, "76": 0.9472676651898911, "77": 0.9141130735845608, "78": 0.8292426892435174, "81": 0.9710685701243187, "89": 0.9006714259588862, "92": 0.7010120954522201, "93": 0.8688965644538921, "94": 0.981232131685918, "96": 0.1975043325266742, "98": 0.9949767420272078, "99": 0.3481767917250045, "39": 0.9090796779337953, "42": 0.8499513525047342, "55": 0.9335934621781633, "56": 0.14449678458109552, "57": 0.7010120954522201, "58": 0.6421228342700716, "60": 0.8830833783478265, "63": -0.27496486801528375, "65": 0.49477095943107285, "69": 0.9642811283825925, "74": 0.9949767420272078, "79": 0.978789337755493, "83": 0.9473892126416081, "86": 0.9865001752117635, "91": 0.3431187303073333, "80": 0.757604564146452, "82": 0.7684849226889559, "87": 0.6082976936329352, "88": 0.9949767420272078, "90": 0.981232131685918, "97": 0.5894869790125996, "53": 0.8316076253923786, "54": 0.831315809318495, "67": 0.9013207959089523, "68": 0.43955605232271744, "75": 0.7193369430604821, "84": 0.5283044122876839, "85": 0.922705653532762, "95": 0.9830954797357201, "103": 0.9488360901438864, "108": 0.9488360901438864, "126": 0.2509905064061316, "138": 0.757604564146452, "140": 0.9592332369017739, "141": 0.981232131685918, "143": 0.1975043325266742, "146": 0.8720945545738419, "147": 0.5894869790125996, "148": 0.9687175705183642, "111": 0.7466890867450248, "112": 0.9335934621781633, "113": 0.9687175705183642, "114": 0.7016430386802859, "128": 0.980133147923703, "136": 0.9687175705183642, "139": 0.9865001752117635, "142": 0.937400317438411, "102": 0.733402937629024, "116": 0.832860782860757, "119": 0.7419184683448392, "121": 0.9488360901438864, "122": 0.8655817455287372, "123": 0.6221959113137245, "124": 0.9493540059122985, "104": 0.9983737266052923, "107": 0.9140329995531735, "134": 0.7419184683448392, "100": 0.9949767420272078, "101": 0.9988882682104072, "129": 0.8261204300060645, "130": 0.8463778409804674, "105": 0.9884989516004242, "110": 0.8366841729045951, "118": 0.9713595535558777, "125": 0.8720945545738419, "144": 0.9865001752117635, "109": 0.14449678458109552, "127": 0.9472676651898911, "132": 0.7782912029730289, "115": 0.5730475298205275, "137": 0.9324646889865593, "106": 0.9477068043036703, "135": 0.5120501550986825, "120": 0.627991012045094, "131": 0.8311229959955457, "117": 0.8601391183990965, "133": 0.9335934621781633, "145": 0.9983737266052923, "156": 0.9129039455580766, "163": 0.9983737266052923, "179": 0.8192778384406973, "184": 0.5808446707006777, "186": 0.9988882682104072, "178": 0.9988882682104072, "181": 0.8213445434803914, "182": 0.8366841729045951, "183": 0.9865001752117635, "193": 0.6272050181110387, "158": 0.38289412569515124, "165": 0.8688965644538921, "166": 0.8830833783478265, "168": 0.9316966264562736, "190": 0.8533643694982009, "196": 0.9140329995531735, "164": 0.9865001752117635, "169": 0.981232131685918, "174": 0.9988882682104072, "185": 0.8366841729045951, "157": 0.5606333133258026, "173": 0.8946708982650449, "192": 0.9472676651898911, "151": 0.8809389516283095, "180": 0.9771451713702621, "159": 0.9949767420272078, "161": 0.8688965644538921, "162": 0.6494747637317144, "170": 0.7010120954522201, "172": 0.8366841729045951, "177": 0.9709483288034012, "187": 0.9335934621781633, "194": 0.1975043325266742, "198": 0.8720945545738419, "150": 0.47375041638672777, "188": 0.9672702438730358, "197": 0.9983737266052923, "153": 0.9949767420272078, "189": 0.23032766890594292, "195": 0.9472676651898911, "154": 0.8463778409804674, "191": 0.9140329995531735, "171": 0.6082976936329352, "212": 0.9865001752117635, "228": 0.8537946221448134, "230": 0.2198279891278654, "210": 0.8980219409923789, "246": 0.8720945545738419, "248": 0.9335934621781633, "202": 0.8311229959955457, "236": 0.8601391183990965, "206": 0.7955272601359307, "221": 0.9949767420272078, "231": 0.9667771893756375, "232": 0.14449678458109552, "244": 0.5808446707006777, "224": 0.9477068043036703, "225": 0.9006714259588862, "241": 0.9865001752117635, "242": 0.7002029063388291, "226": 0.8311229959955457, "229": 0.7818255438676718, "249": 0.8311229959955457, "214": 0.8720945545738419, "220": 0.9949767420272078, "222": 0.9988882682104072, "209": 0.9901079757944491, "227": 0.9713595535558777, "200": 0.9901079757944491, "286": 0.9013207959089523, "282": 0.7955272601359307}