{"0": 0.557010402473584, "1": 0.7651744364833528, "2": -0.26614741616930515, "3": 0.6952516364688622, "4": 0.6491935015945167, "5": 0.943959991281367, "6": 0.8271072745261993, "7": -0.09602212689656447, "8": 0.9001719629527898, "9": 0.7269851941891814, "10": 0.9589096676097786, "11": 0.9315684879650371, "12": 0.7634150330236524, "13": 0.4183847681953678, "14": 0.763170073977818, "15": 0.6598909481939857, "16": 0.6313731905431029, "17": 0.7425417598060612, "18": 0.8331087363663148, "19": 0.7923975123858403, "20": 0.6258554352216742, "21": 0.5292378121730696, "22": 0.9709483288034012, "23": 0.691751106621022, "24": 0.20719309844180892, "25": 0.9217586009312606, "26": 0.6260072594908512, "27": 0.8646846833957632, "28": 0.8216912714609571, "29": 0.18168131915734786, "30": -0.0947404194997906, "31": 0.8016408203693159, "32": 0.6470300882806641, "33": 0.28662976412741054, "34": 0.5685866553822061, "35": 0.8598698242351048, "36": 0.8937292646683588, "37": 0.7637396974633953, "38": 0.9700371969819471, "40": -0.02721635446212879, "41": 0.5968611232684455, "43": 0.8697134878509117, "44": 0.8444621505000198, "45": 0.901748777249892, "46": 0.6013506347590544, "47": -0.03156587147432149, "48": 0.2667876912297211, "49": 0.11661037297160878, "50": -0.1752464829013728, "51": 0.6196188954656859, "52": 0.23032766890594292, "59": 0.7128054437693416, "61": 0.9865001752117635, "62": 0.9093223456592029, "64": 0.5247123185998133, "66": 0.7075546733458378, "70": 0.5198685220641122, "71": 0.7849634154001839, "72": 0.2939401509447677, "73": 0.6678093024213296, "76": 0.48607992823877844, "77": 0.9021221516449848, "78": 0.9983737266052923, "81": 0.6733559840239098, "89": 0.8128551965592921, "92": 0.8720945545738419, "93": 0.9949767420272078, "94": 0.9476023808238805, "96": 0.6685812721607511, "98": 0.8756754309304606, "99": 0.684961249623832, "39": 0.799615023321244, "42": 0.16671988941425248, "55": 0.6526061874683491, "56": 0.9476023808238805, "57": 0.5443430367161408, "58": 0.6623738443135211, "60": 0.9129039455580766, "63": 0.921999206994456, "65": 0.34384838052099814, "69": 0.980133147923703, "74": 0.9949767420272078, "79": 0.8475814908605418, "83": 0.9021221516449848, "86": 0.8396372841917765, "91": 0.901748777249892, "80": 0.8128551965592921, "82": 0.8126874765373676, "87": 0.6082976936329352, "88": 0.9476023808238805, "90": 0.9472676651898911, "97": 0.9472676651898911, "53": 0.8809396244696035, "54": 0.9432447077790973, "67": 0.8546179968153367, "68": 0.9141130735845608, "75": 0.8192778384406973, "84": 0.981232131685918, "85": 0.981232131685918, "95": 0.9472676651898911, "103": 0.9865001752117635, "108": 0.8756754309304606, "126": 0.2667876912297211, "138": 0.757604564146452, "140": 0.8720945545738419, "141": 0.8188900965732564, "143": 0.9472676651898911, "146": 0.8546179968153367, "147": 0.7782912029730289, "148": 0.757604564146452, "111": 0.7010120954522201, "112": 0.9335934621781633, "113": 0.9713595535558777, "114": 0.8216912714609571, "128": 0.8655817455287372, "136": 0.8333468763597425, "139": 0.5104872573381166, "142": 0.832860782860757, "102": 0.9114128703941509, "116": 0.7010120954522201, "119": 0.6082976936329352, "121": 0.9180753773976005, "122": 0.8333468763597425, "123": 0.9315684879650371, "124": 0.8654624897863742, "104": 0.6821030813261982, "107": 0.8720945545738419, "134": 0.8311229959955457, "100": 0.48113657271127597, "101": 0.9335934621781633, "129": 0.6062130938969661, "130": 0.9711625608873772, "105": 0.8756754309304606, "110": 0.6821030813261982, "118": 0.8720945545738419, "125": 0.7831581017980025, "144": 0.9865001752117635, "109": 0.9129039455580766, "127": 0.5120501550986825, "132": 0.7782912029730289, "115": 0.6236955654053149, "137": 0.7233347450595491, "106": 0.8720945545738419, "135": 0.9865001752117635, "120": 0.9021221516449848, "131": 0.832860782860757, "117": 0.23032766890594292, "133": 0.9335934621781633, "145": 0.9983737266052923}