{"0": -0.046316104661163135, "1": 0.5170833140091962, "2": 0.013161600720894303, "3": 0.849653429094844, "4": 0.7391765906872394, "5": 0.48765681756003443, "6": 0.45807214027132614, "7": 0.4514535286619107, "8": 0.6242594596601764, "9": 0.8672547151959756, "10": 0.943959991281367, "11": 0.351375452029367, "12": 0.655660942174523, "13": 0.7853801635686781, "14": 0.20719309844180892, "15": 0.9539519567428785, "16": 0.9478805395061769, "17": 0.13287689613463477, "18": 0.8813757932458062, "19": 0.8598698242351048, "20": -0.66484306795428, "21": 0.7560389123664026, "22": 0.7948758255112245, "23": 0.9401876984133095, "24": 0.8525485608759762, "25": 0.6830788192248078, "26": 0.9709483288034012, "27": 0.5377002777726191, "28": 0.5921071972552718, "29": 0.4340184493973487, "30": 0.19797355391308352, "31": 0.49823951007937656, "32": 0.8930270497740966, "33": 0.7645566186662003, "34": 0.5138585681739154, "35": 0.9865001752117635, "36": 0.9711625608873772, "37": 0.8311229959955457, "38": 0.842947102188196, "40": 0.9093223456592029, "41": 0.9196762676827337, "43": 0.537285867892868, "44": 0.4951129853251151, "45": 0.6260072594908512, "46": 0.744656588627224, "47": 0.48113657271127597, "48": 0.769071196498196, "49": 0.980133147923703, "50": 0.8779466902773753, "51": 0.6119400401053049, "52": 0.6649430807089585, "59": 0.660673913766087, "61": 0.8953599538075763, "62": 0.921999206994456, "64": 0.6733559840239098, "66": 0.23032766890594292, "70": 0.9031449790666332, "71": 0.37540567929468754, "72": 0.832860782860757, "73": 0.981232131685918, "76": 0.9114128703941509, "77": 0.8979572713815254, "78": 0.684961249623832, "81": -0.0947404194997906, "89": 0.8655817455287372, "92": 0.7637396974633953, "93": 0.6397620421540968, "94": 0.9252433584349254, "96": 0.7560389123664026, "98": 0.5775656175562427, "99": 0.9949767420272078, "39": 0.061712956713041084, "42": 0.6257978132967215, "55": 0.8444621505000198, "56": 0.5195850373691461, "57": 0.9672364309982049, "58": 0.3641110015527814, "60": -0.03156587147432149, "63": 0.8755225610321277, "65": 0.1864354156823636, "69": 0.9711625608873772, "74": 0.6082976936329352, "79": 0.8720945545738419, "83": 0.34384838052099814, "86": 0.9949767420272078, "91": 0.9476023808238805, "80": 0.9700371969819471, "82": 0.6258554633767097, "87": 0.8756754309304606, "88": 0.9865001752117635, "90": 0.7127301950855451, "97": -0.03742548131398, "53": 0.6487520872752499, "54": 0.4154512915887426, "67": 0.8928144447523121, "68": 0.9217586009312606, "75": 0.8178413482602938, "84": 0.8366841729045951, "85": 0.9983737266052923}