{"0": 0.8192778384406973, "1": 0.9061104814689838, "2": 0.8213445434803914, "3": 0.9114644625959997, "4": 0.949197368722514, "5": 0.8830833783478265, "6": 0.8311229959955457, "7": 0.8105367397294103, "8": 0.9207331764570266, "9": 0.9072409240804903, "10": 0.5808446707006777, "11": 0.9129039455580766, "12": 0.7833145592966051, "13": 0.5740001910906721, "14": 0.7101960089345128, "15": 0.9830954797357201, "16": 0.9249524416875297, "17": 0.8365170505443663, "18": 0.8927373892128565, "19": 0.3702217257773508, "20": 0.942699523539489, "21": 0.3072038754712934, "22": 0.8720945545738419, "24": 0.9713595535558777, "25": 0.9327349011946073, "26": 0.7365398254287008, "27": 0.9090796779337953, "28": 0.9988882682104072, "29": -0.0475896289864841, "32": 0.8272030732920543, "33": 0.8794961698328488, "35": 0.9769249143605937, "36": 0.9573363750671867, "37": 0.981232131685918, "38": 0.9403846533518059, "41": 0.920017648857659, "42": 0.9774756252630845, "43": 0.4409332562501549, "44": 0.8944640113474871, "45": 0.8615112575471175, "46": 0.9949767420272078, "52": 0.9140329995531735, "55": 0.1767561018272008, "56": 0.9453520912576178, "65": 0.9884989516004242, "71": 0.9865001752117635, "72": 0.9509518987775469, "77": 0.9983737266052923, "90": 0.8853431112904293, "92": 0.8549476145020383, "185": 0.3885201854651707}