{"0": 0.48461329486709875, "1": 0.823063358892314, "2": 0.943959991281367, "3": 0.4175250985571923, "4": 0.4985263578012007, "5": -0.19402597107221625, "6": 0.5507627256112886, "7": 0.883018086840731, "8": 0.42515857460671114, "9": 0.333439386154767, "10": 0.8798010029427057, "11": 0.2735538025887896, "12": 0.20719309844180892, "13": 0.6733035448408833, "14": 0.826482433142216, "15": 0.5441508032487349, "16": 0.8812177828323888, "17": 0.2989797672985488, "18": 0.7012781586343363, "19": 0.29307865093834895, "20": -0.03915876537790128, "21": 0.8598698242351048, "22": 0.9031449790666332, "23": 0.7460343887694937, "24": 0.9672364309982049, "25": 0.9539519567428785, "26": 0.7560389123664026, "27": 0.7239512610497232, "28": 0.5921071972552718, "29": 0.7107160818723499, "30": 0.849653429094844, "31": 0.5663370034758634, "32": 0.6426657857727531, "33": 0.9949767420272078, "34": 0.5138585681739154, "35": 0.7743357251051473, "36": 0.6962121059988966, "37": 0.980133147923703, "38": 0.5491039055564161, "40": 0.7286525323037883, "41": -0.02721635446212879, "43": 0.6260072594908512, "44": 0.9709483288034012, "45": 0.8546179968153367, "46": 0.5063403186206561, "47": 0.7979756133661735, "48": 0.842947102188196, "49": 0.9711625608873772, "50": 0.921999206994456, "51": 0.6119400401053049, "52": 0.6649430807089585, "59": 0.9217586009312606, "61": 0.9865001752117635, "62": 0.921999206994456, "64": 0.7299996530867721, "66": 0.7156138944122838, "70": 0.9031449790666332, "71": 0.37540567929468754, "72": 0.832860782860757, "73": 0.981232131685918, "76": 0.9114128703941509, "77": 0.8979572713815254, "78": 0.684961249623832, "81": -0.0947404194997906, "89": 0.7304595244341628, "92": 0.7637396974633953, "93": 0.6397620421540968, "94": 0.9252433584349254, "96": 0.8316076253923786, "98": 0.5775656175562427, "99": 0.9949767420272078, "39": 0.5996391118620429, "42": 0.6257978132967215, "55": 0.6830788192248078, "56": 0.5195850373691461, "57": 0.9672364309982049, "58": 0.3641110015527814, "60": 0.8953599538075763, "63": 0.9983737266052923, "65": 0.1864354156823636, "69": 0.9711625608873772, "74": 0.6082976936329352, "79": 0.7075546733458378, "83": 0.34384838052099814, "86": 0.9949767420272078, "91": 0.48113657271127597, "80": 0.43116746174336557, "82": 0.6258554633767097, "87": 0.8756754309304606, "88": 0.14044086891577007, "90": 0.7127301950855451, "97": 0.9476023808238805, "53": 0.6487520872752499, "54": 0.4154512915887426, "67": 0.8928144447523121, "68": 0.9217586009312606, "75": 0.8178413482602938, "84": 0.8366841729045951, "85": 0.9983737266052923}