{"0": 0.32893364296232114, "1": -0.26614741616930515, "2": 0.6491935015945167, "3": 0.7634150330236524, "4": 0.943959991281367, "5": -0.66484306795428, "6": 0.744656588627224, "7": 0.4085040476209791, "8": 0.7849634154001839, "9": 0.24399981448481795, "10": 0.8598698242351048, "11": 0.8545885282580425, "12": 0.7637396974633953, "13": 0.5571774282145698, "14": 0.16671988941425248, "15": 0.8396372841917765, "16": 0.6879418012279246, "17": 0.03905905308852222, "18": 0.32056524727184554, "19": 0.20719309844180892, "20": 0.7858358557688865, "21": 0.6733213007476928, "22": 0.8664422673711809, "23": 0.9635051318471994, "24": 0.8475814908605418, "25": 0.6260072594908512, "26": 0.691751106621022, "27": 0.5968611232684455, "28": 0.18168131915734786, "29": 0.5246136140799351, "30": 0.7354212812417131, "31": 0.5590755786185421, "32": 0.7146534890473241, "33": 0.4183847681953678, "34": 0.8016408203693159, "35": 0.9217586009312606, "36": 0.981232131685918, "37": 0.53361542765685, "38": 0.6013506347590544, "40": 0.5198685220641122, "41": 0.8192778384406973, "43": 0.8414763750541514, "44": 0.8126874765373676, "45": -0.1752464829013728, "46": 0.7923975123858403, "47": 0.8646846833957632, "48": 0.9687175705183642, "49": -0.03156587147432149, "50": 0.9114128703941509, "51": 0.11661037297160878, "52": 0.8333468763597425, "59": 0.8271072745261993, "61": 0.34384838052099814, "62": 0.7075546733458378, "64": 0.980133147923703, "66": 0.5120501550986825, "70": 0.9141130735845608, "71": 0.9713595535558777, "72": 0.8311229959955457, "73": 0.23032766890594292, "76": 0.9432447077790973, "77": 0.9021221516449848, "78": 0.9093223456592029, "81": 0.9096911896636037, "89": 0.8128551965592921, "92": 0.8720945545738419, "93": 0.9949767420272078, "94": 0.9476023808238805, "96": 0.684961249623832, "98": 0.6082976936329352, "99": 0.9713595535558777, "39": 0.7425417598060612, "42": 0.9709483288034012, "55": 0.6685812721607511, "56": -0.0947404194997906, "57": 0.8809396244696035, "58": 0.921999206994456, "60": 0.9093223456592029, "63": 0.6196188954656859, "65": 0.48607992823877844, "69": 0.8216912714609571, "74": 0.9949767420272078, "79": 0.48113657271127597, "83": 0.9021221516449848, "86": 0.9335934621781633, "91": 0.901748777249892, "80": 0.7128054437693416, "82": 0.757604564146452, "87": 0.9711625608873772, "88": 0.9476023808238805, "90": 0.9472676651898911, "97": 0.9129039455580766, "53": 0.6678093024213296, "54": 0.8444621505000198, "67": 0.5685866553822061, "68": 0.44260974064371894, "75": 0.5247123185998133, "84": 0.981232131685918, "85": 0.8937292646683588, "95": 0.9472676651898911, "103": 0.9865001752117635, "108": 0.8756754309304606, "126": 0.2667876912297211, "138": 0.2667876912297211, "140": 0.8720945545738419, "141": 0.7782912029730289, "143": 0.9472676651898911, "146": 0.8546179968153367, "147": 0.9021221516449848, "148": 0.757604564146452, "111": 0.8655817455287372, "112": 0.9432447077790973, "113": 0.9217586009312606, "114": 0.8216912714609571, "128": 0.9713595535558777, "136": 0.8697134878509117, "139": 0.5104872573381166, "142": 0.832860782860757, "102": 0.8720945545738419, "116": 0.7010120954522201, "119": 0.6082976936329352, "121": 0.9180753773976005, "122": 0.8333468763597425, "123": 0.9315684879650371, "124": 0.8654624897863742, "104": 0.9700371969819471, "107": 0.9865001752117635, "134": 0.7419184683448392, "100": 0.9949767420272078, "101": 0.9335934621781633, "129": 0.6062130938969661, "130": 0.757604564146452, "105": 0.8756754309304606, "110": 0.6821030813261982, "118": 0.8720945545738419, "125": 0.7831581017980025, "144": 0.9865001752117635, "109": 0.9129039455580766, "127": 0.6526061874683491, "132": 0.7782912029730289, "115": 0.7721440652032403, "137": 0.7233347450595491, "106": 0.8720945545738419, "135": 0.9865001752117635, "120": 0.2667876912297211, "131": 0.8333468763597425, "117": 0.23032766890594292, "133": 0.9335934621781633, "145": 0.9983737266052923}