{"0": 0.5587568258555234, "1": 0.5136396407425556, "2": 0.5684280778449133, "3": 0.8049112320511693, "4": 0.45562212443532324, "5": 0.21225442468892758, "6": 0.6546992274946966, "7": 0.5195990819190732, "8": 0.8264226480060779, "9": 0.7536490396560078, "10": 0.3662529339574935, "11": 0.41691886446825394, "12": 0.7210414533560225, "13": 0.938074591269868, "14": 0.6515536215425838, "15": 0.7284531703731787, "16": 0.4447291282627591, "17": 0.37531432045770907, "18": 0.9356657607132645, "19": 0.8720945545738419, "20": 0.44582878950304766, "21": 0.3125813719550198, "22": 0.5245893473669587, "23": 0.716356944202799, "24": -0.05886431595078876, "25": 0.7634150330236524, "26": 0.8839454515177394, "27": 0.05651924102348614, "28": 0.7948185039635725, "29": 0.263755577319145, "30": 0.882002634000509, "31": 0.8700165000962381, "32": 0.5045415919383787, "33": 0.471039738862605, "34": 0.7425417598060612, "35": 0.3637049733672413, "36": 0.29542639465187137, "37": 0.9114128703941509, "38": 0.6470639358815731, "40": 0.8995238736482618, "41": 0.9335934621781633, "43": 0.8756754309304606, "44": 0.6196188954656859, "45": 0.9476023808238805, "46": 0.9432447077790973, "47": 0.34798782986239263, "48": 0.9096911896636037, "49": 0.9281763776399854, "50": 0.5569954147974067, "51": 0.9886308360437618, "52": 0.8843497809749714, "59": 0.44633195421901944, "61": 0.8091767526534996, "62": 0.4514535286619107, "64": 0.8548615396185473, "66": 0.9507422463744685, "70": 0.7499205830975755, "71": 0.37540567929468754, "72": 0.832860782860757, "73": 0.5224319205307728, "76": 0.9472676651898911, "77": 0.9713595535558777, "78": 0.684961249623832, "81": -0.0947404194997906, "89": 0.8655817455287372, "92": 0.6443736056793673, "93": 0.8688965644538921, "94": 0.9988882682104072, "96": -0.31225135563090645, "98": 0.9949767420272078, "99": 0.3481767917250045, "39": 0.9255601785703345, "42": 0.8331087363663148, "55": 0.8396372841917765, "56": 0.8764406322379414, "57": -0.49840235056999604, "58": 0.9146530503992909, "60": -0.03156587147432149, "63": 0.8463778409804674, "65": 0.7828599905228542, "69": 0.9777812587919528, "74": 0.6082976936329352, "79": 0.978789337755493, "83": 0.17571392999619895, "86": 0.9098698567125048, "91": 0.956460985280722, "80": 0.8464138790455564, "82": 0.9907737289176031, "87": 0.9013207959089523, "88": 0.9865001752117635, "90": 0.8188763159117212, "97": 0.5894869790125996, "53": 0.7910066852120582, "54": 0.8517950447995001, "67": 0.9013207959089523, "68": 0.6335425290632055, "75": 0.8178413482602938, "84": 0.6685689385096243, "85": 0.9129039455580766, "95": 0.8280814828306626, "103": 0.9488360901438864, "108": 0.758082860961826, "126": 0.2509905064061316, "138": 0.757604564146452, "140": 0.9592332369017739, "141": 0.981232131685918, "143": 0.1975043325266742, "146": 0.8720945545738419, "147": 0.5894869790125996, "148": 0.9687175705183642, "111": 0.7466890867450248, "112": 0.9335934621781633, "113": 0.9687175705183642, "114": 0.5808446707006777, "128": 0.21809268916272456, "136": 0.9687175705183642, "139": 0.9865001752117635, "142": 0.937400317438411, "102": 0.733402937629024, "116": 0.832860782860757, "119": 0.9189796994070691, "121": 0.9488360901438864, "122": 0.8830833783478265, "123": 0.9018630819062468, "124": 0.981232131685918, "104": 0.9983737266052923, "107": 0.9140329995531735, "134": 0.7419184683448392, "100": 0.9949767420272078, "101": 0.9988882682104072, "129": 0.8261204300060645, "130": 0.9086052460406704, "105": 0.9884989516004242, "110": 0.8366841729045951, "118": 0.9713595535558777, "125": 0.8720945545738419, "144": 0.9865001752117635, "109": 0.14449678458109552, "127": 0.9472676651898911, "132": 0.7782912029730289, "115": 0.5730475298205275, "137": 0.9324646889865593, "106": 0.9477068043036703, "135": 0.5120501550986825, "120": 0.627991012045094, "131": 0.9983737266052923, "117": 0.8601391183990965, "133": 0.9335934621781633, "145": 0.9983737266052923, "156": 0.9129039455580766, "163": 0.9983737266052923, "179": 0.8192778384406973, "184": 0.5808446707006777, "186": 0.9988882682104072, "178": 0.9988882682104072, "181": 0.8213445434803914, "182": 0.8366841729045951, "183": 0.9865001752117635, "193": 0.8983851212872435, "158": 0.38289412569515124, "165": 0.8688965644538921, "166": 0.8830833783478265, "168": 0.9316966264562736, "190": 0.8533643694982009, "196": 0.9140329995531735, "164": 0.9865001752117635, "169": 0.981232131685918, "174": 0.9988882682104072, "185": 0.8366841729045951, "157": 0.5606333133258026, "173": 0.8946708982650449, "192": 0.9472676651898911, "151": 0.8809389516283095, "180": 0.9771451713702621, "159": 0.9949767420272078, "161": 0.8688965644538921, "162": 0.6494747637317144, "170": 0.7010120954522201, "172": 0.8366841729045951, "177": 0.9709483288034012, "187": 0.9335934621781633, "194": 0.1975043325266742, "198": 0.8720945545738419, "150": 0.47375041638672777, "188": 0.9672702438730358, "197": 0.9983737266052923, "153": 0.9949767420272078, "189": 0.23032766890594292, "195": 0.9472676651898911, "154": 0.8463778409804674, "191": 0.9140329995531735, "171": 0.6082976936329352, "212": 0.9865001752117635, "228": 0.8537946221448134, "230": 0.2198279891278654, "210": 0.8980219409923789, "246": 0.8720945545738419, "248": 0.8978551441977376, "202": 0.8311229959955457, "236": 0.8601391183990965, "206": 0.7955272601359307, "221": 0.9949767420272078, "231": 0.9667771893756375, "232": 0.14449678458109552, "244": 0.5808446707006777, "224": 0.9477068043036703, "225": 0.9006714259588862, "241": 0.9865001752117635, "242": 0.7002029063388291, "226": 0.8311229959955457, "229": 0.7818255438676718, "249": 0.8311229959955457, "214": 0.8720945545738419, "220": 0.9949767420272078, "222": 0.9988882682104072, "209": 0.9901079757944491, "227": 0.9713595535558777, "200": 0.9901079757944491, "286": 0.9013207959089523, "282": 0.7955272601359307}