{"0": 0.8446352867590317, "1": 0.9907737289176031, "2": 0.3690962936014758, "3": 0.8830833783478265, "4": 0.7878969237776184, "5": 0.8272030732920543, "6": 0.5609849854360007, "7": 0.9304763003992487, "8": 0.9129039455580766, "9": 0.523868503082112, "10": 0.5090991786701287, "11": 0.9687175705183642, "12": 0.9072409240804903, "13": 0.9573363750671867, "14": 0.1767561018272008, "15": 0.8775265032524076, "16": 0.9114644625959997, "17": 0.7351537590866082, "18": 0.9691939465332382, "19": 0.8365170505443663, "20": 0.5560960332074883, "21": 0.9249524416875297, "22": 0.942923417458683, "23": 0.8720945545738419, "25": 0.9750826465612488, "26": 0.7365398254287008, "27": 0.8192778384406973, "28": 0.9713595535558777, "29": 0.8794961698328488, "30": 0.8615112575471175, "32": 0.9061104814689838, "33": 0.8280814828306626, "34": 0.9988882682104072, "35": 0.9586919378087284, "36": 0.9983737266052923, "37": 0.9830954797357201, "41": 0.9453520912576178, "42": -0.0475896289864841, "43": 0.6082976936329352, "44": 0.3885201854651707, "45": 0.9688241791634957, "46": 0.9603770715877809, "47": 0.9140329995531735, "53": 0.8853431112904293, "67": 0.9884989516004242, "83": 0.981232131685918, "84": 0.8815986591591685, "86": 0.9865001752117635, "87": 0.6335425290632055, "88": 0.920017648857659, "94": 0.8549476145020383, "167": 0.8311229959955457, "178": 0.9949767420272078}