{"0": 0.8706479176109914, "1": 0.7304595244341628, "2": 0.829977451369332, "3": 0.7530590142489058, "4": 0.9031449790666332, "5": 0.6746624876195723, "6": -0.013388288012366634, "7": 0.8839418008042674, "8": 0.5491039055564161, "9": 0.9704814302099272, "10": 0.46314599648120736, "11": 0.8467111676332372, "12": 0.7170792886265291, "13": 0.4170236824078628, "14": 0.7107160818723499, "15": 0.7156138944122838, "16": 0.3331818098792795, "17": 0.7977970349787213, "18": 0.9157957284855488, "19": 0.8806561404583626, "20": 0.4437668761574636, "21": 0.6260072594908512, "22": 0.5063403186206561, "23": 0.842947102188196, "24": 0.6352205421239594, "25": 0.7574311365647997, "26": 0.9217455898854673, "27": 0.6151097902344089, "28": 0.9109425091867299, "29": 0.620564581296107, "30": 0.981232131685918, "31": 0.622619894687012, "32": 0.6774506021333373, "33": 0.7407383592732925, "34": 0.6164534086752549, "35": 0.8942243345694592, "36": 0.6962121059988966, "37": 0.980133147923703, "38": 0.897695296501251, "40": 0.6062130938969661, "41": 0.9196762676827337, "43": 0.14044086891577007, "44": 0.5920931757809508, "45": 0.8546179968153367, "46": 0.5097137091489985, "47": 0.7979756133661735, "48": 0.9476023808238805, "49": 0.9711625608873772, "50": 0.921999206994456, "51": 0.9573146345238671, "52": 0.2766104727276304, "59": 0.9217586009312606, "61": 0.9865001752117635, "62": 0.921999206994456, "64": -0.020034380025129916, "66": 0.6678093024213296, "70": -0.22353891965082884, "71": 0.7743357251051473, "72": 0.757604564146452, "73": 0.9141130735845608, "76": 0.7637396974633953, "77": 0.9157957284855488, "78": 0.9021221516449848, "81": 0.7841963209742806, "89": 0.8441257055317077, "92": 0.853182746358577, "93": 0.9488360901438864, "94": 0.9472676651898911, "96": 0.8316076253923786, "98": 0.8471466472201166, "99": 0.9949767420272078, "39": 0.7075546733458378, "42": 0.9949767420272078, "55": 0.3194087983849533, "56": 0.792699613768703, "57": 0.8938772884269843, "58": 0.6079673017667637, "60": 0.8953599538075763, "63": -0.09739221373406676, "65": 0.9687175705183642, "69": 0.8479671330960867, "74": 0.792699613768703, "79": 0.8547502765804573, "83": 0.9709483288034012, "86": 0.9865001752117635, "91": 0.48113657271127597, "80": 0.8830281235644627, "82": 0.6258554633767097, "87": 0.48113657271127597, "88": 0.6123214615838326, "90": 0.5418338328729526, "97": 0.8546179968153367, "53": 0.9093223456592029, "68": 0.6526061874683491, "84": 0.8366841729045951, "85": 0.9983737266052923, "75": 0.8311229959955457, "54": 0.8298497151028721, "67": 0.9141130735845608, "95": 0.684961249623832, "103": 0.8366841729045951, "108": 0.8822738782105426, "126": 0.7233347450595491, "138": 0.9949767420272078, "140": 0.9196762676827337, "141": 0.981232131685918, "143": 0.5927474742068064, "146": 0.2818029255133064, "147": 0.9771451713702621, "148": 0.8756754309304606, "111": 0.8591239839651712, "112": 0.3014277915473468, "113": 0.9687175705183642, "114": 0.8688965644538921, "128": 0.9983737266052923, "136": 0.8298497151028721, "139": 0.9865001752117635, "142": 0.757604564146452, "102": 0.8277105652656794, "116": 0.5063641929951099, "119": 0.96706302647472, "121": 0.9180753773976005, "122": 0.9709483288034012, "123": 0.8546179968153367, "124": 0.981232131685918, "104": 0.8938772884269843, "107": 0.6487520872752499, "134": 0.9204330867250647, "100": 0.9488360901438864, "101": 0.757604564146452, "129": 0.619830398968277, "130": 0.3837626579133526}