{"0": 0.9314201553979722, "1": 0.7855800541503268, "2": 0.9180753773976005, "3": 0.6205772005378131, "4": 0.6470048384473293, "5": 0.4070217268810712, "6": 0.2448273523620204, "7": 0.978789337755493, "8": 0.980133147923703, "9": 0.6645511274365897, "10": 0.8996304666363353, "11": 0.8946708982650449, "12": 0.2766104727276304, "13": 0.3481767917250045, "14": 0.8331759304346327, "15": 0.4274422860445862, "16": 0.5358827365043197, "17": 0.792699613768703, "18": 0.7669301099235952, "19": 0.6617562981920593, "20": 0.8830281235644627, "21": 0.684961249623832, "22": 0.8757900798627278, "23": -0.3744739590017734, "24": 0.9237997359653143, "25": 0.9361648681010845, "26": 0.7341765918947962, "27": 0.9030611915034764, "28": 0.8771460345100649, "29": 0.3887208753071814, "30": 0.981232131685918, "31": 0.8261204300060645, "32": 0.7288769931091931, "33": 0.6526061874683491, "34": 0.9181169426857589, "35": 0.9204330867250647, "36": 0.2509905064061316, "37": 0.9013207959089523, "38": 0.7782912029730289, "40": 0.8366841729045951, "41": 0.9901079757944491, "43": 0.6976085345112004, "44": 0.9140329995531735, "45": 0.9642811283825925, "46": 0.8006180981407933, "47": 0.40298753313852675, "48": 0.14449678458109552, "49": 0.940415093775196, "50": 0.7328887417864776, "51": 0.9016627608838315, "52": 0.8499513525047342, "59": 0.96706302647472, "61": 0.9865001752117635, "62": 0.8720945545738419, "64": 0.619830398968277, "66": 0.7116043175588809, "70": 0.9949767420272078, "71": 0.9865001752117635, "72": 0.757604564146452, "73": 0.9141130735845608, "76": 0.9472676651898911, "77": -0.27496486801528375, "78": 0.6526061874683491, "81": 0.1998297511318301, "89": 0.36116048122407557, "92": 0.8311229959955457, "93": 0.967905757640733, "94": 0.940415093775196, "96": 0.3505713185448719, "98": 0.9949767420272078, "99": 0.8311229959955457, "39": 0.7419184683448392, "42": 0.5515817801473177, "55": 0.8302051050303796, "56": 0.8194670366904375, "57": 0.13094961594978277, "58": 0.6853504200854672, "60": 0.3750773176943808, "63": 0.9983737266052923, "65": 0.9687175705183642, "69": 0.9592332369017739, "74": 0.9472676651898911, "79": 0.8720945545738419, "83": 0.9316966264562736, "86": 0.9687175705183642, "91": 0.9142951613245062, "80": 0.8557147935906531, "82": 0.1975043325266742, "87": 0.9204330867250647, "88": 0.9587780833337113, "90": -0.005322249286854937, "97": 0.9488360901438864, "53": 0.9204545337732695, "68": 0.9949767420272078, "84": 0.9316966264562736, "85": 0.9983737266052923, "75": 0.48113657271127597, "54": 0.9477068043036703, "67": 0.9141130735845608, "95": 0.8280814828306626, "103": 0.9830954797357201, "108": 0.758082860961826, "126": 0.2509905064061316, "138": 0.8696337877535689, "140": 0.13134282679022186, "141": 0.981232131685918, "143": 0.6061367038825813, "146": 0.8720945545738419, "147": 0.9713595535558777, "148": 0.8756754309304606, "111": 0.8756754309304606, "112": 0.9074541861500449, "113": 0.6625643685694007, "114": 0.9473892126416081, "128": 0.980133147923703, "136": 0.9687175705183642, "139": 0.9865001752117635, "142": 0.832860782860757, "102": 0.6919477357832404, "116": 0.832860782860757, "119": 0.9477068043036703, "121": 0.8720945545738419, "122": 0.7010120954522201, "123": 0.9018630819062468, "124": 0.981232131685918, "104": 0.7466890867450248, "107": 0.7336565076444184, "134": 0.7419184683448392, "100": 0.9711625608873772, "101": 0.757604564146452, "129": 0.9006714259588862, "130": 0.8463778409804674, "105": 0.6999024934303189, "110": 0.8326096743259999, "118": 0.9713595535558777, "125": 0.2509905064061316, "144": 0.9865001752117635, "109": 0.9949767420272078, "127": 0.9472676651898911, "132": 0.7782912029730289, "115": 0.684961249623832, "137": 0.7821694225012211, "106": 0.8720945545738419, "135": 0.5120501550986825, "120": 0.6487111246053656, "131": 0.832860782860757, "117": 0.8326096743259999, "133": 0.9129039455580766, "145": 0.9983737266052923, "156": 0.9129039455580766, "163": 0.9983737266052923, "179": 0.8192778384406973, "184": 0.832860782860757, "186": 0.9988882682104072, "178": 0.5706601529093387, "181": 0.8213445434803914, "182": 0.7093816825109669, "183": 0.956460985280722, "193": 0.8316076253923786, "158": 0.8756754309304606, "165": 0.8688965644538921, "166": 0.8830833783478265, "168": 0.9316966264562736, "190": 0.7010120954522201, "196": 0.9140329995531735, "164": 0.9865001752117635, "169": 0.981232131685918, "174": 0.9988882682104072, "185": 0.8366841729045951, "157": 0.8688965644538921, "173": 0.6821030813261982, "192": 0.9472676651898911, "151": 0.8809389516283095, "180": 0.6010709993751915, "159": 0.9129039455580766, "161": 0.8688965644538921, "162": 0.6494747637317144, "170": 0.7466890867450248, "172": 0.8366841729045951, "177": 0.9709483288034012, "187": 0.9335934621781633, "194": 0.684961249623832, "198": 0.8720945545738419, "150": 0.7782912029730289, "188": 0.9672702438730358, "197": 0.6082976936329352, "153": 0.9949767420272078, "189": 0.23032766890594292, "195": 0.9472676651898911, "154": 0.8463778409804674, "191": 0.9140329995531735, "171": 0.981232131685918, "212": 0.9865001752117635, "228": 0.8537946221448134, "230": 0.14449678458109552, "210": 0.8980219409923789, "246": 0.8720945545738419, "248": 0.8978551441977376, "202": 0.9488360901438864}