{"0": 0.6082976936329352, "1": 0.8403472225639372, "2": 0.8188763159117212, "3": 0.9693122029796482, "4": 0.9710685701243187, "5": 0.9672702438730358, "6": 0.8830833783478265, "7": 0.9801948925335262, "8": 0.9472676651898911, "9": 0.8775265032524076, "10": 0.9573363750671867, "11": 0.9691939465332382, "12": 0.9830954797357201, "13": 0.9260850093695383, "14": 0.7036775901075932, "15": 0.1274534800084414, "16": 0.9202997667703496, "17": 0.32349547348301866, "18": 0.7729045905760077, "19": 0.7787939383162538, "21": 0.8978997239936704, "22": 0.9289398008831502, "23": -0.17113383438743482, "24": 0.733402937629024, "25": 0.8794961698328488, "26": 0.9750826465612488, "27": 0.5090991786701287, "30": 0.9000543078507882, "31": 0.953211483519156, "32": 0.8311229959955457, "34": 0.3885201854651707, "36": 0.9884989516004242, "38": 0.8364093787619186, "45": 0.6467177842761198, "46": 0.920017648857659, "47": 0.8280814828306626, "48": 0.9713595535558777, "49": 0.9892581571897634, "51": 0.9983737266052923, "56": 0.9687175705183642, "65": 0.8615112575471175, "69": 0.9865001752117635, "78": 0.9140329995531735, "91": 0.942923417458683, "92": -0.0475896289864841, "93": 0.981232131685918, "94": 0.9144828186989488, "96": 0.6335425290632055, "97": 0.9949767420272078, "185": 0.9988882682104072, "186": 0.8192778384406973}