{"0": 0.5294447108015252, "1": -0.020034380025129916, "2": 0.6578214786098125, "3": 0.7574311365647997, "4": 0.8546179968153367, "5": 0.20060648027476055, "6": 0.8062843276951492, "7": 0.2620226165209737, "8": 0.620564581296107, "9": 0.8314000659599659, "10": 0.6940205263185566, "11": 0.48113657271127597, "12": 0.9217586009312606, "13": 0.3537558808880011, "14": 0.9180753773976005, "15": 0.6330691126930761, "16": 0.6226284978966463, "17": -0.22353891965082884, "18": 0.921999206994456, "19": 0.8425452983238457, "20": 0.5638555862947048, "21": 0.4919692365916828, "22": 0.8547502765804573, "23": 0.7979756133661735, "24": 0.9476023808238805, "25": 0.14710424730752575, "26": 0.8693195660918314, "27": 0.4515407220895862, "28": 0.8298497151028721, "29": 0.6617562981920593, "30": 0.9204330867250647, "31": 0.9270169976746598, "32": 0.8933491304844663, "33": 0.7233347450595491, "34": 0.2474418126769034, "35": 0.7328887417864776, "36": 0.8730134079163501, "37": 0.4489129048824567, "38": 0.9771451713702621, "40": 0.8830833783478265, "41": 0.6470048384473293, "43": -0.4960767335034541, "44": 0.7116043175588809, "45": 0.7619398540858799, "46": 0.980133147923703, "47": 0.9573146345238671, "48": 0.7385497890740929, "49": 0.9314201553979722, "50": 0.9711625608873772, "51": 0.696107718511853, "52": 0.4955786887599075, "59": 0.1975043325266742, "61": 0.9180753773976005, "62": 0.9472676651898911, "64": 0.7669301099235952, "66": 0.684961249623832, "70": 0.87973306014029, "71": 0.9771451713702621, "72": 0.8316076253923786, "73": 0.619830398968277, "76": 0.23545721681412596, "77": 0.9140329995531735, "78": 0.684961249623832, "81": 0.9687175705183642, "89": 0.6433950991485282, "92": 0.9181169426857589, "93": 0.8311229959955457, "94": 0.8688965644538921, "96": 0.7466890867450248, "98": 0.9140329995531735, "99": 0.45774349899472455, "39": 0.9901079757944491, "42": 0.20648074943604816, "55": 0.9488360901438864, "56": 0.96706302647472, "57": 0.7782912029730289, "58": 0.8688965644538921, "60": 0.9488360901438864, "63": 0.9472676651898911, "65": 0.6815660531926984, "69": 0.9125249009341821, "74": 0.8756754309304606, "79": 0.9316966264562736, "83": 0.981232131685918, "86": 0.7010120954522201, "91": 0.9252433584349254, "80": 0.9316966264562736, "82": 0.8756754309304606, "87": 0.7782912029730289, "88": 0.746983179706743, "90": 0.2509905064061316, "97": 0.1975043325266742, "53": 0.9672702438730358, "68": 0.7971122046526787, "84": 0.8696337877535689, "85": 0.9983737266052923, "75": 0.8830281235644627, "54": 0.684961249623832, "67": 0.9141130735845608, "95": 0.8316076253923786, "103": 0.8366841729045951, "108": 0.9004275735381126, "126": 0.2509905064061316, "138": 0.9432447077790973, "140": 0.8756754309304606, "141": 0.8720945545738419, "143": 0.9472676651898911, "146": 0.2818029255133064, "147": 0.9713595535558777, "148": 0.8756754309304606, "111": 0.7116043175588809, "112": 0.9432447077790973, "113": 0.9687175705183642, "114": 0.7127301950855451, "128": 0.1975043325266742, "136": 0.8333468763597425, "139": 0.5104872573381166, "142": 0.355293346499719, "102": 0.8697134878509117, "116": 0.5001504920796276, "119": 0.96706302647472, "121": 0.9180753773976005, "122": 0.981232131685918, "123": 0.8546179968153367, "124": 0.6340430440545783, "104": 0.8756754309304606, "107": 0.9335934621781633, "134": 0.8311229959955457, "100": 0.8366841729045951, "101": 0.9711625608873772, "129": 0.619830398968277, "130": 0.757604564146452, "105": 0.9488360901438864, "110": -0.027144066241102993, "118": 0.9711625608873772, "125": 0.9488360901438864, "144": 0.9949767420272078, "109": 0.9949767420272078, "127": 0.9472676651898911, "132": 0.6526061874683491, "115": 0.5730475298205275, "137": 0.7821694225012211, "106": 0.8316076253923786, "135": 0.6815660531926984, "120": 0.9865001752117635, "131": 0.7336565076444184, "117": 0.23032766890594292, "133": 0.9129039455580766, "145": 0.9983737266052923, "156": 0.8302051050303796, "163": 0.9983737266052923, "179": 0.8192778384406973, "184": 0.832860782860757, "186": 0.8213445434803914, "178": 0.8192778384406973, "181": 0.8213445434803914, "182": 0.9141130735845608, "183": 0.9204330867250647, "193": 0.6272050181110387, "158": 0.8949211271494089, "165": 0.8688965644538921, "166": 0.9771451713702621, "168": 0.9316966264562736, "190": 0.1009843972457225, "196": 0.9140329995531735, "164": 0.9865001752117635, "169": 0.9949767420272078, "174": 0.9988882682104072, "185": 0.8316076253923786, "157": 0.8366841729045951, "173": 0.9316966264562736, "192": 0.9335934621781633, "151": 0.967905757640733, "180": 0.7451525819373325, "159": 0.9949767420272078, "161": 0.8688965644538921, "162": 0.6494747637317144, "170": 0.8830833783478265, "172": 0.8298497151028721, "177": 0.9709483288034012, "187": 0.9335934621781633, "194": -0.1634122768290731, "198": 0.9687175705183642, "150": 0.981232131685918, "188": 0.9335934621781633, "197": 0.9983737266052923, "153": 0.9949767420272078, "189": 0.9642811283825925}