{"0": 0.5905061440568586, "1": 0.914368093799977, "2": 0.7053250850897668, "3": 0.8807061007194629, "4": 0.746983179706743, "5": 0.21126960175095127, "6": 0.39647362371735795, "7": 0.770088970886962, "8": 0.853182746358577, "9": 0.7160847838372943, "10": 0.7332547478964475, "11": 0.9765485267282645, "12": 0.522146472542989, "13": 0.5904812659072396, "14": 0.5303565179241538, "15": 0.9711625608873772, "16": 0.7170142209606934, "17": 0.9361648681010845, "18": 0.5072227971089143, "19": 0.8580092208542789, "20": -0.6839958387610735, "21": 0.9709483288034012, "22": 0.4273051741463635, "23": 0.34698950553078356, "24": 0.8382546850425348, "25": 0.6284436739232024, "26": 0.8359974632146989, "27": 0.5808446707006777, "28": 0.7608528783887835, "29": 0.5358827365043197, "30": 0.8546179968153367, "31": 0.967905757640733, "32": 0.9488360901438864, "33": 0.46349913049472957, "34": 0.8756754309304606, "35": 0.9140329995531735, "36": 0.5454377007950747, "37": 0.9177778432333028, "38": 0.5073991095143839, "40": 0.8717840960341987, "41": 0.6351154778354233, "43": 0.9204330867250647, "44": 0.7010120954522201, "45": 0.9587780833337113, "46": 0.7419184683448392, "47": 0.7466890867450248, "48": 0.9334632364863532, "49": 0.965268771575001, "50": 0.978789337755493, "51": 0.8453048777385126, "52": 0.8366841729045951, "59": 0.8345696413080547, "61": 0.956460985280722, "62": 0.9316966264562736, "64": 0.8756754309304606, "66": 0.7116043175588809, "70": 0.9142951613245062, "71": 0.9687175705183642, "72": 0.757604564146452, "73": 0.8280814828306626, "76": 0.8756754309304606, "77": 0.8302051050303796, "78": 0.5222408743768618, "81": 0.9016627608838315, "89": 0.9865001752117635, "92": 0.14449678458109552, "93": 0.7116043175588809, "94": 0.1009843972457225, "96": 0.7168071503936716, "98": 0.7876873771180102, "99": 0.8720945545738419, "39": 0.7669301099235952, "42": 0.9363102851791325, "55": 0.758082860961826, "56": 0.7303502533681094, "57": 0.9983737266052923, "58": 0.4375200121653842, "60": 0.8463778409804674, "63": 0.9988882682104072, "65": 0.978789337755493, "69": 0.7001923597703745, "74": 0.6196188954656859, "79": 0.27651093854946196, "83": 0.981232131685918, "86": 0.8311229959955457, "91": 0.832860782860757, "80": 0.6494747637317144, "82": 0.9771451713702621, "87": 0.9983737266052923, "88": 0.9304763003992487, "90": 0.36116048122407557, "97": 0.9488360901438864, "53": 0.358031518049137, "68": 0.6413911019625415, "84": 0.8830833783478265, "85": 0.7782912029730289, "75": 0.967905757640733, "54": 0.7260287547211197, "67": 0.9227320212054115, "95": 0.8316076253923786, "103": 0.7116043175588809, "108": 0.8386443644739268, "126": 0.2509905064061316, "138": 0.9432447077790973, "140": 0.9949767420272078, "141": 0.981232131685918, "143": 0.9472676651898911, "146": 0.8720945545738419, "147": 0.9713595535558777, "148": 0.8756754309304606, "111": 0.9013207959089523, "112": 0.9983737266052923, "113": 0.7818255438676718, "114": 0.8830833783478265, "128": 0.9006714259588862, "136": 0.9687175705183642, "139": 0.6082976936329352, "142": 0.832860782860757, "102": 0.9687175705183642, "116": 0.9477068043036703, "119": 0.981232131685918, "121": 0.8830833783478265, "122": 0.7010120954522201, "123": 0.9018630819062468, "124": 0.627991012045094, "104": 0.733402937629024, "107": 0.9217455898854673, "134": 0.7419184683448392, "100": 0.5806278085404705, "101": 0.9988882682104072, "129": 0.9006714259588862, "130": 0.9642811283825925, "105": 0.9672702438730358, "110": 0.9477068043036703, "118": 0.684961249623832, "125": 0.9488360901438864, "144": 0.947640553051555, "109": 0.9825033311030087, "127": 0.9472676651898911, "132": 0.7782912029730289, "115": 0.5730475298205275, "137": 0.9324646889865593, "106": 0.8480240212849163, "135": 0.9449277469107293, "120": 0.6487111246053656, "131": 0.832860782860757, "117": 0.9691939465332382, "133": 0.9129039455580766, "145": 0.9983737266052923, "156": 0.5808446707006777, "163": 0.9983737266052923, "179": 0.8192778384406973, "184": 0.5808446707006777, "186": 0.8213445434803914, "178": 0.733402937629024, "181": 0.8213445434803914, "182": 0.9642811283825925, "183": 0.6082976936329352, "193": 0.6272050181110387, "158": 0.897738363336651, "165": 0.8688965644538921, "166": 0.8830833783478265, "168": 0.9316966264562736, "190": 0.8533643694982009, "196": 0.9140329995531735, "164": 0.9865001752117635, "169": 0.981232131685918, "174": 0.9988882682104072, "185": 0.8316076253923786, "157": 0.8366841729045951, "173": 0.6821030813261982, "192": 0.9335934621781633, "151": 0.8809389516283095, "180": 0.757604564146452, "159": 0.9949767420272078, "161": 0.8688965644538921, "162": 0.6494747637317144, "170": 0.7466890867450248, "172": 0.8070834178164799, "177": 0.9709483288034012, "187": 0.9335934621781633, "194": -0.1634122768290731, "198": 0.9687175705183642, "150": 0.7782912029730289, "188": 0.9672702438730358, "197": 0.6082976936329352, "153": 0.9949767420272078, "189": 0.23032766890594292, "195": 0.9472676651898911, "154": 0.8463778409804674, "191": 0.9140329995531735, "171": 0.981232131685918, "212": 0.9865001752117635, "228": 0.8537946221448134, "230": 0.14449678458109552, "210": 0.8980219409923789, "246": 0.8720945545738419, "248": 0.8978551441977376, "202": 0.9091726585479631, "236": 0.614315707939549, "206": 0.7955272601359307, "221": 0.9949767420272078, "231": 0.9667771893756375, "232": 0.14449678458109552, "244": 0.981232131685918}