{"0": 0.16777426508286658, "1": 0.5031474580005098, "2": 0.1355216277565304, "3": 0.6993426582284945, "4": 0.4280970550129223, "5": 0.8097623224931205, "6": 0.31974163284429963, "7": 0.8022328717453986, "8": 0.8249107609672599, "9": 0.6404103162567272, "10": 0.7501569983752492, "11": 0.1660253602539452, "12": -0.08142169369355176, "13": 0.8396372841917765, "14": -0.03156587147432149, "15": 0.8548615396185473, "16": 0.7499205830975755, "17": 0.7570745990904548, "18": 0.9074541861500449, "19": 0.32928557661094715, "20": 0.14449678458109552, "21": 0.8655817455287372, "22": 0.897721502895218, "23": 0.04335771955503802, "24": 0.9281763776399854, "25": 0.9886308360437618, "26": 0.8517950447995001, "27": 0.7747566120625606, "28": -0.16933105853661556, "29": 0.808060419531548, "30": 0.48539577940953177, "31": 0.9392781343727664, "32": 0.5946764419850017, "33": 0.6335425290632055, "34": 0.8866756132558447, "35": -0.024156359863211005, "36": 0.6082976936329352, "37": 0.8316076253923786, "38": 0.684961249623832, "40": -0.14167133689226313, "41": 0.8549476145020383, "43": 0.9013207959089523, "44": 0.9129039455580766, "45": 0.9476023808238805, "46": 0.9432447077790973, "47": 0.9047192976533154, "48": 0.5299217354936159, "49": 0.8794961698328488, "50": 0.8997670280032732, "51": 0.5332445754771977, "52": 0.9884989516004242, "59": 0.4985935518653239, "61": 0.981232131685918, "62": 0.8463778409804674, "64": 0.9204854370161487, "66": 0.8830833783478265, "70": 0.8679161161757956, "71": -0.27496486801528375, "72": 0.942923417458683, "73": 0.7466814746126882, "76": 0.832860782860757, "77": 0.9365371285056078, "78": 0.9140329995531735, "81": -0.0947404194997906, "89": 0.7365398254287008, "92": -0.0475896289864841, "93": 0.981232131685918, "94": 0.9144828186989488, "96": 0.6335425290632055, "98": 0.9006714259588862, "99": 0.8188763159117212, "39": 0.8464138790455564, "42": 0.7018190073735842, "55": 0.6191754199520328, "56": 0.8764406322379414, "57": -0.49840235056999604, "58": 0.9146530503992909, "60": 0.654322919976418, "63": -0.14932931480824793, "65": 0.8615112575471175, "69": 0.9865001752117635, "74": -0.14932931480824793, "79": 0.3885201854651707, "83": 0.9140329995531735, "86": 0.8882156694069981, "91": 0.942923417458683, "80": 0.9636589083754621, "82": 0.3702217257773508, "87": 0.9983737266052923, "88": 0.9949767420272078, "90": 0.9892581571897634, "97": 0.9949767420272078, "53": 0.758082860961826, "54": 0.9559398348927166, "67": 0.9884989516004242, "68": 0.757604564146452, "75": 0.9691939465332382, "84": -0.02289913257990444, "85": 0.9129039455580766, "95": 0.9259351976497951, "103": 0.9988882682104072, "108": 0.7787939383162538, "126": 0.6526061874683491, "138": 0.8830833783478265, "140": 0.9304763003992487, "141": 0.8903720116851059, "143": 0.1975043325266742, "146": 0.8794961698328488, "147": 0.9777812587919528, "148": 0.9573363750671867, "111": 0.9304763003992487, "112": 0.9335934621781633, "113": 0.9592332369017739, "114": 0.9654973448254043, "128": 0.9713595535558777, "136": 0.9884989516004242, "139": 0.9361488673595424, "142": 0.9884989516004242, "102": 0.9072409240804903, "116": 0.9691939465332382, "119": 0.6082976936329352, "121": 0.8794961698328488, "122": 0.8830833783478265, "123": 0.5609849854360007, "124": 0.9884989516004242, "104": 0.7141588583608788, "107": 0.9865001752117635, "134": 0.8830833783478265, "100": 0.9691939465332382, "101": 0.9988882682104072, "129": 0.7365398254287008, "130": 0.9687175705183642, "105": 0.9865001752117635, "110": 0.9403846533518059, "118": 0.9140329995531735, "125": 0.8720945545738419, "144": -0.14932931480824793, "109": 0.6082976936329352, "127": -0.0475896289864841, "132": 0.9006714259588862, "115": 0.8188763159117212, "137": 0.8794961698328488, "106": 0.8720945545738419, "135": 0.9865001752117635, "120": 0.3690962936014758, "131": 0.8775265032524076, "117": 0.9493540059122985, "133": 0.9304763003992487, "145": 0.9509518987775469, "156": 0.9532023633053024, "163": 0.9865001752117635, "179": 0.8192778384406973, "184": 0.8213445434803914, "186": 0.8192778384406973, "178": 0.9988882682104072, "181": 0.8213445434803914, "182": 0.9884989516004242, "183": 0.9865001752117635, "193": 0.8983851212872435, "158": 0.9713595535558777, "165": 0.8688965644538921, "166": 0.8830833783478265, "168": 0.981232131685918, "190": 0.8533643694982009, "196": 0.9140329995531735, "164": 0.9865001752117635, "169": 0.9573363750671867, "174": 0.9988882682104072, "185": 0.9988882682104072, "157": 0.9983737266052923, "173": 0.9865001752117635, "192": 0.9472676651898911, "151": 0.9830954797357201, "180": 0.9074541861500449, "159": 0.9949767420272078, "161": 0.9830954797357201, "162": 0.8794961698328488, "170": 0.981232131685918, "172": 0.9983737266052923, "177": 0.9709483288034012, "187": 0.9335934621781633, "194": 0.8446352867590317, "198": 0.9687175705183642, "150": 0.7787939383162538, "188": 0.9672702438730358, "197": 0.9983737266052923, "153": 0.8446352867590317, "189": 0.23032766890594292, "195": 0.9472676651898911, "154": 0.8463778409804674, "191": 0.9140329995531735, "171": -0.0475896289864841, "212": 0.9865001752117635, "228": 0.920017648857659, "230": 0.9687175705183642, "210": 0.8980219409923789, "246": 0.8720945545738419, "248": 0.9335934621781633, "202": 0.9091726585479631, "236": 0.614315707939549, "206": 0.7955272601359307, "221": 0.9949767420272078, "231": 0.9667771893756375, "232": 0.14449678458109552, "244": 0.5830765794498906, "224": 0.9477068043036703, "225": 0.9006714259588862, "241": 0.9865001752117635, "242": 0.7002029063388291, "226": 0.9090796779337953, "229": 0.7818255438676718, "249": 0.8311229959955457, "214": 0.8720945545738419, "220": -0.14932931480824793, "222": 0.9988882682104072, "209": 0.9901079757944491, "227": 0.9713595535558777, "200": 0.9901079757944491, "286": 0.9013207959089523, "282": 0.7955272601359307, "259": 0.9006714259588862, "252": 0.8311229959955457, "274": 0.8794961698328488, "279": 0.8311229959955457, "149": 0.9453520912576178, "294": 0.8794961698328488, "254": 0.6526061874683491, "264": 0.9648177708588577, "256": 0.9988882682104072, "261": 0.9453520912576178, "167": 0.8311229959955457, "155": 0.3690962936014758, "152": 0.6082976936329352, "312": 0.523868503082112, "314": 0.9573363750671867, "160": 0.9983737266052923}