{"0": 0.8369855878398169, "1": 0.5948993396914652, "2": -0.13517674493950166, "3": 0.27651093854946196, "4": 0.5706601529093387, "5": 0.6729783226106714, "6": 0.8366841729045951, "7": 0.8522138360190168, "8": 0.9182980083532841, "9": 0.7168071503936716, "10": 0.9029017202707582, "11": 0.3638128815215088, "12": 0.9141910309135018, "13": 0.14449678458109552, "14": 0.8546179968153367, "15": 0.6752178558844151, "16": 0.8345696413080547, "17": 0.6675084764091291, "18": 0.7221271395315111, "19": 0.5453052173669288, "20": 0.7713842538191183, "21": 0.635877167787793, "22": 0.7754901582362796, "23": 0.922679595988948, "24": 0.3332684562895045, "25": 0.9217455898854673, "26": 0.8476294235424494, "27": 0.8081179499291831, "28": 0.7687266732545497, "29": 0.6002532838126441, "30": 0.8767350256431488, "31": 0.49281774027427117, "32": 0.9096911896636037, "33": 0.9072721105355721, "34": 0.7512094717113464, "35": 0.9304763003992487, "36": 0.6196188954656859, "37": 0.888179719756416, "38": 0.967905757640733, "40": 0.9573146345238671, "41": 0.8584430526037817, "43": 0.9204330867250647, "44": 0.7093816825109669, "45": 0.9006714259588862, "46": 0.13678216605904284, "47": 0.6222161685970022, "48": 0.180877093335673, "49": 0.5358827365043197, "50": 0.9449277469107293, "51": 0.8980219409923789, "52": 0.7260287547211197, "59": 0.6487111246053656, "61": 0.7782912029730289, "62": 0.881875322540995, "64": 0.8311229959955457, "66": 0.7849001521249795, "70": 0.9949767420272078, "71": 0.6082976936329352, "72": 0.9335934621781633, "73": 0.5224319205307728, "76": 0.9472676651898911, "77": 0.9141130735845608, "78": 0.8292426892435174, "81": 0.9710685701243187, "89": 0.9006714259588862, "92": 0.6443736056793673, "93": 0.8688965644538921, "94": 0.9988882682104072, "96": -0.31225135563090645, "98": 0.9949767420272078, "99": 0.3481767917250045, "39": 0.9830954797357201, "42": 0.9422384203384251, "55": 0.965268771575001, "56": 0.9361488673595424, "57": 0.7010120954522201, "58": 0.6421228342700716, "60": 0.9687175705183642, "63": 0.8463778409804674, "65": 0.8070834178164799, "69": 0.30685047983091546, "74": 0.9865001752117635, "79": 0.978789337755493, "83": 0.9592332369017739, "86": 0.9090796779337953, "91": 0.956460985280722, "80": 0.757604564146452, "82": 0.7684849226889559, "87": 0.6082976936329352, "88": 0.9949767420272078, "90": 0.8188763159117212, "97": 0.5894869790125996, "53": 0.9406780617540247, "68": 0.6745556242246232, "84": 0.5283044122876839, "85": 0.922705653532762, "75": 0.7193369430604821, "54": 0.831315809318495, "67": 0.9013207959089523, "95": 0.8280814828306626, "103": 0.9488360901438864, "108": 0.758082860961826, "126": 0.2509905064061316, "138": 0.757604564146452, "140": 0.9592332369017739, "141": 0.981232131685918, "143": 0.1975043325266742, "146": 0.8720945545738419, "147": 0.5894869790125996, "148": 0.9687175705183642, "111": 0.7466890867450248, "112": 0.9335934621781633, "113": 0.9687175705183642, "114": 0.5808446707006777, "128": 0.21809268916272456, "136": 0.9687175705183642, "139": 0.9865001752117635, "142": 0.937400317438411, "102": 0.733402937629024, "116": 0.832860782860757, "119": 0.9189796994070691, "121": 0.9488360901438864, "122": 0.8830833783478265, "123": 0.9018630819062468, "124": 0.981232131685918, "104": 0.9983737266052923, "107": 0.9140329995531735, "134": 0.7419184683448392, "100": 0.9949767420272078, "101": 0.9988882682104072, "129": 0.8261204300060645, "130": 0.9086052460406704, "105": 0.9884989516004242, "110": 0.8366841729045951, "118": 0.9713595535558777, "125": 0.8720945545738419, "144": 0.9865001752117635, "109": 0.14449678458109552, "127": 0.9472676651898911, "132": 0.7782912029730289, "115": 0.5730475298205275, "137": 0.9324646889865593, "106": 0.9477068043036703, "135": 0.5120501550986825, "120": 0.627991012045094, "131": 0.9983737266052923, "117": 0.8601391183990965, "133": 0.9335934621781633, "145": 0.9983737266052923, "156": 0.9129039455580766, "163": 0.9983737266052923, "179": 0.8192778384406973, "184": 0.5808446707006777, "186": 0.9988882682104072, "178": 0.9988882682104072, "181": 0.8213445434803914, "182": 0.8366841729045951, "183": 0.9865001752117635, "193": 0.8983851212872435, "158": 0.38289412569515124, "165": 0.8688965644538921, "166": 0.8830833783478265, "168": 0.9316966264562736, "190": 0.8533643694982009, "196": 0.9140329995531735, "164": 0.9865001752117635, "169": 0.981232131685918, "174": 0.9988882682104072, "185": 0.8366841729045951, "157": 0.5606333133258026, "173": 0.8946708982650449, "192": 0.9472676651898911, "151": 0.8809389516283095, "180": 0.9771451713702621, "159": 0.9949767420272078, "161": 0.8688965644538921, "162": 0.6494747637317144, "170": 0.7010120954522201, "172": 0.8366841729045951, "177": 0.9709483288034012, "187": 0.9335934621781633, "194": 0.1975043325266742, "198": 0.8720945545738419, "150": 0.47375041638672777, "188": 0.9672702438730358, "197": 0.9983737266052923, "153": 0.9949767420272078, "189": 0.23032766890594292, "195": 0.9472676651898911, "154": 0.8463778409804674, "191": 0.9140329995531735, "171": 0.6082976936329352, "212": 0.9865001752117635, "228": 0.8537946221448134, "230": 0.2198279891278654, "210": 0.8980219409923789, "246": 0.8720945545738419, "248": 0.8978551441977376, "202": 0.8311229959955457, "236": 0.8601391183990965, "206": 0.7955272601359307, "221": 0.9949767420272078, "231": 0.9667771893756375, "232": 0.14449678458109552, "244": 0.5808446707006777, "224": 0.9477068043036703, "225": 0.9006714259588862, "241": 0.9865001752117635, "242": 0.7002029063388291, "226": 0.8311229959955457, "229": 0.7818255438676718, "249": 0.8311229959955457, "214": 0.8720945545738419, "220": 0.9949767420272078, "222": 0.9988882682104072, "209": 0.9901079757944491, "227": 0.9713595535558777, "200": 0.9901079757944491, "286": 0.9013207959089523, "282": 0.7955272601359307}