{"0": 0.27798978556134324, "1": 0.7874067873002832, "2": 0.8326096743259999, "3": 0.684961249623832, "4": 0.9090796779337953, "5": 0.7178834947527677, "6": 0.014058300792772638, "7": 0.9141130735845608, "8": 0.3134560865426241, "9": 0.24910701860172857, "10": 0.8970623708399269, "11": 0.9409180973655387, "12": 0.8366841729045951, "13": 0.6166770921673854, "14": 0.5915174803827496, "15": 0.32630824778494794, "16": 0.13134282679022186, "17": 0.7955272601359307, "18": 0.900098904177155, "19": 0.5808446707006777, "20": 0.7833476811189354, "21": 0.7216597150738794, "22": 0.9177778432333028, "23": 0.5874343959391126, "24": 0.967905757640733, "25": 0.9810033931763849, "26": 0.9711625608873772, "27": 0.5758602268720341, "28": 0.9672145785527155, "29": 0.3068855207616675, "30": 0.6920763611347169, "31": -0.27496486801528375, "32": 0.875247011452132, "33": 0.7451525819373325, "34": 0.7941435358679536, "35": 0.1975043325266742, "36": 0.8975645018243101, "37": 0.8292426892435174, "38": 0.9021221516449848, "40": 0.9983737266052923, "41": 0.8756754309304606, "43": 0.8311229959955457, "44": 0.757604564146452, "45": 0.7130109798835393, "46": 0.9488360901438864, "47": 0.806027348453759, "48": 0.1416938655417028, "49": 0.9949767420272078, "50": 0.04656881685966545, "51": 0.609225864488296, "52": 0.6999024934303189, "59": 0.9472676651898911, "61": 0.9691939465332382, "62": -0.45662726103866025, "64": 0.9335934621781633, "66": 0.8311229959955457, "70": 0.928036319474823, "71": 0.6526061874683491, "72": 0.9199407501131267, "73": 0.9590995066198915, "76": 0.832860782860757, "77": 0.9141130735845608, "78": 0.8292426892435174, "81": 0.000722957805710489, "89": 0.9006714259588862, "92": 0.6061367038825813, "93": 0.8688965644538921, "94": 0.9472676651898911, "96": 0.9140329995531735, "98": 0.8720945545738419, "99": 0.3481767917250045, "39": 0.14449678458109552, "42": 0.8499513525047342, "55": 0.9316966264562736, "56": 0.9477068043036703, "57": 0.7010120954522201, "58": 0.6421228342700716, "60": 0.6058103655050147, "63": 0.9252433584349254, "65": 0.6821030813261982, "69": 0.9045997992036547, "74": 0.9949767420272078, "79": 0.978789337755493, "83": 0.9473892126416081, "86": 0.9865001752117635, "91": 0.7116043175588809, "80": 0.757604564146452, "82": 0.7684849226889559, "87": 0.6082976936329352, "88": 0.9949767420272078, "90": 0.981232131685918, "97": 0.5894869790125996, "53": 0.8316076253923786, "68": 0.43955605232271744, "84": 0.5283044122876839, "85": 0.922705653532762, "75": 0.7193369430604821, "54": 0.8711994502463034, "67": 0.9013207959089523, "95": 0.9830954797357201, "103": 0.9488360901438864, "108": 0.9488360901438864, "126": 0.2509905064061316, "138": 0.757604564146452, "140": 0.8333468763597425, "141": 0.981232131685918, "143": 0.1975043325266742, "146": 0.8720945545738419, "147": 0.5894869790125996, "148": 0.9687175705183642, "111": 0.7466890867450248, "112": 0.9335934621781633, "113": 0.8830833783478265, "114": 0.9309065637866576, "128": 0.980133147923703, "136": 0.9687175705183642, "139": 0.6082976936329352, "142": 0.937400317438411, "102": 0.8697134878509117, "116": 0.832860782860757, "119": 0.7419184683448392, "121": 0.9488360901438864, "122": 0.8655817455287372, "123": 0.6221959113137245, "124": 0.8990338733006693, "104": 0.8756754309304606, "107": 0.9140329995531735, "134": 0.7419184683448392, "100": 0.9949767420272078, "101": 0.9988882682104072, "129": 0.8261204300060645, "130": 0.8463778409804674, "105": 0.9884989516004242, "110": 0.8366841729045951, "118": 0.9713595535558777, "125": 0.38746020307642964, "144": 0.9865001752117635, "109": 0.14449678458109552, "127": 0.9472676651898911, "132": 0.7782912029730289, "115": 0.5730475298205275, "137": 0.9324646889865593, "106": 0.9477068043036703, "135": 0.5120501550986825, "120": 0.8949211271494089, "131": 0.832860782860757, "117": 0.8601391183990965, "133": 0.9335934621781633, "145": 0.9983737266052923, "156": 0.9129039455580766, "163": 0.9983737266052923, "179": 0.8192778384406973, "184": 0.5808446707006777, "186": 0.8720945545738419, "178": 0.9988882682104072, "181": 0.8213445434803914, "182": 0.8366841729045951, "183": 0.9865001752117635, "193": 0.6272050181110387, "158": 0.38289412569515124, "165": 0.8688965644538921, "166": 0.8830833783478265, "168": 0.9316966264562736, "190": 0.8533643694982009, "196": 0.9140329995531735, "164": 0.9865001752117635, "169": 0.981232131685918, "174": 0.9988882682104072, "185": 0.8366841729045951, "157": 0.5606333133258026, "173": 0.8946708982650449, "192": 0.9472676651898911, "151": 0.8809389516283095, "180": 0.9771451713702621, "159": 0.9949767420272078, "161": 0.8688965644538921, "162": 0.6494747637317144, "170": 0.7010120954522201, "172": 0.8366841729045951, "177": 0.9709483288034012, "187": 0.9335934621781633, "194": 0.1975043325266742, "198": 0.8720945545738419, "150": 0.47375041638672777, "188": 0.9672702438730358, "197": 0.9983737266052923, "153": 0.9949767420272078, "189": 0.23032766890594292, "195": 0.9472676651898911, "154": 0.8463778409804674, "191": 0.9140329995531735, "171": 0.6082976936329352, "212": 0.9865001752117635, "228": 0.8537946221448134, "230": 0.9687175705183642, "210": 0.8980219409923789, "246": 0.8720945545738419, "248": 0.9335934621781633, "202": 0.8311229959955457, "236": 0.8601391183990965, "206": 0.7955272601359307, "221": 0.9949767420272078, "231": 0.9667771893756375, "232": 0.14449678458109552, "244": 0.5808446707006777, "224": 0.9477068043036703, "225": 0.9006714259588862, "241": 0.9865001752117635, "242": 0.7002029063388291, "226": 0.8311229959955457, "229": 0.7818255438676718, "249": 0.8311229959955457, "214": 0.8720945545738419, "220": 0.9949767420272078, "222": 0.9988882682104072, "209": 0.9901079757944491, "227": 0.9713595535558777, "200": 0.9901079757944491, "286": 0.9013207959089523}