{"0": 0.8216912714609571, "1": 0.9157957284855488, "2": 0.4766364945923179, "3": 0.8609392190770424, "4": 0.6260072594908512, "5": 0.8987374023573276, "6": 0.6275903649411593, "7": 0.5059209449896165, "8": 0.5927474742068064, "9": 0.41713896072215917, "10": 0.6025419423455187, "11": 0.3014277915473468, "12": 0.9470957901048165, "13": 0.48113657271127597, "14": 0.9635051318471994, "15": 0.657642569104103, "16": 0.2509905064061316, "17": 0.84418946289723, "18": 0.572183894595488, "19": 0.8287562191304942, "20": 0.813624288914817, "21": 0.03905905308852222, "22": 0.6686430536140769, "23": 0.36078609285070184, "24": 0.9364115178790138, "25": 0.4818344495613388, "26": 0.8326096743259999, "27": 0.3638556809313459, "28": 0.980133147923703, "29": 0.8128551965592921, "30": 0.3513381991478322, "31": 0.22972631955948664, "32": 0.9364596982113518, "33": 0.8298497151028721, "34": 0.7497011221700595, "35": 0.9418460857753708, "36": 0.8849944663879861, "37": 0.9356155407207811, "38": 0.9141130735845608, "40": 0.684961249623832, "41": 0.9901079757944491, "43": 0.7022689724374783, "44": 0.9109242775708097, "45": 0.53361542765685, "46": 0.9252433584349254, "47": 0.3866188030287403, "48": 0.9204817737354929, "49": -0.027144066241102993, "50": 0.967905757640733, "51": 0.9983737266052923, "52": 0.9217586009312606, "59": 0.8316076253923786, "61": 0.2682972741279794, "62": 0.8720945545738419, "64": 0.5590755786185421, "66": 0.9476023808238805, "70": 0.35087608871880105, "71": 0.5679831775363426, "72": 0.8756754309304606, "73": 0.9771451713702621, "76": 0.9472676651898911, "77": 0.2011426332164294, "78": 0.9021221516449848, "81": 0.8366841729045951, "89": 0.5343727877991107, "92": 0.7010120954522201, "93": 0.9949767420272078, "94": 0.9667771893756375, "96": 0.8332808443783379, "98": 0.9949767420272078, "99": 0.9700371969819471, "39": 0.7233347450595491, "42": 0.9196762676827337, "55": 0.9204330867250647, "56": 0.55782978583755, "57": 0.6487520872752499, "58": 0.8998062392572328, "60": 0.6685812721607511, "63": 0.9476023808238805, "65": 0.9711625608873772, "69": 0.5639967673076488, "74": 0.9983737266052923, "79": 0.8453048777385126, "83": 0.9709483288034012, "86": 0.9865001752117635, "91": 0.8809369641871786, "80": 0.7937358642281429, "82": 0.9217455898854673, "87": 0.9488360901438864, "88": 0.7216597150738794, "90": 0.20641358651095307, "97": 0.8720977720763801, "53": 0.9711625608873772, "68": 0.7574311365647997, "84": 0.5283044122876839, "85": 0.8261204300060645, "75": 0.9317922378965104, "54": -0.03156587147432149, "67": 0.9635051318471994, "95": 0.9006714259588862, "103": 0.8366841729045951, "108": 0.8316076253923786, "126": 0.2509905064061316, "138": 0.7782912029730289, "140": 0.13134282679022186, "141": 0.981232131685918, "143": 0.2800011204192964, "146": 0.9204545337732695, "147": 0.9713595535558777, "148": 0.9687175705183642, "111": 0.9335934621781633, "112": 0.9335934621781633, "113": 0.9687175705183642, "114": 0.8688965644538921, "128": 0.6258554633767097, "136": 0.8333468763597425, "139": 0.9865001752117635, "142": 0.757604564146452, "102": 0.8697134878509117, "116": 0.832860782860757, "119": 0.6082976936329352, "121": 0.9180753773976005, "122": 0.8655817455287372, "123": 0.9315684879650371, "124": 0.8654624897863742, "104": 0.8756754309304606, "107": 0.8720945545738419, "134": 0.8311229959955457, "100": 0.9432447077790973, "101": 0.9687175705183642, "129": 0.23032766890594292, "130": -0.0947404194997906, "105": 0.9700371969819471, "110": 0.901748777249892, "118": 0.9713595535558777, "125": 0.7831581017980025, "144": 0.9217586009312606, "109": 0.9949767420272078, "127": 0.9472676651898911, "132": 0.7782912029730289, "115": 0.6236955654053149, "137": 0.7233347450595491, "106": 0.8720945545738419, "135": 0.9093223456592029, "120": 0.5120501550986825, "131": 0.832860782860757, "117": 0.23032766890594292, "133": 0.9129039455580766, "145": 0.9983737266052923, "156": 0.9181169426857589, "163": 0.9983737266052923, "179": 0.8192778384406973, "184": 0.3431187303073333, "186": 0.9988882682104072}