{"0": 0.4218308046635722, "1": 0.9129039455580766, "2": 0.5740001910906721, "3": 0.8446352867590317, "4": 0.3690962936014758, "5": 0.412699862688956, "6": 0.7787939383162538, "7": 0.9132525752046923, "8": 0.942923417458683, "9": 0.8775265032524076, "10": 0.9453520912576178, "11": 0.9096911896636037, "12": 0.9949767420272078, "13": 0.8830833783478265, "14": 0.9687175705183642, "15": 0.9061104814689838, "16": 0.8280814828306626, "17": 0.7824962939969589, "18": 0.8365170505443663, "19": 0.9691939465332382, "20": 0.9573363750671867, "21": 0.7833145592966051, "22": 0.8853431112904293, "23": 0.9432151547278886, "24": 0.942699523539489, "25": 0.9865001752117635, "26": 0.9865001752117635, "27": 0.5799811776941057, "28": 0.7365398254287008, "29": 0.8794961698328488, "30": 0.9865001752117635, "31": 0.8334310701530694, "32": 0.9691939465332382, "33": 0.9884989516004242, "34": 0.7365398254287008, "35": 0.8213445434803914, "36": 0.9713595535558777, "37": 0.8311229959955457, "38": 0.9983737266052923, "40": 0.9830954797357201, "41": 0.9688241791634957, "43": 0.9988882682104072, "44": 0.981232131685918, "45": 0.920017648857659, "46": 0.8192778384406973, "47": 0.7336176094242233, "48": 0.8909116136667745, "49": 0.3885201854651707, "50": 0.8615112575471175, "51": 0.9988882682104072, "52": 0.9140329995531735, "59": 0.6082976936329352, "61": 0.9884989516004242, "62": 0.9777812587919528, "64": 0.9453520912576178, "66": 0.8311229959955457, "70": -0.04837920405163643, "71": 0.9713595535558777, "72": 0.9098698567125048, "73": 0.9777812587919528, "76": 0.8835599668670103, "77": 0.8615112575471175, "78": 0.9713595535558777, "81": 0.963944995920045, "89": 0.9586919378087284, "92": 0.8549476145020383, "93": 0.981232131685918, "94": 0.8978997239936704, "96": 0.9140329995531735, "98": 0.8909116136667745, "99": 0.8188763159117212, "39": 0.9636589083754621, "42": -0.0475896289864841, "55": 0.8272030732920543, "56": 0.9061104814689838, "57": 0.9114644625959997, "58": 0.9140329995531735, "60": 0.8615112575471175, "63": 0.8280814828306626, "65": 0.9884989516004242, "69": 0.9140329995531735, "74": 0.9949767420272078, "79": 0.9983737266052923, "83": 0.8192778384406973, "86": 0.8549476145020383, "91": 0.9140329995531735, "80": 0.9830954797357201, "82": 0.3885201854651707, "87": 0.9983737266052923, "88": 0.9865001752117635, "90": 0.8853431112904293, "97": 0.7336176094242233, "53": 0.9573363750671867, "68": 0.9884989516004242, "84": 0.981232131685918, "85": -0.0475896289864841, "75": 0.6082976936329352, "54": 0.5090991786701287, "67": 0.8365170505443663, "95": 0.9140329995531735, "103": 0.9988882682104072, "108": 0.9098698567125048, "126": 0.9750826465612488, "138": 0.9988882682104072, "140": 0.9304763003992487, "141": 0.8903720116851059, "143": 0.1975043325266742, "146": 0.8794961698328488, "147": 0.9750826465612488, "148": 0.9573363750671867, "111": 0.9304763003992487, "112": 0.9335934621781633, "113": 0.920017648857659, "114": 0.9654973448254043, "128": 0.9713595535558777, "136": 0.8794961698328488, "139": 0.9361488673595424, "142": 0.9884989516004242, "102": 0.9072409240804903, "116": 0.9691939465332382, "119": 0.6082976936329352, "121": 0.8794961698328488, "122": 0.8830833783478265, "123": 0.5609849854360007, "124": 0.9865001752117635, "104": 0.7141588583608788, "107": 0.9865001752117635, "134": 0.8830833783478265, "100": 0.9691939465332382, "101": 0.9988882682104072, "129": 0.7365398254287008, "130": 0.9687175705183642, "105": 0.9865001752117635, "110": 0.9988882682104072, "118": 0.9140329995531735, "125": 0.8720945545738419, "144": -0.14932931480824793, "109": 0.6082976936329352, "127": -0.0475896289864841, "132": 0.9006714259588862, "115": 0.8188763159117212, "137": 0.8794961698328488, "106": 0.8720945545738419, "135": 0.9865001752117635, "120": 0.3690962936014758, "131": 0.8775265032524076, "117": 0.9493540059122985, "133": 0.9304763003992487, "145": 0.9509518987775469, "156": 0.9573363750671867, "163": 0.9865001752117635, "179": 0.920017648857659, "184": 0.8213445434803914, "186": 0.9892581571897634, "178": 0.9988882682104072, "181": 0.8213445434803914, "182": 0.8978997239936704, "183": 0.9865001752117635, "193": 0.8983851212872435, "158": 0.9713595535558777, "165": 0.8688965644538921, "166": 0.8830833783478265, "168": 0.981232131685918, "190": 0.8533643694982009, "196": 0.9140329995531735, "164": 0.9865001752117635, "169": 0.9573363750671867, "174": 0.9988882682104072, "185": 0.3885201854651707, "157": 0.9983737266052923, "173": 0.9865001752117635, "192": 0.9472676651898911, "151": 0.9830954797357201, "180": 0.9074541861500449, "159": 0.9949767420272078, "161": 0.9140329995531735, "162": 0.8794961698328488, "170": 0.981232131685918, "172": 0.9983737266052923, "177": 0.9709483288034012, "187": 0.9335934621781633, "194": 0.8446352867590317, "198": 0.9687175705183642, "150": 0.7787939383162538, "188": 0.9672702438730358, "197": 0.9983737266052923, "153": 0.8446352867590317, "189": 0.23032766890594292, "195": 0.9472676651898911, "154": 0.8463778409804674, "191": 0.9140329995531735, "171": -0.0475896289864841, "212": 0.9865001752117635, "228": 0.9000543078507882, "230": 0.9687175705183642, "210": 0.8980219409923789, "246": 0.8720945545738419, "248": 0.9335934621781633, "202": 0.9091726585479631, "236": 0.614315707939549, "206": 0.7955272601359307, "221": 0.9949767420272078, "231": 0.9667771893756375, "232": 0.14449678458109552, "244": 0.5830765794498906, "224": 0.9477068043036703, "225": 0.9006714259588862, "241": 0.9865001752117635, "242": 0.7002029063388291, "226": 0.9090796779337953, "229": 0.7818255438676718, "249": 0.8311229959955457, "214": 0.8720945545738419, "220": -0.14932931480824793, "222": 0.9988882682104072, "209": 0.9901079757944491, "227": 0.9713595535558777, "200": 0.9901079757944491, "286": 0.9013207959089523, "282": 0.7955272601359307, "259": 0.9006714259588862, "252": 0.8311229959955457, "274": 0.8794961698328488, "279": 0.8311229959955457, "149": 0.9559398348927166, "294": 0.8794961698328488, "254": 0.6526061874683491, "264": 0.9648177708588577, "256": 0.9988882682104072, "261": 0.9453520912576178, "167": 0.8311229959955457, "155": 0.3690962936014758, "152": 0.6082976936329352, "312": 0.523868503082112, "314": 0.9573363750671867, "160": 0.9983737266052923, "366": 0.9884989516004242}