{"0": 0.426571498053043, "1": 0.5931578416281629, "2": 0.8817445513715533, "3": 0.6260072594908512, "4": 0.7247064569105793, "5": 0.40039666929619566, "6": 0.8136422851421765, "7": 0.8409334744494716, "8": 0.8489569732052533, "9": 0.7725758554884502, "10": 0.842947102188196, "11": 0.33262739317646967, "12": 0.9704814302099272, "13": 0.3249589271980394, "14": 0.7233562968344265, "15": 0.9336796674578178, "16": 0.7540779241662452, "17": 0.7075546733458378, "18": 0.6600478424249085, "19": 0.5792223499638832, "20": 0.3689555970798476, "21": 0.7782912029730289, "22": 0.8441257055317077, "23": 0.9093223456592029, "24": 0.6578214786098125, "25": 0.9217455898854673, "26": 0.8693195660918314, "27": 0.5149058008426404, "28": 0.9157957284855488, "29": -0.09739221373406676, "30": 0.3014277915473468, "31": 0.6528765841270063, "32": 0.5620152184426415, "33": 0.12343816344089548, "34": 0.3316069432730816, "35": 0.5657843995966043, "36": 0.8756754309304606, "37": 0.6678093024213296, "38": 0.6774506021333373, "40": 0.8830833783478265, "41": 0.6258554633767097, "43": 0.981232131685918, "44": 0.9093223456592029, "45": 0.8546179968153367, "46": 0.980133147923703, "47": 0.9573146345238671, "48": 0.7979756133661735, "49": 0.9476023808238805, "50": 0.48113657271127597, "51": 0.9217586009312606, "52": 0.20060648027476055, "59": 0.9180753773976005, "61": 0.9672364309982049, "62": 0.9472676651898911, "64": 0.9270169976746598, "66": 0.5920931757809508, "70": 0.7574311365647997, "71": 0.9771451713702621, "72": 0.7328887417864776, "73": 0.619830398968277, "76": 0.9949767420272078, "77": 0.921999206994456, "78": 0.620564581296107, "81": 0.9865001752117635, "89": 0.7116043175588809, "92": 0.8547502765804573, "93": 0.8639847777864562, "94": 0.8688965644538921, "96": 0.7466890867450248, "98": 0.9983737266052923, "99": 0.8302051050303796, "39": 0.7992356996063099, "42": 0.9983737266052923, "55": 0.4515407220895862, "56": 0.96706302647472, "57": 0.6062130938969661, "58": 0.8688965644538921, "60": 0.8062843276951492, "63": 0.9472676651898911, "65": -0.020034380025129916, "69": 0.9125249009341821, "74": 0.981232131685918, "79": 0.9949767420272078, "83": 0.9709483288034012, "86": 0.7782912029730289, "91": 0.9252433584349254, "80": 0.8830281235644627, "82": 0.5294447108015252, "87": 0.9983737266052923, "88": 0.9709483288034012, "90": 0.7045757447777523, "97": 0.6358889267915722, "53": 0.9204330867250647, "68": 0.7971122046526787, "84": 0.9476023808238805, "85": 0.8298497151028721, "75": 0.921999206994456, "54": -0.016422913884859287, "67": 0.9141130735845608, "95": 0.684961249623832, "103": 0.8366841729045951, "108": 0.9709483288034012, "126": 0.7233347450595491, "138": 0.9644804896774047, "140": 0.8756754309304606, "141": 0.8720945545738419, "143": 0.9472676651898911, "146": 0.2818029255133064, "147": 0.9252433584349254, "148": 0.853182746358577, "111": 0.9488360901438864, "112": 0.9432447077790973, "113": 0.9687175705183642, "114": 0.7127301950855451, "128": 0.6445539772142557, "136": 0.8298497151028721, "139": 0.5104872573381166, "142": 0.8953599538075763, "102": 0.9711625608873772, "116": 0.7782912029730289, "119": 0.96706302647472, "121": 0.9180753773976005, "122": 0.981232131685918, "123": 0.8316076253923786, "124": 0.9180753773976005, "104": 0.8117823156968187, "107": 0.6487520872752499, "134": 0.684961249623832, "100": 0.8366841729045951, "101": 0.9711625608873772, "129": 0.6062130938969661, "130": 0.757604564146452, "105": 0.9488360901438864, "110": 0.7544041309705991, "118": 0.9771451713702621, "125": 0.9488360901438864, "144": 0.9949767420272078, "109": 0.8369124642255519, "127": 0.9687175705183642, "132": 0.6526061874683491, "115": 0.5730475298205275, "137": 0.7233347450595491, "106": 0.8316076253923786, "135": 0.9711625608873772, "120": 0.9865001752117635, "131": 0.6815660531926984}