{"0": 0.8918998705150374, "1": 0.9310127754983337, "2": 0.263755577319145, "3": 0.8700165000962381, "4": 0.5245893473669587, "5": 0.41740857132880943, "6": 0.8091767526534996, "7": 0.9507422463744685, "8": 0.6507347485333359, "9": 0.8331087363663148, "10": 0.29979882317839845, "11": 0.5569954147974067, "12": 0.7634150330236524, "13": 0.7948185039635725, "14": 0.44633195421901944, "15": 0.5529710628566511, "16": 0.7425417598060612, "17": 0.37540567929468754, "18": 0.9713595535558777, "19": 0.8995238736482618, "20": 0.6685689385096243, "21": 0.9865001752117635, "22": 0.897721502895218, "23": 0.798298656712025, "24": 0.1660253602539452, "25": 0.30795964500520123, "26": -0.08142169369355176, "27": 0.05651924102348614, "28": -0.16933105853661556, "29": -0.03156587147432149, "30": 0.4514535286619107, "31": 0.8548615396185473, "32": 0.7828599905228542, "33": 0.471039738862605, "34": 0.9777812587919528, "35": 0.832860782860757, "36": 0.6082976936329352, "37": 0.9321349405574981, "38": 0.684961249623832, "40": 0.9907737289176031, "41": 0.8301256069012637, "43": 0.8807061007194629, "44": 0.6196188954656859, "45": 0.9476023808238805, "46": 0.9432447077790973, "47": 0.04335771955503802, "48": 0.4397916013984322, "49": 0.9281763776399854, "50": 0.733402937629024, "51": 0.9886308360437618, "52": 0.8843497809749714, "59": 0.4985935518653239, "61": 0.48539577940953177, "62": 0.881875322540995, "64": 0.8311229959955457, "66": 0.9016627608838315, "70": 0.7499205830975755, "71": 0.4962167061690105, "72": 0.6073028217056597, "73": 0.9884989516004242, "76": 0.9472676651898911, "77": 0.9365371285056078, "78": 0.9713595535558777, "81": -0.0947404194997906, "89": 0.8655817455287372, "92": 0.9988882682104072, "93": 0.9949767420272078, "94": 0.9472676651898911, "96": 0.9509518987775469, "98": 0.9949767420272078, "99": 0.7466890867450248, "39": 0.9255601785703345, "42": 0.9098698567125048, "55": 0.8396372841917765, "56": 0.8764406322379414, "57": -0.49840235056999604, "58": 0.9146530503992909, "60": 0.808060419531548, "63": 0.9138297385785468, "65": 0.935887289163369, "69": 0.30685047983091546, "74": 0.9237997359653143, "79": 0.3885201854651707, "83": 0.7363489542034359, "86": 0.8882156694069981, "91": 0.942923417458683, "80": 0.8464138790455564, "82": -0.14167133689226313, "87": 0.9013207959089523, "88": 0.9949767420272078, "90": 0.981232131685918, "97": -0.2533528214200177, "53": 0.6103724660811018, "54": 0.8517950447995001, "67": 0.5120501550986825, "68": 0.6335425290632055, "75": 0.8351867929527144, "84": 0.14449678458109552, "85": 0.9129039455580766, "95": 0.9830954797357201, "103": 0.8188773417294917, "108": 0.758082860961826, "126": -0.27496486801528375, "138": 0.757604564146452, "140": 0.5808446707006777, "141": 0.981232131685918, "143": 0.1975043325266742, "146": 0.9949767420272078, "147": 0.9777812587919528, "148": 0.9573363750671867, "111": 0.8333468763597425, "112": 0.9335934621781633, "113": 0.9029096440837495, "114": 0.9654973448254043, "128": 0.8655817455287372, "136": 0.9884989516004242, "139": 0.6073028217056597, "142": 0.9586919378087284, "102": 0.978789337755493, "116": 0.7010120954522201, "119": 0.9189796994070691, "121": 0.8794961698328488, "122": 0.8830833783478265, "123": 0.6221959113137245, "124": 0.981232131685918, "104": 0.9983737266052923, "107": 0.9865001752117635, "134": 0.8830833783478265, "100": 0.9949767420272078, "101": 0.9988882682104072, "129": 0.7328887417864776, "130": 0.9086052460406704, "105": 0.9884989516004242, "110": 0.7451525819373325, "118": 0.9140329995531735, "125": 0.8720945545738419, "144": 0.9687175705183642, "109": 0.9949767420272078, "127": 0.9472676651898911, "132": 0.9006714259588862, "115": 0.8188763159117212, "137": 0.9006714259588862, "106": 0.9477068043036703, "135": 0.9865001752117635, "120": 0.7002029063388291, "131": 0.9983737266052923, "117": 0.9493540059122985, "133": 0.9335934621781633, "145": 0.9509518987775469, "156": 0.888367791813524, "163": 0.9983737266052923, "179": 0.8192778384406973, "184": 0.8213445434803914, "186": 0.8720945545738419, "178": 0.9988882682104072, "181": 0.8213445434803914, "182": 0.9884989516004242, "183": 0.9865001752117635, "193": 0.8983851212872435, "158": 0.9713595535558777, "165": 0.8688965644538921, "166": 0.8830833783478265, "168": 0.9140329995531735, "190": 0.8533643694982009, "196": 0.9140329995531735, "164": 0.9865001752117635, "169": 0.6061367038825813, "174": 0.9988882682104072, "185": 0.6284436739232024, "157": 0.523868503082112, "173": 0.8946708982650449, "192": 0.9472676651898911, "151": 0.8809389516283095, "180": 0.9074541861500449, "159": 0.9949767420272078, "161": 0.8688965644538921, "162": 0.6494747637317144, "170": 0.7010120954522201, "172": 0.5727355528053012, "177": 0.9709483288034012, "187": 0.9335934621781633, "194": 0.8446352867590317, "198": 0.9687175705183642, "150": 0.9726470427282614, "188": 0.9672702438730358, "197": 0.9983737266052923, "153": 0.9949767420272078, "189": 0.23032766890594292, "195": 0.9472676651898911, "154": 0.8463778409804674, "191": 0.9140329995531735, "171": -0.0475896289864841, "212": 0.9865001752117635, "228": 0.9592332369017739, "230": 0.9687175705183642, "210": 0.8980219409923789, "246": 0.8720945545738419, "248": 0.9335934621781633, "202": 0.9091726585479631, "236": 0.614315707939549, "206": 0.7955272601359307, "221": 0.9949767420272078, "231": 0.9667771893756375, "232": 0.14449678458109552, "244": 0.5830765794498906, "224": 0.9477068043036703, "225": 0.9006714259588862, "241": 0.9865001752117635, "242": 0.7002029063388291, "226": 0.9090796779337953, "229": 0.7818255438676718, "249": 0.8311229959955457, "214": 0.8720945545738419, "220": 0.9129039455580766, "222": 0.9988882682104072, "209": 0.9901079757944491, "227": 0.9713595535558777, "200": 0.9901079757944491, "286": 0.9013207959089523, "282": 0.7955272601359307, "259": 0.9006714259588862, "252": 0.8311229959955457, "274": 0.8794961698328488, "279": 0.8311229959955457, "149": 0.9865001752117635, "294": 0.8794961698328488, "254": 0.6526061874683491, "264": 0.832860782860757, "256": 0.1975043325266742, "261": 0.9687175705183642, "167": 0.668827786257042}