{"0": 0.1140441259606046, "1": 0.8040304725140299, "2": 0.2509905064061316, "3": 0.6645511274365897, "4": 0.9180753773976005, "5": 0.40372062253487895, "6": 0.9013207959089523, "7": 0.8259214369404496, "8": 0.9432447077790973, "9": 0.980133147923703, "10": 0.5980084337551699, "11": 0.9459069968382705, "12": 0.8938772884269843, "13": 0.53361542765685, "14": 0.854869588227356, "15": 0.5929463479178985, "16": 0.8889214944185417, "17": 0.743580504898264, "18": 0.28683413918507206, "19": 0.952640111361408, "20": 0.575179193640408, "21": 0.7336565076444184, "22": 0.8805558672433613, "23": 0.8483455557617403, "24": 0.792699613768703, "25": 0.9437088136223435, "26": 0.9646485341368656, "27": 0.9710685701243187, "28": 0.9509907318862396, "29": 0.9237997359653143, "30": 0.7669301099235952, "31": -0.3744739590017734, "32": 0.9181169426857589, "33": 0.9141130735845608, "34": 0.6625643685694007, "35": 0.9771451713702621, "36": 0.8964966694114829, "37": 0.8688965644538921, "38": 0.8949211271494089, "40": 0.978789337755493, "41": 0.9901079757944491, "43": 0.9548140641345824, "44": 0.6221959113137245, "45": 0.9672702438730358, "46": 0.5808446707006777, "47": 0.7782912029730289, "48": 0.9140329995531735, "49": 0.967905757640733, "50": 0.9488360901438864, "51": 0.17701882824091913, "52": 0.9476023808238805, "59": 0.8830833783478265, "61": 0.3866188030287403, "62": 0.4315552873866565, "64": 0.9252433584349254, "66": 0.7116043175588809, "70": 0.7425417598060612, "71": 0.9711625608873772, "72": 0.757604564146452, "73": 0.8194670366904375, "76": 0.8756754309304606, "77": 0.7010120954522201, "78": 0.13094961594978277, "81": 0.9016627608838315, "89": 0.8655817455287372, "92": 0.29039452360176676, "93": 0.967905757640733, "94": 0.9335934621781633, "96": 0.3505713185448719, "98": 0.9949767420272078, "99": 0.6318536571836258, "39": 0.6832849641513881, "42": 0.5358827365043197, "55": 0.7016430386802859, "56": 0.8311229959955457, "57": 0.44047881408229506, "58": 0.9204330867250647, "60": 0.3750773176943808, "63": 0.9687175705183642, "65": 0.1975043325266742, "69": 0.9777812587919528, "74": 0.7466890867450248, "79": 0.9949767420272078, "83": 0.9006714259588862, "86": 0.9316966264562736, "91": 0.6272050181110387, "80": 0.8557147935906531, "82": 0.9090796779337953, "87": 0.9983737266052923, "88": 0.14449678458109552, "90": 0.6196188954656859, "97": 0.9488360901438864, "53": 0.25200880240500323, "54": 0.8688965644538921, "67": 0.9141130735845608, "68": 0.8261204300060645, "75": 0.9204330867250647, "84": 0.9949767420272078, "85": 0.9983737266052923, "95": 0.8316076253923786, "103": 0.9830954797357201, "108": 0.758082860961826, "126": 0.2509905064061316, "138": 0.757604564146452, "140": 0.13134282679022186, "141": 0.981232131685918, "143": 0.9472676651898911, "146": 0.8720945545738419, "147": 0.9713595535558777, "148": 0.8756754309304606, "111": 0.831315809318495, "112": 0.9074541861500449, "113": 0.7818255438676718, "114": 0.9473892126416081, "128": 0.8720945545738419, "136": 0.9687175705183642, "139": 0.9865001752117635, "142": 0.832860782860757, "102": 0.48771932999233114, "116": 0.9477068043036703, "119": 0.981232131685918, "121": 0.8720945545738419, "122": 0.7010120954522201, "123": 0.9018630819062468, "124": 0.981232131685918, "104": 0.7466890867450248, "107": 0.7336565076444184, "134": 0.7419184683448392, "100": 0.5806278085404705, "101": 0.757604564146452, "129": 0.9006714259588862, "130": 0.9642811283825925, "105": 0.3431187303073333, "110": 0.8326096743259999, "118": 0.684961249623832, "125": 0.9488360901438864, "144": 0.947640553051555, "109": 0.8830833783478265, "127": 0.9472676651898911, "132": 0.7782912029730289, "115": 0.940415093775196, "137": 0.7821694225012211, "106": 0.8332808443783379, "135": 0.5120501550986825, "120": 0.6487111246053656, "131": 0.832860782860757, "117": 0.7451525819373325, "133": 0.9129039455580766, "145": 0.9983737266052923, "156": 0.5606333133258026, "163": 0.9983737266052923, "179": 0.8192778384406973, "184": 0.8213445434803914, "186": 0.9140329995531735, "178": 0.733402937629024, "181": 0.8213445434803914, "182": 0.7093816825109669, "183": 0.956460985280722, "193": 0.8316076253923786, "158": 0.897738363336651, "165": 0.8688965644538921, "166": 0.8830833783478265, "168": 0.9316966264562736, "190": 0.7010120954522201, "196": 0.9140329995531735, "164": 0.9865001752117635, "169": 0.981232131685918, "174": 0.9988882682104072, "185": 0.8316076253923786, "157": 0.8366841729045951, "173": 0.6821030813261982, "192": 0.9335934621781633, "151": 0.8809389516283095, "180": 0.6010709993751915, "159": 0.9129039455580766, "161": 0.8688965644538921, "162": 0.6494747637317144, "170": 0.7466890867450248, "172": 0.8366841729045951, "177": 0.9709483288034012, "187": 0.9335934621781633, "194": 0.684961249623832, "198": 0.8720945545738419, "150": 0.7782912029730289, "188": 0.9672702438730358, "197": 0.6082976936329352, "153": 0.9949767420272078, "189": 0.23032766890594292, "195": 0.9472676651898911, "154": 0.8463778409804674, "191": 0.9140329995531735, "171": 0.981232131685918, "212": 0.9865001752117635, "228": 0.8537946221448134, "230": 0.14449678458109552, "210": 0.8980219409923789, "246": 0.8720945545738419, "248": 0.8978551441977376, "202": 0.9091726585479631, "236": 0.614315707939549}