{"0": 0.8536357420102894, "1": 0.8128551965592921, "2": 0.9093223456592029, "3": 0.5905357269786584, "4": 0.47375041638672777, "5": 0.5920931757809508, "6": 0.9315684879650371, "7": 0.146496758185714, "8": 0.9217586009312606, "9": 0.2766104727276304, "10": 0.839959919104204, "11": 0.34798782986239263, "12": 0.6821030813261982, "13": 0.23032766890594292, "14": 0.5980084337551699, "15": 0.6196188954656859, "16": 0.7116043175588809, "17": 0.9013207959089523, "18": 0.13069255931921245, "19": 0.48113657271127597, "20": 0.8727104168106703, "21": 0.5070644983107764, "22": 0.901557766682243, "23": 0.8292426892435174, "24": -0.03156587147432149, "25": 0.8031888154399565, "26": 0.7437328602714011, "27": 0.8655817455287372, "28": 0.6010709993751915, "29": 0.9901079757944491, "30": 0.6058103655050147, "31": 0.9180753773976005, "32": 0.48607992823877844, "33": 0.7684849226889559, "34": 0.841121674857908, "35": 0.9456500726951311, "36": 0.981232131685918, "37": 0.48652483919001444, "38": 0.000722957805710489, "40": 0.9710685701243187, "41": 0.8366841729045951, "43": 0.9711625608873772, "44": 0.6236955654053149, "45": 0.9477068043036703, "46": 0.9476023808238805, "47": 0.3481767917250045, "48": 0.9687175705183642, "49": 0.6526061874683491, "50": 0.5894869790125996, "51": 0.9700371969819471, "52": 0.8333468763597425, "59": 0.8271072745261993, "61": 0.7193369430604821, "62": 0.7466890867450248, "64": 0.980133147923703, "66": 0.5120501550986825, "70": 0.9141130735845608, "71": 0.9713595535558777, "72": 0.8311229959955457, "73": 0.9021221516449848, "76": 0.9432447077790973, "77": 0.6487520872752499, "78": 0.9093223456592029, "81": 0.757604564146452, "89": 0.40935448314745815, "92": 0.6236955654053149, "93": 0.9949767420272078, "94": 0.832860782860757, "96": 0.684961249623832, "98": 0.6082976936329352, "99": 0.9713595535558777, "39": 0.9204330867250647, "42": 0.8727754159158532, "55": 0.5292372992733182, "56": 0.8995238736482618, "57": 0.8809396244696035, "58": 0.9704631291335517, "60": 0.3704862501212974, "63": 0.6526061874683491, "65": 0.7782912029730289, "69": 0.978789337755493, "74": 0.9949767420272078, "79": 0.9129039455580766, "83": 0.8192778384406973, "86": 0.9335934621781633, "91": 0.901748777249892, "80": 0.9140329995531735, "82": 0.8292426892435174, "87": 0.48607992823877844, "88": 0.9777812587919528, "90": 0.9472676651898911, "97": 0.9129039455580766, "53": 0.8688965644538921, "68": 0.1416938655417028, "84": 0.9340071081722181, "85": 0.8463778409804674, "75": 0.8261204300060645, "54": 0.922705653532762, "67": 0.8697134878509117, "95": 0.8655817455287372, "103": 0.9865001752117635, "108": 0.9488360901438864, "126": 0.2509905064061316, "138": 0.8192778384406973, "140": 0.7116043175588809, "141": 0.981232131685918, "143": 0.9472676651898911, "146": 0.8546179968153367, "147": 0.5894869790125996, "148": 0.5358827365043197, "111": 0.9141130735845608, "112": 0.9587780833337113, "113": 0.9453520912576178, "114": 0.3615041464724502, "128": 0.9006714259588862, "136": 0.9687175705183642, "139": 0.6082976936329352, "142": 0.832860782860757, "102": 0.8720945545738419, "116": 0.7010120954522201, "119": 0.7419184683448392, "121": 0.831315809318495, "122": 0.8333468763597425, "123": 0.8192778384406973, "124": 0.8990338733006693, "104": 0.9777812587919528, "107": 0.8756754309304606, "134": 0.7419184683448392, "100": 0.9949767420272078, "101": 0.9988882682104072, "129": 0.9006714259588862, "130": 0.967905757640733, "105": 0.8756754309304606, "110": 0.8366841729045951, "118": 0.9988882682104072, "125": 0.38746020307642964, "144": 0.9865001752117635, "109": 0.6082976936329352, "127": 0.9472676651898911, "132": 0.6526061874683491, "115": 0.5730475298205275, "137": 0.9324646889865593, "106": 0.9140329995531735, "135": 0.9865001752117635, "120": 0.8912663949925073, "131": 0.8333468763597425, "117": 0.14449678458109552, "133": 0.9335934621781633, "145": 0.9983737266052923, "156": 0.9021221516449848, "163": 0.9983737266052923, "179": 0.8192778384406973, "184": 0.5808446707006777, "186": 0.8720945545738419, "178": 0.733402937629024, "181": 0.8213445434803914, "182": 0.8366841729045951, "183": 0.9865001752117635, "193": 0.6272050181110387, "158": 0.38289412569515124, "165": 0.8688965644538921, "166": 0.8830833783478265, "168": 0.9316966264562736, "190": 0.8533643694982009, "196": 0.9140329995531735, "164": 0.9865001752117635, "169": 0.981232131685918, "174": 0.9988882682104072, "185": 0.8366841729045951, "157": 0.5606333133258026, "173": 0.8946708982650449, "192": 0.9472676651898911, "151": 0.8809389516283095, "180": 0.9771451713702621, "159": 0.9949767420272078, "161": 0.8688965644538921, "162": 0.6494747637317144, "170": 0.7010120954522201, "172": 0.9087732864468079, "177": 0.9709483288034012, "187": 0.9335934621781633, "194": 0.1975043325266742, "198": 0.8720945545738419, "150": 0.47375041638672777, "188": 0.9672702438730358, "197": 0.9983737266052923, "153": 0.9949767420272078, "189": 0.23032766890594292, "195": 0.9140329995531735, "154": 0.8463778409804674, "191": 0.9140329995531735, "171": 0.6082976936329352, "212": 0.9865001752117635, "228": 0.8537946221448134, "230": 0.9687175705183642, "210": 0.8980219409923789, "246": 0.8720945545738419, "248": 0.8978551441977376, "202": 0.8311229959955457, "236": 0.8601391183990965, "206": 0.7955272601359307, "221": 0.9949767420272078, "231": 0.9667771893756375, "232": 0.14449678458109552, "244": 0.5808446707006777, "224": 0.9477068043036703, "225": 0.9006714259588862, "241": 0.9865001752117635, "242": 0.6221959113137245, "226": 0.8311229959955457, "229": 0.7818255438676718, "249": 0.8311229959955457, "214": 0.8720945545738419, "220": 0.9129039455580766, "222": 0.9988882682104072}