{"0": 0.35087608871880105, "1": 0.9364115178790138, "2": 0.8298497151028721, "3": 0.20641358651095307, "4": 0.7403825242575224, "5": 0.9709483288034012, "6": 0.8688965644538921, "7": 0.804994642060773, "8": 0.8999658438412826, "9": 0.7419184683448392, "10": 0.9217586009312606, "11": 0.775973144300931, "12": 0.684961249623832, "13": 0.5460060132557834, "14": 0.8205673398734163, "15": 0.3017841680687021, "16": 0.5639967673076488, "17": 0.5343727877991107, "18": 0.8756754309304606, "19": 0.9476023808238805, "20": 0.7937358642281429, "21": 0.9141130735845608, "22": 0.9204330867250647, "23": 0.8591488675651155, "24": 0.8805558672433613, "25": 0.3853391078878501, "26": 0.8509690755583822, "27": 0.9196762676827337, "28": 0.8029890641979753, "29": 0.8825982911229424, "30": 0.757604564146452, "31": 0.6258554633767097, "32": 0.7849051512489771, "33": 0.7821694225012211, "34": 0.7234695324764673, "35": 0.9865001752117635, "36": 0.8117823156968187, "37": 0.9177778432333028, "38": 0.8366841729045951, "40": 0.9217455898854673, "41": 0.2011426332164294, "43": 0.7849001521249795, "44": 0.6022774452433992, "45": 0.9079624269628734, "46": 0.9449277469107293, "47": 0.48771932999233114, "48": 0.9204817737354929, "49": 0.7288769931091931, "50": 0.978789337755493, "51": 0.8453048777385126, "52": 0.831315809318495, "59": 0.8794961698328488, "61": 0.8316076253923786, "62": 0.4315552873866565, "64": 0.8756754309304606, "66": 0.7116043175588809, "70": 0.3431187303073333, "71": 0.9687175705183642, "72": 0.757604564146452, "73": 0.9472676651898911, "76": 0.8756754309304606, "77": 0.8302051050303796, "78": 0.1975043325266742, "81": 0.9016627608838315, "89": 0.4795717807011821, "92": 0.9477068043036703, "93": 0.7010120954522201, "94": 0.9335934621781633, "96": 0.3505713185448719, "98": 0.9488360901438864, "99": 0.9983737266052923, "39": 0.6832849641513881, "42": 0.48574128400034783, "55": 0.8720945545738419, "56": 0.7303502533681094, "57": 0.7782912029730289, "58": 0.4375200121653842, "60": 0.8720977720763801, "63": 0.9524040254030852, "65": 0.9335934621781633, "69": 0.9140329995531735, "74": 0.2509905064061316, "79": 0.9949767420272078, "83": 0.9592332369017739, "86": 0.8311229959955457, "91": 0.832860782860757, "80": 0.8557147935906531, "82": 0.9771451713702621, "87": 0.9983737266052923, "88": 0.8192778384406973, "90": 0.6061367038825813, "97": 0.9488360901438864, "53": 0.12936162623541916, "54": -0.027144066241102993, "67": 0.9006714259588862, "68": 0.6413911019625415, "75": 0.967905757640733, "84": 0.9141130735845608, "85": 0.1656630649315574, "95": 0.8316076253923786, "103": 0.7116043175588809, "108": 0.758082860961826, "126": 0.2509905064061316, "138": 0.9432447077790973, "140": 0.9949767420272078, "141": 0.981232131685918, "143": 0.9472676651898911, "146": 0.8720945545738419, "147": 0.9713595535558777, "148": 0.8756754309304606, "111": 0.9013207959089523, "112": 0.9983737266052923, "113": 0.7818255438676718, "114": 0.8830833783478265, "128": 0.9006714259588862, "136": 0.9687175705183642, "139": 0.9865001752117635, "142": 0.832860782860757, "102": 0.9687175705183642, "116": 0.9477068043036703, "119": 0.981232131685918, "121": 0.8830833783478265, "122": 0.7010120954522201, "123": 0.9018630819062468, "124": 0.627991012045094, "104": 0.733402937629024, "107": 0.9140329995531735, "134": 0.7419184683448392, "100": 0.5806278085404705, "101": 0.9988882682104072, "129": 0.9006714259588862, "130": 0.9642811283825925, "105": 0.9672702438730358, "110": 0.9477068043036703, "118": 0.684961249623832, "125": 0.9488360901438864, "144": 0.947640553051555, "109": 0.9825033311030087, "127": 0.9472676651898911, "132": 0.7782912029730289, "115": 0.5730475298205275, "137": 0.9324646889865593, "106": 0.8332808443783379, "135": 0.5120501550986825, "120": 0.6487111246053656, "131": 0.832860782860757, "117": 0.9691939465332382, "133": 0.9129039455580766, "145": 0.9983737266052923, "156": 0.5808446707006777, "163": 0.9983737266052923, "179": 0.8192778384406973, "184": 0.5808446707006777, "186": 0.7466890867450248, "178": 0.733402937629024, "181": 0.8213445434803914, "182": 0.9642811283825925, "183": 0.6082976936329352, "193": 0.8316076253923786, "158": 0.897738363336651, "165": 0.8688965644538921, "166": 0.8830833783478265, "168": 0.9316966264562736, "190": 0.7010120954522201, "196": 0.9140329995531735, "164": 0.9865001752117635, "169": 0.981232131685918, "174": 0.9988882682104072, "185": 0.8316076253923786, "157": 0.8366841729045951, "173": 0.6821030813261982, "192": 0.9335934621781633, "151": 0.8809389516283095, "180": 0.757604564146452, "159": 0.9129039455580766, "161": 0.8688965644538921, "162": 0.6494747637317144, "170": 0.7466890867450248, "172": 0.8366841729045951, "177": 0.9709483288034012, "187": 0.9335934621781633, "194": 0.684961249623832, "198": 0.8720945545738419, "150": 0.7782912029730289, "188": 0.9672702438730358, "197": 0.6082976936329352, "153": 0.9949767420272078, "189": 0.23032766890594292, "195": 0.9472676651898911, "154": 0.8463778409804674, "191": 0.9140329995531735, "171": 0.981232131685918, "212": 0.9865001752117635, "228": 0.8537946221448134, "230": 0.14449678458109552, "210": 0.8980219409923789, "246": 0.8720945545738419, "248": 0.8978551441977376, "202": 0.9091726585479631, "236": 0.614315707939549, "206": 0.7955272601359307, "221": 0.9949767420272078, "231": 0.9667771893756375, "232": 0.14449678458109552, "244": 0.981232131685918}