{"0": 0.6075501860763335, "1": 0.9326170010042325, "2": 0.6755221853124036, "3": 0.5653242302265072, "4": 0.6910294398718778, "5": 0.21128677785160954, "6": 0.6296624353512739, "7": 0.7496293598194063, "8": 0.8147029797501952, "9": 0.6125023931320412, "10": 0.7127301950855451, "11": 0.1610412825494442, "12": 0.3067445956070036, "13": 0.843397740215887, "14": 0.789147070732364, "15": 0.7889842841200434, "16": 0.2340349269278049, "17": 0.5807321106211968, "18": 0.8744174340434827, "19": 0.8020121717905242, "20": 0.18293795068874083, "21": 0.35666160646392053, "22": 0.7295859560759568, "23": 0.921999206994456, "24": 0.558619455294671, "25": 0.9217586009312606, "27": 0.4340184493973487, "28": 0.6959556129579432, "29": 0.5786232597120047, "31": 0.8066821417371055, "32": 0.849427127191025, "33": 0.8216912714609571, "34": 0.716682951966982, "35": 0.7797578645995822, "36": 0.9064102699220622, "37": 0.9356155407207811, "38": 0.5299585756370175, "39": 0.6283282402855335, "40": 0.8325423409391636, "41": 0.5685866553822061, "42": 0.481693595443906, "43": 0.5411134641290123, "44": 0.9604526003642835, "45": 0.7856312790148056, "46": 0.9539519567428785, "48": 0.9949767420272078, "55": 0.44068624811126866, "56": 0.5890929426013082, "57": 0.6487520872752499, "58": 0.48113657271127597, "60": 0.9227641550709345, "63": 0.20719309844180892, "65": 0.9711625608873772, "69": 0.9865001752117635, "71": 0.5090752095208848, "72": 0.7774095451524285, "73": 0.6649430807089585, "74": 0.5575717328765, "77": 0.6236955654053149, "79": 0.7233347450595491, "81": 0.8366841729045951, "83": 0.9709483288034012, "86": 0.9196762676827337, "91": 0.6260072594908512, "94": 0.9252433584349254}