{"0": 0.5294447108015252, "1": 0.7656795889785828, "2": 0.5615939019057911, "3": 0.7229534570939476, "4": 0.9133056583232569, "5": 0.7560389123664026, "6": 0.8617108480534639, "7": 0.4137582499815916, "8": 0.8971277989018693, "9": 0.7604755292429785, "10": 0.45353462688471413, "11": 0.8277105652656794, "12": 0.8692598006424397, "13": 0.7706003353827079, "14": 0.7414351047904555, "15": 0.03842797701109673, "16": 0.12828206363212857, "17": 0.7995937005332028, "18": 0.6553091854064342, "19": 0.8058400438480064, "20": 0.6033229221637435, "21": 0.5418338328729526, "22": 0.8878011756923945, "23": 0.9157957284855488, "24": 0.5358827365043197, "25": -0.1789349021949592, "26": 0.8688965644538921, "27": 0.757604564146452, "28": 0.5063641929951099, "29": 0.6328775833354499, "30": 0.8114020453881604, "31": 0.9711625608873772, "32": 0.8590567583818747, "33": 0.8298497151028721, "34": 0.9283287383378318, "35": 0.9129262847534456, "36": 0.8288506015077566, "37": 0.3119625514647911, "38": 0.394864259973722, "40": 0.7841963209742806, "41": 0.6871389876569667, "43": 0.6123214615838326, "44": 0.7386900108889455, "45": 0.5060961986577246, "46": 0.6649043517537533, "47": 0.8251599375915066, "48": 0.65265896530266, "49": -0.027144066241102993, "50": 0.9449277469107293, "51": 0.9983737266052923, "52": 0.7116043175588809, "59": 0.6794396154367384, "61": 0.8590610849305997, "62": 0.8720945545738419, "64": 0.5590755786185421, "66": 0.27651093854946196, "70": 0.9949767420272078, "71": 0.8756754309304606, "72": 0.7669301099235952, "73": 0.4219681529574114, "76": 0.9472676651898911, "77": 0.2011426332164294, "78": 0.9021221516449848, "81": 0.7366732979637122, "89": 0.36116048122407557, "92": 0.853182746358577, "93": 0.37533258554228177, "94": 0.9988882682104072, "96": 0.49376421836332324, "98": 0.5927353888897884, "99": 0.9700371969819471, "39": 0.8830281235644627, "42": 0.3402843498579266, "55": 0.8283250274700487, "56": 0.9217586009312606, "57": 0.7956106991278455, "58": 0.8998062392572328, "60": 0.9709483288034012, "63": 0.8463778409804674, "65": 0.9983737266052923, "69": 0.5639967673076488, "74": 0.9865001752117635, "79": 0.5072227971089143, "83": 0.9242020608746884, "86": 0.9090796779337953, "91": 0.8807061007194629, "80": 0.9830954797357201, "82": 0.5453052173669288, "87": 0.790895115314266, "88": 0.5454377007950747, "90": -0.005322249286854937, "97": 0.8720977720763801, "53": 0.9711625608873772, "68": 0.7574311365647997, "84": 0.9259466055002197, "85": 0.8261204300060645, "75": 0.9317922378965104, "54": -0.03156587147432149, "67": 0.9635051318471994, "95": 0.8717840960341987, "103": 0.8366841729045951, "108": 0.8316076253923786, "126": 0.2509905064061316, "138": 0.7782912029730289, "140": 0.13134282679022186, "141": 0.981232131685918, "143": 0.2800011204192964, "146": 0.2818029255133064, "147": 0.9713595535558777, "148": -0.6839958387610735, "111": 0.9335934621781633, "112": 0.9013207959089523, "113": 0.9687175705183642, "114": 0.8688965644538921, "128": 0.6258554633767097, "136": 0.8333468763597425, "139": 0.9865001752117635, "142": 0.757604564146452, "102": 0.8697134878509117, "116": 0.5001504920796276, "119": 0.6082976936329352, "121": 0.8830833783478265, "122": 0.8720945545738419, "123": 0.8546179968153367, "124": 0.981232131685918, "104": 0.8756754309304606, "107": 0.8720945545738419, "134": 0.8311229959955457, "100": 0.9432447077790973, "101": 0.9687175705183642, "129": 0.23032766890594292, "130": -0.0947404194997906, "105": 0.9700371969819471, "110": 0.901748777249892, "118": 0.9713595535558777, "125": 0.7831581017980025, "144": 0.9217586009312606, "109": 0.9949767420272078, "127": 0.9472676651898911, "132": 0.7782912029730289, "115": 0.6236955654053149, "137": 0.7233347450595491, "106": 0.8720945545738419, "135": 0.9093223456592029, "120": 0.5120501550986825, "131": 0.832860782860757, "117": 0.23032766890594292, "133": 0.9129039455580766, "145": 0.9983737266052923, "156": 0.9181169426857589, "163": 0.9983737266052923, "179": 0.8192778384406973, "184": 0.3431187303073333, "186": 0.9988882682104072, "178": 0.9587780833337113, "181": 0.8213445434803914, "182": 0.7093816825109669, "183": 0.7481107270482277, "193": 0.6222161685970022}