{"0": 0.9539519567428785, "1": 0.34925759347273605, "2": 0.7873897911526725, "3": 0.8718407791000566, "4": 0.5812267392677213, "5": 0.6327740437888166, "6": 0.921999206994456, "7": 0.4930367275481386, "8": 0.7146534890473241, "9": 0.38593483716094246, "10": 0.34967456334810976, "11": 0.41415649774742447, "12": 0.7612829921360758, "13": 0.8859238697813507, "14": 0.9124731470496911, "15": 0.716682951966982, "16": 0.8446794787758143, "17": 0.5179729526637489, "18": 0.1140441259606046, "19": 0.5946270152189275, "20": 0.8124465791272606, "21": 0.8685189063681069, "22": 0.841832887969435, "23": 0.4123102036343764, "24": 0.4245356261814669, "25": 0.7774095451524285, "26": 0.8219002575762259, "27": 0.4802717574787696, "28": 0.5090752095208848, "29": 0.981232131685918, "30": 0.7363235205463128, "31": 0.48113657271127597, "32": 0.8743034803525781, "33": 0.7407383592732925, "34": 0.44745455128416867, "35": -0.22353891965082884, "36": 0.721502482876155, "37": 0.8216912714609571, "38": 0.980133147923703, "40": 0.6487520872752499, "41": 0.9704814302099272, "43": 0.25858000836424255, "44": 0.8132803932024162, "45": 0.4562633568800467, "46": 0.5097137091489985, "47": 0.6260072594908512, "48": 0.8310753650371385, "49": 0.6536207273322064, "50": 0.921999206994456, "51": 0.38708455115700025, "52": 0.8546179968153367, "59": 0.9217586009312606, "61": 0.757604564146452, "62": 0.9363102851791325, "64": 0.9133056583232569, "66": 0.6678093024213296, "70": -0.22353891965082884, "71": 0.5171850145507579, "72": 0.757604564146452, "73": 0.8394885437480385, "76": 0.7637396974633953, "77": 0.9157957284855488, "78": 0.9021221516449848, "81": 0.9865001752117635, "89": 0.8441257055317077, "92": 0.7658701887411197, "93": 0.9488360901438864, "94": 0.9472676651898911, "96": 0.9157957284855488, "98": 0.8471466472201166, "99": 0.9949767420272078, "39": 0.684961249623832, "42": 0.9983737266052923, "55": 0.9217586009312606, "56": 0.792699613768703, "57": 0.8938772884269843, "58": 0.3014277915473468, "60": 0.8953599538075763, "63": 0.8695956417446438, "65": 0.9687175705183642, "69": 0.8479671330960867, "74": 0.8366841729045951, "79": 0.8547502765804573, "83": 0.9709483288034012, "86": 0.9865001752117635, "91": 0.48113657271127597, "80": 0.8830281235644627, "82": 0.6258554633767097, "87": 0.48113657271127597, "88": 0.6123214615838326, "90": 0.9196762676827337, "97": 0.6358889267915722, "53": 0.7002513184273723, "68": 0.6526061874683491, "84": 0.9949767420272078, "85": 0.9983737266052923, "75": 0.5932744041696927, "54": 0.6356738946847988, "67": 0.9141130735845608, "95": 0.684961249623832, "103": 0.8366841729045951, "108": 0.8822738782105426, "126": 0.7233347450595491, "138": 0.9949767420272078, "140": 0.9196762676827337, "141": 0.981232131685918, "143": 0.9472676651898911, "146": 0.2818029255133064, "147": 0.9771451713702621, "148": 0.8756754309304606, "111": 0.8591239839651712, "112": 0.3014277915473468, "113": 0.9687175705183642, "114": 0.8688965644538921, "128": 0.8720945545738419, "136": 0.8298497151028721, "139": 0.9865001752117635, "142": 0.757604564146452, "102": 0.8277105652656794, "116": 0.5063641929951099, "119": 0.96706302647472, "121": 0.9180753773976005, "122": 0.9709483288034012, "123": 0.8546179968153367, "124": 0.981232131685918, "104": 0.8117823156968187, "107": 0.6487520872752499, "134": 0.9204330867250647, "100": 0.9252433584349254, "101": 0.757604564146452, "129": 0.619830398968277, "130": 0.3837626579133526, "105": 0.53361542765685, "110": 0.8688965644538921, "118": 0.9711625608873772, "125": 0.9488360901438864, "144": 0.9709483288034012}