{"0": 0.9053622125320325, "1": 0.37301333644486173, "2": 0.7923975123858403, "3": 0.19636038889005966, "4": 0.9315684879650371, "5": 0.7646757269224965, "6": 0.41716925417318257, "7": 0.5410752967980765, "8": 0.5292378121730696, "9": 0.3067151028763181, "10": 0.6967012222928748, "11": 0.41247311771951933, "12": 0.8642616605705435, "13": 0.8937292646683588, "14": 0.37540567929468754, "15": 0.1864354156823636, "16": 0.0882759782354223, "17": 0.5513144173319915, "18": 0.26136390952185357, "19": 0.29830921354618783, "20": 0.6443955829734422, "21": 0.660673913766087, "22": 0.6397620421540968, "23": 0.424062593700137, "24": 0.5198685220641122, "25": 0.8475814908605418, "26": 0.557010402473584, "27": 0.48113657271127597, "28": 0.7425417598060612, "29": 0.3778574483795422, "30": 0.5685866553822061, "31": 0.8755225610321277, "32": 0.8928144447523121, "33": 0.3641110015527814, "34": 0.8126874765373676, "35": -0.03156587147432149, "36": 0.23032766890594292, "37": 0.8178413482602938, "38": 0.684961249623832, "40": 0.3366835704077431, "41": 0.7750054133812562, "43": -0.0947404194997906, "44": 0.9217586009312606, "45": 0.8016408203693159, "46": 0.6685812721607511, "47": 0.8809396244696035, "48": 0.5968611232684455, "49": 0.6526061874683491, "50": 0.8646846833957632, "51": 0.7634150330236524, "52": 0.8333468763597425, "59": 0.8128551965592921, "61": 0.8192778384406973, "62": 0.9711625608873772, "64": 0.6491935015945167, "66": 0.6013506347590544, "70": 0.799615023321244, "71": 0.9865001752117635, "72": 0.6260072594908512, "73": 0.9021221516449848, "76": 0.981232131685918, "77": 0.9983737266052923, "78": 0.9093223456592029, "81": 0.6258554352216742, "89": 0.8756754309304606, "92": 0.8720945545738419, "93": 0.9949767420272078, "94": 0.832860782860757, "96": 0.9700371969819471, "98": 0.6082976936329352, "99": 0.9713595535558777, "39": 0.34384838052099814, "42": 0.7637396974633953, "55": 0.8311229959955457, "56": 0.8216912714609571, "57": 0.901748777249892, "58": 0.921999206994456, "60": 0.6733213007476928, "63": 0.7849634154001839, "65": 0.27361805570435394, "69": 0.943959991281367, "74": 0.6821030813261982, "79": 0.691751106621022, "83": 0.9021221516449848, "86": 0.9335934621781633, "91": 0.9114128703941509, "80": 0.8331087363663148, "82": 0.9700371969819471, "87": 0.5247123185998133, "88": 0.9476023808238805, "90": 0.6196188954656859, "97": 0.9129039455580766, "53": 0.9141130735845608, "54": 0.46912644829314326, "67": 0.8444621505000198, "68": 0.16671988941425248, "75": 0.6733559840239098, "84": 0.981232131685918, "85": 0.8192778384406973, "95": 0.8655817455287372}