{"0": 0.5587568258555234, "1": 0.5136396407425556, "2": 0.5684280778449133, "3": 0.8049112320511693, "4": 0.45562212443532324, "5": 0.21225442468892758, "6": 0.6546992274946966, "7": 0.5195990819190732, "8": 0.8264226480060779, "9": 0.7536490396560078, "10": 0.3662529339574935}