{"0": 0.9061104814689838, "1": -0.14932931480824793, "2": 0.9304763003992487, "3": 0.9072409240804903, "4": 0.9237562641543708, "5": 0.858744092259194, "6": 0.9335934621781633, "7": 0.9691939465332382, "8": 0.949197368722514, "9": 0.9801948925335262, "10": 0.9688241791634957, "11": 0.9592332369017739, "12": 0.7365398254287008, "13": 0.9903820945691412, "14": 0.6082976936329352, "15": 0.8192778384406973, "16": 0.6335425290632055, "17": 0.9129039455580766, "18": 0.7055736012528112, "19": 0.9586919378087284, "20": 0.2958912091038236, "21": 0.8456938319969669, "22": 0.33307426527673323, "23": 0.9259351976497951, "25": 0.9830954797357201, "27": 0.9779848608639259, "29": 0.7941893966993767, "30": 0.8615112575471175, "32": 0.5868691334681175, "33": 0.9573363750671867, "34": 0.8720945545738419, "36": 0.981232131685918, "37": 0.9949767420272078, "38": 0.9140329995531735, "39": 0.9453520912576178, "40": 0.8280814828306626, "42": 0.9114644625959997, "43": 0.920017648857659, "45": 0.6963566653093858, "46": 0.7973563010853268, "47": 0.8116761558597236, "56": 0.9988882682104072, "59": 0.9865001752117635, "61": 0.9884989516004242, "62": 0.9713595535558777, "78": 0.8794961698328488, "81": 0.963944995920045, "85": 0.9983737266052923, "86": 0.9559398348927166, "93": 0.8311229959955457, "94": 0.3702217257773508, "126": 0.9750826465612488}