{"0": 0.7646757269224965, "1": 0.6260072594908512, "2": 0.41463957939936436, "3": 0.48113657271127597, "4": 0.8646846833957632, "5": 0.4154512915887426, "6": 0.5685866553822061, "7": 0.943959991281367, "8": 0.8850858541872636, "9": 0.9141130735845608, "10": 0.557010402473584, "11": 0.8809396244696035, "12": 0.7923975123858403, "13": 0.5195850373691461, "14": 0.921999206994456, "15": 0.8016408203693158, "16": 0.27361805570435394, "17": 0.7051300887732296, "18": 0.6970597985659998, "19": 0.44854794916934204, "20": 0.015703981356464863, "21": 0.9053622125320326, "22": 0.7637396974633953, "23": 0.8642616605705435, "24": 0.345320135375195, "25": 0.7581120966160715, "26": 0.9412340596558337, "27": 0.5342784933320106, "28": 0.5758131721639742, "29": 0.660673913766087, "30": 0.9093223456592029, "31": 0.6013506347590544, "32": 0.6685812721607511, "33": 0.2613639095218535, "34": 0.9711625608873772, "35": 0.8791473832634391, "36": 0.5292378121730696, "37": 0.9114128703941509, "38": 0.6653534822950975, "40": 0.8598745407811598, "41": 0.34384838052099814, "43": 0.6443955829734422, "44": 0.5410752967980765, "45": 0.1603605174641622, "46": 0.6397620421540968, "47": 0.9652197466936353, "48": 0.9096911896636037, "49": 0.901748777249892, "50": 0.9217586009312606, "51": 0.8333468763597427, "52": 0.7634150330236524, "59": 0.263755577319145, "61": -0.01324565824081262, "62": 0.3191792995258299, "64": 0.6733559840239098, "66": 0.23032766890594292, "70": 0.7425417598060612, "71": 0.37540567929468754, "72": 0.832860782860757, "73": 0.981232131685918, "76": 0.7637396974633953, "77": 0.9713595535558777, "78": 0.684961249623832, "81": -0.0947404194997906, "89": 0.8655817455287372, "92": 0.853182746358577, "93": 0.9488360901438864, "94": 0.9472676651898911, "96": 0.7560389123664026, "98": 0.8720945545738419, "99": 0.9949767420272078, "39": 0.5513144173319915, "42": 0.4586960955190156, "55": 0.8444621505000198, "56": 0.5033624505870031, "57": 0.29830921354618783, "58": 0.6816021946059183, "60": -0.03156587147432149, "63": 0.8755225610321277, "65": 0.1864354156823636, "69": 0.9777812587919528, "74": 0.6082976936329352, "79": 0.8720945545738419, "83": 0.7490409196151773, "86": 0.8331087363663148, "91": 0.9476023808238805, "80": 0.9700371969819471, "82": 0.9983737266052923, "87": 0.8756754309304606, "88": 0.9865001752117635, "90": 0.6196188954656859, "97": 0.6258554352216742, "53": 0.8192778384406973, "54": 0.8517950447995001, "67": 0.8928144447523121, "68": 0.8126874765373676, "75": 0.8178413482602938, "84": 0.9335934621781633, "85": 0.9129039455580766, "95": 0.684961249623832, "103": 0.8366841729045951, "108": 0.8316076253923786, "126": 0.9901079757944491, "138": 0.7782912029730289, "140": 0.9196762676827337, "141": 0.981232131685918, "143": 0.5927474742068064, "146": 0.2818029255133064, "147": 0.9771451713702621, "148": 0.4219681529574114, "111": 0.8591239839651712, "112": 0.757604564146452, "113": 0.9687175705183642, "114": 0.8688965644538921, "128": 0.6258554633767097, "136": 0.8298497151028721, "139": 0.9865001752117635, "142": 0.757604564146452, "102": 0.8277105652656794, "116": 0.5063641929951099, "119": 0.6201570409922438, "121": 0.8830833783478265, "122": 0.9709483288034012, "123": 0.8546179968153367, "124": 0.981232131685918}