{"0": 0.716038394372499, "1": 0.7900573155671253, "2": 0.5169235430273529, "3": 0.744656588627224, "4": 0.24399981448481795, "5": 0.48202776796393026, "6": 0.6491935015945167, "7": 0.943959991281367, "8": -0.66484306795428, "9": 0.16671988941425248, "10": 0.9315684879650371, "11": 0.18168131915734786, "12": 0.20719309844180892, "13": 0.5571774282145698, "14": 0.8016408203693159, "15": 0.7986541776171407, "16": 0.7634150330236524, "17": 0.9589096676097786, "18": 0.7128054437693416, "19": 0.7849634154001839, "20": 0.5198685220641122, "21": 0.8465043182647762, "22": 0.8545885282580425, "23": 0.7858358557688865, "24": 0.8216912714609571, "25": 0.4183847681953678, "26": 0.869170515593214, "27": 0.9709483288034012, "28": 0.34384838052099814, "29": 0.921999206994456, "30": 0.8420777469697371, "31": 0.345320135375195, "32": 0.8396372841917765, "33": -0.26614741616930515, "34": 0.6678093024213296, "35": 0.03905905308852222, "36": 0.8271072745261993, "37": 0.48113657271127597, "38": 0.2667876912297211, "40": 0.7425417598060612, "41": 0.7637396974633953, "43": 0.8359579514350155, "44": 0.11661037297160878, "45": 0.5247123185998133, "46": 0.7036495585102586, "47": 0.684961249623832, "48": -0.1752464829013728, "49": 0.53361542765685, "50": 0.8128551965592921, "51": 0.6260072594908512, "52": 0.7075546733458378, "59": 0.34384838052099814, "61": 0.9335934621781633, "62": 0.8809396244696035, "64": 0.5590755786185421, "66": 0.9476023808238805, "70": 0.9711625608873772, "71": 0.8188900965732564, "72": 0.48607992823877844, "73": 0.6013506347590544, "76": 0.48607992823877844, "77": 0.9141130735845608, "78": 0.9021221516449848, "81": 0.9114128703941509, "89": 0.8128551965592921, "92": 0.8720945545738419, "93": 0.9949767420272078, "94": 0.9472676651898911, "96": 0.9096911896636037, "98": 0.8720945545738419, "99": 0.9700371969819471, "39": 0.6623738443135211, "42": 0.7146534890473241, "55": 0.9157957284855488, "56": 0.8192778384406973, "57": 0.6236955654053149, "58": 0.8697134878509117, "60": 0.6685812721607511, "63": 0.5968611232684455, "65": 0.5685866553822061, "69": 0.796397739712106, "74": 0.9983737266052923, "79": 0.9298097197394065, "83": 0.8311229959955457, "86": 0.9865001752117635, "91": 0.684961249623832, "80": 0.757604564146452, "82": 0.901748777249892, "87": 0.48113657271127597, "88": 0.9949767420272078, "90": 0.6013506347590544, "97": 0.8720977720763801, "53": 0.44260974064371894, "68": 0.8646846833957632, "84": 0.981232131685918, "85": 0.981232131685918, "75": 0.8311229959955457, "54": -0.03156587147432149, "67": 0.9635051318471994, "95": 0.7010120954522201, "103": 0.9114128703941509, "108": 0.8756754309304606, "126": 0.2667876912297211, "138": 0.9252433584349254, "140": 0.8333468763597425, "141": 0.8720945545738419, "143": 0.6526061874683491, "146": 0.8546179968153367, "147": 0.9713595535558777, "148": 0.757604564146452, "111": 0.6196188954656859, "112": 0.9335934621781633, "113": 0.9335934621781633, "114": 0.8216912714609571, "128": 0.980133147923703, "136": 0.8333468763597425, "139": 0.5104872573381166, "142": 0.832860782860757, "102": 0.8697134878509117, "116": 0.832860782860757, "119": 0.6082976936329352, "121": 0.9180753773976005, "122": 0.8655817455287372, "123": 0.9315684879650371, "124": 0.8654624897863742, "104": 0.8756754309304606, "107": 0.8720945545738419, "134": 0.8311229959955457, "100": 0.9432447077790973, "101": 0.9687175705183642, "129": 0.23032766890594292, "130": -0.0947404194997906, "105": 0.9700371969819471, "110": 0.901748777249892, "118": 0.9713595535558777, "125": 0.7831581017980025, "144": 0.9217586009312606, "109": 0.9949767420272078, "127": 0.9472676651898911, "132": 0.7782912029730289, "115": 0.6236955654053149, "137": 0.7233347450595491, "106": 0.8720945545738419, "135": 0.9093223456592029, "120": 0.5120501550986825, "131": 0.832860782860757, "117": 0.23032766890594292, "133": 0.9129039455580766, "145": 0.9983737266052923}