{"0": 0.8081534554350884, "1": 0.5543652644686493, "2": 0.23304013388067457, "3": 0.3490439470242255, "4": 0.5424889838856857, "5": 0.4189200486122066, "6": 0.7272036166750796, "7": 0.574068569453375, "8": 0.5815935850434492, "9": 0.5315479071248166, "10": 0.824346747345517}