{"0": -0.0008507932506100031, "1": 0.7384653367718426, "2": 0.5491038728818438, "3": 0.44767699875036676, "4": 0.8133164401218518, "5": 0.8473792308595193, "6": 0.66078521436787, "7": 0.5382759403863034, "8": 0.426571498053043, "9": 0.3856121842303233, "10": 0.6894578908915058, "11": 0.6678093024213296, "12": 0.3743988127518625, "13": 0.1615134424269641, "14": 0.1160917766672106, "15": 0.45637184157283633, "16": 0.8534973545886677, "17": 0.655660942174523, "18": 0.7496293598194063, "19": 0.5786232597120047, "20": 0.980133147923703, "21": 0.4586648041514281, "22": 0.5685866553822061, "23": 0.8718407791000566, "24": 0.5241431947144304, "25": 0.7075546733458378, "26": 0.943959991281367, "27": 0.8216912714609571, "28": 0.7363235205463128, "29": 0.3689027094833305, "30": 0.20719309844180892, "31": 0.5220265080475778, "32": 0.8411286739195638, "33": 0.48113657271127597, "35": 0.5550132205577096, "38": 0.7610313650359629, "39": 0.8773368069598443, "40": 0.921999206994456, "43": 0.6219024435094758, "44": 0.6070121385387617, "45": 0.7856312790148056, "47": 0.6088932316386714, "48": 0.8685189063681069, "50": 0.6653534822950975, "52": 0.7628314984505666, "53": 0.9539519567428785, "54": 0.9711625608873772, "56": 0.9217586009312606, "60": 0.740955094973407, "61": 0.6260072594908512, "62": 0.9983737266052923, "63": 0.9949767420272078, "64": 0.8159309810609103, "65": 0.9709483288034012, "77": 0.6309732015705684, "78": 0.7703619798904482, "90": 0.8366841729045951, "91": 0.9865001752117635, "92": 0.5072647971659954, "97": 0.9252433584349254, "98": 0.7831581017980025}