{"0": 0.95288435379575, "1": 0.609225864488296, "2": 0.7328887417864776, "3": 0.9329405209770878, "4": -0.14527704154478904, "5": 0.7466890867450248, "6": 0.3017214419914216, "7": 0.8953357204137226, "8": 0.8667092803654894, "9": 0.8711994502463034, "10": 0.2011426332164294, "11": 0.1975043325266742, "12": 0.9477068043036703, "13": 0.7339881661609279, "14": 0.513813475465354, "15": 0.6073028217056597, "16": 0.9693790123234949, "17": 0.291239005811534, "18": 0.8835544294446075, "19": 0.6747891379529039, "20": 0.8012132570078119, "21": 0.9253595570409852, "22": 0.43866115411361184, "23": 0.9140329995531735, "24": 0.5808446707006777, "25": 0.8778468711466224, "26": 0.9335934621781633, "27": 0.981232131685918, "28": 0.9840880345802636, "29": 0.967905757640733, "30": 0.881875322540995, "31": 0.9713595535558777, "32": 0.9687175705183642, "33": 0.4100431994763632, "34": 0.9777812587919528, "35": 0.7365398254287008, "36": 0.8537946221448134, "37": 0.9321349405574981, "38": 0.6061367038825813, "40": 0.9907737289176031, "41": 0.9691939465332382, "43": 0.9006714259588862, "44": 0.6196188954656859, "45": 0.9476023808238805, "46": 0.7010120954522201, "47": 0.04335771955503802, "48": 0.4397916013984322, "49": 0.8311229959955457, "50": 0.9472676651898911, "51": 0.9886308360437618, "52": 0.8843497809749714, "59": 0.8316076253923786, "61": 0.5830765794498906, "62": 0.9304763003992487, "64": 0.8311229959955457, "66": 0.9016627608838315, "70": 0.7499205830975755, "71": 0.9865001752117635, "72": 0.5560960332074883, "73": 0.832860782860757, "76": 0.9472676651898911, "77": -0.27496486801528375, "78": 0.8841669172681577, "81": -0.0947404194997906, "89": 0.8655817455287372, "92": 0.9988882682104072, "93": 0.9949767420272078, "94": 0.9884989516004242, "96": 0.9509518987775469, "98": 0.9949767420272078, "99": 0.7466890867450248, "39": 0.9255601785703345, "42": 0.9129039455580766, "55": 0.8396372841917765, "56": 0.8764406322379414, "57": 0.9061104814689838, "58": 0.9573363750671867, "60": 0.8830833783478265, "63": 0.9138297385785468, "65": 0.9988882682104072, "69": 0.30685047983091546, "74": 0.9801948925335262, "79": 0.3885201854651707, "83": 0.8794961698328488, "86": 0.8882156694069981, "91": 0.942923417458683, "80": 0.8464138790455564, "82": -0.14167133689226313, "87": 0.9013207959089523, "88": 0.9949767420272078, "90": 0.981232131685918, "97": -0.2533528214200177, "53": 0.8775265032524076, "54": 0.8517950447995001, "67": 0.9592332369017739, "68": 0.36806161337201504, "75": 0.8351867929527144, "84": 0.9586919378087284, "85": 0.9949767420272078, "95": 0.9830954797357201, "103": 0.8188773417294917, "108": 0.758082860961826, "126": -0.27496486801528375, "138": 0.9830954797357201, "140": 0.5808446707006777, "141": 0.981232131685918, "143": 0.1975043325266742, "146": 0.9949767420272078, "147": 0.9777812587919528, "148": 0.9573363750671867, "111": 0.8333468763597425, "112": 0.9335934621781633, "113": 0.9029096440837495, "114": 0.9654973448254043, "128": 0.8655817455287372, "136": 0.9884989516004242, "139": 0.6073028217056597, "142": 0.9586919378087284, "102": 0.978789337755493, "116": 0.7010120954522201, "119": 0.9189796994070691, "121": 0.8720945545738419, "122": 0.8830833783478265, "123": 0.6221959113137245, "124": 0.981232131685918, "104": 0.9983737266052923, "107": 0.9865001752117635, "134": 0.8830833783478265, "100": 0.9949767420272078, "101": 0.9988882682104072, "129": 0.7328887417864776, "130": 0.9086052460406704, "105": 0.9884989516004242, "110": 0.7451525819373325, "118": 0.9140329995531735, "125": 0.8720945545738419, "144": 0.9687175705183642, "109": 0.9949767420272078, "127": 0.9472676651898911, "132": 0.9006714259588862, "115": 0.8188763159117212, "137": 0.9006714259588862, "106": 0.9477068043036703, "135": 0.9865001752117635, "120": 0.7002029063388291, "131": 0.9983737266052923, "117": 0.9493540059122985, "133": 0.9335934621781633, "145": 0.9509518987775469, "156": 0.888367791813524, "163": 0.9983737266052923, "179": 0.8192778384406973, "184": 0.8213445434803914, "186": 0.8720945545738419, "178": 0.9988882682104072, "181": 0.8213445434803914, "182": 0.9884989516004242, "183": 0.9865001752117635, "193": 0.8983851212872435, "158": 0.9532023633053024, "165": 0.8688965644538921, "166": 0.8830833783478265, "168": 0.9140329995531735, "190": 0.8533643694982009, "196": 0.9140329995531735, "164": 0.9865001752117635, "169": 0.6061367038825813, "174": 0.9988882682104072, "185": 0.6284436739232024, "157": 0.523868503082112, "173": 0.8946708982650449, "192": 0.9472676651898911, "151": 0.8809389516283095, "180": 0.9074541861500449, "159": 0.9949767420272078, "161": 0.8688965644538921, "162": 0.6494747637317144, "170": 0.7010120954522201, "172": 0.9983737266052923, "177": 0.9709483288034012, "187": 0.9335934621781633, "194": 0.8446352867590317, "198": 0.9687175705183642, "150": 0.9726470427282614, "188": 0.9672702438730358, "197": 0.9983737266052923, "153": 0.9949767420272078, "189": 0.23032766890594292, "195": 0.9472676651898911, "154": 0.8463778409804674, "191": 0.9140329995531735, "171": -0.0475896289864841, "212": 0.9865001752117635, "228": 0.9592332369017739, "230": 0.9687175705183642, "210": 0.8980219409923789, "246": 0.8720945545738419, "248": 0.9335934621781633, "202": 0.9091726585479631, "236": 0.614315707939549, "206": 0.7955272601359307, "221": 0.9949767420272078, "231": 0.9667771893756375, "232": 0.14449678458109552, "244": 0.5830765794498906, "224": 0.9477068043036703, "225": 0.9006714259588862, "241": 0.9865001752117635, "242": 0.7002029063388291, "226": 0.9090796779337953, "229": 0.7818255438676718, "249": 0.8311229959955457, "214": 0.8720945545738419, "220": 0.9129039455580766, "222": 0.9988882682104072, "209": 0.9901079757944491, "227": 0.9713595535558777, "200": 0.9901079757944491, "286": 0.9013207959089523, "282": 0.7955272601359307, "259": 0.9006714259588862, "252": 0.8311229959955457, "274": 0.8794961698328488, "279": 0.8311229959955457, "149": 0.9453520912576178, "294": 0.8794961698328488, "254": 0.6526061874683491, "264": 0.832860782860757, "256": 0.1975043325266742, "261": 0.9687175705183642, "167": 0.668827786257042, "155": 0.6082976936329352}