{"0": 0.49823951007937656, "1": -0.0947404194997906, "2": 0.921999206994456, "3": 0.9217455898854673, "4": 0.5294447108015252, "5": 0.8513904138101818, "6": 0.49407479309255153, "7": 0.9217586009312606, "8": 0.3424555465211851, "9": 0.8849944663879861, "10": 0.3196822951318842, "11": -0.4481970481661531, "12": 0.883173183933184, "13": 0.9672364309982049, "14": 0.8332003312077365, "15": 0.9125249009341821, "16": 0.8187670132142073, "17": 0.9141916189511454, "18": 0.8180458581672289, "19": 0.7414418573023742, "20": 0.7577336918645332, "21": 0.5920931757809508, "22": 0.2509905064061316, "23": 0.48113657271127597, "24": 0.6645511274365897, "25": 0.53361542765685, "26": 0.8203626239578123, "27": 0.4392314348668227, "28": 0.8128551965592921, "29": 0.9180753773976005, "30": 0.8953599538075763, "31": 0.5598751511377498, "32": 0.5639967673076488, "33": 0.9476023808238805, "34": 0.9771451713702621, "35": 0.9901079757944491, "36": 0.6340430440545783, "37": 0.9710685701243187, "38": 0.44494198062562784, "40": 0.5189058272502355, "41": 0.9196762676827337, "43": 0.9672702438730358, "44": 0.7386900108889455, "45": 0.5060961986577246, "46": 0.6815660531926984, "47": 0.1975043325266742, "48": 0.8842031594795086, "49": 0.980133147923703, "50": 0.9449277469107293, "51": 0.8938772884269843, "52": 0.7116043175588809, "59": 0.8316076253923786, "61": 0.2622736969455358, "62": 0.7233347450595491, "64": 0.5590755786185421, "66": 0.9204330867250647, "70": 0.9949767420272078, "71": 0.9865001752117635, "72": 0.757604564146452, "73": 0.9711625608873772, "76": 0.9472676651898911, "77": 0.8302051050303796, "78": 0.6883160820660006, "81": 0.8666656274378464, "89": 0.36116048122407557, "92": 0.853182746358577, "93": 0.37533258554228177, "94": 0.940415093775196, "96": 0.49376421836332324, "98": 0.5927353888897884, "99": 0.9700371969819471, "39": 0.2133538004266336, "42": 0.9252433584349254, "55": 0.981232131685918, "56": 0.792699613768703, "57": 0.684961249623832, "58": 0.8998062392572328, "60": 0.8720945545738419, "63": 0.8463778409804674, "65": 0.9687175705183642, "69": 0.5639967673076488, "74": 0.9865001752117635, "79": 0.7336565076444184, "83": 0.7782912029730289, "86": 0.9949767420272078, "91": 0.8807061007194629, "80": 0.952640111361408, "82": 0.9093223456592029, "87": 0.790895115314266, "88": 0.5454377007950747, "90": -0.005322249286854937, "97": 0.9488360901438864, "53": 0.6487520872752499, "68": 0.5980084337551699, "84": 0.8366841729045951, "85": 0.9983737266052923, "75": 0.9317922378965104, "54": 0.8298497151028721, "67": 0.9141130735845608, "95": 0.8717840960341987, "103": 0.8366841729045951, "108": 0.9004275735381126, "126": 0.2509905064061316, "138": 0.8696337877535689, "140": 0.13134282679022186, "141": 0.981232131685918, "143": 0.2800011204192964, "146": 0.2818029255133064, "147": 0.9713595535558777, "148": 0.8756754309304606, "111": 0.9335934621781633, "112": 0.9013207959089523, "113": 0.9687175705183642, "114": 0.8688965644538921, "128": 0.6258554633767097, "136": 0.8333468763597425, "139": 0.9865001752117635, "142": 0.757604564146452, "102": 0.8697134878509117, "116": 0.5001504920796276, "119": 0.6082976936329352, "121": 0.8830833783478265, "122": 0.8720945545738419, "123": 0.8546179968153367, "124": 0.981232131685918, "104": 0.8756754309304606, "107": 0.9335934621781633, "134": 0.8311229959955457, "100": 0.9432447077790973, "101": 0.9687175705183642, "129": 0.23032766890594292, "130": -0.0947404194997906, "105": 0.9700371969819471, "110": 0.901748777249892, "118": 0.9713595535558777, "125": 0.7831581017980025, "144": 0.9217586009312606, "109": 0.9949767420272078, "127": 0.9472676651898911, "132": 0.7782912029730289, "115": 0.6236955654053149, "137": 0.7233347450595491, "106": 0.8720945545738419, "135": 0.9093223456592029, "120": 0.5120501550986825, "131": 0.832860782860757, "117": 0.23032766890594292, "133": 0.9129039455580766, "145": 0.9983737266052923, "156": 0.9181169426857589, "163": 0.9983737266052923, "179": 0.8192778384406973, "184": 0.3431187303073333, "186": 0.9988882682104072, "178": 0.9587780833337113, "181": 0.8213445434803914, "182": 0.7093816825109669, "183": 0.7481107270482277, "193": 0.6222161685970022, "158": 0.6526061874683491, "165": 0.8688965644538921, "166": 0.6258554633767097, "168": 0.9316966264562736, "190": 0.7010120954522201, "196": 0.9140329995531735}