{"0": 0.6059903718554975, "1": 0.8213445434803914, "2": -0.11990959674488148, "3": 0.8463505329219977, "4": 0.9403846533518059, "5": 0.7992971391189732, "6": 0.8830833783478265, "7": 0.8311229959955457, "8": 0.9237997359653143, "9": 0.9090796779337953, "10": 0.8895344933618026, "11": 0.6698313777366212, "12": 0.8615112575471175, "13": 0.9654973448254043, "14": 0.8720945545738419, "15": 0.9086052460406704, "16": 0.9949767420272078, "17": 0.941952435588411, "18": 0.9220202384256118, "19": 0.9830954797357201, "20": 0.8252416630880122, "21": 0.9574456739312288, "22": 0.9884989516004242, "23": 0.9509518987775469, "24": 0.7017683343424213, "25": -0.04837920405163643, "26": 0.942699523539489, "27": 0.9327349011946073, "29": 0.9189796994070691, "30": 0.48539577940953177, "31": 0.9392781343727664, "32": 0.9983737266052923, "34": 0.30685047983091546, "36": 0.9865001752117635, "38": 0.9713595535558777, "39": 0.9249524416875297, "40": 0.4409332562501549, "41": 0.668827786257042, "42": 0.8779003613755184, "44": 0.9129039455580766, "46": 0.9988882682104072, "47": 0.9594772032098673, "48": 0.5299217354936159, "49": 0.8794961698328488, "53": 0.758082860961826, "60": 0.654322919976418, "61": 0.981232131685918, "64": 0.9204854370161487, "79": 0.3885201854651707, "83": 0.9140329995531735, "85": 0.8272104826016874, "89": 0.7365398254287008, "95": 0.9259351976497951}