{"0": 0.7750229073949055, "1": 0.48607992823877844, "2": 0.9700371969819471, "3": 0.7782912029730289, "4": 0.3288380754660751, "5": -0.03156587147432149, "6": 0.8271072745261993, "7": 0.841121674857908, "8": 0.7669301099235952, "9": 0.8463778409804674, "10": 0.8622073344390461, "11": 0.8000970944355277, "12": 0.922705653532762, "13": 0.14449678458109552, "14": 0.6058103655050147, "15": 0.9096911896636037, "16": 0.1416938655417028, "17": 0.9456500726951311, "18": 0.3704862501212974, "19": 0.757604564146452, "20": 0.9181169426857589, "21": 0.9771451713702621, "22": 0.8949211271494089, "23": 0.684961249623832, "24": 0.5894869790125996, "25": 0.9777812587919528, "26": 0.8688965644538921, "27": 0.8655817455287372, "28": 0.8601391183990965, "29": 0.8188773417294917, "30": 0.7193369430604821, "31": 0.5346984354193256, "32": 0.5120501550986825, "33": 0.3431187303073333, "34": 0.978789337755493, "35": 0.8311229959955457, "36": 0.5235345516142547, "37": 0.8261204300060645, "38": 0.6413911019625415, "40": 0.9096911896636037, "41": 0.8366841729045951, "43": 0.9711625608873772, "44": 0.8474040320691958, "45": 0.9477068043036703, "46": 0.5808446707006777, "47": 0.1975043325266742, "48": 0.9687175705183642, "49": 0.6526061874683491, "50": 0.8720945545738419, "51": 0.9865001752117635, "52": 0.8333468763597425, "59": -0.0475896289864841, "61": 0.9016627608838315, "62": 0.7466890867450248, "64": 0.6221959113137245, "66": 0.029618091260230885, "70": 0.9141130735845608, "71": 0.9713595535558777, "72": 0.9983737266052923, "73": 0.981232131685918, "76": 0.8794961698328488, "77": 0.7451525819373325, "78": 0.8070834178164799, "81": 0.9687175705183642, "89": 0.43630621520808116, "92": 0.9217455898854673, "93": 0.9949767420272078, "94": 0.9212696731928448, "96": 0.9592332369017739, "98": 0.9140329995531735, "99": 0.9713595535558777, "39": 0.9129039455580766, "42": 0.6284436739232024, "55": 0.9587780833337113, "56": 0.3615041464724502, "57": 0.8809396244696035, "58": 0.5808446707006777, "60": 0.9477068043036703, "63": 0.6526061874683491, "65": 0.8333468763597425, "69": 0.6061367038825813, "74": 0.9949767420272078, "79": 0.9432447077790973, "83": 0.8192778384406973, "86": 0.9335934621781633, "91": 0.901748777249892, "80": 0.9140329995531735, "82": 0.942923417458683, "87": 0.48607992823877844, "88": 0.9304763003992487, "90": 0.9472676651898911, "97": 0.9129039455580766, "53": 0.8756754309304606, "68": -0.27496486801528375, "84": 0.9340071081722181, "85": 0.6082976936329352, "75": 0.8188763159117212, "54": 0.9473892126416081, "67": 0.967905757640733, "95": 0.8261204300060645, "103": 0.9988882682104072, "108": 0.9488360901438864, "126": -0.27496486801528375, "138": 0.8830833783478265, "140": 0.9072721105355721, "141": 0.4375200121653842, "143": 0.9865001752117635, "146": 0.9949767420272078, "147": 0.5894869790125996, "148": 0.5358827365043197, "111": 0.7116043175588809, "112": 0.8311229959955457, "113": 0.9453520912576178, "114": 0.8454698261244565, "128": 0.9713595535558777, "136": 0.9884989516004242, "139": 0.6073028217056597, "142": 0.832860782860757, "102": 0.9687175705183642, "116": 0.7010120954522201, "119": 0.6082976936329352, "121": 0.5808446707006777, "122": 0.8333468763597425, "123": 0.8192778384406973, "124": 0.8272030732920543, "104": 0.8711994502463034, "107": 0.9865001752117635, "134": 0.7419184683448392, "100": 0.9949767420272078, "101": 0.9988882682104072, "129": 0.7328887417864776, "130": 0.967905757640733, "105": 0.6061367038825813, "110": 0.7451525819373325, "118": 0.9988882682104072, "125": 0.9983737266052923, "144": 0.9687175705183642, "109": 0.6082976936329352, "127": 0.9988882682104072, "132": 0.9006714259588862, "115": 0.8188763159117212, "137": 0.8794961698328488, "106": 0.9140329995531735, "135": 0.9865001752117635, "120": 0.7193369430604821, "131": 0.8711994502463034, "117": 0.9691939465332382, "133": 0.9335934621781633, "145": 0.9509518987775469, "156": 0.888367791813524, "163": 0.9983737266052923, "179": 0.8192778384406973, "184": 0.8213445434803914, "186": 0.8720945545738419, "178": 0.9988882682104072, "181": 0.8213445434803914, "182": 0.9884989516004242, "183": 0.9865001752117635, "193": 0.8983851212872435, "158": 0.897738363336651, "165": 0.8688965644538921, "166": 0.8830833783478265, "168": 0.9316966264562736, "190": 0.8533643694982009, "196": 0.9140329995531735, "164": 0.9865001752117635, "169": 0.6061367038825813, "174": 0.9988882682104072, "185": 0.6284436739232024, "157": 0.5606333133258026, "173": 0.8946708982650449, "192": 0.9472676651898911, "151": 0.8809389516283095, "180": 0.9074541861500449, "159": 0.9949767420272078, "161": 0.8688965644538921, "162": 0.6494747637317144, "170": 0.7010120954522201, "172": 0.5727355528053012, "177": 0.9709483288034012, "187": 0.9335934621781633, "194": 0.8446352867590317, "198": 0.9687175705183642, "150": 0.7466890867450248, "188": 0.9672702438730358, "197": 0.9983737266052923, "153": 0.9949767420272078, "189": 0.23032766890594292, "195": 0.9472676651898911, "154": 0.8463778409804674, "191": 0.9140329995531735, "171": -0.0475896289864841, "212": 0.9865001752117635, "228": 0.8537946221448134, "230": 0.9687175705183642, "210": 0.8980219409923789, "246": 0.8720945545738419, "248": 0.8978551441977376, "202": 0.9091726585479631, "236": 0.614315707939549, "206": 0.7955272601359307, "221": 0.9949767420272078, "231": 0.9667771893756375, "232": 0.14449678458109552, "244": 0.5830765794498906, "224": 0.9477068043036703, "225": 0.9006714259588862, "241": 0.9865001752117635, "242": 0.7002029063388291, "226": 0.9090796779337953, "229": 0.7818255438676718, "249": 0.8311229959955457, "214": 0.8720945545738419, "220": 0.9129039455580766, "222": 0.9988882682104072, "209": 0.9901079757944491, "227": 0.9713595535558777, "200": 0.9901079757944491, "286": 0.9013207959089523, "282": 0.7955272601359307, "259": 0.9006714259588862, "252": 0.8311229959955457, "274": 0.8794961698328488, "279": 0.8311229959955457, "149": 0.8365170505443663, "294": 0.8794961698328488, "254": 0.6526061874683491, "264": 0.9493540059122985}