{"0": 0.4133519386660848, "1": 0.43955605232271744, "2": 0.9473892126416081, "3": 0.607632134666684, "4": 0.609225864488296, "5": 0.36806161337201504, "6": -0.27496486801528375, "7": 0.9237115762646839, "8": 0.29741741076280337, "9": 0.8711994502463034, "10": 0.757604564146452, "11": 0.900098904177155, "12": 0.6260927642888132, "13": 0.8830833783478265, "14": 0.9840880345802636, "15": 0.8446352867590317, "16": 0.9432447077790973, "17": 0.9648177708588577, "18": -0.2927296876967831, "19": 0.9453520912576178, "20": 0.33307426527673323, "21": 0.6061367038825813, "22": 0.7010120954522201, "23": 0.8316076253923786, "24": 0.6335425290632055, "25": 0.8370002839484976, "26": 0.9252433584349254, "27": 0.72309292764115, "28": 0.9691939465332382, "29": 0.9592332369017739, "30": 0.981232131685918, "31": 0.8537946221448134, "32": 0.941544463957757, "33": 0.6421228342700716, "34": 0.832860782860757, "35": 0.9687175705183642, "36": 0.942923417458683, "37": 0.967905757640733, "38": 0.4170660445051846, "40": 0.5868691334681175, "41": -0.18019987315208102, "43": -0.01905783966061286, "44": -0.026940629455782773, "45": 0.9472676651898911, "46": 0.5808446707006777, "47": 0.6061367038825813, "48": 0.9140329995531735, "49": 0.9983737266052923, "50": 0.9750826465612488, "51": 0.9586919378087284, "52": 0.6030266444015107, "59": 0.981232131685918, "61": 0.6137183794469678, "62": 0.8311229959955457, "64": -0.14932931480824793, "66": 0.9592332369017739, "70": 0.9830954797357201, "71": 0.7573361360317681, "72": 0.9726470427282614, "73": 0.832860782860757, "76": 0.942923417458683, "77": 0.9667486322023373, "78": 0.9713595535558777, "81": 0.2897773117912632, "89": 0.8192778384406973, "92": 0.9140329995531735, "93": 0.9949767420272078, "94": 0.9884989516004242, "96": 0.9509518987775469, "98": 0.9949767420272078, "99": 0.7466890867450248, "39": 0.9949767420272078, "42": 0.9304763003992487, "55": 0.9013207959089523, "56": 0.9061104814689838, "57": 0.8841669172681577, "58": 0.7365398254287008, "60": 0.8830833783478265, "63": 0.9006714259588862, "65": 0.8720945545738419, "69": 0.9865001752117635, "74": 0.9072409240804903, "79": 0.9713595535558777, "83": 0.8794961698328488, "86": 0.9983737266052923, "91": 0.942923417458683, "80": 0.8219997517808688, "82": 0.2864188392218745, "87": 0.9983737266052923, "88": 0.8192778384406973, "90": 0.981232131685918, "97": -0.2533528214200177, "53": 0.9140329995531735, "68": 0.8775265032524076, "84": 0.9586919378087284, "85": 0.8311229959955457, "75": 0.7490910102294541, "54": 0.8316076253923786, "67": 0.6317442154719127, "95": 0.9335934621781633, "103": 0.8903720116851059, "108": 0.758082860961826, "126": -0.27496486801528375, "138": 0.9830954797357201, "140": 0.5808446707006777, "141": 0.981232131685918, "143": 0.1975043325266742, "146": 0.9949767420272078, "147": 0.9777812587919528, "148": 0.9573363750671867, "111": 0.4218308046635722, "112": 0.9830954797357201, "113": 0.9029096440837495, "114": 0.9654973448254043, "128": 0.8720945545738419, "136": 0.9884989516004242, "139": 0.6073028217056597, "142": 0.9586919378087284, "102": 0.942923417458683, "116": 0.7010120954522201, "119": 0.9189796994070691, "121": 0.8720945545738419, "122": 0.8830833783478265, "123": 0.6221959113137245, "124": 0.9865001752117635, "104": 0.9983737266052923, "107": 0.9865001752117635, "134": 0.8830833783478265, "100": 0.9691939465332382, "101": 0.9988882682104072, "129": 0.7365398254287008, "130": 0.9061104814689838, "105": 0.9884989516004242, "110": 0.9949767420272078, "118": 0.9988882682104072, "125": 0.8720945545738419, "144": 0.9687175705183642, "109": 0.8338039374787547, "127": 0.9335934621781633, "132": 0.9006714259588862, "115": 0.8188763159117212, "137": 0.9006714259588862, "106": 0.9477068043036703, "135": 0.9865001752117635, "120": 0.7002029063388291, "131": 0.9983737266052923, "117": 0.9493540059122985, "133": 0.9304763003992487, "145": 0.9509518987775469, "156": 0.9532023633053024, "163": 0.9865001752117635, "179": 0.8192778384406973, "184": 0.8213445434803914, "186": 0.8720945545738419, "178": 0.9988882682104072, "181": 0.8213445434803914, "182": 0.9884989516004242, "183": 0.9865001752117635, "193": 0.8983851212872435, "158": 0.9532023633053024, "165": 0.8688965644538921, "166": 0.8830833783478265, "168": 0.9140329995531735, "190": 0.8533643694982009, "196": 0.9140329995531735, "164": 0.9865001752117635, "169": 0.6061367038825813, "174": 0.9988882682104072, "185": 0.6284436739232024, "157": 0.523868503082112, "173": 0.8946708982650449, "192": 0.9472676651898911, "151": 0.8809389516283095, "180": 0.9074541861500449, "159": 0.9949767420272078, "161": 0.9453520912576178, "162": 0.8794961698328488, "170": 0.7010120954522201, "172": 0.9983737266052923, "177": 0.9709483288034012, "187": 0.9335934621781633, "194": 0.8446352867590317, "198": 0.9687175705183642, "150": 0.9726470427282614, "188": 0.9672702438730358, "197": 0.9983737266052923, "153": 0.9949767420272078, "189": 0.23032766890594292, "195": 0.9472676651898911, "154": 0.8463778409804674, "191": 0.9140329995531735, "171": 0.8549476145020383, "212": 0.9865001752117635, "228": 0.9592332369017739, "230": 0.9687175705183642, "210": 0.8980219409923789, "246": 0.8720945545738419, "248": 0.9335934621781633, "202": 0.9091726585479631, "236": 0.614315707939549, "206": 0.7955272601359307, "221": 0.9949767420272078, "231": 0.9667771893756375, "232": 0.14449678458109552, "244": 0.5830765794498906, "224": 0.9477068043036703, "225": 0.9006714259588862, "241": 0.9865001752117635, "242": 0.7002029063388291, "226": 0.9090796779337953, "229": 0.7818255438676718, "249": 0.8311229959955457, "214": 0.8720945545738419, "220": 0.9129039455580766, "222": 0.9988882682104072, "209": 0.9901079757944491, "227": 0.9713595535558777, "200": 0.9901079757944491, "286": 0.9013207959089523, "282": 0.7955272601359307, "259": 0.9006714259588862, "252": 0.8311229959955457, "274": 0.8794961698328488, "279": 0.8311229959955457, "149": 0.9453520912576178, "294": 0.8794961698328488, "254": 0.6526061874683491, "264": 0.832860782860757, "256": 0.1975043325266742, "261": 0.9687175705183642, "167": 0.668827786257042, "155": 0.7055736012528112, "152": 0.6082976936329352, "312": 0.523868503082112, "314": 0.9573363750671867}