{"0": 0.9120506649817908, "1": 0.9368955490612505, "2": 0.4528198837121543, "3": 0.943959991281367, "4": 0.5222678275584548, "5": 0.8510603248391713, "6": 0.5345552608617521, "7": 0.6491935015945167, "8": 0.5919214394642369, "9": 0.8598698242351048, "10": 0.20719309844180892, "11": 0.806604815968605, "12": 0.8404461023348363, "13": 0.8312937430157858, "14": 0.744656588627224, "15": 0.061712956713041084, "16": 0.5129823071291697, "17": 0.655660942174523, "18": 0.9539519567428785, "19": 0.33287985934913633, "20": 0.6341608872576872, "21": 0.44767699875036676, "22": 0.426571498053043, "23": 0.75687970529006, "24": 0.4144688357014422, "25": 0.9949767420272078, "26": 0.6101537085949902, "27": 0.19797355391308352, "28": -0.66484306795428, "29": 0.8522757356414961, "30": 0.6830788192248078, "31": 0.48113657271127597, "32": 0.7524496205077271, "33": 0.8813757932458062, "34": 0.7964528677783177, "35": 0.9711625608873772, "36": 0.6578214786098125, "37": 0.8987374023573276, "38": 0.5792223499638832, "40": 0.16507341982913012, "41": 0.16696338284843787, "43": 0.9865001752117635, "44": 0.6258554633767097, "45": 0.5871541340170283, "46": 0.7782912029730289, "47": 0.7075546733458378, "48": 0.1017108589920103, "49": 0.4799433830534207, "50": 0.8548604294396039, "51": 0.9217586009312606, "52": 0.7628314984505666, "59": 0.921999206994456, "61": 0.6260072594908512, "62": 0.7831581017980025, "64": 0.8159309810609103, "66": 0.6487520872752499, "70": 0.7127301950855451, "71": 0.9949767420272078, "72": 0.6487520872752499, "73": 0.5847427791228762, "76": 0.9949767420272078, "77": 0.6309732015705684, "78": 0.7703619798904482, "81": 0.842947102188196, "89": 0.9093223456592029, "92": 0.9217586009312606, "93": 0.6139961670765683, "94": 0.981232131685918, "96": 0.7466890867450248, "98": 0.7831581017980025, "99": 0.49823951007937656, "39": 0.4514535286619107, "42": 0.9709483288034012, "55": 0.5149058008426404, "56": 0.9217586009312606, "57": 0.7460343887694937, "58": 0.8404461023348363, "60": 0.8489569732052533, "63": 0.9949767420272078, "65": 0.5546486048036064, "69": 0.9202355368134549, "74": 0.3689027094833305, "79": 0.19367869466622997, "83": 0.9709483288034012, "86": 0.7782912029730289, "91": 0.9865001752117635, "80": 0.7433809645003402, "82": 0.5792223499638832, "87": 0.9983737266052923, "88": 0.981232131685918, "90": 0.980133147923703, "97": 0.9252433584349254, "53": 0.9539519567428785, "68": 0.5710752585811706, "84": 0.7233347450595491, "85": 0.8298497151028721, "75": 0.921999206994456, "54": 0.6260072594908512, "67": 0.9711625608873772}