{"0": 0.7988427626479946, "1": 0.87973306014029, "2": 0.8180149923763265, "3": 0.8839310182096698, "4": 0.9476023808238805, "5": 0.3765496998580562, "6": 0.7979756133661735, "7": 0.19439435039049202, "8": 0.8220676928821398, "9": 0.7931753771920018, "10": 0.2858838924484771, "11": 0.8766531587567263, "12": 0.5920931757809508, "13": 0.7017856094992272, "14": 0.23217036896216997, "15": 0.5009399011669977, "16": 0.8104088044254946, "17": 0.5097137091489985, "18": 0.7838753293139706, "19": 0.9204330867250647, "20": 0.3498101073638936, "21": 0.4417848502066217, "22": 0.7574311365647997, "23": 0.49673955503611367, "24": 0.5921071972552718, "25": 0.7669301099235952, "26": 0.8350087351138796, "27": 0.9125249009341821, "28": 0.45774349899472455, "29": 0.8326096743259999, "30": 0.9901079757944491, "31": 0.3879314802376561, "32": 0.8229518962357917, "33": 0.862726207157302, "34": 0.684961249623832, "35": 0.9316966264562736, "36": 0.5598236519255255, "37": 0.921999206994456, "38": 0.844043833861495, "40": 0.9642811283825925, "41": 0.3816392810356619, "43": 0.6815660531926984, "44": 0.978789337755493, "45": 0.5874343959391126, "46": 0.9180753773976005, "47": 0.8483455557617403, "48": 0.8953599538075763, "49": 0.9983737266052923, "50": 0.733402937629024, "51": 0.7116043175588809, "52": 0.8933491304844663, "59": 0.9217586009312606, "61": 0.981232131685918, "62": 0.3743435312473772, "64": 0.8756754309304606, "66": 0.7116043175588809, "70": 0.5262887266783807, "71": 0.9687175705183642, "72": 0.757604564146452, "73": 0.9476023808238805, "76": 0.8756754309304606, "77": 0.2682972741279794, "78": 0.7336565076444184, "81": 0.8732255365262316, "89": 0.7016430386802859, "92": 0.7010120954522201, "93": 0.8805558672433613, "94": 0.9335934621781633, "96": 0.7782912029730289, "98": 0.7490091029309954, "99": 0.9700371969819471, "39": 0.9196762676827337, "42": 0.7782912029730289, "55": 0.6487520872752499, "56": 0.9180753773976005, "57": 0.980133147923703, "58": 0.9771451713702621, "60": 0.8953599538075763, "63": 0.6445539772142557, "65": 0.7649261867832754, "69": 0.9865001752117635, "74": 0.2509905064061316, "79": 0.9949767420272078, "83": 0.9016627608838315, "86": 0.8311229959955457, "91": 0.9472676651898911, "80": 0.952640111361408, "82": 0.6166770921673854, "87": 0.9983737266052923, "88": 0.8848615542842719, "90": 0.4539547878918262, "97": 0.9140329995531735, "53": 0.358031518049137, "54": 0.8316076253923786, "67": 0.9181169426857589, "68": 0.9644804896774047, "75": 0.9177778432333028, "84": 0.9141130735845608, "85": 0.1656630649315574, "95": 0.8316076253923786, "103": 0.8366841729045951, "108": 0.9004275735381126, "126": 0.2509905064061316, "138": 0.9432447077790973, "140": 0.13134282679022186, "141": 0.981232131685918, "143": 0.9472676651898911, "146": 0.2818029255133064, "147": 0.9713595535558777, "148": 0.8756754309304606, "111": 0.9335934621781633, "112": 0.5509321997381238, "113": 0.9687175705183642, "114": 0.7127301950855451, "128": 0.1975043325266742, "136": 0.8333468763597425, "139": 0.9865001752117635, "142": 0.757604564146452, "102": 0.8697134878509117, "116": 0.5001504920796276, "119": 0.96706302647472, "121": 0.9180753773976005, "122": 0.8720945545738419, "123": 0.8546179968153367, "124": 0.981232131685918, "104": 0.8756754309304606, "107": 0.9335934621781633, "134": 0.8311229959955457, "100": 0.7237791989114861, "101": 0.9711625608873772, "129": 0.619830398968277, "130": 0.9252433584349254, "105": 0.9488360901438864, "110": 0.9949767420272078, "118": 0.9711625608873772, "125": 0.9488360901438864, "144": 0.947640553051555, "109": 0.9949767420272078, "127": 0.9472676651898911, "132": 0.8720945545738419, "115": 0.6236955654053149, "137": 0.7233347450595491, "106": 0.8720945545738419, "135": 0.9093223456592029, "120": 0.5120501550986825, "131": 0.832860782860757, "117": 0.23032766890594292, "133": 0.9129039455580766, "145": 0.9983737266052923, "156": 0.8302051050303796, "163": 0.9983737266052923, "179": 0.8192778384406973, "184": 0.8213445434803914, "186": 0.9140329995531735, "178": 0.8192778384406973, "181": 0.8213445434803914, "182": 0.9217455898854673, "183": 0.7481107270482277, "193": 0.8298497151028721, "158": 0.8949211271494089, "165": 0.8688965644538921, "166": 0.952640111361408, "168": 0.9316966264562736, "190": 0.7010120954522201, "196": 0.9140329995531735, "164": 0.9865001752117635, "169": 0.9949767420272078, "174": 0.9988882682104072, "185": 0.8316076253923786, "157": 0.8366841729045951, "173": 0.9316966264562736, "192": 0.9335934621781633, "151": 0.967905757640733, "180": 0.757604564146452}