{"0": 0.6284436739232024, "1": 0.8688965644538921, "2": 0.5303565179241538, "3": 0.5454377007950747, "4": 0.9587780833337113, "5": 0.9334632364863532, "6": 0.5904812659072396, "7": 0.9227320212054115, "8": 0.6196188954656859, "9": 0.27651093854946196, "10": 0.9113135936820267, "11": 0.7168071503936716, "12": 0.8366841729045951, "13": 0.7608528783887835, "14": 0.9259254526625673, "15": 0.6883644035567014, "16": 0.8522138360190168, "17": 0.8980219409923789, "18": 0.5984882081394154, "19": 0.2437483644541118, "20": 0.7782912029730289, "21": 0.8938537025014468, "22": 0.14449678458109552, "23": -0.1634122768290731, "24": 0.965268771575001, "25": 0.8480240212849163, "26": 0.358031518049137, "27": 0.5808446707006777, "28": 0.9983737266052923, "29": 0.5358827365043197, "30": 0.8546179968153367, "31": 0.3137147248817662, "32": 0.9006714259588862, "33": 0.9449277469107293, "34": 0.40717453683084925, "35": 0.9140329995531735, "36": 0.822991402584919, "37": 0.967905757640733, "38": 0.8366841729045951, "40": 0.9016627608838315, "41": 0.8830833783478265, "43": 0.9204330867250647, "44": 0.9573146345238671, "45": 0.7512094717113464, "46": 0.8533643694982009, "47": 0.6272050181110387, "48": 0.7876873771180102, "49": 0.8720945545738419, "50": 0.978789337755493, "51": 0.733402937629024, "52": 0.831315809318495, "59": 0.8345696413080547, "61": 0.956460985280722, "62": 0.9316966264562736, "64": 0.9090796779337953, "66": 0.41641775113652774, "70": 0.9072409240804903, "71": 0.29741741076280337, "72": 0.9865001752117635, "73": 0.8280814828306626, "76": 0.9472676651898911, "77": 0.5808446707006777, "78": 0.1975043325266742, "81": 0.9865001752117635, "89": 0.9865001752117635, "92": 0.8213445434803914, "93": 0.6487111246053656, "94": 0.49241561886366936, "96": -0.31225135563090645, "98": 0.9592332369017739, "99": 0.9830954797357201, "39": 0.9422384203384251, "42": 0.8983851212872435, "55": 0.758082860961826, "56": 0.9590995066198915, "57": 0.6852309177799163, "58": 0.4375200121653842, "60": 0.8463778409804674, "63": 0.967905757640733, "65": 0.9335934621781633, "69": 0.6002532838126441, "74": 0.7466890867450248, "79": 0.9949767420272078, "83": 0.981232131685918, "86": 0.8311229959955457, "91": 0.5808446707006777, "80": 0.8464138790455564, "82": 0.9090796779337953, "87": 0.9983737266052923, "88": 0.9304763003992487, "90": 0.5008711290557287, "97": 0.5894869790125996, "53": 0.8386443644739268, "54": 0.7260287547211197, "67": 0.963944995920045, "68": 0.5784923774019868, "75": 0.6082976936329352, "84": 0.8711994502463034, "85": 0.8070834178164799, "95": 0.6061367038825813, "103": 0.36806161337201504, "108": 0.758082860961826, "126": 0.8081179499291831, "138": 0.9432447077790973, "140": 0.9072721105355721, "141": 0.4375200121653842, "143": 0.9865001752117635, "146": 0.6082976936329352, "147": 0.9329405209770878, "148": 0.9687175705183642, "111": 0.831315809318495, "112": 0.9983737266052923, "113": 0.9006714259588862, "114": 0.8830833783478265, "128": 0.9691939465332382, "136": 0.9884989516004242, "139": 0.6082976936329352, "142": 0.7391722071175117, "102": 0.9687175705183642, "116": 0.9477068043036703, "119": 0.9477068043036703, "121": 0.8720945545738419, "122": 0.7010120954522201, "123": 0.9018630819062468, "124": 0.627991012045094, "104": 0.9983737266052923, "107": 0.9217455898854673, "134": 0.7419184683448392, "100": 0.7260287547211197, "101": 0.9988882682104072, "129": 0.875247011452132, "130": -0.27496486801528375, "105": 0.9672702438730358, "110": 0.9473892126416081, "118": 0.9988882682104072, "125": 0.9189796994070691, "144": 0.9687175705183642, "109": 0.8316076253923786, "127": 0.9988882682104072, "132": 0.8720945545738419, "115": 0.8188763159117212, "137": 0.963944995920045, "106": 0.9477068043036703, "135": 0.9713595535558777, "120": 0.627991012045094, "131": 0.8311229959955457, "117": 0.9691939465332382, "133": 0.7328887417864776, "145": 0.9983737266052923, "156": -0.2927296876967831, "163": 0.9983737266052923, "179": 0.8192778384406973, "184": 0.8213445434803914, "186": 0.9140329995531735, "178": 0.9988882682104072, "181": 0.8213445434803914, "182": 0.9884989516004242, "183": 0.6082976936329352, "193": 0.8983851212872435, "158": 0.897738363336651, "165": 0.8688965644538921, "166": 0.8830833783478265, "168": 0.9316966264562736, "190": 0.8533643694982009, "196": 0.9140329995531735, "164": 0.9865001752117635, "169": 0.981232131685918, "174": 0.9988882682104072, "185": 0.8366841729045951, "157": 0.5606333133258026, "173": 0.8946708982650449, "192": 0.9335934621781633, "151": 0.8809389516283095, "180": 0.9771451713702621, "159": 0.9949767420272078, "161": 0.8688965644538921, "162": 0.6494747637317144, "170": 0.7010120954522201, "172": 0.5727355528053012, "177": 0.9709483288034012, "187": 0.9335934621781633, "194": 0.8446352867590317, "198": 0.9687175705183642, "150": 0.47375041638672777, "188": 0.9672702438730358, "197": 0.9983737266052923, "153": 0.9949767420272078, "189": 0.23032766890594292, "195": 0.9472676651898911, "154": 0.8463778409804674, "191": 0.9140329995531735, "171": 0.6082976936329352, "212": 0.9865001752117635, "228": 0.8537946221448134, "230": 0.2198279891278654, "210": 0.8980219409923789, "246": 0.8720945545738419, "248": 0.8978551441977376, "202": 0.9091726585479631, "236": 0.614315707939549, "206": 0.7955272601359307, "221": 0.9949767420272078, "231": 0.9667771893756375, "232": 0.14449678458109552, "244": 0.5808446707006777, "224": 0.9477068043036703, "225": 0.9006714259588862, "241": 0.9865001752117635, "242": 0.7002029063388291, "226": 0.8311229959955457, "229": 0.7818255438676718, "249": 0.8311229959955457, "214": 0.8720945545738419, "220": 0.9949767420272078, "222": 0.9988882682104072, "209": 0.9901079757944491, "227": 0.9713595535558777, "200": 0.9901079757944491, "286": 0.9013207959089523, "282": 0.7955272601359307, "259": 0.9006714259588862, "252": 0.8311229959955457, "274": 0.8794961698328488, "279": 0.8311229959955457}