{"0": 0.4218308046635722, "1": 0.9129039455580766, "2": 0.5740001910906721, "3": 0.8446352867590317, "4": 0.3690962936014758, "5": 0.412699862688956, "6": 0.7787939383162538, "7": 0.9132525752046923, "8": 0.942923417458683, "9": 0.8775265032524076, "10": 0.9453520912576178, "11": 0.9096911896636037, "12": 0.9949767420272078, "13": 0.8830833783478265, "14": 0.9687175705183642, "16": 0.8280814828306626, "17": 0.7824962939969589, "18": 0.8365170505443663, "19": 0.9691939465332382, "20": 0.9573363750671867, "21": 0.7833145592966051, "22": 0.8853431112904293, "24": 0.942699523539489, "26": 0.9865001752117635, "27": 0.5799811776941057, "28": 0.7365398254287008, "29": 0.8794961698328488, "33": 0.9884989516004242, "35": 0.8213445434803914, "36": 0.9713595535558777, "37": 0.8311229959955457, "39": 0.9636589083754621, "42": -0.0475896289864841, "43": 0.9988882682104072, "44": 0.981232131685918, "46": 0.8192778384406973, "49": 0.3885201854651707, "50": 0.8615112575471175, "55": 0.8272030732920543, "56": 0.9061104814689838, "58": 0.9140329995531735, "72": 0.9098698567125048, "79": 0.9983737266052923, "80": 0.9830954797357201, "113": 0.920017648857659, "228": 0.9000543078507882}