{"0": 0.5570702886487767, "1": 0.8669742961726408, "2": 0.46912644829314326, "3": 0.5814090185943837, "4": 0.5377002777726191, "5": 0.4739970477836356, "6": 0.5131406704297496, "7": 0.9620011027659975, "8": 0.7496293598194063, "9": 0.3478597110419369, "10": 0.7127301950855451, "11": 0.4340184493973487, "12": 0.8334639534656043, "13": 0.7923531371947836, "14": 0.4806514729678515, "15": 0.18777776016398603, "16": 0.5616440754066507, "17": 0.5356956716186152, "18": 0.18293795068874083, "19": 0.5786232597120047, "20": 0.9064102699220622, "21": 0.14592849994799748, "22": 0.8390064748812559, "23": 0.6571755502930459, "24": -0.2810040922799176, "25": 0.7971336978263514, "26": 0.7710994708149075, "27": 0.313615261842499, "28": 0.6894578908915058, "29": 0.655660942174523, "30": 0.6972669194972124, "31": 0.7831581017980025, "32": 0.48113657271127597, "33": 0.6260072594908512, "34": -0.3811017271601853, "35": 0.481693595443906, "36": 0.6113390932309679, "37": 0.7774095451524285, "38": 0.6283282402855335, "40": 0.3014277915473468, "41": 0.943959991281367, "43": 0.7470431759630449, "44": -0.22448466002403983, "45": 0.8216912714609571, "46": 0.921999206994456, "47": 0.8316076253923786, "48": 0.7856312790148056, "49": 0.9983737266052923, "50": 0.5921071972552718, "51": 0.49823951007937656, "52": -0.0947404194997906, "59": 0.9217586009312606, "61": 0.9356155407207811, "62": 0.981232131685918, "64": 0.6649430807089585, "66": 0.7156138944122838, "70": 0.6487520872752499, "71": 0.9865001752117635, "72": 0.9539519567428785, "73": 0.943959991281367, "76": 0.9114128703941509, "77": 0.8366841729045951, "78": 0.830456686075359, "81": 0.9865001752117635, "89": 0.9217586009312606, "92": 0.5874343959391126, "93": 0.6397620421540968, "94": 0.19367869466622997, "96": 0.6260072594908512, "98": 0.5792223499638832, "99": 0.9949767420272078, "39": 0.7233347450595491, "42": 0.8020121717905242, "55": 0.5509321997381238, "56": 0.7127301950855451, "57": 0.9711625608873772, "58": 0.9711625608873772, "60": 0.20719309844180892, "63": 0.8441414764751911, "65": 0.1864354156823636, "69": 0.9949767420272078, "74": 0.8366841729045951, "79": 0.9949767420272078, "83": 0.34384838052099814, "86": 0.7782912029730289, "91": 0.9252433584349254, "80": 0.9196762676827337, "82": 0.5792223499638832, "87": 0.9983737266052923, "88": 0.9217586009312606, "90": 0.7045757447777523, "97": 0.6358889267915722, "53": 0.9709483288034012, "54": 0.9539519567428785, "67": 0.6260072594908512, "68": 0.7233347450595491, "75": 0.921999206994456, "84": 0.7342015779776678, "85": 0.6309732015705684}