{"0": 0.9349903714509915, "1": 0.9006714259588862, "2": 0.9840880345802636, "3": 0.9252433584349254, "4": 0.33307426527673323, "5": 0.8316076253923786, "6": 0.9691939465332382, "7": 0.7265794742275801, "8": 0.942923417458683, "9": 0.8589422025084581, "10": 0.8192778384406973, "11": 0.6335425290632055, "12": 0.7361040978197746, "13": 0.8472879608371888, "14": 0.8070834178164799, "15": 0.7871655810334909, "16": 0.981232131685918, "17": 0.9726470427282614, "18": 0.4881303022101726, "19": 0.9453520912576178, "20": 0.1955530274103721, "21": 0.9114644625959997, "22": 0.8116761558597236, "23": 0.9830954797357201, "24": 0.9949767420272078, "25": 0.9559398348927166, "26": 0.9140329995531735, "27": 0.949197368722514, "28": 0.9304763003992487, "29": 0.8794961698328488, "30": 0.9335934621781633, "31": 0.9335934621781633, "32": 0.291239005811534, "33": 0.9006714259588862, "34": 0.9586919378087284, "35": 0.8720945545738419, "36": 0.8338039374787547, "37": 0.8316076253923786, "38": 0.7490910102294541, "40": 0.9983737266052923, "41": 0.9750826465612488, "43": 0.8311229959955457, "44": 0.5868691334681175, "45": 0.942923417458683, "46": 0.8192778384406973, "47": 0.920017648857659, "48": 0.8286008454269056, "49": 0.9710685701243187, "50": 0.8997670280032732, "51": 0.967905757640733, "52": 0.9884989516004242, "59": 0.8359292074324485, "61": 0.9592332369017739, "62": 0.8463778409804674, "64": 0.5560960332074883, "66": 0.8830833783478265, "70": 0.23586875780657912, "71": -0.27496486801528375, "72": 0.942923417458683, "73": 0.7466814746126882, "76": 0.832860782860757, "77": 0.963944995920045, "78": 0.523868503082112, "81": 0.9687175705183642, "89": 0.9988882682104072, "92": 0.3885201854651707, "93": 0.8311229959955457, "94": 0.9304763003992487, "96": 0.9140329995531735, "98": 0.9006714259588862, "99": 0.8188763159117212, "39": 0.9636589083754621, "42": 0.8549476145020383, "55": 0.8272030732920543, "56": 0.6036171899204152, "57": 0.7365398254287008, "58": 0.9493540059122985, "60": 0.8655817455287372, "63": -0.14932931480824793, "65": 0.9493540059122985, "69": 0.8794961698328488, "74": -0.14932931480824793, "79": 0.9691939465332382, "83": 0.981232131685918, "86": -0.0475896289864841, "91": 0.9750826465612488, "80": 0.9636589083754621, "82": 0.3702217257773508, "87": 0.9983737266052923, "88": 0.9949767420272078, "90": 0.9892581571897634, "97": 0.9140329995531735, "53": 0.9777812587919528, "68": 0.757604564146452, "84": 0.8815986591591685, "85": -0.0475896289864841, "75": 0.9691939465332382, "54": 0.901748777249892, "67": 0.9884989516004242, "95": 0.9573363750671867, "103": 0.9988882682104072, "108": 0.7787939383162538, "126": 0.6526061874683491, "138": 0.8830833783478265, "140": 0.9304763003992487, "141": 0.8903720116851059, "143": 0.1975043325266742, "146": 0.8794961698328488, "147": 0.9777812587919528, "148": 0.9573363750671867, "111": 0.9304763003992487, "112": 0.9335934621781633, "113": 0.9592332369017739, "114": 0.9654973448254043, "128": 0.9713595535558777, "136": 0.9884989516004242, "139": 0.9361488673595424, "142": 0.9884989516004242, "102": 0.9072409240804903, "116": 0.9691939465332382, "119": 0.6082976936329352, "121": 0.8794961698328488, "122": 0.8830833783478265, "123": 0.5609849854360007, "124": 0.9884989516004242, "104": 0.7141588583608788, "107": 0.9865001752117635, "134": 0.8830833783478265, "100": 0.9691939465332382, "101": 0.9988882682104072, "129": 0.7365398254287008, "130": 0.9687175705183642, "105": 0.9865001752117635, "110": 0.9403846533518059, "118": 0.9140329995531735, "125": 0.8720945545738419, "144": -0.14932931480824793, "109": 0.6082976936329352, "127": -0.0475896289864841, "132": 0.9006714259588862, "115": 0.8188763159117212, "137": 0.8794961698328488, "106": 0.8720945545738419, "135": 0.9865001752117635, "120": 0.3690962936014758, "131": 0.8775265032524076, "117": 0.9493540059122985, "133": 0.9304763003992487, "145": 0.9509518987775469, "156": 0.9532023633053024, "163": 0.9865001752117635, "179": 0.8192778384406973, "184": 0.8213445434803914, "186": 0.8720945545738419, "178": 0.9988882682104072, "181": 0.8213445434803914, "182": 0.9884989516004242, "183": 0.9865001752117635, "193": 0.8983851212872435, "158": 0.9713595535558777, "165": 0.8688965644538921, "166": 0.8830833783478265, "168": 0.981232131685918, "190": 0.8533643694982009, "196": 0.9140329995531735, "164": 0.9865001752117635, "169": 0.9573363750671867, "174": 0.9988882682104072, "185": 0.6284436739232024, "157": 0.9983737266052923, "173": 0.9865001752117635, "192": 0.9472676651898911, "151": 0.9830954797357201, "180": 0.9074541861500449, "159": 0.9949767420272078, "161": 0.9830954797357201, "162": 0.8794961698328488, "170": 0.981232131685918, "172": 0.9983737266052923, "177": 0.9709483288034012, "187": 0.9335934621781633, "194": 0.8446352867590317, "198": 0.9687175705183642, "150": 0.7787939383162538, "188": 0.9672702438730358, "197": 0.9983737266052923, "153": 0.8446352867590317, "189": 0.23032766890594292, "195": 0.9472676651898911, "154": 0.8463778409804674, "191": 0.9140329995531735, "171": -0.0475896289864841, "212": 0.9865001752117635, "228": 0.920017648857659, "230": 0.9687175705183642, "210": 0.8980219409923789, "246": 0.8720945545738419, "248": 0.9335934621781633, "202": 0.9091726585479631, "236": 0.614315707939549, "206": 0.7955272601359307, "221": 0.9949767420272078, "231": 0.9667771893756375, "232": 0.14449678458109552, "244": 0.5830765794498906, "224": 0.9477068043036703, "225": 0.9006714259588862, "241": 0.9865001752117635, "242": 0.7002029063388291, "226": 0.9090796779337953, "229": 0.7818255438676718, "249": 0.8311229959955457, "214": 0.8720945545738419, "220": -0.14932931480824793, "222": 0.9988882682104072, "209": 0.9901079757944491, "227": 0.9713595535558777, "200": 0.9901079757944491, "286": 0.9013207959089523, "282": 0.7955272601359307, "259": 0.9006714259588862, "252": 0.8311229959955457, "274": 0.8794961698328488, "279": 0.8311229959955457, "149": 0.9453520912576178, "294": 0.8794961698328488, "254": 0.6526061874683491, "264": 0.9648177708588577, "256": 0.9988882682104072, "261": 0.9453520912576178, "167": 0.8311229959955457, "155": 0.3690962936014758, "152": 0.6082976936329352, "312": 0.523868503082112, "314": 0.9573363750671867, "160": 0.9983737266052923}