{"0": 0.7260287547211197, "1": 0.7849051512489771, "2": 0.8329575037650768, "3": 0.5104985258037865, "4": 0.7466890867450248, "5": 0.8453048777385126, "6": 0.8825982911229424, "7": 0.7234695324764673, "8": 0.8070834178164799, "9": 0.921498007949856, "10": 0.609225864488296, "11": 0.8591488675651155, "12": 0.967905757640733, "13": 0.9667771893756375, "14": 0.8720977720763801, "15": -0.21663253992098172, "16": 0.6413911019625415, "17": 0.9090796779337953, "18": 0.9304763003992487, "19": 0.8045988831986077, "20": 0.2011426332164294, "21": 0.6061367038825813, "22": 0.9449277469107293, "23": 0.9204817737354929, "24": 0.8805558672433613, "25": 0.9403846533518059, "26": 0.9825033311030087, "27": -0.27496486801528375, "28": 0.14449678458109552, "29": 0.8830833783478265, "30": -0.14527704154478904, "31": 0.6298907508055882, "32": 0.1270740672081682, "33": 0.9324646889865593, "34": 0.3431187303073333, "35": 0.6403345505849907, "36": 0.6413139025810413, "37": 0.967905757640733, "38": 0.8366841729045951, "40": 0.9016627608838315, "41": 0.529359372285636, "43": 0.7849001521249795, "44": 0.9642811283825925, "45": 0.832860782860757, "46": 0.4249308618713211, "47": 0.48771932999233114, "48": 0.9488360901438864, "49": 0.8499513525047342, "50": 0.978789337755493, "51": 0.733402937629024, "52": 0.831315809318495, "59": 0.8794961698328488, "61": 0.8316076253923786, "62": 0.881875322540995, "64": 0.8756754309304606, "66": 0.8446352867590317, "70": 0.9830954797357201, "71": 0.29741741076280337, "72": 0.9865001752117635, "73": 0.9472676651898911, "76": 0.9472676651898911, "77": 0.5808446707006777, "78": 0.1975043325266742, "81": 0.9865001752117635, "89": -0.026940629455782773, "92": 0.9710685701243187, "93": 0.7010120954522201, "94": 0.9335934621781633, "96": -0.31225135563090645, "98": 0.9949767420272078, "99": 0.9983737266052923, "39": 0.6832849641513881, "42": 0.9045997992036547, "55": 0.8720945545738419, "56": 0.9590995066198915, "57": 0.6852309177799163, "58": 0.4375200121653842, "60": 0.981232131685918, "63": 0.7016430386802859, "65": 0.9335934621781633, "69": 0.7955272601359307, "74": 0.7466890867450248, "79": 0.9949767420272078, "83": 0.9592332369017739, "86": 0.8311229959955457, "91": 0.5808446707006777, "80": 0.757604564146452, "82": 0.9090796779337953, "87": 0.9983737266052923, "88": 0.8192778384406973, "90": 0.5008711290557287, "97": 0.5894869790125996, "53": 0.8311798646017152, "68": 0.9429874867746404, "84": 0.8711994502463034, "85": 0.9983737266052923, "75": 0.6082976936329352, "54": 0.9477068043036703, "67": 0.9006714259588862, "95": 0.6061367038825813, "103": 0.36806161337201504, "108": 0.758082860961826, "126": 0.5721738129269747, "138": 0.9432447077790973, "140": 0.9949767420272078, "141": 0.4375200121653842, "143": 0.9865001752117635, "146": 0.6082976936329352, "147": 0.9329405209770878, "148": 0.9687175705183642, "111": 0.831315809318495, "112": 0.9983737266052923, "113": 0.9006714259588862, "114": 0.8830833783478265, "128": 0.43866115411361184, "136": 0.9884989516004242, "139": 0.9140329995531735, "142": 0.7391722071175117, "102": 0.9687175705183642, "116": 0.9477068043036703, "119": 0.9477068043036703, "121": 0.8720945545738419, "122": 0.7010120954522201, "123": 0.9018630819062468, "124": 0.627991012045094, "104": 0.9983737266052923, "107": 0.9140329995531735, "134": 0.7419184683448392, "100": 0.7260287547211197, "101": 0.9988882682104072, "129": 0.875247011452132, "130": -0.27496486801528375, "105": 0.9672702438730358, "110": 0.9473892126416081, "118": 0.9988882682104072, "125": 0.9488360901438864, "144": 0.9687175705183642, "109": 0.8316076253923786, "127": 0.9335934621781633, "132": 0.8720945545738419, "115": 0.8188763159117212, "137": 0.963944995920045, "106": 0.9477068043036703, "135": 0.5120501550986825, "120": 0.627991012045094, "131": 0.8311229959955457, "117": 0.9691939465332382, "133": 0.7328887417864776, "145": 0.9983737266052923, "156": -0.2927296876967831, "163": 0.9983737266052923, "179": 0.8192778384406973, "184": 0.8213445434803914, "186": 0.9140329995531735, "178": 0.9988882682104072, "181": 0.8213445434803914, "182": 0.9884989516004242, "183": 0.6082976936329352, "193": 0.8983851212872435, "158": 0.897738363336651, "165": 0.8688965644538921, "166": 0.8830833783478265, "168": 0.9316966264562736, "190": 0.8533643694982009, "196": 0.9140329995531735, "164": 0.9865001752117635, "169": 0.981232131685918, "174": 0.9988882682104072, "185": 0.8366841729045951, "157": 0.5606333133258026, "173": 0.8946708982650449, "192": 0.9335934621781633, "151": 0.8809389516283095, "180": 0.9771451713702621, "159": 0.9949767420272078, "161": 0.8688965644538921, "162": 0.6494747637317144, "170": 0.7010120954522201, "172": 0.8366841729045951, "177": 0.9709483288034012, "187": 0.9335934621781633, "194": 0.1975043325266742, "198": 0.8720945545738419, "150": 0.47375041638672777, "188": 0.9672702438730358, "197": 0.9983737266052923, "153": 0.9949767420272078, "189": 0.23032766890594292, "195": 0.9472676651898911, "154": 0.8463778409804674, "191": 0.9140329995531735, "171": 0.6082976936329352, "212": 0.9865001752117635, "228": 0.8537946221448134, "230": 0.2198279891278654, "210": 0.8980219409923789, "246": 0.8720945545738419, "248": 0.8978551441977376, "202": 0.9091726585479631, "236": 0.614315707939549, "206": 0.7955272601359307, "221": 0.9949767420272078, "231": 0.9667771893756375, "232": 0.14449678458109552, "244": 0.5808446707006777, "224": 0.9477068043036703, "225": 0.9006714259588862, "241": 0.9865001752117635, "242": 0.7002029063388291, "226": 0.8311229959955457, "229": 0.7818255438676718, "249": 0.8311229959955457, "214": 0.8720945545738419, "220": 0.9949767420272078, "222": 0.9988882682104072, "209": 0.9901079757944491, "227": 0.9713595535558777, "200": 0.9901079757944491, "286": 0.9013207959089523, "282": 0.7955272601359307, "259": 0.9006714259588862, "252": 0.8311229959955457, "274": 0.8794961698328488}