{"0": 0.8755225610321277, "1": 0.4183847681953678, "2": 0.6733213007476928, "3": 0.27361805570435394, "4": 0.3366835704077431, "5": 0.8642616605705435, "6": 0.730393459622743, "7": 0.660150442863779, "8": 0.5292378121730696, "9": 0.6258554352216742, "10": 0.660673913766087, "11": 0.5968611232684455, "12": 0.557010402473584, "13": 0.8937292646683588, "14": 0.6678093024213296, "15": 0.6491935015945167, "16": 0.3641110015527814, "17": 0.2042204657298352, "18": 0.26136390952185357, "19": 0.18168131915734786, "20": 0.7637396974633953, "21": -0.0947404194997906, "22": 0.8727104168106703, "23": 0.8809396244696035, "24": 0.5198685220641122, "25": 0.8475814908605418, "26": 0.46912644829314326, "27": 0.11661037297160878, "28": 0.7425417598060612, "29": 0.7554609097433675, "30": 0.5685866553822061, "31": 0.7849634154001839, "32": 0.6013506347590544, "33": -0.16933105853661556, "34": 0.8126874765373676, "35": 0.5513144173319915, "36": 0.7407872295122774, "37": 0.8178413482602938, "38": 0.684961249623832, "40": 0.9539519567428785, "41": 0.6196188954656859, "43": 0.5247123185998133, "44": 0.9217586009312606, "45": 0.8016408203693159, "46": 0.6685812721607511, "47": 0.8655817455287372, "48": 0.9432447077790973, "49": 0.6526061874683491, "50": 0.8646846833957632, "51": 0.7634150330236524, "52": 0.8333468763597425, "59": 0.8128551965592921, "61": 0.6914842433289334, "62": 0.9711625608873772, "64": 0.6685812721607511, "66": 0.7075546733458378, "70": 0.799615023321244, "71": -0.03156587147432149, "72": 0.6260072594908512, "73": 0.23032766890594292, "76": 0.981232131685918, "77": 0.9983737266052923, "78": 0.9093223456592029, "81": 0.9096911896636037, "89": 0.8756754309304606, "92": 0.8720945545738419, "93": 0.9949767420272078, "94": 0.832860782860757, "96": 0.9700371969819471, "98": 0.6082976936329352, "99": 0.9713595535558777, "39": 0.34384838052099814, "42": 0.7010120954522201, "55": 0.8311229959955457, "56": 0.48113657271127597, "57": 0.901748777249892, "58": 0.921999206994456, "60": 0.8727104168106703, "63": 0.9217586009312606, "65": 0.8311229959955457, "69": 0.943959991281367, "74": 0.6821030813261982, "79": 0.691751106621022, "83": 0.9021221516449848, "86": 0.9335934621781633, "91": 0.9114128703941509, "80": 0.8331087363663148, "82": 0.9700371969819471, "87": 0.48607992823877844, "88": 0.9476023808238805, "90": 0.6196188954656859, "97": 0.9129039455580766, "53": 0.9141130735845608, "68": 0.16671988941425248, "84": 0.981232131685918, "85": 0.8192778384406973, "75": 0.6733559840239098, "54": 0.2667876912297211, "67": 0.8444621505000198, "95": 0.9472676651898911, "103": 0.8366841729045951, "108": 0.832860782860757, "126": 0.2667876912297211, "138": 0.8192778384406973, "140": 0.8720945545738419, "141": 0.7782912029730289, "143": 0.9472676651898911, "146": 0.8546179968153367, "147": 0.9021221516449848, "148": 0.757604564146452, "111": 0.9141130735845608, "112": 0.9432447077790973, "113": 0.9217586009312606, "114": 0.8216912714609571, "128": 0.9713595535558777, "136": 0.28662976412741054, "139": 0.5104872573381166, "142": 0.8953599538075763, "102": 0.7782912029730289, "116": 0.832860782860757, "119": 0.6082976936329352, "121": 0.9180753773976005, "122": 0.8333468763597425, "123": 0.8192778384406973, "124": 0.8654624897863742, "104": 0.8117823156968187, "107": 0.9865001752117635, "134": 0.7419184683448392, "100": 0.9949767420272078, "101": 0.9335934621781633, "129": 0.6062130938969661, "130": 0.757604564146452, "105": 0.8756754309304606, "110": 0.6082976936329352, "118": 0.8720945545738419, "125": 0.7831581017980025, "144": 0.9865001752117635, "109": 0.9129039455580766, "127": 0.9687175705183642, "132": 0.3014277915473468, "115": 0.7721440652032403, "137": 0.7233347450595491, "106": 0.8720945545738419, "135": 0.9865001752117635, "120": 0.2667876912297211, "131": 0.684961249623832, "117": 0.5120501550986825, "133": 0.9472676651898911}