{"0": 0.7856312790148056, "1": 0.23032766890594292, "2": 0.9539519567428785, "3": 0.7570745990904548, "4": 0.7858358557688865, "5": -0.5122923914679233, "6": 0.5968611232684455, "7": 0.7425417598060612, "8": 0.5198685220641122, "9": 0.6421557334445358, "10": 0.2667876912297211, "11": 0.6685812721607511, "12": 0.921999206994456, "13": 0.29542639465187137, "14": 0.8715230870988541, "15": 0.35488402748644965, "16": 0.8016408203693159, "17": 0.6013506347590544, "18": 0.9704814302099272, "19": 0.18168131915734786, "20": 0.4019092004887582, "21": 0.8843497809749714, "22": -0.03156587147432149, "23": 0.263755577319145, "24": 0.9700371969819471, "25": 0.8331087363663148, "26": 0.8359579514350155, "27": 0.8646846833957632, "28": 0.9432447077790973, "29": 0.8216912714609571, "30": 0.6260072594908512, "31": 0.9217586009312606, "32": 0.873955944747916, "33": -0.07310790845330156, "34": 0.6774506021333373, "35": 0.8727104168106703, "36": 0.6653534822950975, "37": 0.5247123185998133, "38": 0.9097043845728758, "40": 0.9114128703941509, "41": 0.9711625608873772, "43": 0.48113657271127597, "44": 0.8366841729045951, "45": 0.3014277915473468, "46": 0.8128551965592921, "47": 0.922744768583531, "48": 0.6821030813261982, "49": 0.841121674857908, "50": 0.9476023808238805, "51": 0.9021221516449848, "52": 0.9157957284855488, "59": 0.34384838052099814, "61": 0.9687175705183642, "62": 0.7466890867450248, "64": 0.9141130735845608, "66": 0.691751106621022, "70": 0.45730309682529446, "71": 0.6010709993751915, "72": 0.1416938655417028, "73": 0.8420777469697371, "76": 0.8261204300060645, "77": 0.8809396244696035, "78": 0.8292426892435174, "81": 0.000722957805710489, "89": 0.6082976936329352, "92": 0.9006714259588862, "93": 0.8688965644538921, "94": 0.8192778384406973, "96": 0.9096911896636037, "98": 0.8756754309304606, "99": 0.7466890867450248, "39": 0.44260974064371894, "42": 0.2772947570663655, "55": 0.9709483288034012, "56": 0.7437328602714011, "57": -0.0947404194997906, "58": 0.7146534890473241, "60": 0.9488360901438864, "63": 0.6526061874683491, "65": 0.9573146345238671, "69": 0.9093223456592029, "74": 0.980133147923703, "79": 0.9298097197394065, "83": 0.8192778384406973, "86": 0.9335934621781633, "91": 0.684961249623832, "80": 0.9983737266052923, "82": 0.901748777249892, "87": 0.6082976936329352, "88": 0.7658701887411197, "90": 0.981232131685918, "97": 0.8366841729045951, "53": 0.9865001752117635, "68": 0.9777812587919528, "84": 0.8615555957814991, "85": 0.7010120954522201, "75": 0.8311229959955457, "54": 0.48607992823877844, "67": 0.8333468763597425, "95": 0.7449588556572684, "103": 0.9865001752117635, "108": 0.9488360901438864, "126": 0.2667876912297211, "138": 0.757604564146452, "140": 0.8720945545738419, "141": 0.8720945545738419, "143": 0.9472676651898911, "146": 0.8546179968153367, "147": 0.9713595535558777, "148": 0.757604564146452, "111": 0.8333468763597425, "112": 0.9335934621781633, "113": 0.9335934621781633, "114": 0.9309065637866576, "128": 0.8655817455287372, "136": 0.9687175705183642, "139": 0.5104872573381166, "142": 0.832860782860757, "102": 0.8697134878509117, "116": 0.832860782860757, "119": 0.6082976936329352, "121": 0.9180753773976005, "122": 0.8655817455287372, "123": 0.9315684879650371, "124": 0.9204330867250647, "104": 0.8756754309304606, "107": 0.9865001752117635, "134": 0.7419184683448392, "100": 0.48113657271127597, "101": 0.9988882682104072, "129": 0.619830398968277, "130": 0.9687175705183642, "105": 0.757604564146452, "110": 0.7437328602714011, "118": 0.8720945545738419, "125": 0.2509905064061316, "144": 0.9865001752117635, "109": 0.9949767420272078, "127": 0.9472676651898911, "132": 0.9710685701243187, "115": 0.6236955654053149, "137": 0.7821694225012211, "106": 0.8720945545738419, "135": 0.9865001752117635, "120": 0.5120501550986825, "131": 0.832860782860757, "117": 0.6010709993751915, "133": 0.9129039455580766, "145": 0.9983737266052923, "156": 0.8463778409804674, "163": 0.9983737266052923, "179": 0.40935448314745815, "184": 0.832860782860757, "186": 0.8720945545738419, "178": 0.6196188954656859, "181": 0.5929463479178985, "182": 0.8366841729045951, "183": 0.9901079757944491, "193": 0.6272050181110387, "158": 0.8756754309304606, "165": 0.8688965644538921, "166": 0.9363102851791325, "168": 0.9316966264562736, "190": 0.1009843972457225, "196": 0.9765485267282645, "164": 0.9865001752117635, "169": 0.981232131685918, "174": 0.9988882682104072, "185": 0.8366841729045951, "157": 0.8688965644538921, "173": 0.6821030813261982, "192": 0.9472676651898911, "151": 0.8809389516283095, "180": 0.9771451713702621, "159": 0.9129039455580766, "161": 0.8688965644538921, "162": 0.6494747637317144, "170": 0.7466890867450248, "172": -0.03156587147432149, "177": 0.9709483288034012, "187": 0.9335934621781633, "194": 0.684961249623832, "198": 0.8720945545738419, "150": 0.7782912029730289, "188": 0.9672702438730358, "197": 0.6082976936329352, "153": 0.9949767420272078, "189": 0.23032766890594292, "195": 0.9472676651898911, "154": 0.8463778409804674, "191": 0.9140329995531735, "171": 0.981232131685918}