{"0": 0.5382759403863034, "1": 0.09444319914134153, "2": 0.846724447096405, "3": 0.7818847523143481, "4": 0.1929100335048944, "5": 0.6678093024213296, "6": 0.7242383641538971, "7": 0.27644250855718966, "8": 0.05584330816767899, "9": 0.20940506817761922, "10": 0.6409066342006227, "11": 0.4707641013804591, "12": 0.44582331369243655, "13": 0.7407872295122774, "14": 0.9521659843814637, "15": 0.4582934882231, "16": 0.42078005933169066, "17": 0.4630649142341773, "18": 0.4114597672981626, "19": 0.27195180929002843, "20": 0.33503265172540087, "21": 0.5792223499638832, "22": 0.3191819154102346, "23": 0.2829563185354215, "24": 0.6934108153810842, "25": 0.8794562451516671, "26": 0.853205669979406, "27": 0.8236987219957388, "28": 0.9539519567428785, "29": 0.5358827365043197, "30": 0.6549161613629122, "31": 0.9711625608873772, "32": 0.8444858132512123, "33": 0.7496293598194063, "34": 0.6495641856976502, "35": 0.8718407791000566, "36": 0.9239777041182415, "37": 0.6260072594908512, "38": 0.8653355028985257, "39": 0.8124465791272606, "41": 0.47292511049119035, "42": 0.9367269048304978, "43": 0.7604755292429785, "44": 0.9865001752117635, "45": 0.6940236621868785, "46": 0.21971843866014315, "47": 0.757604564146452, "48": 0.7979756133661735, "49": 0.8251599375915066, "53": 0.9355283419584952, "54": 0.4968885057412682, "56": 0.9217586009312606, "58": 0.9983737266052923, "61": 0.8546179968153367, "66": 0.6205097342542789, "67": 0.5793706867046948, "68": 0.5710752585811706, "69": 0.9202355368134549, "70": -0.4960767335034541, "72": 0.8128551965592921, "78": 0.585586251779141, "79": 0.9949767420272078, "80": 0.8830281235644627, "85": 0.6609419717369134, "88": 0.9709483288034012, "92": 0.6487520872752499, "93": 0.6139961670765683, "94": 0.7266853210570041, "96": 0.7466890867450248}