{"0": 0.7290750588063244, "1": 0.6868631043900291, "2": 0.4463228515943476, "3": 0.2740171797277792, "4": 0.6158215443370381, "5": 0.5587568258555234, "6": 0.35310331895698854, "7": 0.5632930390530022, "8": 0.7022611058247976, "9": 0.7044336110822023, "10": 0.41091646158249334, "11": 0.8642616605705435, "12": 0.6657406311007712, "13": 0.9181169426857589, "14": 0.35745510640164757, "15": 0.8755225610321277, "16": 0.8928144447523121, "17": 0.5292378121730696, "18": 0.7442556056238594, "19": 0.8801142821468659, "20": 0.4586960955190156, "21": 0.6443955829734422, "22": 0.6606637801476423, "23": 0.9652197466936353, "24": 0.901748777249892, "25": 0.8928462641755874, "26": 0.5228385421314207, "27": 0.7701184809086488, "28": 0.6439356408088854, "29": 0.7897401773096718, "30": 0.8824206669002154, "31": 0.6733559840239098, "32": 0.6685812721607511, "33": 0.8126874765373676, "34": 0.9711625608873772, "35": 0.32591736853161724, "36": 0.981232131685918, "37": 0.9114128703941509, "38": 0.9356657607132645, "40": 0.9983737266052923, "41": 0.34384838052099814, "43": 0.8756754309304606, "44": 0.49172772849901925, "45": 0.1603605174641622, "46": 0.9432447077790973, "47": 0.34798782986239263, "48": 0.9096911896636037, "49": 0.9281763776399854, "50": 0.9217586009312606, "51": 0.8333468763597427, "52": 0.7634150330236524, "59": 0.263755577319145, "61": -0.01324565824081262, "62": 0.3191792995258299, "64": 0.5627798394800809, "66": 0.23032766890594292, "70": 0.7425417598060612, "71": 0.37540567929468754, "72": 0.832860782860757, "73": 0.7248743142937746, "76": 0.9472676651898911, "77": 0.9713595535558777, "78": 0.684961249623832, "81": -0.0947404194997906, "89": 0.8655817455287372, "92": 0.853182746358577, "93": 0.37533258554228177, "94": 0.9988882682104072, "96": 0.49376421836332324, "98": 0.5927353888897884, "99": 0.9700371969819471, "39": 0.7936131878218597, "42": 0.5968496488520021, "55": 0.8444621505000198, "56": 0.8637732936172429, "57": 0.29830921354618783, "58": 0.7753276317490019, "60": -0.03156587147432149, "63": 0.8700165000962381, "65": 0.1864354156823636, "69": 0.9777812587919528, "74": 0.6082976936329352, "79": 0.8720945545738419, "83": 0.7490409196151773, "86": 0.8331087363663148, "91": 0.9476023808238805, "80": 0.9700371969819471, "82": 0.8995238736482618, "87": 0.9013207959089523, "88": 0.9865001752117635, "90": 0.6196188954656859, "97": 0.8720977720763801, "53": 0.7530312146280582, "54": 0.8517950447995001, "67": 0.471039738862605, "68": 0.6335425290632055, "75": 0.8178413482602938, "84": 0.9335934621781633, "85": 0.9129039455580766, "95": 0.8717840960341987, "103": 0.8366841729045951, "108": 0.8316076253923786, "126": 0.2509905064061316, "138": 0.7782912029730289, "140": 0.13134282679022186, "141": 0.981232131685918, "143": 0.2800011204192964, "146": 0.2818029255133064, "147": 0.9713595535558777, "148": -0.6839958387610735, "111": 0.9335934621781633, "112": 0.9013207959089523, "113": 0.9687175705183642, "114": 0.8688965644538921, "128": 0.6258554633767097, "136": 0.8333468763597425, "139": 0.9865001752117635, "142": 0.757604564146452, "102": 0.8697134878509117, "116": 0.5001504920796276, "119": 0.6082976936329352, "121": 0.8830833783478265, "122": 0.8720945545738419, "123": 0.8546179968153367, "124": 0.981232131685918, "104": 0.8756754309304606, "107": 0.8720945545738419, "134": 0.8311229959955457, "100": 0.9432447077790973, "101": 0.9687175705183642, "129": 0.23032766890594292, "130": -0.0947404194997906, "105": 0.9700371969819471, "110": 0.901748777249892, "118": 0.9713595535558777, "125": 0.7831581017980025, "144": 0.9217586009312606, "109": 0.9949767420272078, "127": 0.9472676651898911, "132": 0.7782912029730289, "115": 0.6236955654053149, "137": 0.7233347450595491, "106": 0.8720945545738419, "135": 0.9093223456592029, "120": 0.5120501550986825, "131": 0.832860782860757, "117": 0.23032766890594292, "133": 0.9129039455580766, "145": 0.9983737266052923, "156": 0.9181169426857589, "163": 0.9983737266052923, "179": 0.8192778384406973, "184": 0.3431187303073333, "186": 0.9988882682104072, "178": 0.9587780833337113, "181": 0.8213445434803914, "182": 0.7093816825109669, "183": 0.7481107270482277, "193": 0.6222161685970022}