{"0": 0.8426492537702159, "1": -0.0947404194997906, "2": -0.22353891965082884, "3": 0.6487164026496497, "4": 0.9217455898854673, "5": 0.49823951007937656, "6": 0.9672364309982049, "7": 0.21725792827747223, "8": 0.8513904138101818, "9": 0.42641582153303803, "10": 0.5294447108015252, "11": 0.41914634998124023, "12": -0.22622397154741508, "13": 0.9141130735845608, "14": 0.7233347450595491, "15": 0.7684732529269382, "16": 0.4515407220895862, "17": 0.6811988698789258, "18": 0.8128551965592921, "19": 0.5905357269786584, "20": -0.4481970481661531, "21": 0.9093223456592029, "22": 0.5509321997381238, "23": 0.9114694088605918, "24": 0.8302051050303796, "25": 0.8172610839269925, "26": 0.9204330867250647, "27": 0.8316076253923786, "28": 0.9865001752117635, "29": 0.757604564146452, "30": 0.8842031594795086, "31": 0.2133538004266336, "32": 0.5920931757809508, "33": 0.5792223499638832, "34": 0.921999206994456, "35": 0.6487520872752499, "36": 0.2622736969455358, "37": 0.8131277285467442, "38": 0.9710685701243187, "40": 0.7844684717386148, "41": 0.6258554633767097, "43": 0.981232131685918, "44": 0.7116043175588809, "45": 0.6166770921673854, "46": 0.7782912029730289, "47": 0.7466890867450248, "48": 0.35087608871880105, "49": 0.8031888154399565, "50": 0.9901079757944491, "51": 0.696107718511853, "52": 0.8590567583818747, "59": 0.5358827365043197, "61": 0.9180753773976005, "62": 0.8071363181032795, "64": 0.9432447077790973, "66": 0.684961249623832, "70": 0.8953599538075763, "71": 0.9771451713702621, "72": 0.757604564146452, "73": 0.9252433584349254, "76": 0.8756754309304606, "77": 0.8666656274378464, "78": 0.980133147923703, "81": 0.8732255365262316, "89": 0.6433950991485282, "92": 0.7010120954522201, "93": 0.6328611931471055, "94": 0.7419184683448392, "96": 0.7168071503936716, "98": 0.9140329995531735, "99": 0.45774349899472455, "39": 0.5380689213909915, "42": 0.8702170571831305, "55": 0.8720945545738419, "56": 0.8720945545738419, "57": 0.7782912029730289, "58": 0.8688965644538921, "60": 0.9488360901438864, "63": 0.9472676651898911, "65": 0.9687175705183642, "69": 0.9125249009341821, "74": 0.8773368069598443, "79": 0.9316966264562736, "83": 0.981232131685918, "86": 0.8311229959955457, "91": 0.9252433584349254, "80": 0.8688965644538921, "82": 0.8756754309304606, "87": 0.9983737266052923, "88": 0.746983179706743, "90": 0.2509905064061316, "97": 0.1975043325266742, "53": 0.9672702438730358, "54": 0.684961249623832, "67": 0.9711625608873772, "68": 0.7336565076444184, "75": 0.9177778432333028, "84": 0.8696337877535689, "85": 0.9217586009312606, "95": 0.8316076253923786, "103": 0.8366841729045951, "108": 0.9004275735381126, "126": 0.2509905064061316, "138": 0.9432447077790973, "140": 0.8756754309304606, "141": 0.9476023808238805, "143": 0.9472676651898911, "146": 0.2818029255133064, "147": 0.9713595535558777, "148": 0.8756754309304606, "111": 0.9335934621781633, "112": 0.9983737266052923, "113": 0.9687175705183642, "114": 0.7127301950855451, "128": 0.1975043325266742, "136": 0.8333468763597425, "139": 0.5104872573381166, "142": 0.355293346499719, "102": 0.8697134878509117, "116": 0.5001504920796276, "119": 0.96706302647472, "121": 0.9180753773976005, "122": 0.981232131685918, "123": 0.8546179968153367, "124": 0.6340430440545783, "104": 0.8756754309304606, "107": 0.9335934621781633, "134": 0.8311229959955457, "100": 0.8366841729045951, "101": 0.9711625608873772, "129": 0.619830398968277, "130": 0.6853504200854672, "105": 0.9488360901438864, "110": -0.027144066241102993, "118": 0.9711625608873772, "125": 0.9488360901438864, "144": 0.9949767420272078, "109": 0.9949767420272078, "127": 0.9472676651898911, "132": 0.8720945545738419, "115": 0.5730475298205275, "137": 0.7821694225012211, "106": 0.8316076253923786, "135": 0.6815660531926984, "120": 0.5120501550986825, "131": 0.832860782860757, "117": 0.23032766890594292, "133": 0.9129039455580766, "145": 0.9983737266052923, "156": 0.8302051050303796, "163": 0.9983737266052923, "179": 0.8192778384406973, "184": 0.832860782860757, "186": 0.8213445434803914, "178": 0.8192778384406973, "181": 0.8213445434803914, "182": 0.9141130735845608, "183": 0.9204330867250647, "193": 0.6272050181110387, "158": 0.8949211271494089, "165": 0.8688965644538921, "166": 0.9771451713702621, "168": 0.9316966264562736, "190": 0.1009843972457225, "196": 0.9140329995531735, "164": 0.9865001752117635, "169": 0.9949767420272078, "174": 0.9988882682104072, "185": 0.8316076253923786, "157": 0.8366841729045951, "173": 0.9316966264562736, "192": 0.9335934621781633, "151": 0.967905757640733, "180": 0.7451525819373325, "159": 0.9949767420272078, "161": 0.8688965644538921, "162": 0.6494747637317144, "170": 0.8830833783478265, "172": 0.8298497151028721, "177": 0.9709483288034012, "187": 0.9335934621781633, "194": -0.1634122768290731, "198": 0.9687175705183642, "150": 0.7466890867450248, "188": 0.9335934621781633, "197": 0.9983737266052923}