{"0": 0.9314201553979722, "1": 0.8042239997013295, "2": 0.9180753773976005, "3": 0.3481767917250045, "4": 0.6470048384473293, "5": 0.4874299788582199, "6": -0.3744739590017734, "7": 0.7669301099235952, "8": 0.23545721681412596, "9": 0.20648074943604816, "10": 0.980133147923703, "11": -0.8246591395887497, "12": 0.8895047914381344, "13": 0.978789337755493, "14": 0.9204330867250647, "15": 0.3145263902653438, "16": 0.5358827365043197, "17": 0.5515817801473177, "18": 0.8830281235644627, "19": 0.8425452983238457, "20": 0.8638653110897503, "21": 0.14449678458109552, "22": 0.6645511274365897, "23": 0.7385497890740929, "24": 0.1656630649315574, "25": 0.9473487738930173, "26": 0.9324646889865593, "27": 0.9030611915034764, "28": 0.8510416067868096, "29": 0.6617562981920593, "30": 0.3762521354765092, "31": 0.757604564146452, "32": 0.6815660531926984, "33": 0.9141130735845608, "34": 0.8720945545738419, "35": 0.7328887417864776, "36": 0.8756754309304606, "37": 0.2509905064061316, "38": 0.684961249623832, "40": 0.8830833783478265, "41": 0.9361648681010845, "43": 0.7782912029730289, "44": 0.6637773908939087, "45": 0.9181169426857589, "46": 0.8688965644538921, "47": 0.7466890867450248, "48": 0.9016627608838315, "49": 0.8012422611230368, "50": 0.9711625608873772, "51": 0.8261204300060645, "52": 0.7419184683448392, "59": 0.87422150004932, "61": 0.9475784273913099, "62": 0.9472676651898911, "64": 0.978789337755493, "66": 0.684961249623832, "70": 0.7749655531092492, "71": 0.9006714259588862, "72": 0.8316076253923786, "73": 0.619830398968277, "76": 0.9949767420272078, "77": 0.9140329995531735, "78": 0.1998297511318301, "81": 0.9687175705183642, "89": 0.6526061874683491, "92": 0.7010120954522201, "93": 0.8311229959955457, "94": 0.9642811283825925, "96": 0.967905757640733, "98": 0.9140329995531735, "99": 0.8720945545738419, "39": 0.9901079757944491, "42": 0.21849260489037647, "55": 0.9488360901438864, "56": 0.9074541861500449, "57": 0.9013207959089523, "58": 0.9473892126416081, "60": 0.9488360901438864, "63": 0.9472676651898911, "65": 0.7336565076444184, "69": 0.7001923597703745, "74": 0.981232131685918, "79": 0.9316966264562736, "83": 0.981232131685918, "86": 0.7010120954522201, "91": 0.832860782860757, "80": 0.9316966264562736, "82": 0.9771451713702621, "87": 0.7288769931091931, "88": 0.9304763003992487, "90": 0.6827986659696381, "97": 0.1975043325266742, "53": 0.358031518049137, "68": 0.6976085345112004, "84": 0.8830833783478265, "85": 0.9983737266052923, "75": 0.8331759304346327, "54": 0.9672702438730358, "67": 0.8711994502463034, "95": 0.8316076253923786, "103": 0.9830954797357201, "108": 0.8386443644739268, "126": 0.2509905064061316, "138": 0.9432447077790973, "140": 0.9949767420272078, "141": 0.981232131685918, "143": 0.9472676651898911, "146": 0.8720945545738419, "147": 0.9713595535558777, "148": 0.8756754309304606, "111": 0.7116043175588809, "112": 0.9432447077790973, "113": 0.7818255438676718, "114": 0.96706302647472, "128": 0.9006714259588862, "136": 0.9687175705183642, "139": 0.6082976936329352, "142": 0.832860782860757, "102": 0.9687175705183642, "116": 0.9477068043036703, "119": 0.6082976936329352, "121": 0.881875322540995, "122": 0.7010120954522201, "123": 0.9018630819062468, "124": 0.6082976936329352, "104": 0.733402937629024, "107": 0.9217455898854673, "134": 0.7419184683448392, "100": 0.8366841729045951, "101": 0.9988882682104072, "129": 0.9006714259588862, "130": 0.967905757640733, "105": 0.9672702438730358, "110": 0.9477068043036703, "118": 0.684961249623832, "125": 0.9488360901438864, "144": 0.9949767420272078, "109": 0.9825033311030087, "127": 0.9472676651898911, "132": 0.6526061874683491, "115": 0.5730475298205275, "137": 0.9324646889865593, "106": 0.8480240212849163, "135": 0.9449277469107293, "120": 0.1975043325266742, "131": 0.832860782860757, "117": 0.9691939465332382, "133": 0.9129039455580766, "145": 0.9983737266052923, "156": 0.5808446707006777, "163": 0.9983737266052923, "179": 0.8192778384406973, "184": 0.5808446707006777, "186": 0.8213445434803914, "178": 0.733402937629024, "181": 0.8213445434803914, "182": 0.9642811283825925, "183": 0.6082976936329352, "193": 0.6272050181110387, "158": 0.897738363336651, "165": 0.8688965644538921, "166": 0.8830833783478265, "168": 0.9316966264562736, "190": 0.8533643694982009, "196": 0.9140329995531735, "164": 0.9865001752117635, "169": 0.981232131685918, "174": 0.9988882682104072, "185": 0.8316076253923786, "157": 0.8366841729045951, "173": 0.6821030813261982, "192": 0.9335934621781633, "151": 0.8809389516283095, "180": 0.7451525819373325, "159": 0.9949767420272078, "161": 0.8688965644538921, "162": 0.6494747637317144, "170": 0.7466890867450248, "172": 0.8070834178164799, "177": 0.9709483288034012, "187": 0.9335934621781633, "194": -0.1634122768290731, "198": 0.9687175705183642, "150": 0.7466890867450248, "188": 0.9335934621781633, "197": 0.9983737266052923, "153": 0.9949767420272078, "189": 0.8366841729045951, "195": 0.9472676651898911, "154": 0.8463778409804674, "191": 0.9140329995531735, "171": 0.981232131685918, "212": 0.9865001752117635, "228": 0.8537946221448134, "230": 0.14449678458109552, "210": 0.8980219409923789, "246": 0.8720945545738419, "248": 0.8978551441977376, "202": 0.8311229959955457, "236": 0.614315707939549, "206": 0.7955272601359307, "221": 0.9949767420272078, "231": 0.9667771893756375, "232": 0.14449678458109552, "244": 0.5830765794498906, "224": 0.9477068043036703, "225": 0.9006714259588862, "241": 0.9865001752117635, "242": 0.6221959113137245}