{"0": -0.0947404194997906, "1": 0.5292378121730696, "2": 0.8297293738737348, "3": 0.8331087363663148, "4": 0.39949506781905986, "5": 0.6260072594908512, "6": 0.7146534890473241, "7": 0.7075546733458378, "8": 0.2939401509447677, "9": 0.799615023321244, "10": 0.8030700092363727, "11": 0.691751106621022, "12": 0.9217586009312606, "13": 0.8646846833957632, "14": 0.43975180276268583, "15": 0.5247123185998133, "16": 0.8188900965732564, "17": 0.8937292646683588, "18": 0.7637396974633953, "19": 0.8128551965592921, "20": 0.9704814302099272, "21": 0.8444621505000198, "22": 0.8727104168106703, "23": 0.2667876912297211, "24": 0.6774506021333373, "25": 0.6196188954656859, "26": 0.8809396244696035, "27": 0.9476023808238805, "28": 0.7858358557688865, "29": 0.5320489077677621, "30": 0.9093223456592029, "31": 0.5571774282145698, "32": 0.34384838052099814, "33": 0.8546179968153367, "34": 0.6487520872752499, "35": 0.7570745990904548, "36": 0.6678093024213296, "37": 0.9488360901438864, "38": 0.6010709993751915, "40": 0.146496758185714, "41": 0.5968611232684455, "43": 0.8697134878509117, "44": 0.8128551965592921, "45": 0.901748777249892, "46": 0.6013506347590544, "47": -0.03156587147432149, "48": 0.9096911896636037, "49": 0.11661037297160878, "50": -0.1752464829013728, "51": 0.6821030813261982, "52": 0.23032766890594292, "59": 0.9021221516449848, "61": 0.9865001752117635, "62": 0.7466890867450248, "64": 0.9711625608873772, "66": 0.8311229959955457, "70": 0.9141130735845608, "71": 0.7449588556572684, "72": 0.8311229959955457, "73": 0.873955944747916, "76": 0.48607992823877844, "77": 0.9700371969819471, "78": 0.9983737266052923, "81": 0.000722957805710489, "89": 0.6236955654053149, "92": 0.9140329995531735, "93": 0.9949767420272078, "94": 0.832860782860757, "96": 0.6685812721607511, "98": 0.8756754309304606, "99": 0.684961249623832, "39": 0.8475814908605418, "42": 0.3014277915473468, "55": 0.6526061874683491, "56": 0.47375041638672777, "57": 0.9157957284855488, "58": 0.6897782779610693, "60": 0.9129039455580766, "63": 0.921999206994456, "65": 0.9573146345238671, "69": 0.980133147923703, "74": 0.981232131685918, "79": 0.8292426892435174, "83": 0.8192778384406973, "86": 0.9335934621781633, "91": 0.901748777249892, "80": 0.8031429848247243, "82": 0.9180753773976005, "87": 0.6082976936329352, "88": 0.9476023808238805, "90": 0.9472676651898911, "97": 0.8366841729045951, "53": 0.8720945545738419, "54": 0.9432447077790973, "67": 0.8333468763597425, "68": 0.9141130735845608, "75": 0.8192778384406973, "84": 0.980133147923703, "85": 0.40935448314745815, "95": 0.8655817455287372, "103": 0.9865001752117635, "108": 0.9488360901438864, "126": 0.2667876912297211, "138": 0.757604564146452, "140": 0.8720945545738419, "141": 0.7782912029730289, "143": 0.9472676651898911, "146": 0.8546179968153367, "147": 0.7782912029730289, "148": 0.757604564146452, "111": 0.7010120954522201, "112": 0.9335934621781633, "113": 0.9713595535558777, "114": 0.9309065637866576, "128": 0.8655817455287372, "136": 0.9687175705183642, "139": 0.5104872573381166, "142": 0.832860782860757, "102": 0.9114128703941509, "116": 0.7010120954522201, "119": 0.6082976936329352, "121": 0.9180753773976005, "122": 0.981232131685918, "123": 0.9315684879650371, "124": 0.9204330867250647, "104": 0.2766104727276304, "107": 0.9865001752117635, "134": 0.7419184683448392, "100": 0.48113657271127597, "101": 0.9988882682104072, "129": 0.619830398968277, "130": 0.9687175705183642, "105": 0.8756754309304606, "110": 0.7437328602714011, "118": 0.8720945545738419, "125": 0.2509905064061316, "144": 0.9865001752117635, "109": 0.9129039455580766, "127": 0.5120501550986825, "132": 0.9710685701243187, "115": 0.6236955654053149, "137": 0.7821694225012211, "106": 0.8720945545738419, "135": 0.9865001752117635, "120": 0.2667876912297211, "131": 0.832860782860757, "117": 0.6010709993751915, "133": 0.9335934621781633, "145": 0.9983737266052923, "156": 0.8463778409804674, "163": 0.9983737266052923, "179": 0.40935448314745815, "184": 0.832860782860757, "186": 0.8720945545738419, "178": 0.8192778384406973, "181": 0.5929463479178985, "182": 0.8366841729045951, "183": 0.9901079757944491, "193": 0.6272050181110387, "158": 0.8756754309304606, "165": 0.8688965644538921, "166": 0.9363102851791325, "168": 0.9316966264562736, "190": 0.1009843972457225, "196": 0.9765485267282645, "164": 0.9865001752117635, "169": 0.981232131685918, "174": 0.9988882682104072, "185": 0.8366841729045951, "157": 0.8688965644538921, "173": 0.6821030813261982, "192": 0.9472676651898911, "151": 0.8809389516283095, "180": 0.9771451713702621, "159": 0.9129039455580766, "161": 0.8688965644538921, "162": 0.6494747637317144, "170": 0.7466890867450248, "172": -0.03156587147432149, "177": 0.9709483288034012, "187": 0.9335934621781633, "194": 0.684961249623832, "198": 0.8720945545738419, "150": 0.9949767420272078, "188": 0.9672702438730358, "197": 0.6082976936329352, "153": 0.9949767420272078, "189": 0.23032766890594292, "195": 0.9472676651898911, "154": 0.8463778409804674, "191": 0.9140329995531735, "171": 0.981232131685918}