{"0": 0.497893896169191, "1": 0.5368567789613319, "2": 0.6774506021333373, "3": 0.5388175960818662, "4": 0.7540779241662452, "5": -0.0947404194997906, "6": 0.49762478859948567, "7": 0.9286548525452379, "8": 0.4100212176237697, "9": 0.600133696225796, "10": 0.8128551965592921, "11": 0.8546179968153367, "12": 0.3170557503640874, "13": 0.12010097292879829, "14": 0.831505832621876, "15": 0.6172284583120229, "16": 0.9053622125320325, "17": 0.6311817562521058, "18": 0.830456686075359, "19": 0.3014277915473468, "20": 0.7342015779776678, "21": 0.9217586009312606, "22": 0.8033950649279366, "23": 0.8953599538075763, "24": 0.9315684879650371, "25": 0.49823951007937656, "26": 0.5920931757809508, "27": 0.9125249009341821, "28": 0.7017856094992272, "29": 0.42351288479925586, "30": 0.9901079757944491, "31": 0.8441414764751911, "32": 0.8106480253474126, "33": 0.19439435039049202, "34": 0.4509808066340846, "35": 0.4515407220895862, "36": 0.5598236519255255, "37": 0.9573146345238671, "38": 0.6079044420732607, "40": 0.5792223499638832, "41": -0.06269267419693347, "43": 0.6815660531926984, "44": 0.7016430386802859, "45": 0.692917121683839, "46": 0.6199481378624291, "47": 0.8316076253923786, "48": 0.18923848781478989, "49": 0.9983737266052923, "50": 0.5921071972552718, "51": 0.9270169976746598, "52": 0.8180149923763265, "59": 0.9217586009312606, "61": 0.981232131685918, "62": 0.3743435312473772, "64": 0.8756754309304606, "66": 0.6678093024213296, "70": 0.684961249623832, "71": 0.9316966264562736, "72": 0.757604564146452, "73": 0.9217455898854673, "76": 0.7637396974633953, "77": 0.2682972741279794, "78": 0.7336565076444184, "81": 0.9865001752117635, "89": 0.8441257055317077, "92": 0.5874343959391126, "93": 0.9488360901438864, "94": 0.9472676651898911, "96": 0.9157957284855488, "98": 0.8667582744663883, "99": 0.9949767420272078, "39": 0.9196762676827337, "42": 0.7988427626479946, "55": 0.6487520872752499, "56": 0.9180753773976005, "57": 0.980133147923703, "58": 0.45774349899472455, "60": 0.7979756133661735, "63": 0.70376440759117, "65": 0.4139537779654838, "69": 0.9865001752117635, "74": 0.8366841729045951, "79": 0.9949767420272078, "83": 0.7490409196151773, "86": 0.7782912029730289, "91": 0.9472676651898911, "80": 0.9700371969819471, "82": 0.5294447108015252, "87": 0.9983737266052923, "88": 0.9217586009312606, "90": 0.9196762676827337, "97": 0.6358889267915722, "53": 0.9709483288034012, "54": 0.8316076253923786, "67": 0.9181169426857589, "68": 0.862726207157302, "75": 0.921999206994456, "84": 0.9476023808238805, "85": 0.9983737266052923, "95": 0.684961249623832, "103": 0.8366841729045951, "108": 0.8822738782105426, "126": 0.7233347450595491, "138": 0.9644804896774047, "140": 0.9196762676827337, "141": 0.981232131685918, "143": 0.9472676651898911, "146": 0.2818029255133064, "147": 0.9771451713702621, "148": 0.8756754309304606, "111": 0.8591239839651712, "112": 0.5509321997381238, "113": 0.9687175705183642, "114": 0.7127301950855451, "128": 0.6445539772142557, "136": 0.8298497151028721, "139": 0.9865001752117635, "142": 0.757604564146452, "102": 0.8277105652656794, "116": 0.5063641929951099, "119": 0.96706302647472, "121": 0.9180753773976005, "122": 0.9709483288034012, "123": 0.8546179968153367, "124": 0.981232131685918, "104": 0.8117823156968187, "107": 0.6487520872752499, "134": 0.9204330867250647, "100": 0.9252433584349254, "101": 0.9711625608873772, "129": 0.619830398968277, "130": 0.9252433584349254, "105": 0.9488360901438864, "110": 0.9949767420272078, "118": 0.9771451713702621, "125": 0.9488360901438864, "144": 0.9687175705183642, "109": 0.8546179968153367, "127": 0.9687175705183642, "132": 0.8720945545738419}