{"0": 0.8016408203693159, "1": 0.6733559840239098, "2": 0.20719309844180892, "3": 0.8444621505000198, "4": 0.8101883710305445, "5": 0.5968611232684455, "6": 0.6914842433289334, "7": 0.943959991281367, "8": 0.6653534822950975, "9": 0.9700371969819471, "10": 0.5247123185998133, "11": 0.5198685220641122, "12": 0.7858358557688865, "13": 0.48113657271127597, "14": 0.7449588556572684, "15": 0.6491935015945167, "16": 0.799615023321244, "17": 0.32326250314784427, "18": 0.9589096676097786, "19": 0.2766104727276304, "20": 0.45730309682529446, "21": 0.6897782779610693, "22": 0.7247738367745771, "23": 0.8809396244696035, "24": 0.8646846833957632, "25": 0.8333468763597425, "26": 0.1416938655417028, "27": 0.8216912714609571, "28": 0.263755577319145, "29": 0.8128551965592921, "30": 0.9711625608873772, "31": 0.7849634154001839, "32": 0.6013506347590544, "33": 0.8455117632990026, "34": 0.9298097197394065, "35": 0.6260072594908512, "36": 0.23032766890594292, "37": 0.9097043845728758, "38": 0.684961249623832, "40": 0.9472676651898911, "41": 0.7637396974633953, "43": 0.2830268622747144, "44": 0.9217586009312606, "45": 0.8420777469697371, "46": 0.6685812721607511, "47": 0.841121674857908, "48": 0.9432447077790973, "49": 0.6526061874683491, "50": 0.922744768583531, "51": 0.8333468763597425, "52": 0.8271072745261993, "59": 0.9157957284855488, "61": 0.8192778384406973, "62": 0.8463778409804674, "64": 0.1416938655417028, "66": 0.7075546733458378, "70": 0.8261204300060645, "71": 0.5980084337551699, "72": 0.9488360901438864, "73": 0.7658701887411197, "76": 0.981232131685918, "77": 0.9983737266052923, "78": 0.9093223456592029, "81": 0.9096911896636037, "89": 0.8756754309304606, "92": 0.6236955654053149, "93": 0.9949767420272078, "94": 0.832860782860757, "96": 0.9700371969819471, "98": 0.3704862501212974, "99": 0.9713595535558777, "39": 0.34384838052099814, "42": 0.7010120954522201, "55": 0.8311229959955457, "56": 0.29542639465187137, "57": 0.901748777249892, "58": 0.5120501550986825, "60": 0.8727104168106703, "63": 0.9217586009312606, "65": 0.8311229959955457, "69": 0.9013207959089523, "74": 0.6821030813261982, "79": 0.691751106621022, "83": 0.9021221516449848, "86": 0.9335934621781633, "91": 0.9114128703941509, "80": 0.8331087363663148, "82": 0.8292426892435174, "87": 0.48607992823877844, "88": 0.9476023808238805, "90": 0.6196188954656859, "97": 0.9129039455580766, "53": 0.9141130735845608, "68": 0.7937358642281429, "84": 0.980133147923703, "85": 0.7782912029730289, "75": 0.24629622076075364, "54": -0.2533528214200177, "67": 0.8697134878509117, "95": 0.8655817455287372, "103": 0.8366841729045951, "108": 0.832860782860757, "126": 0.2667876912297211, "138": 0.8192778384406973, "140": 0.8720945545738419, "141": 0.7782912029730289, "143": 0.9472676651898911, "146": 0.8546179968153367, "147": 0.9021221516449848, "148": 0.757604564146452, "111": 0.9141130735845608, "112": 0.9432447077790973, "113": 0.9217586009312606, "114": 0.9309065637866576, "128": 0.9713595535558777, "136": 0.9687175705183642, "139": 0.5104872573381166, "142": 0.355293346499719, "102": 0.7782912029730289, "116": 0.832860782860757, "119": 0.6082976936329352, "121": 0.9180753773976005, "122": 0.981232131685918, "123": 0.8546179968153367, "124": 0.9204330867250647, "104": 0.8756754309304606, "107": 0.9865001752117635, "134": 0.7419184683448392, "100": 0.9949767420272078, "101": 0.9988882682104072, "129": 0.619830398968277, "130": 0.757604564146452, "105": 0.8756754309304606, "110": 0.6082976936329352, "118": 0.8720945545738419, "125": 0.2509905064061316, "144": 0.9865001752117635, "109": 0.9129039455580766, "127": 0.9472676651898911, "132": 0.9710685701243187, "115": 0.5730475298205275, "137": 0.7821694225012211, "106": 0.8720945545738419, "135": 0.9865001752117635, "120": 0.2667876912297211, "131": 0.684961249623832, "117": 0.23032766890594292, "133": 0.9129039455580766, "145": 0.9983737266052923, "156": 0.9096911896636037, "163": 0.9983737266052923, "179": 0.8192778384406973, "184": 0.832860782860757, "186": 0.8720945545738419, "178": 0.8192778384406973, "181": 0.5929463479178985, "182": 0.8366841729045951, "183": 0.9901079757944491, "193": 0.6272050181110387, "158": 0.8756754309304606, "165": 0.8688965644538921, "166": 0.9363102851791325, "168": 0.9316966264562736, "190": 0.1009843972457225, "196": 0.9765485267282645, "164": 0.9865001752117635, "169": 0.981232131685918, "174": 0.9988882682104072, "185": 0.8366841729045951, "157": 0.8688965644538921, "173": 0.6821030813261982, "192": 0.9472676651898911, "151": 0.8809389516283095, "180": 0.7451525819373325, "159": 0.9949767420272078, "161": 0.8688965644538921, "162": 0.6494747637317144, "170": 0.7466890867450248, "172": -0.03156587147432149, "177": 0.9709483288034012, "187": 0.9335934621781633, "194": -0.1634122768290731, "198": 0.8720945545738419, "150": 0.9709483288034012, "188": 0.9672702438730358, "197": 0.6082976936329352, "153": 0.9949767420272078, "189": 0.23032766890594292, "195": 0.9140329995531735, "154": 0.8463778409804674, "191": 0.9140329995531735}