{"0": 0.020147251561369116, "1": 0.9204330867250647, "2": 0.8655817455287372, "3": 0.9006714259588862, "4": 0.6196188954656859, "5": 0.7512094717113464, "6": 0.43630621520808116, "7": 0.8697134878509117, "8": 0.5358827365043197, "9": 0.7782912029730289, "10": 0.9106350948332524, "11": 0.6082976936329352, "12": 0.8333468763597425, "13": 0.9573146345238671, "14": 0.7260287547211197, "15": 0.706311419275102, "16": 0.6487111246053656, "17": 0.9100530378692273, "18": 0.4564190283463607, "19": 0.9096911896636037, "20": 0.9592332369017739, "21": 0.9415328181544287, "22": 0.5808446707006777, "23": 0.9129039455580766, "24": 0.9713595535558777, "25": 0.8213445434803914, "26": 0.7365398254287008, "27": 0.9687175705183642, "28": 0.938598859247602, "29": -0.0475896289864841, "30": 0.8990338733006693, "31": 0.8446352867590317, "32": 0.9304763003992487, "33": 0.8794961698328488, "34": 0.967905757640733, "35": 0.25688951630018453, "36": 0.5894869790125996, "37": 0.981232131685918, "38": 0.8070834178164799, "40": 0.7193369430604821, "41": 0.9340071081722181, "43": 0.8272030732920543, "44": 0.9830954797357201, "45": 0.8720945545738419, "46": 0.9949767420272078, "47": 0.9884989516004242, "48": 0.8720945545738419, "49": 0.9949767420272078, "50": 0.9988882682104072, "51": 0.8830833783478265, "52": 0.9140329995531735, "59": 0.7193369430604821, "61": 0.8192778384406973, "62": 0.8463778409804674, "64": 0.9830954797357201, "66": 0.9472676651898911, "70": 0.9072409240804903, "71": 0.9865001752117635, "72": 0.9509518987775469, "73": 0.9449277469107293, "76": -0.0475896289864841, "77": 0.8927373892128565, "78": 0.9485822131185805, "81": 0.9687175705183642, "89": 0.8192778384406973, "92": 0.3885201854651707, "93": 0.8311229959955457, "94": 0.9304763003992487, "96": 0.9509518987775469, "98": 0.9983737266052923, "99": 0.9830954797357201, "39": 0.8365170505443663, "42": 0.8280814828306626, "55": 0.8311229959955457, "56": 0.9453520912576178, "57": 0.901748777249892, "58": 0.8188763159117212, "60": 0.9592332369017739, "63": 0.9713595535558777, "65": 0.5509035307769392, "69": 0.8105367397294103, "74": 0.8365170505443663, "79": 0.9453520912576178, "83": 0.523868503082112, "86": 0.9335934621781633, "91": 0.9750826465612488, "80": 0.9636589083754621, "82": 0.3702217257773508, "87": 0.9983737266052923, "88": 0.8192778384406973, "90": 0.8794961698328488, "97": 0.9140329995531735, "53": 0.832860782860757, "68": 0.8830833783478265, "84": 0.920017648857659, "85": 0.9072409240804903, "75": 0.291239005811534, "54": 0.9907737289176031, "67": 0.9687175705183642, "95": 0.9573363750671867, "103": 0.8903720116851059, "108": 0.7787939383162538, "126": 0.6526061874683491, "138": 0.9884989516004242, "140": 0.9949767420272078, "141": 0.981232131685918, "143": 0.1975043325266742, "146": 0.8794961698328488, "147": 0.9573363750671867, "148": 0.963944995920045, "111": 0.9304763003992487, "112": 0.9090796779337953, "113": 0.9029096440837495, "114": 0.9654973448254043, "128": 0.9713595535558777, "136": 0.9884989516004242, "139": 0.9361488673595424, "142": 0.9586919378087284, "102": 0.942923417458683, "116": 0.9691939465332382, "119": 0.6082976936329352, "121": 0.8778468711466224, "122": 0.8830833783478265, "123": 0.6221959113137245, "124": 0.9884989516004242, "104": 0.9983737266052923, "107": 0.9865001752117635, "134": 0.8830833783478265, "100": 0.9691939465332382, "101": 0.9988882682104072, "129": 0.7365398254287008, "130": 0.9691939465332382, "105": 0.8475011606206494, "110": 0.9403846533518059, "118": 0.9988882682104072, "125": 0.8720945545738419, "144": -0.14932931480824793, "109": 0.6082976936329352, "127": 0.9988882682104072, "132": 0.9006714259588862, "115": 0.8188763159117212, "137": 0.8794961698328488, "106": 0.8720945545738419, "135": 0.9865001752117635, "120": 0.3690962936014758, "131": 0.6790385852091951, "117": 0.9493540059122985, "133": 0.9304763003992487, "145": 0.9509518987775469, "156": 0.9532023633053024, "163": 0.9865001752117635, "179": 0.8192778384406973, "184": 0.8213445434803914, "186": 0.8720945545738419, "178": 0.9988882682104072, "181": 0.8213445434803914, "182": 0.9884989516004242, "183": 0.9865001752117635, "193": 0.8983851212872435, "158": 0.9403846533518059, "165": 0.8688965644538921, "166": 0.8830833783478265, "168": 0.981232131685918, "190": 0.8533643694982009, "196": 0.9140329995531735, "164": 0.9865001752117635, "169": 0.9573363750671867, "174": 0.9988882682104072, "185": 0.6284436739232024, "157": 0.9713595535558777, "173": 0.8549476145020383, "192": 0.9472676651898911, "151": 0.8809389516283095, "180": 0.9074541861500449, "159": 0.9949767420272078, "161": 0.9453520912576178, "162": 0.8794961698328488, "170": 0.981232131685918, "172": 0.9983737266052923, "177": 0.9709483288034012, "187": 0.9335934621781633, "194": 0.8446352867590317, "198": 0.9687175705183642, "150": 0.7787939383162538, "188": 0.9672702438730358, "197": 0.9983737266052923, "153": 0.9687175705183642, "189": 0.23032766890594292, "195": 0.9472676651898911, "154": 0.8463778409804674, "191": 0.9140329995531735, "171": 0.8549476145020383, "212": 0.9865001752117635, "228": 0.9592332369017739, "230": 0.9687175705183642, "210": 0.8980219409923789, "246": 0.8720945545738419, "248": 0.9335934621781633, "202": 0.9091726585479631, "236": 0.614315707939549, "206": 0.7955272601359307, "221": 0.9949767420272078, "231": 0.9667771893756375, "232": 0.14449678458109552, "244": 0.5830765794498906, "224": 0.9477068043036703, "225": 0.9006714259588862, "241": 0.9865001752117635, "242": 0.7002029063388291, "226": 0.9090796779337953, "229": 0.7818255438676718, "249": 0.8311229959955457, "214": 0.8720945545738419, "220": -0.14932931480824793, "222": 0.9988882682104072, "209": 0.9901079757944491, "227": 0.9713595535558777, "200": 0.9901079757944491, "286": 0.9013207959089523, "282": 0.7955272601359307, "259": 0.9006714259588862, "252": 0.8311229959955457, "274": 0.8794961698328488, "279": 0.8311229959955457, "149": 0.9453520912576178, "294": 0.8794961698328488, "254": 0.6526061874683491, "264": 0.9648177708588577, "256": 0.1975043325266742, "261": 0.9687175705183642, "167": 0.668827786257042, "155": 0.9983737266052923, "152": 0.6082976936329352, "312": 0.523868503082112, "314": 0.9573363750671867}