{"0": 0.8216912714609571, "1": 0.5127498648721143, "2": -0.17709820949722727, "3": 0.9031449790666332, "4": 0.4951129853251151, "5": 0.7412459361605912, "6": 0.19797355391308352, "7": 0.8410470242247692, "8": 0.842947102188196, "9": -0.02703472807779761, "10": 0.8839418008042674, "11": 0.5685866553822061, "12": 0.6119400401053049, "13": 0.468731522645366, "14": 0.5648305695864178, "15": 0.41795570865874554, "16": 0.9157957284855488, "17": 0.3424555465211851, "18": 0.8979572713815254, "19": 0.5915833592899611, "20": 0.4437668761574636, "21": 0.7127301950855451, "22": 0.6260072594908512, "23": -0.03742548131398, "24": 0.48737580229628463, "25": 0.8874216553774292, "26": 0.8671099145517321, "27": 0.4392314348668227, "28": 0.9672364309982049, "29": 0.7649257571495645, "30": 0.8027335542193006, "31": 0.49823951007937656, "32": 0.3014277915473468, "33": 0.9217586009312606, "34": 0.6062130938969661, "35": 0.9901079757944491, "36": 0.9141916189511454, "37": 0.9114128703941509, "38": 0.8302051050303796, "40": 0.9093223456592029, "41": 0.9196762676827337, "43": 0.7342369067263592, "44": 0.5920931757809508, "45": 0.1924588090376424, "46": 0.6397620421540968, "47": 0.48113657271127597, "48": 0.6436914675431604, "49": 0.980133147923703, "50": 0.6645511274365897, "51": 0.53361542765685, "52": 0.7634150330236524, "59": 0.8316076253923786, "61": 0.8953599538075763, "62": 0.921999206994456, "64": 0.6733559840239098, "66": 0.9125249009341821, "70": 0.9771451713702621, "71": 0.9865001752117635, "72": 0.757604564146452, "73": 0.9711625608873772, "76": 0.7637396974633953, "77": 0.9713595535558777, "78": 0.684961249623832, "81": -0.0947404194997906, "89": 0.8655817455287372, "92": 0.853182746358577, "93": 0.9488360901438864, "94": 0.9472676651898911, "96": 0.7560389123664026, "98": 0.8471466472201166, "99": 0.9949767420272078, "39": -0.06269267419693347, "42": 0.9949767420272078, "55": 0.981232131685918, "56": 0.792699613768703, "57": 0.684961249623832, "58": 0.6816021946059183, "60": 0.8720945545738419, "63": 0.8755225610321277, "65": 0.9687175705183642, "69": 0.9777812587919528, "74": 0.6082976936329352, "79": 0.8720945545738419, "83": 0.7490409196151773, "86": 0.8331087363663148, "91": 0.9476023808238805, "80": 0.9700371969819471, "82": 0.6258554633767097, "87": 0.8756754309304606, "88": 0.9865001752117635, "90": 0.6196188954656859, "97": 0.8546179968153367, "53": 0.9709483288034012, "54": 0.8298497151028721, "67": 0.9141130735845608, "68": 0.9476023808238805, "75": 0.8178413482602938, "84": 0.8366841729045951, "85": 0.9983737266052923, "95": 0.684961249623832, "103": 0.8366841729045951, "108": 0.8822738782105426, "126": 0.7233347450595491, "138": 0.5980084337551699, "140": 0.9196762676827337, "141": 0.981232131685918, "143": 0.5927474742068064, "146": 0.2818029255133064, "147": 0.9771451713702621, "148": 0.8756754309304606, "111": 0.8591239839651712, "112": 0.757604564146452, "113": 0.9687175705183642, "114": 0.8688965644538921, "128": 0.6258554633767097, "136": 0.8298497151028721, "139": 0.9865001752117635, "142": 0.757604564146452, "102": 0.8277105652656794, "116": 0.5063641929951099, "119": 0.6201570409922438, "121": 0.8830833783478265, "122": 0.9709483288034012, "123": 0.8546179968153367, "124": 0.981232131685918, "104": 0.8938772884269843, "107": 0.6487520872752499, "134": 0.9204330867250647}