{"0": 0.8350087351138796, "1": 0.2682972741279794, "2": 0.8933491304844663, "3": 0.2303682714239967, "4": 0.7574311365647997, "5": 0.9324646889865593, "6": 0.980133147923703, "7": 0.9314201553979722, "8": 0.21849260489037647, "9": 0.7782912029730289, "10": 0.6815660531926984, "11": 0.7490091029309954, "12": 0.9096539630623212, "13": 0.8259214369404496, "14": 0.9901079757944491, "15": 0.85108295369184, "16": 0.862726207157302, "17": 0.5598236519255255, "18": -0.3744739590017734, "19": 0.9642811283825925, "20": 0.9482813694514418, "21": 0.8848615542842719, "22": 0.5874343959391126, "23": 0.7139886777001705, "24": 0.7749655531092492, "25": 0.6920763611347169, "26": 0.06152158891783811, "27": 0.12249633937071452, "28": 0.7767297985970232, "29": 0.8326096743259999, "30": 0.981232131685918, "31": 0.5151975698997231, "32": 0.9475784273913099, "33": 0.8482488229190304, "34": 0.684961249623832, "35": 0.9316966264562736, "36": 0.6853504200854672, "37": 0.9177778432333028, "38": 0.7336565076444184, "40": 0.6166770921673854, "41": 0.9016627608838315, "43": 0.6061367038825813, "44": 0.7016430386802859, "45": 0.7010120954522201, "46": 0.5808446707006777, "47": 0.7782912029730289, "48": 0.27162520349947816, "49": 0.7288769931091931, "50": 0.733402937629024, "51": 0.8510416067868096, "52": 0.9488360901438864, "59": 0.8830833783478265, "61": 0.3866188030287403, "62": 0.4315552873866565, "64": 0.8756754309304606, "66": 0.7116043175588809, "70": 0.5262887266783807, "71": 0.9687175705183642, "72": 0.757604564146452, "73": 0.8194670366904375, "76": 0.8756754309304606, "77": 0.8302051050303796, "78": 0.7451525819373325, "81": 0.9016627608838315, "89": 0.4795717807011821, "92": 0.29039452360176676, "93": 0.967905757640733, "94": 0.9335934621781633, "96": 0.3505713185448719, "98": 0.9074541861500449, "99": 0.9983737266052923, "39": 0.6832849641513881, "42": 0.3829521865542991, "55": 0.19400061170167474, "56": 0.7216597150738794, "57": 0.44047881408229506, "58": 0.8366841729045951, "60": 0.3750773176943808, "63": 0.1975043325266742, "65": 0.8720945545738419, "69": 0.9865001752117635, "74": 0.2509905064061316, "79": 0.9949767420272078, "83": 0.9006714259588862, "86": 0.8311229959955457, "91": 0.9472676651898911, "80": 0.8557147935906531, "82": 0.9090796779337953, "87": 0.9983737266052923, "88": 0.8192778384406973, "90": -0.005322249286854937, "97": 0.9488360901438864, "53": 0.9252433584349254, "68": 0.9644804896774047, "84": 0.9141130735845608, "85": 0.1656630649315574, "75": 0.967905757640733, "54": 0.5995738332044356, "67": 0.9181169426857589, "95": 0.8316076253923786, "103": 0.7116043175588809, "108": 0.758082860961826, "126": 0.2509905064061316, "138": 0.9432447077790973, "140": 0.13134282679022186, "141": 0.981232131685918, "143": 0.9472676651898911, "146": 0.8720945545738419, "147": 0.9713595535558777, "148": 0.8756754309304606, "111": 0.9013207959089523, "112": 0.9830954797357201, "113": 0.7818255438676718, "114": 0.8830833783478265, "128": 0.9006714259588862, "136": 0.9687175705183642, "139": 0.9865001752117635, "142": 0.832860782860757, "102": 0.5138834197925173, "116": 0.9477068043036703, "119": 0.981232131685918, "121": 0.8720945545738419, "122": 0.7010120954522201, "123": 0.9018630819062468, "124": 0.981232131685918, "104": 0.7466890867450248, "107": 0.9140329995531735, "134": 0.7419184683448392, "100": 0.5806278085404705, "101": 0.9711625608873772, "129": 0.9006714259588862, "130": 0.9642811283825925, "105": 0.3431187303073333, "110": 0.9477068043036703, "118": 0.684961249623832, "125": 0.9488360901438864, "144": 0.947640553051555, "109": 0.8316076253923786, "127": 0.9472676651898911, "132": 0.7782912029730289, "115": 0.940415093775196, "137": 0.7821694225012211, "106": 0.8332808443783379, "135": 0.5120501550986825, "120": 0.6487111246053656, "131": 0.832860782860757, "117": 0.9691939465332382, "133": 0.9129039455580766, "145": 0.9983737266052923, "156": 0.5808446707006777, "163": 0.9983737266052923, "179": 0.8192778384406973, "184": 0.8213445434803914, "186": 0.9140329995531735, "178": 0.733402937629024, "181": 0.8213445434803914, "182": 0.7093816825109669, "183": 0.956460985280722, "193": 0.8316076253923786, "158": 0.897738363336651, "165": 0.8688965644538921, "166": 0.8830833783478265, "168": 0.9316966264562736, "190": 0.7010120954522201, "196": 0.9140329995531735, "164": 0.9865001752117635, "169": 0.981232131685918, "174": 0.9988882682104072, "185": 0.8316076253923786, "157": 0.8366841729045951, "173": 0.6821030813261982, "192": 0.9335934621781633, "151": 0.8809389516283095, "180": 0.757604564146452, "159": 0.9129039455580766, "161": 0.8688965644538921, "162": 0.6494747637317144, "170": 0.7466890867450248, "172": 0.8366841729045951, "177": 0.9709483288034012, "187": 0.9335934621781633, "194": 0.684961249623832, "198": 0.8720945545738419, "150": 0.7782912029730289, "188": 0.9672702438730358, "197": 0.6082976936329352, "153": 0.9949767420272078, "189": 0.23032766890594292, "195": 0.9472676651898911, "154": 0.8463778409804674, "191": 0.9140329995531735, "171": 0.981232131685918, "212": 0.9865001752117635, "228": 0.8537946221448134, "230": 0.14449678458109552, "210": 0.8980219409923789, "246": 0.8720945545738419, "248": 0.8978551441977376, "202": 0.9091726585479631, "236": 0.614315707939549, "206": 0.7955272601359307, "221": 0.9949767420272078}