{"0": 0.8756754309304606, "1": 0.8227513197232752, "2": 0.8261204300060645, "3": 0.9045997992036547, "4": 0.9340071081722181, "5": -0.2533528214200177, "6": 0.5808446707006777, "7": 0.722919605033341, "8": 0.513813475465354, "9": 0.7116043175588809, "10": 0.901748777249892, "11": 0.2011426332164294, "12": 0.9477068043036703, "13": 0.7010120954522201, "14": -0.026940629455782773, "15": 0.9090796779337953, "16": 0.9013207959089523, "17": 0.7466890867450248, "18": 0.609225864488296, "19": 0.9672145785527155, "20": 0.8711994502463034, "21": 0.6082976936329352, "22": 0.6284436739232024, "23": 0.9472676651898911, "24": 0.967905757640733, "25": 0.6061367038825813, "26": 0.9160257515367474, "27": 0.3885201854651707, "28": 0.9592332369017739, "29": 0.9129039455580766, "30": 0.9865001752117635, "31": 0.13865812256397686, "32": 0.677240865314208, "33": 0.6260927642888132, "34": 0.6073028217056597, "35": 0.291239005811534, "36": 0.8775265032524076, "37": 0.48607992823877844, "38": 0.888367791813524, "40": 0.9830954797357201, "41": 0.523868503082112, "43": 0.8272030732920543, "44": 0.8475011606206494, "45": 0.9140329995531735, "46": 0.9949767420272078, "47": 0.9884989516004242, "48": 0.8272030732920543, "49": 0.9949767420272078, "50": 0.8794961698328488, "51": 0.942923417458683, "52": 0.9140329995531735, "59": 0.7193369430604821, "61": 0.8272030732920543, "62": 0.8463778409804674, "64": 0.8830833783478265, "66": 0.8311229959955457, "70": 0.832860782860757, "71": -0.27496486801528375, "72": 0.9983737266052923, "73": 0.7593201782472505, "76": 0.36806161337201504, "77": 0.9395006754717649, "78": 0.8316076253923786, "81": 0.9687175705183642, "89": 0.942923417458683, "92": 0.3885201854651707, "93": 0.8311229959955457, "94": 0.9304763003992487, "96": 0.9509518987775469, "98": 0.9006714259588862, "99": 0.9830954797357201, "39": 0.8475011606206494, "42": 0.981232131685918, "55": 0.9221242168488359, "56": 0.9713595535558777, "57": 0.901748777249892, "58": 0.9573363750671867, "60": 0.9592332369017739, "63": 0.9493540059122985, "65": 0.832860782860757, "69": 0.6073028217056597, "74": -0.14932931480824793, "79": 0.9453520912576178, "83": 0.9688241791634957, "86": 0.9335934621781633, "91": 0.9750826465612488, "80": 0.5216926673736717, "82": 0.3702217257773508, "87": 0.9983737266052923, "88": 0.8192778384406973, "90": 0.9472676651898911, "97": 0.9140329995531735, "53": 0.8720945545738419, "68": 0.757604564146452, "84": 0.8316076253923786, "85": 0.6082976936329352, "75": 0.8192778384406973, "54": 0.9304763003992487, "67": 0.8333468763597425, "95": 0.9573363750671867, "103": 0.9988882682104072, "108": 0.7787939383162538, "126": 0.6526061874683491, "138": 0.8830833783478265, "140": 0.9949767420272078, "141": 0.981232131685918, "143": 0.1975043325266742, "146": 0.8794961698328488, "147": 0.9777812587919528, "148": 0.963944995920045, "111": 0.9304763003992487, "112": 0.9335934621781633, "113": 0.9884989516004242, "114": 0.9654973448254043, "128": 0.9713595535558777, "136": 0.9884989516004242, "139": 0.9361488673595424, "142": 0.9884989516004242, "102": 0.942923417458683, "116": 0.9691939465332382, "119": 0.6082976936329352, "121": 0.8778468711466224, "122": 0.8830833783478265, "123": 0.6221959113137245, "124": 0.9884989516004242, "104": 0.9983737266052923, "107": 0.9865001752117635, "134": 0.8830833783478265, "100": 0.9691939465332382, "101": 0.9988882682104072, "129": 0.7365398254287008, "130": 0.9687175705183642, "105": 0.8475011606206494, "110": 0.9403846533518059, "118": 0.9988882682104072, "125": 0.8720945545738419, "144": -0.14932931480824793, "109": 0.6082976936329352, "127": -0.0475896289864841, "132": 0.9006714259588862, "115": 0.8188763159117212, "137": 0.8794961698328488, "106": 0.8720945545738419, "135": 0.9865001752117635, "120": 0.3690962936014758, "131": 0.9691939465332382, "117": 0.9493540059122985, "133": 0.9304763003992487, "145": 0.9509518987775469, "156": 0.9532023633053024, "163": 0.9865001752117635, "179": 0.8192778384406973, "184": 0.8213445434803914, "186": 0.8720945545738419, "178": 0.9988882682104072, "181": 0.8213445434803914, "182": 0.9884989516004242, "183": 0.9865001752117635, "193": 0.8983851212872435, "158": 0.9403846533518059, "165": 0.8688965644538921, "166": 0.8830833783478265, "168": 0.981232131685918, "190": 0.8533643694982009, "196": 0.9140329995531735, "164": 0.9865001752117635, "169": 0.9573363750671867, "174": 0.9988882682104072, "185": 0.6284436739232024, "157": 0.9983737266052923, "173": 0.8549476145020383, "192": 0.9472676651898911, "151": 0.8809389516283095, "180": 0.9074541861500449, "159": 0.9949767420272078, "161": 0.9140329995531735, "162": 0.8794961698328488, "170": 0.981232131685918, "172": 0.9983737266052923, "177": 0.9709483288034012, "187": 0.9335934621781633, "194": 0.8446352867590317, "198": 0.9687175705183642, "150": 0.7787939383162538, "188": 0.9672702438730358, "197": 0.9983737266052923, "153": 0.8446352867590317, "189": 0.23032766890594292, "195": 0.9472676651898911, "154": 0.8463778409804674, "191": 0.9140329995531735, "171": -0.0475896289864841, "212": 0.9865001752117635, "228": 0.9592332369017739, "230": 0.9687175705183642, "210": 0.8980219409923789, "246": 0.8720945545738419, "248": 0.9335934621781633, "202": 0.9091726585479631, "236": 0.614315707939549, "206": 0.7955272601359307, "221": 0.9949767420272078, "231": 0.9667771893756375, "232": 0.14449678458109552, "244": 0.5830765794498906, "224": 0.9477068043036703, "225": 0.9006714259588862, "241": 0.9865001752117635, "242": 0.7002029063388291, "226": 0.9090796779337953, "229": 0.7818255438676718, "249": 0.8311229959955457, "214": 0.8720945545738419, "220": -0.14932931480824793, "222": 0.9988882682104072, "209": 0.9901079757944491, "227": 0.9713595535558777, "200": 0.9901079757944491, "286": 0.9013207959089523, "282": 0.7955272601359307, "259": 0.9006714259588862, "252": 0.8311229959955457, "274": 0.8794961698328488, "279": 0.8311229959955457, "149": 0.9453520912576178, "294": 0.8794961698328488, "254": 0.6526061874683491, "264": 0.9648177708588577, "256": 0.9988882682104072, "261": 0.9453520912576178, "167": 0.668827786257042, "155": 0.3690962936014758, "152": 0.6082976936329352, "312": 0.523868503082112, "314": 0.9573363750671867}