{"0": 0.978789337755493, "1": 0.9361648681010845, "2": 0.3283304384502731, "3": 0.43404311463101963, "4": 0.8711983843466939, "5": 0.8746775127844781, "6": 0.2682972741279794, "7": 0.7574311365647997, "8": 0.6487618404484048, "9": 0.8482488229190304, "10": 0.7490091029309954, "11": 0.6637773908939087, "12": 0.8259214369404496, "13": 0.3816151355921086, "14": 0.8352343999972272, "15": 0.980133147923703, "16": 0.7782912029730289, "17": -0.3744739590017734, "18": 0.8946708982650449, "19": 0.6298907508055882, "20": 0.7565763930306917, "21": 0.8970623708399269, "22": 0.9096539630623212, "23": 0.6999876159285047, "24": -0.03603952861586449, "25": 0.2594748944913231, "26": 0.4155156047748002, "27": 0.7336565076444184, "28": 0.9077165567475514, "29": 0.817612444905077, "30": 0.6395432109934063, "31": 0.7139886777001705, "32": 0.9642811283825925, "33": 0.9192352410161628, "34": 0.684961249623832, "35": 0.7016430386802859, "36": 0.7198527973182188, "37": 0.8302051050303796, "38": 0.9016627608838315, "40": 0.5808446707006777, "41": 0.7874067873002832, "43": 0.7216597150738794, "44": 0.757604564146452, "45": 0.9177778432333028, "46": 0.9488360901438864, "47": 0.9409180973655387, "48": 0.8720977720763801, "49": 0.9949767420272078, "50": 0.5138834197925173, "51": 0.9644804896774047, "52": 0.9275402993906439, "59": 0.3068855207616675, "61": 0.6920763611347169, "62": 0.9901079757944491, "64": 0.8715285584530765, "66": 0.9476023808238805, "70": 0.9013207959089523, "71": 0.733402937629024, "72": 0.9204545337732695, "73": 0.7955272601359307, "76": 0.832860782860757, "77": 0.9181169426857589, "78": 0.8292426892435174, "81": 0.9983737266052923, "89": 0.9006714259588862, "92": 0.6061367038825813, "93": 0.9477068043036703, "94": 0.9472676651898911, "96": 0.5874343959391126, "98": 0.8720945545738419, "99": 0.3481767917250045, "39": 0.9096911896636037, "42": 0.9090796779337953, "55": 0.9316966264562736, "56": 0.6166770921673854, "57": 0.7010120954522201, "58": 0.014058300792772638, "60": 0.6685812721607511, "63": 0.2766104727276304, "65": 0.6821030813261982, "69": 0.9141130735845608, "74": 0.980133147923703, "79": 0.9298097197394065, "83": 0.8756754309304606, "86": 0.9865001752117635, "91": 0.7116043175588809, "80": 0.757604564146452, "82": 0.901748777249892, "87": 0.8311229959955457, "88": 0.9949767420272078, "90": 0.981232131685918, "97": 0.146496758185714, "53": 0.9711625608873772, "68": 0.7451525819373325, "84": 0.5283044122876839, "85": 0.7146534890473241, "75": 0.48113657271127597, "54": -0.49819154361991635, "67": 0.9093223456592029, "95": 0.9830954797357201, "103": 0.8366841729045951, "108": 0.8316076253923786, "126": 0.2509905064061316, "138": 0.7116043175588809, "140": 0.13134282679022186, "141": 0.981232131685918, "143": 0.1975043325266742, "146": 0.8720945545738419, "147": 0.9713595535558777, "148": 0.9687175705183642, "111": 0.7466890867450248, "112": 0.9335934621781633, "113": 0.8830833783478265, "114": 0.9477068043036703, "128": 0.980133147923703, "136": 0.9687175705183642, "139": 0.5104872573381166, "142": 0.832860782860757, "102": 0.967905757640733, "116": 0.832860782860757, "119": 0.9472676651898911, "121": 0.9180753773976005, "122": 0.8655817455287372, "123": 0.9691939465332382, "124": 0.9204330867250647, "104": 0.8756754309304606, "107": 0.9140329995531735, "134": 0.7419184683448392, "100": 0.48113657271127597, "101": 0.9687175705183642, "129": 0.23032766890594292, "130": 0.8463778409804674, "105": 0.6999024934303189, "110": 0.8326096743259999, "118": 0.9713595535558777, "125": 0.2509905064061316, "144": 0.9865001752117635, "109": 0.9949767420272078, "127": 0.9472676651898911, "132": 0.7782912029730289, "115": 0.6236955654053149, "137": 0.7821694225012211, "106": 0.8720945545738419, "135": 0.5120501550986825, "120": 0.5120501550986825, "131": 0.832860782860757, "117": 0.6010709993751915, "133": 0.9129039455580766, "145": 0.9983737266052923, "156": 0.9129039455580766, "163": 0.9983737266052923, "179": 0.8192778384406973, "184": 0.832860782860757, "186": 0.8720945545738419, "178": 0.6196188954656859, "181": 0.5929463479178985, "182": 0.8366841729045951, "183": 0.9901079757944491, "193": 0.6272050181110387, "158": 0.8756754309304606, "165": 0.8688965644538921, "166": 0.9363102851791325, "168": 0.9316966264562736, "190": 0.1009843972457225, "196": 0.9765485267282645, "164": 0.9865001752117635, "169": 0.981232131685918, "174": 0.9988882682104072, "185": 0.8366841729045951, "157": 0.8688965644538921, "173": 0.6821030813261982, "192": 0.9472676651898911, "151": 0.8809389516283095, "180": 0.6010709993751915, "159": 0.9129039455580766, "161": 0.8688965644538921, "162": 0.6494747637317144, "170": 0.7466890867450248, "172": 0.8366841729045951, "177": 0.9709483288034012, "187": 0.9335934621781633, "194": 0.684961249623832, "198": 0.8720945545738419, "150": 0.7782912029730289, "188": 0.9672702438730358, "197": 0.6082976936329352, "153": 0.9949767420272078, "189": 0.23032766890594292, "195": 0.9472676651898911, "154": 0.8463778409804674, "191": 0.9140329995531735, "171": 0.981232131685918, "212": 0.9865001752117635, "228": 0.8537946221448134}