{"0": 0.5358827365043197, "1": 0.28563333160425863, "2": 0.8697134878509117, "3": 0.9204330867250647, "4": 0.24629622076075364, "5": 0.2959500555191264, "6": 0.841121674857908, "7": 0.7419184683448392, "8": 0.48607992823877844, "9": 0.922705653532762, "10": 0.8949211271494089, "11": 0.1416938655417028, "12": 0.8688965644538921, "13": 0.8601391183990965, "14": 0.6058103655050147, "15": 0.7782912029730289, "16": 0.9711625608873772, "17": 0.7669301099235952, "18": 0.9141130735845608, "19": 0.9096911896636037, "20": 0.8366841729045951, "21": 0.6010709993751915, "22": 0.978789337755493, "23": 0.684961249623832, "24": 0.888367791813524, "25": 0.8756754309304606, "26": 0.8655817455287372, "27": 0.7451525819373325, "28": 0.43630621520808116, "29": 0.8794961698328488, "30": 0.8615555957814991, "31": 0.8463778409804674, "32": 0.9456500726951311, "33": 0.9473892126416081, "34": -0.027144066241102993, "35": 0.6284436739232024, "36": 0.9983737266052923, "37": 0.7193369430604821, "38": 0.9074541861500449, "40": 0.9830954797357201, "41": 0.981232131685918, "43": 0.6082976936329352, "44": 0.7449588556572684, "45": 0.3704862501212974, "46": 0.9477068043036703, "47": 0.7010120954522201, "48": 0.5894869790125996, "49": 0.9217455898854673, "50": 0.9687175705183642, "51": 0.9488360901438864, "52": 0.8463778409804674, "59": 0.8949211271494089, "61": 0.8809396244696035, "62": 0.7466890867450248, "64": 0.8261204300060645, "66": 0.9016627608838315, "70": 0.8711994502463034, "71": 0.6526061874683491, "72": 0.6073028217056597, "73": 0.7593201782472505, "76": 0.832860782860757, "77": 0.9129039455580766, "78": 0.9983737266052923, "81": 0.9687175705183642, "89": 0.4865376241939008, "92": 0.9140329995531735, "93": 0.9949767420272078, "94": 0.9472676651898911, "96": 0.9140329995531735, "98": 0.8720945545738419, "99": 0.7466890867450248, "39": 0.14449678458109552, "42": -0.0475896289864841, "55": 0.7466890867450248, "56": 0.8192778384406973, "57": 0.832860782860757, "58": 0.9713595535558777, "60": 0.9488360901438864, "63": 0.9181169426857589, "65": 0.8474040320691958, "69": 0.8333468763597425, "74": 0.9949767420272078, "79": 0.9432447077790973, "83": 0.8311229959955457, "86": 0.9865001752117635, "91": 0.942923417458683, "80": 0.757604564146452, "82": 0.942923417458683, "87": 0.48607992823877844, "88": 0.9949767420272078, "90": 0.981232131685918, "97": -0.2533528214200177, "53": 0.9777812587919528, "68": -0.2533528214200177, "84": 0.9340071081722181, "85": -0.0475896289864841, "75": 0.8192778384406973, "54": 0.901748777249892, "67": 0.5120501550986825, "95": 0.8261204300060645, "103": 0.8188773417294917, "108": 0.9488360901438864, "126": -0.27496486801528375, "138": 0.757604564146452, "140": 0.5808446707006777, "141": 0.4375200121653842, "143": 0.1975043325266742, "146": 0.9949767420272078, "147": 0.9777812587919528, "148": 0.5358827365043197, "111": 0.8333468763597425, "112": 0.9335934621781633, "113": 0.7193369430604821, "114": 0.8454698261244565, "128": 0.8655817455287372, "136": 0.9884989516004242, "139": 0.6073028217056597, "142": 0.9988882682104072, "102": 0.978789337755493, "116": 0.7010120954522201, "119": 0.6082976936329352, "121": 0.8794961698328488, "122": 0.8655817455287372, "123": 0.6221959113137245, "124": 0.8272030732920543, "104": 0.967905757640733, "107": 0.9865001752117635, "134": 0.8830833783478265, "100": 0.9949767420272078, "101": 0.9988882682104072, "129": 0.7328887417864776, "130": 0.3431187303073333, "105": 0.6061367038825813, "110": 0.7451525819373325, "118": 0.9140329995531735, "125": 0.9983737266052923, "144": 0.9687175705183642, "109": 0.9949767420272078, "127": 0.9472676651898911, "132": 0.9006714259588862, "115": 0.8188763159117212, "137": 0.9006714259588862, "106": 0.9477068043036703, "135": 0.9865001752117635, "120": 0.7002029063388291, "131": 0.9493540059122985, "117": 0.9493540059122985, "133": 0.9335934621781633, "145": 0.9509518987775469, "156": 0.888367791813524, "163": 0.9983737266052923, "179": 0.8192778384406973, "184": 0.8213445434803914, "186": 0.8720945545738419, "178": 0.9988882682104072, "181": 0.8213445434803914, "182": 0.9884989516004242, "183": 0.9865001752117635, "193": 0.8983851212872435, "158": 0.897738363336651, "165": 0.8688965644538921, "166": 0.8830833783478265, "168": 0.9316966264562736, "190": 0.8533643694982009, "196": 0.9140329995531735, "164": 0.9865001752117635, "169": 0.6061367038825813, "174": 0.9988882682104072, "185": 0.6284436739232024, "157": 0.5606333133258026, "173": 0.8946708982650449, "192": 0.9472676651898911, "151": 0.8809389516283095, "180": 0.9074541861500449, "159": 0.9949767420272078, "161": 0.8688965644538921, "162": 0.6494747637317144, "170": 0.7010120954522201, "172": 0.5727355528053012, "177": 0.9709483288034012, "187": 0.9335934621781633, "194": 0.8446352867590317, "198": 0.9687175705183642, "150": 0.7466890867450248, "188": 0.9672702438730358, "197": 0.9983737266052923, "153": 0.9949767420272078, "189": 0.23032766890594292, "195": 0.9472676651898911, "154": 0.8463778409804674, "191": 0.9140329995531735, "171": -0.0475896289864841, "212": 0.9865001752117635, "228": 0.8830833783478265, "230": 0.9687175705183642, "210": 0.8980219409923789, "246": 0.8720945545738419, "248": 0.9335934621781633, "202": 0.9091726585479631, "236": 0.614315707939549, "206": 0.7955272601359307, "221": 0.9949767420272078, "231": 0.9667771893756375, "232": 0.14449678458109552, "244": 0.5830765794498906, "224": 0.9477068043036703, "225": 0.9006714259588862, "241": 0.9865001752117635, "242": 0.7002029063388291, "226": 0.9090796779337953, "229": 0.7818255438676718, "249": 0.8311229959955457, "214": 0.8720945545738419, "220": 0.9129039455580766, "222": 0.9988882682104072, "209": 0.9901079757944491, "227": 0.9713595535558777, "200": 0.9901079757944491, "286": 0.9013207959089523, "282": 0.7955272601359307, "259": 0.9006714259588862, "252": 0.8311229959955457, "274": 0.8794961698328488, "279": 0.8311229959955457, "149": 0.8365170505443663, "294": 0.8794961698328488, "254": 0.6526061874683491, "264": 0.832860782860757, "256": 0.1975043325266742, "261": 0.9687175705183642}