{"0": 0.7923975123858403, "1": 0.29830921354618783, "2": 0.8236881008660053, "3": 0.4552255523676294, "4": 0.8925734933740234, "5": 0.7496293598194063, "6": 0.3641110015527814, "7": 0.557010402473584, "8": 0.3778574483795422, "9": 0.7382098755434179, "10": 0.2551286938487443, "11": 0.22370888926164997, "12": 0.8755225610321277, "13": 0.9315684879650371, "14": 0.943959991281367, "15": 0.7634150330236524, "16": 0.7646757269224965, "17": 0.8642616605705435, "18": 0.721825734073164, "19": 0.3009439553930022, "20": 0.5292378121730696, "21": 0.5179729526637489, "22": 0.27361805570435394, "23": 0.0882759782354223, "24": 0.26136390952185357, "25": 0.7637396974633953, "26": 0.921999206994456, "27": 0.5968611232684455, "28": 0.660673913766087, "29": 0.8937292646683588, "30": 0.9539519567428785, "31": 0.9217586009312606, "32": 0.23032766890594292, "33": 0.5685866553822061, "34": 0.8475814908605418, "35": 0.767120613631048, "36": 0.7849634154001839, "37": 0.5247123185998133, "38": 0.5198685220641122, "40": 0.3366835704077431, "41": 0.799615023321244, "43": 0.5513144173319915, "44": 0.6491935015945167, "45": 0.8444621505000198, "46": 0.8128551965592921, "47": 0.6258554352216742, "48": 0.6678093024213296, "49": 0.6685812721607511, "50": 0.32893364296232114, "51": 0.9021221516449848, "52": 0.8331087363663148, "59": 0.34384838052099814, "61": 0.6260072594908512, "62": 0.9093223456592029, "64": 0.9141130735845608, "66": 0.691751106621022, "70": 0.7425417598060612, "71": 0.4183847681953678, "72": 0.16671988941425248, "73": 0.6013506347590544, "76": 0.7637396974633953, "77": 0.8809396244696035, "78": 0.9983737266052923, "81": 0.9114128703941509, "89": 0.8128551965592921, "92": -0.03156587147432149, "93": 0.9949767420272078, "94": 0.8192778384406973, "96": 0.8126874765373676, "98": 0.6821030813261982, "99": 0.9700371969819471, "39": 0.46912644829314326, "42": 0.6733213007476928, "55": 0.8333468763597425, "56": 0.8646846833957632, "57": 0.4183847681953678, "58": 0.9432447077790973, "60": 0.8216912714609571, "63": 0.6526061874683491, "65": 0.34384838052099814, "69": 0.9093223456592029, "74": 0.9949767420272078, "79": 0.6733559840239098, "83": 0.9021221516449848, "86": 0.16671988941425248, "91": 0.684961249623832, "80": 0.9983737266052923, "82": 0.901748777249892, "87": 0.48113657271127597, "88": 0.7075546733458378, "90": 0.981232131685918, "97": 0.9472676651898911, "53": 0.9865001752117635, "68": 0.8016408203693159, "84": 0.9711625608873772, "85": 0.981232131685918, "75": 0.8311229959955457, "54": 0.9949767420272078, "67": 0.8333468763597425, "95": 0.11661037297160878}