{"0": 0.7506232228170221, "1": 0.4334752891572182, "2": 0.0882759782354223, "3": 0.8925734933740234, "4": 0.5663370034758634, "5": 0.7866875579257706, "6": 0.6402017302044994, "7": 0.8976058608558702, "8": 0.736569972007167, "9": 0.12178833900958064, "10": 0.5761215730898731, "11": 0.7389296594229778, "12": 0.8928144447523121, "13": 0.6929517111605159, "14": 0.27361805570435394, "15": 0.8500642724690743, "16": 0.7496293598194063, "17": 0.767120613631048, "18": 0.6139671982308741, "19": 0.6733213007476928, "20": 0.09323321998798931, "21": 0.4384692287066579, "22": 0.8642616605705435, "23": 0.26136390952185357, "24": 0.7646757269224965, "25": 0.4183847681953678, "26": 0.869170515593214, "27": 0.6491935015945167, "28": 0.8359326264637306, "29": 0.921999206994456, "30": 0.8016408203693159, "31": 0.46912644829314326, "32": 0.22370888926164997, "33": 0.943959991281367, "34": 0.5513144173319915, "35": 0.9217586009312606, "36": 0.4637226310989762, "37": 0.48113657271127597, "38": 0.2667876912297211, "40": 0.16671988941425248, "41": 0.7637396974633953, "43": 0.8359579514350155, "44": 0.5147066296196792, "45": 0.9315684879650371, "46": 0.7036495585102586, "47": 0.32893364296232114, "48": 0.8684827535567756, "49": 0.8216912714609571, "50": 0.8128551965592921, "51": 0.6260072594908512, "52": 0.7075546733458378, "59": 0.34384838052099814, "61": 0.6260072594908512, "62": 0.8809396244696035, "64": -0.0947404194997906, "66": 0.5685866553822061, "70": 0.9711625608873772, "71": 0.6526061874683491, "72": 0.16671988941425248, "73": 0.6013506347590544, "76": 0.7637396974633953, "77": 0.9141130735845608, "78": 0.9021221516449848, "81": 0.9114128703941509, "89": 0.8128551965592921, "92": -0.03156587147432149, "93": 0.9949767420272078, "94": 0.9472676651898911, "96": 0.8126874765373676, "98": 0.8720945545738419, "99": 0.9700371969819471, "39": 0.7849634154001839, "42": 0.5198685220641122, "55": 0.9709483288034012, "56": 0.8192778384406973, "57": 0.4183847681953678, "58": 0.5292378121730696, "60": 0.6685812721607511, "63": 0.5968611232684455, "65": 0.34384838052099814, "69": 0.8333468763597425, "74": 0.9983737266052923, "79": 0.6733559840239098, "83": 0.8311229959955457, "86": 0.9865001752117635, "91": 0.5247123185998133, "80": 0.757604564146452, "82": 0.7425417598060612, "87": 0.48113657271127597, "88": 0.9949767420272078, "90": 0.11661037297160878, "97": 0.6258554352216742, "53": 0.9865001752117635, "68": 0.7634150330236524, "84": 0.981232131685918, "85": 0.981232131685918, "75": 0.8311229959955457, "54": 0.9949767420272078, "67": 0.9093223456592029, "95": 0.684961249623832}