{"0": 0.7992971391189732, "1": 0.8830833783478265, "2": 0.8720945545738419, "3": 0.8311229959955457, "4": 0.8105367397294103, "5": 0.30685047983091546, "6": 0.8615112575471175, "7": 0.9072409240804903, "8": 0.9654973448254043, "9": 0.6698313777366212, "10": 0.9571774427820223, "11": 0.9509518987775469, "12": 0.9884989516004242, "13": 0.942699523539489, "14": 0.9594772032098673, "15": 0.9090796779337953, "16": 0.14330406080314267, "17": 0.3885201854651707, "18": 0.7365398254287008, "19": 0.9949767420272078, "20": 0.9403846533518059, "21": 0.9327349011946073, "22": 0.500559581399568, "23": 0.7017683343424213, "24": 0.9830954797357201, "25": 0.733402937629024, "26": 0.43382953876679736, "27": 0.758082860961826, "28": 0.9983737266052923, "29": 0.981232131685918, "30": 0.9189796994070691, "31": 0.9988882682104072, "32": 0.8311229959955457, "33": 0.9713595535558777, "34": 0.8895344933618026, "35": 0.9140329995531735, "36": 0.3702217257773508, "37": 0.941952435588411, "38": 0.5560960332074883, "40": 0.9249524416875297, "41": 0.8252416630880122, "43": 0.8192778384406973, "44": 0.9865001752117635, "45": 0.920017648857659, "46": 0.9129039455580766, "47": 0.9259351976497951, "48": 0.5299217354936159, "49": 0.9983737266052923, "50": 0.9988882682104072, "51": 0.3224008873163952, "52": 0.8615112575471175, "59": 0.8794961698328488, "61": 0.8615112575471175, "62": 0.9392781343727664, "64": -0.14932931480824793, "66": 0.9061104814689838, "70": -0.04837920405163643, "71": 0.9750826465612488, "72": 0.9865001752117635, "73": 0.942923417458683, "76": 0.9988882682104072, "77": 0.523868503082112, "78": 0.9713595535558777, "81": 0.4409332562501549, "89": 0.9140329995531735, "92": 0.9144828186989488, "93": 0.6335425290632055, "94": 0.8779003613755184, "96": 0.9140329995531735, "98": 0.09383056561124058, "99": 0.8188763159117212, "39": 0.6807263341835708, "42": 0.3702217257773508, "55": 0.9983737266052923, "56": 0.8764406322379414, "57": 0.8280814828306626, "58": 0.9988882682104072, "60": 0.654322919976418, "63": 0.9559398348927166, "65": 0.9573363750671867, "69": 0.8272104826016874, "74": 0.9453520912576178, "79": 0.8720945545738419, "83": 0.981232131685918, "86": 0.9988882682104072, "91": -0.0475896289864841, "80": 0.8794961698328488, "82": 0.9559398348927166, "87": 0.9983737266052923, "88": 0.9114644625959997, "90": 0.8192778384406973, "97": 0.8794961698328488, "53": 0.9750826465612488, "54": 0.9949767420272078, "67": 0.9884989516004242, "68": 0.9830954797357201, "75": 0.6082976936329352, "84": 0.8280814828306626, "85": 0.7870072749384418, "95": 0.9259351976497951, "103": 0.9988882682104072, "108": 0.7787939383162538, "126": 0.6526061874683491, "138": 0.8830833783478265, "140": 0.9304763003992487, "141": 0.8903720116851059, "143": 0.1975043325266742, "146": 0.8794961698328488, "147": 0.9777812587919528, "148": 0.9573363750671867, "111": 0.9304763003992487, "112": 0.9335934621781633, "113": 0.9592332369017739, "114": 0.9654973448254043, "128": 0.9713595535558777, "136": 0.8794961698328488, "139": 0.9361488673595424, "142": 0.9884989516004242, "102": 0.9072409240804903, "116": 0.9691939465332382, "119": 0.6082976936329352, "121": 0.8794961698328488, "122": 0.8830833783478265, "123": 0.5609849854360007, "124": 0.9865001752117635, "104": 0.7141588583608788, "107": 0.9865001752117635, "134": 0.8830833783478265, "100": 0.9691939465332382, "101": 0.9988882682104072, "129": 0.7365398254287008, "130": 0.9687175705183642, "105": 0.9865001752117635, "110": 0.9403846533518059, "118": 0.9140329995531735, "125": 0.8720945545738419, "144": -0.14932931480824793, "109": 0.6082976936329352, "127": 0.9988882682104072, "132": 0.9006714259588862, "115": 0.8188763159117212, "137": 0.8794961698328488, "106": 0.8720945545738419, "135": 0.9865001752117635, "120": 0.3690962936014758, "131": 0.8775265032524076, "117": 0.9493540059122985, "133": 0.9304763003992487, "145": 0.9509518987775469, "156": 0.9573363750671867, "163": 0.9865001752117635, "179": 0.8192778384406973, "184": 0.8213445434803914, "186": 0.8192778384406973, "178": 0.9988882682104072, "181": 0.8213445434803914, "182": 0.9884989516004242, "183": 0.9865001752117635, "193": 0.8983851212872435, "158": 0.9713595535558777, "165": 0.8688965644538921, "166": 0.8830833783478265, "168": 0.981232131685918, "190": 0.8533643694982009, "196": 0.9140329995531735, "164": 0.9865001752117635, "169": 0.9573363750671867, "174": 0.9988882682104072, "185": 0.9140329995531735, "157": 0.9983737266052923, "173": 0.9865001752117635, "192": 0.9472676651898911, "151": 0.9830954797357201, "180": 0.9074541861500449, "159": 0.9949767420272078, "161": 0.9830954797357201, "162": 0.8794961698328488, "170": 0.981232131685918, "172": 0.9983737266052923, "177": 0.9709483288034012, "187": 0.9335934621781633, "194": 0.8446352867590317, "198": 0.9687175705183642, "150": 0.7787939383162538, "188": 0.9672702438730358, "197": 0.9983737266052923, "153": 0.8446352867590317, "189": 0.23032766890594292, "195": 0.9472676651898911, "154": 0.8463778409804674, "191": 0.9140329995531735, "171": -0.0475896289864841, "212": 0.9865001752117635, "228": 0.920017648857659, "230": 0.9687175705183642, "210": 0.8980219409923789, "246": 0.8720945545738419, "248": 0.9335934621781633, "202": 0.9091726585479631, "236": 0.614315707939549, "206": 0.7955272601359307, "221": 0.9949767420272078, "231": 0.9667771893756375, "232": 0.14449678458109552, "244": 0.5830765794498906, "224": 0.9477068043036703, "225": 0.9006714259588862, "241": 0.9865001752117635, "242": 0.7002029063388291, "226": 0.9090796779337953, "229": 0.7818255438676718, "249": 0.8311229959955457, "214": 0.8720945545738419, "220": -0.14932931480824793, "222": 0.9988882682104072, "209": 0.9901079757944491, "227": 0.9713595535558777, "200": 0.9901079757944491, "286": 0.9013207959089523, "282": 0.7955272601359307, "259": 0.9006714259588862, "252": 0.8311229959955457, "274": 0.8794961698328488, "279": 0.8311229959955457, "149": 0.9559398348927166, "294": 0.8794961698328488, "254": 0.6526061874683491, "264": 0.9648177708588577, "256": 0.9988882682104072, "261": 0.9453520912576178, "167": 0.8311229959955457, "155": 0.3690962936014758, "152": 0.6082976936329352, "312": 0.523868503082112, "314": 0.9573363750671867, "160": 0.9983737266052923}