{"0": 0.6844909317770045, "1": 0.40854270630441275, "2": 0.6698645279083175, "3": 0.5660927951536685, "4": 0.29451506315889564, "5": 0.6059339254899587, "6": 0.4811477548842862, "7": 0.5461500802233363, "8": 0.6777466080745123, "9": 0.33342650653606687, "10": 0.5735009024841284}