{"0": 0.6338724571231833, "1": 0.9217455898854673, "2": 0.91973696338273, "3": 0.3324990447209307, "4": 0.3106325276206886, "5": 0.5757743064271739, "6": -0.04250464229177389, "7": 0.5221564054863724, "8": 0.4988069248217363, "9": 0.7524496205077271, "10": 0.6774506021333373, "11": 0.28960281581777214, "12": 0.9293338491331335, "13": 0.6338032084994603, "14": 0.7743357251051473, "15": 0.6079044420732607, "16": 0.4934604083608154, "17": 0.6636170946503491, "18": 0.07470656758343863, "19": 0.8514838576972615, "20": 0.8078105613778962, "21": 0.3886300922098612, "22": 0.7499862321901474, "23": 0.8938772884269843, "24": 0.8546179968153367, "25": 0.9573146345238671, "26": 0.5921071972552718, "27": 0.5681738299901369, "28": 0.6487520872752499, "29": 0.8539561459452504, "30": 0.7829246986531613, "31": 0.921999206994456, "32": 0.8748008537706637, "33": 0.740497187053956, "34": 0.839205437554883, "35": 0.3547882896482514, "36": 0.8429570782821226, "37": 0.5294447108015252, "38": 0.45273572992810907, "40": 0.6311817562521058, "41": 0.8509454875987394, "43": 0.7928200156197267, "44": 0.7522823065518607, "45": 0.3014277915473468, "46": 0.6160909310497591, "47": 0.5509321997381238, "48": 0.8684827535567756, "49": 0.6578214786098125, "50": 0.7127301950855451, "51": 0.9644804896774047, "52": 0.9865001752117635, "59": 0.8352343999972272, "61": 0.2682972741279794, "62": 0.9315684879650371, "64": -0.0947404194997906, "66": 0.5685866553822061, "70": 0.684961249623832, "71": 0.6632450827607452, "72": 0.7016430386802859, "73": 0.8849944663879861, "76": 0.7637396974633953, "77": 0.9181169426857589, "78": 0.9021221516449848, "81": 0.5920931757809508, "89": 0.41857766972100613, "92": 0.9476023808238805, "93": 0.9488360901438864, "94": 0.9472676651898911, "96": 0.5874343959391126, "98": 0.8720945545738419, "99": 0.9949767420272078, "39": 0.7849634154001839, "42": 0.5198685220641122, "55": 0.692917121683839, "56": 0.7336565076444184, "57": 0.4183847681953678, "58": 0.5292378121730696, "60": 0.9180753773976005, "63": 0.5968611232684455, "65": 0.980133147923703, "69": 0.19439435039049202, "74": 0.9983737266052923, "79": 0.6733559840239098, "83": 0.8311229959955457, "86": 0.9865001752117635, "91": 0.5247123185998133, "80": 0.757604564146452, "82": 0.7425417598060612, "87": 0.48113657271127597, "88": 0.9949767420272078, "90": 0.11661037297160878, "97": 0.6258554352216742, "53": 0.9711625608873772, "68": 0.9217586009312606, "84": 0.981232131685918, "85": 0.981232131685918, "75": 0.8311229959955457, "54": 0.9949767420272078, "67": 0.9093223456592029, "95": 0.684961249623832, "103": 0.8366841729045951, "108": 0.8316076253923786, "126": 0.9901079757944491, "138": 0.7782912029730289, "140": 0.9196762676827337, "141": 0.981232131685918, "143": 0.733402937629024, "146": 0.9204545337732695, "147": 0.9771451713702621, "148": 0.9687175705183642}