{"0": 0.5509321997381238, "1": 0.6166770921673854, "2": 0.45774349899472455, "3": 0.9710685701243187, "4": 0.6433950991485282, "5": 0.5171793685764965, "6": 0.6340430440545783, "7": 0.29349783858814504, "8": 0.9013207959089523, "9": 0.5380689213909915, "10": 0.2509905064061316, "11": 0.9901079757944491, "12": 0.9204330867250647, "13": 0.8341553281139868, "14": 0.7750229073949055, "15": 0.9432447077790973, "16": 0.3429635109373913, "17": 0.8773368069598443, "18": 0.980133147923703, "19": 0.8720977720763801, "20": 0.7669301099235952, "21": 0.804994642060773, "22": 0.7782912029730289, "23": 0.9114694088605918, "24": 0.9243146759136578, "25": 0.6284436739232024, "26": 0.9324646889865593, "27": 0.4807520862734308, "28": 0.9865001752117635, "29": 0.9074541861500449, "30": 0.8071363181032795, "31": 0.6853504200854672, "32": 0.6919477357832404, "33": 0.9711625608873772, "34": 0.14449678458109552, "35": 0.9771451713702621, "36": 0.8259214369404496, "37": 0.8131277285467442, "38": 0.9700371969819471, "40": 0.8756754309304606, "41": 0.8696337877535689, "43": 0.981232131685918, "44": 0.6637773908939087, "45": 0.38746020307642964, "46": 0.6328611931471055, "47": 0.7466890867450248, "48": 0.35087608871880105, "49": 0.9642811283825925, "50": -0.27496486801528375, "51": 0.8453048777385126, "52": 0.8366841729045951, "59": 0.757604564146452, "61": 0.7016430386802859, "62": 0.8711994502463034, "64": 0.978789337755493, "66": 0.684961249623832, "70": 0.7749655531092492, "71": 0.9006714259588862, "72": 0.757604564146452, "73": 0.9252433584349254, "76": 0.8756754309304606, "77": 0.8666656274378464, "78": 0.1998297511318301, "81": 0.9016627608838315, "89": 0.6526061874683491, "92": 0.7010120954522201, "93": 0.5808446707006777, "94": 0.1009843972457225, "96": 0.7168071503936716, "98": 0.9140329995531735, "99": 0.8720945545738419, "39": 0.8688965644538921, "42": 0.9181169426857589, "55": 0.9477068043036703, "56": 0.9141130735845608, "57": 0.9983737266052923, "58": 0.4375200121653842, "60": 0.9488360901438864, "63": 0.9472676651898911, "65": 0.9687175705183642, "69": 0.7001923597703745, "74": 0.8557147935906531, "79": 0.9316966264562736, "83": 0.981232131685918, "86": 0.8311229959955457, "91": 0.832860782860757, "80": 0.6494747637317144, "82": 0.9771451713702621, "87": 0.9983737266052923, "88": 0.9304763003992487, "90": 0.6827986659696381, "97": 0.1975043325266742, "53": 0.358031518049137, "68": 0.6413911019625415, "84": 0.8830833783478265, "85": 0.4795717807011821, "75": 0.967905757640733, "54": 0.9672702438730358, "67": 0.6815660531926984, "95": 0.8316076253923786, "103": 0.7116043175588809, "108": 0.8386443644739268, "126": 0.2509905064061316, "138": 0.9432447077790973, "140": 0.9949767420272078, "141": 0.981232131685918, "143": 0.9472676651898911, "146": 0.8720945545738419, "147": 0.9713595535558777, "148": 0.8756754309304606, "111": 0.9013207959089523, "112": 0.8316076253923786, "113": 0.7818255438676718, "114": 0.8720945545738419, "128": 0.9006714259588862, "136": 0.9687175705183642, "139": 0.6082976936329352, "142": 0.832860782860757, "102": 0.9687175705183642, "116": 0.9477068043036703, "119": 0.981232131685918, "121": 0.881875322540995, "122": 0.7010120954522201, "123": 0.9018630819062468, "124": 0.6082976936329352, "104": 0.733402937629024, "107": 0.9217455898854673, "134": 0.7419184683448392, "100": 0.8366841729045951, "101": 0.9988882682104072, "129": 0.9006714259588862, "130": 0.967905757640733, "105": 0.9672702438730358, "110": 0.9477068043036703, "118": 0.684961249623832, "125": 0.9488360901438864, "144": 0.9949767420272078, "109": 0.9825033311030087, "127": 0.9472676651898911, "132": 0.7782912029730289, "115": 0.5730475298205275, "137": 0.9324646889865593, "106": 0.8480240212849163, "135": 0.9449277469107293, "120": 0.8830833783478265, "131": 0.832860782860757, "117": 0.9691939465332382, "133": 0.9129039455580766, "145": 0.9983737266052923, "156": 0.5808446707006777, "163": 0.9983737266052923, "179": 0.8192778384406973, "184": 0.5808446707006777, "186": 0.8213445434803914, "178": 0.733402937629024, "181": 0.8213445434803914, "182": 0.9642811283825925, "183": 0.6082976936329352, "193": 0.6272050181110387, "158": 0.897738363336651, "165": 0.8688965644538921, "166": 0.8830833783478265, "168": 0.9316966264562736, "190": 0.8533643694982009, "196": 0.9140329995531735, "164": 0.9865001752117635, "169": 0.981232131685918, "174": 0.9988882682104072, "185": 0.8316076253923786, "157": 0.8366841729045951, "173": 0.6821030813261982, "192": 0.9335934621781633, "151": 0.8809389516283095, "180": 0.7451525819373325, "159": 0.9949767420272078, "161": 0.8688965644538921, "162": 0.6494747637317144, "170": 0.7466890867450248, "172": 0.8070834178164799, "177": 0.9709483288034012, "187": 0.9335934621781633, "194": -0.1634122768290731, "198": 0.9687175705183642, "150": 0.7466890867450248, "188": 0.9335934621781633, "197": 0.9983737266052923, "153": 0.9949767420272078, "189": 0.23032766890594292, "195": 0.9472676651898911, "154": 0.8463778409804674, "191": 0.9140329995531735, "171": 0.981232131685918, "212": 0.9865001752117635, "228": 0.8537946221448134, "230": 0.14449678458109552, "210": 0.8980219409923789, "246": 0.8720945545738419, "248": 0.8978551441977376, "202": 0.8311229959955457, "236": 0.614315707939549, "206": 0.7955272601359307, "221": 0.9949767420272078, "231": 0.9667771893756375, "232": 0.14449678458109552, "244": 0.5830765794498906}