{"0": 0.9030611915034764, "1": 0.6526061874683491, "2": 0.8302051050303796, "3": 0.9141130735845608, "4": 0.8688965644538921, "5": 0.8239385065453184, "6": 0.8194670366904375, "7": 0.94038684688313, "8": 0.9193944269529365, "9": 0.23405841527188212, "10": 0.6976085345112004, "11": 0.940415093775196, "12": 0.9016627608838315, "13": 0.9004275735381126, "14": 0.3887208753071814, "15": 0.4157165044057442, "16": 0.6483381802238087, "17": 0.5235345516142547, "18": 0.9013207959089523, "19": 0.910570582055602, "20": 0.9316966264562736, "21": 0.832860782860757, "22": 0.9642811283825925, "23": 0.9409180973655387, "24": 0.9711625608873772, "25": 0.8499513525047342, "26": 0.3749300045997703, "27": 0.9074541861500449, "28": 0.13094961594978277, "29": 0.8510416067868096, "30": 0.9335934621781633, "31": 0.6221959113137245, "32": 0.7116043175588809, "33": 0.7941435358679536, "34": 0.9691939465332382, "35": 0.8227513197232752, "36": 0.9472676651898911, "37": 0.9252433584349254, "38": 0.5808446707006777, "40": 0.8366841729045951, "41": 0.9672145785527155, "43": 0.9884989516004242, "44": 0.9140329995531735, "45": 0.8370002839484976, "46": 0.967905757640733, "47": 0.8316076253923786, "48": 0.9140329995531735, "49": 0.9488360901438864, "50": 0.7328887417864776, "51": 0.7466890867450248, "52": 0.6061367038825813, "59": 0.96706302647472, "61": 0.981232131685918, "62": 0.8377884954101573, "64": 0.7823088615005145, "66": 0.7849001521249795, "70": 0.9949767420272078, "71": 0.942923417458683, "72": 0.6082976936329352, "73": 0.8756754309304606, "76": 0.9472676651898911, "77": -0.27496486801528375, "78": 0.8841669172681577, "81": 0.1998297511318301, "89": 0.9006714259588862, "92": 0.8311229959955457, "93": 0.8688965644538921, "94": 0.9884989516004242, "96": -0.31225135563090645, "98": 0.9949767420272078, "99": 0.3481767917250045, "39": 0.8720945545738419, "42": 0.9687175705183642, "55": 0.6999024934303189, "56": 0.6625643685694007, "57": 0.3017214419914216, "58": 0.8326096743259999, "60": 0.3750773176943808, "63": 0.8261204300060645, "65": 0.9687175705183642, "69": 0.30685047983091546, "74": 0.9453520912576178, "79": 0.978789337755493, "83": 0.9316966264562736, "86": 0.9090796779337953, "91": 0.956460985280722, "80": 0.757604564146452, "82": 0.1975043325266742, "87": 0.6082976936329352, "88": 0.9949767420272078, "90": 0.8188763159117212, "97": 0.5894869790125996, "53": 0.609225864488296, "68": 0.9949767420272078, "84": 0.8366841729045951, "85": 0.9983737266052923, "75": 0.7193369430604821, "54": 0.831315809318495, "67": 0.9592332369017739, "95": 0.8280814828306626, "103": 0.9830954797357201, "108": 0.758082860961826, "126": 0.2509905064061316, "138": 0.9830954797357201, "140": 0.9592332369017739, "141": 0.981232131685918, "143": 0.9865001752117635, "146": 0.8720945545738419, "147": 0.9329405209770878, "148": 0.9687175705183642, "111": 0.8756754309304606, "112": 0.8775265032524076, "113": 0.4441381638769246, "114": 0.9473892126416081, "128": 0.9713595535558777, "136": 0.9687175705183642, "139": 0.9865001752117635, "142": 0.937400317438411, "102": 0.733402937629024, "116": 0.832860782860757, "119": 0.9477068043036703, "121": 0.8720945545738419, "122": 0.7010120954522201, "123": 0.9018630819062468, "124": 0.9865001752117635, "104": 0.9983737266052923, "107": 0.9140329995531735, "134": 0.7419184683448392, "100": 0.9090796779337953, "101": 0.757604564146452, "129": 0.619830398968277, "130": -0.27496486801528375, "105": 0.9884989516004242, "110": 0.8366841729045951, "118": 0.9713595535558777, "125": 0.8720945545738419, "144": 0.9865001752117635, "109": 0.14449678458109552, "127": 0.9983737266052923, "132": 0.7782912029730289, "115": 0.5730475298205275, "137": 0.609225864488296, "106": 0.9477068043036703, "135": 0.5120501550986825, "120": 0.627991012045094, "131": 0.9988882682104072, "117": 0.7016430386802859, "133": 0.9335934621781633, "145": 0.9983737266052923, "156": 0.9129039455580766, "163": 0.9983737266052923, "179": 0.8192778384406973, "184": 0.5808446707006777, "186": 0.9988882682104072, "178": 0.9988882682104072, "181": 0.8213445434803914, "182": 0.8366841729045951, "183": 0.9865001752117635, "193": 0.8983851212872435, "158": 0.38289412569515124, "165": 0.8688965644538921, "166": 0.8830833783478265, "168": 0.9316966264562736, "190": 0.8533643694982009, "196": 0.9140329995531735, "164": 0.9865001752117635, "169": 0.981232131685918, "174": 0.9988882682104072, "185": 0.8366841729045951, "157": 0.5606333133258026, "173": 0.8946708982650449, "192": 0.9472676651898911, "151": 0.8809389516283095, "180": 0.9771451713702621, "159": 0.9949767420272078, "161": 0.8688965644538921, "162": 0.6494747637317144, "170": 0.7010120954522201, "172": 0.8366841729045951, "177": 0.9709483288034012, "187": 0.9335934621781633, "194": 0.1975043325266742, "198": 0.8720945545738419, "150": 0.47375041638672777, "188": 0.9672702438730358, "197": 0.9983737266052923, "153": 0.9949767420272078, "189": 0.23032766890594292, "195": 0.9472676651898911, "154": 0.8463778409804674, "191": 0.9140329995531735, "171": 0.6082976936329352, "212": 0.9865001752117635, "228": 0.8537946221448134, "230": 0.2198279891278654, "210": 0.8980219409923789, "246": 0.8720945545738419, "248": 0.8978551441977376, "202": 0.8311229959955457, "236": 0.8601391183990965, "206": 0.7955272601359307, "221": 0.9949767420272078, "231": 0.9667771893756375, "232": 0.14449678458109552, "244": 0.5808446707006777, "224": 0.9477068043036703, "225": 0.9006714259588862, "241": 0.9865001752117635, "242": 0.7002029063388291, "226": 0.8311229959955457, "229": 0.7818255438676718, "249": 0.8311229959955457, "214": 0.8720945545738419, "220": 0.9949767420272078, "222": 0.9988882682104072, "209": 0.9901079757944491, "227": 0.9713595535558777, "200": 0.9901079757944491, "286": 0.9013207959089523, "282": 0.7955272601359307, "259": 0.9006714259588862}