{"0": 0.19797355391308352, "1": 0.5326191272401963, "2": 0.8839418008042674, "3": 0.7649257571495645, "4": -0.2810040922799176, "5": 0.8471466472201166, "6": 0.9031449790666332, "7": 0.4212770021841331, "8": 0.5516880368592182, "9": 0.45748557673804163, "10": 0.5915833592899611, "11": 0.9157957284855488, "12": 0.24427880458326123, "13": 0.6260072594908512, "14": 0.30152866968179604, "15": 0.8565524814567047, "16": 0.9709483288034012, "17": 0.842947102188196, "18": 0.7343203793115198, "19": 0.7258420653129816, "20": 0.7127301950855451, "21": 0.8860110555823051, "22": -0.06269267419693347, "23": 0.6540854768253637, "24": 0.8359579514350155, "25": 0.7023430385356525, "26": 0.7892772725835685, "27": 0.8546179968153367, "28": 0.9141130735845608, "29": 0.7233347450595491, "30": 0.9270169976746598, "31": 0.8706855334294105, "32": 0.3689027094833305, "33": 0.49960196909820087, "34": 0.21725792827747223, "35": 0.6487520872752499, "36": 0.5847427791228762, "37": 0.6260072594908512, "38": 0.5512235327173162, "40": 0.5792223499638832, "41": 0.6258554633767097, "43": 0.981232131685918, "44": 0.9093223456592029, "45": 0.16696338284843787, "46": 0.7782912029730289, "47": 0.757604564146452, "48": -0.22353891965082884, "49": 0.49823951007937656, "50": 0.9901079757944491, "51": 0.696107718511853, "52": 0.8590567583818747, "59": 0.757604564146452, "61": 0.9672364309982049, "62": 0.8071363181032795, "64": 0.4437668761574636, "66": 0.5920931757809508, "70": 0.921999206994456, "71": 0.9771451713702621, "72": 0.757604564146452, "73": 0.6487164026496497, "76": 0.7637396974633953, "77": 0.8366841729045951, "78": 0.980133147923703, "81": 0.9865001752117635, "89": 0.7116043175588809, "92": 0.5509321997381238, "93": 0.8639847777864562, "94": 0.8356052541809385, "96": 0.7466890867450248, "98": 0.9983737266052923, "99": 0.8302051050303796, "39": 0.7992356996063099, "42": 0.9217586009312606, "55": 0.3014277915473468, "56": 0.8720945545738419, "57": 0.9865001752117635, "58": 0.8688965644538921, "60": 0.9488360901438864, "63": 0.9472676651898911, "65": 0.2620226165209737, "69": 0.9125249009341821, "74": 0.8773368069598443, "79": 0.9949767420272078, "83": 0.9709483288034012, "86": 0.7782912029730289, "91": 0.9252433584349254, "80": 0.8830281235644627, "82": 0.5294447108015252, "87": 0.9983737266052923, "88": 0.9709483288034012, "90": 0.7045757447777523, "97": 0.6358889267915722, "53": 0.9204330867250647, "68": 0.5792223499638832, "84": 0.9476023808238805, "85": 0.8298497151028721, "75": 0.921999206994456, "54": -0.016422913884859287, "67": 0.4515407220895862, "95": 0.684961249623832, "103": 0.8366841729045951, "108": 0.9709483288034012, "126": 0.7233347450595491, "138": 0.9644804896774047, "140": 0.8756754309304606, "141": 0.9476023808238805, "143": 0.9472676651898911, "146": 0.2818029255133064, "147": 0.9252433584349254, "148": 0.853182746358577, "111": 0.8591239839651712, "112": 0.8316076253923786, "113": 0.9687175705183642, "114": 0.7127301950855451, "128": 0.6445539772142557, "136": 0.8298497151028721, "139": 0.5104872573381166, "142": 0.8953599538075763, "102": 0.8277105652656794, "116": 0.7782912029730289, "119": 0.96706302647472, "121": 0.9180753773976005, "122": 0.981232131685918, "123": 0.8316076253923786, "124": 0.9180753773976005, "104": 0.8117823156968187, "107": 0.6487520872752499, "134": 0.684961249623832, "100": 0.8366841729045951, "101": 0.9711625608873772, "129": 0.6062130938969661, "130": 0.9432447077790973, "105": 0.9488360901438864, "110": 0.7544041309705991, "118": 0.9771451713702621, "125": 0.9488360901438864, "144": 0.9949767420272078, "109": 0.8369124642255519, "127": 0.9687175705183642, "132": 0.9687175705183642, "115": 0.5730475298205275, "137": 0.7233347450595491, "106": 0.8316076253923786, "135": 0.9711625608873772}