{"0": 0.8472879608371888, "1": 0.8775265032524076, "2": 0.1767561018272008, "3": 0.9472676651898911, "4": 0.9129039455580766, "5": 0.9061104814689838, "6": 0.9114644625959997, "7": 0.9687175705183642, "8": 0.9801948925335262, "9": 0.832860782860757, "10": 0.4306050671479955, "11": 0.523868503082112, "12": 0.8456938319969669, "13": 0.8720945545738419, "14": 0.942923417458683, "15": 0.5090991786701287, "16": 0.7365398254287008, "17": 0.9453520912576178, "18": 0.3702217257773508, "19": 0.9586919378087284, "20": 0.6128628291826785, "21": 0.981232131685918, "22": 0.9127274042373902, "23": 0.8362662271757135, "24": 0.9573363750671867, "27": 0.5560960332074883, "28": 0.9865001752117635, "29": 0.9688241791634957, "30": 0.6082976936329352, "31": 0.9691939465332382, "33": 0.9903820945691412, "35": 0.7973563010853268, "36": 0.963944995920045, "42": 0.9988882682104072, "43": 0.9559398348927166, "44": -0.0475896289864841, "45": 0.920017648857659, "46": 0.855578621286744, "47": 0.9140329995531735, "48": 0.8116761558597236, "49": 0.8311229959955457, "50": 0.6335425290632055, "60": 0.8615112575471175, "62": 0.9830954797357201, "63": 0.9713595535558777, "64": 0.9327349011946073, "71": 0.9949767420272078, "72": 0.8192778384406973, "73": 0.9750826465612488, "91": 0.8280814828306626, "93": 0.9884989516004242, "97": 0.9983737266052923, "98": 0.8978997239936704, "146": 0.8794961698328488}