{"0": 0.7045757447777523, "1": 0.778406190451902, "2": 0.751198997598729, "3": 0.2620862341526685, "4": 0.4862832035363039, "5": 0.6025419423455187, "6": 0.5550508335374073, "7": 0.6260072594908512, "8": 0.2676822205265553, "9": 0.8006906580631709, "10": 0.03905905308852222, "11": 0.37033941123922126, "12": 0.980133147923703, "13": 0.5350990871777538, "14": 0.8287562191304942, "15": 0.7831581017980025, "16": 0.6811988698789258, "17": 0.12249633937071452, "18": 0.8999658438412826, "19": 0.9635051318471994, "20": 0.8381131340879733, "21": 0.6472125053108531, "22": 0.8987374023573276, "23": 0.5792223499638832, "24": 0.9687175705183642, "25": 0.8453048777385126, "26": 0.8369124642255519, "27": 0.6433950991485282, "28": 0.9711625608873772, "29": 0.5521663369357318, "30": 0.9356155407207811, "31": 0.4538471504167283, "32": 0.48113657271127597, "33": 0.7233347450595491, "34": 0.3014277915473468, "35": 0.9865001752117635, "36": 0.8117823156968187, "37": 0.921999206994456, "38": 0.8756754309304606, "40": 0.9476023808238805, "41": 0.7937358642281429, "43": 0.30340523942801756, "44": 0.9109242775708097, "45": 0.8024507107577199, "46": 0.22972631955948664, "47": 0.48771932999233114, "48": 0.9204817737354929, "49": 0.9983737266052923, "50": 0.733402937629024, "51": 0.7116043175588809, "52": 0.8933491304844663, "59": 0.9217586009312606, "61": 0.8316076253923786, "62": 0.3743435312473772, "64": 0.20641358651095307, "66": 0.7116043175588809, "70": 0.6487520872752499, "71": 0.9687175705183642, "72": 0.757604564146452, "73": 0.9472676651898911, "76": 0.8756754309304606, "77": 0.2682972741279794, "78": 0.8366841729045951, "81": 0.8732255365262316, "89": 0.9217586009312606, "92": 0.35087608871880105, "93": 0.7010120954522201, "94": 0.9335934621781633, "96": 0.7782912029730289, "98": 0.9488360901438864, "99": 0.9700371969819471, "39": 0.9196762676827337, "42": 0.48574128400034783, "55": 0.8720945545738419, "56": 0.9196762676827337, "57": 0.7782912029730289, "58": 0.8688965644538921, "60": 0.9364596982113518, "63": 0.6258554633767097, "65": 0.9335934621781633, "69": 0.9180753773976005, "74": 0.2509905064061316, "79": 0.9949767420272078, "83": 0.2011426332164294, "86": 0.8311229959955457, "91": 0.9252433584349254, "80": 0.952640111361408, "82": 0.9217455898854673, "87": 0.9983737266052923, "88": 0.8848615542842719, "90": 0.9901079757944491, "97": 0.9140329995531735, "53": 0.9709483288034012, "68": 0.5639967673076488, "84": 0.9141130735845608, "85": 0.1656630649315574, "75": 0.9177778432333028, "54": 0.684961249623832, "67": 0.9006714259588862, "95": 0.8316076253923786, "103": 0.8366841729045951, "108": 0.9004275735381126, "126": 0.2509905064061316, "138": 0.9432447077790973, "140": 0.9949767420272078, "141": 0.981232131685918, "143": 0.9472676651898911, "146": 0.2818029255133064, "147": 0.9713595535558777, "148": 0.8756754309304606, "111": 0.9335934621781633, "112": 0.9983737266052923, "113": 0.9687175705183642, "114": 0.7127301950855451, "128": 0.1975043325266742, "136": 0.8333468763597425, "139": 0.9865001752117635, "142": 0.9364115178790138, "102": 0.8697134878509117, "116": 0.5001504920796276, "119": 0.96706302647472, "121": 0.9180753773976005, "122": 0.981232131685918, "123": 0.8546179968153367, "124": 0.981232131685918, "104": 0.8756754309304606, "107": 0.9335934621781633, "134": 0.8311229959955457, "100": 0.7237791989114861, "101": 0.9711625608873772, "129": 0.619830398968277, "130": 0.9252433584349254, "105": 0.9488360901438864, "110": -0.027144066241102993, "118": 0.9711625608873772, "125": 0.9488360901438864, "144": 0.947640553051555, "109": 0.9949767420272078, "127": 0.9472676651898911, "132": 0.8720945545738419, "115": 0.5730475298205275, "137": 0.7821694225012211, "106": 0.8720945545738419, "135": 0.9093223456592029, "120": 0.5120501550986825, "131": 0.832860782860757, "117": 0.23032766890594292, "133": 0.9129039455580766, "145": 0.9983737266052923, "156": 0.8302051050303796, "163": 0.9983737266052923, "179": 0.8192778384406973, "184": 0.832860782860757, "186": 0.7466890867450248, "178": 0.8192778384406973, "181": 0.8213445434803914, "182": 0.9141130735845608, "183": 0.9204330867250647, "193": 0.8298497151028721, "158": 0.8949211271494089, "165": 0.8688965644538921, "166": 0.9771451713702621, "168": 0.9316966264562736, "190": 0.7010120954522201, "196": 0.9140329995531735, "164": 0.9865001752117635, "169": 0.9949767420272078, "174": 0.9988882682104072, "185": 0.8316076253923786, "157": 0.8366841729045951, "173": 0.9316966264562736, "192": 0.9335934621781633, "151": 0.967905757640733, "180": 0.757604564146452}