{"0": 0.7266853210570041, "1": 0.9202355368134549, "2": 0.4472582129957612, "3": 0.8444858132512123, "4": 0.046774349857026463, "5": 0.2829563185354215, "6": 0.8793594773723383, "7": 0.6253883172972982, "8": 0.585586251779141, "9": 0.9437911317136115, "10": 0.6139961670765683, "11": 0.6515536215425838, "12": 0.4160407928990412, "13": 0.7008233208259096, "14": -0.08410973253511028, "15": 0.7075546733458378, "16": -0.09739221373406676, "17": 0.41041224701434736, "18": 0.6621747122432928, "19": 0.8124465791272606, "20": 0.47292511049119035, "21": 0.5792223499638832, "22": 0.4143510811855151, "23": 0.7979756133661735, "24": 0.8251599375915066, "25": 0.8971277989018693, "26": 0.4072700920187172, "27": 0.44900127597592937, "28": 0.9983737266052923, "29": 0.29563285698633723, "30": 0.6774506021333373, "31": 0.6345900579021699, "32": 0.6205097342542789, "33": 0.5793706867046948, "34": 0.7939088193240369, "35": 0.8128551965592921, "36": 0.9239777041182415, "37": 0.6260072594908512, "38": 0.7658701887411197, "40": 0.5792223499638832, "41": 0.981232131685918, "43": 0.7604755292429785, "44": 0.9865001752117635, "45": 0.6487520872752499, "46": 0.3743470014285516, "47": 0.757604564146452, "48": 0.5792223499638832, "49": 0.9983737266052923, "50": 0.9687175705183642, "51": 0.696107718511853, "52": 0.8590567583818747, "59": 0.5358827365043197, "61": 0.8546179968153367, "62": 0.6757514758563474, "64": 0.7831581017980025, "66": 0.6244430848104265, "70": 0.8387542937755136, "71": 0.9140329995531735, "72": 0.757604564146452, "73": 0.9157957284855488, "76": 0.7637396974633953, "77": 0.8366841729045951, "78": 0.6414593545548871, "81": 0.9865001752117635, "89": 0.9217586009312606, "92": 0.36419053793463124, "93": 0.8639847777864562, "94": 0.8356052541809385, "96": 0.7466890867450248, "98": 0.8667582744663883, "99": 0.9949767420272078, "39": 0.7992356996063099, "42": 0.9363102851791325, "55": 0.8720945545738419, "56": 0.9217586009312606, "57": 0.9711625608873772, "58": 0.8688965644538921, "60": 0.525027673004182, "63": 0.9711625608873772, "65": 0.841832887969435, "69": -0.22353891965082884, "74": 0.9361648681010845, "79": 0.9949767420272078, "83": 0.7490409196151773, "86": 0.7782912029730289, "91": 0.9252433584349254, "80": 0.8830281235644627, "82": 0.5294447108015252, "87": 0.9983737266052923, "88": 0.9709483288034012, "90": 0.7045757447777523, "97": 0.6358889267915722, "53": 0.36400784743514447, "54": -0.016422913884859287, "67": 0.46349913049472957, "68": 0.5710752585811706, "75": 0.921999206994456, "84": 0.9476023808238805, "85": 0.7782912029730289, "95": 0.684961249623832, "103": 0.8366841729045951, "108": 0.9709483288034012, "126": 0.7233347450595491, "138": 0.9644804896774047, "140": 0.8756754309304606, "141": 0.981232131685918, "143": 0.9472676651898911, "146": 0.2818029255133064, "147": 0.9771451713702621, "148": 0.853182746358577, "111": 0.8591239839651712, "112": 0.9983737266052923, "113": 0.9687175705183642, "114": 0.7127301950855451, "128": 0.6445539772142557, "136": 0.8298497151028721, "139": 0.5104872573381166, "142": 0.7995937005332028, "102": 0.8277105652656794, "116": 0.7782912029730289, "119": 0.96706302647472, "121": 0.9180753773976005, "122": 0.981232131685918, "123": 0.8316076253923786, "124": 0.981232131685918, "104": 0.8117823156968187, "107": 0.6487520872752499, "134": 0.9204330867250647, "100": 0.9252433584349254, "101": 0.9711625608873772, "129": 0.619830398968277, "130": 0.9252433584349254, "105": 0.9488360901438864, "110": 0.7544041309705991, "118": 0.9771451713702621, "125": 0.9488360901438864, "144": 0.9687175705183642, "109": 0.8369124642255519, "127": 0.9687175705183642, "132": 0.8720945545738419, "115": 0.5730475298205275, "137": 0.7233347450595491, "106": 0.8316076253923786, "135": 0.9227320212054115}