{"0": 0.7336565076444184, "1": 0.6357251924820302, "2": 0.7451525819373325, "3": 0.6526061874683491, "4": 0.4699019987749222, "5": 0.9711625608873772, "6": 0.9030611915034764, "7": 0.9141130735845608, "8": 0.8499513525047342, "9": 0.6483381802238087, "10": 0.8688965644538921, "11": 0.9016627608838315, "12": 0.8261204300060645, "13": 0.8510416067868096, "14": 0.9475784273913099, "15": 0.4157165044057442, "16": 0.6976085345112004, "17": 0.7328887417864776, "18": 0.9252433584349254, "19": 0.9409180973655387, "20": 0.8227513197232752, "21": 0.7823088615005145, "22": 0.9642811283825925, "23": 0.9090796779337953, "24": 0.31648959005786126, "25": 0.5808446707006777, "26": 0.8374600842866212, "27": 0.9074541861500449, "28": 0.9473892126416081, "29": 0.1975043325266742, "30": 0.5235345516142547, "31": 0.9193944269529365, "32": 0.1998297511318301, "33": 0.6999024934303189, "34": 0.8446352867590317, "35": 0.8316076253923786, "36": 0.8756754309304606, "37": 0.9949767420272078, "38": 0.9140329995531735, "40": 0.8830833783478265, "41": 0.8830833783478265, "43": 0.981232131685918, "44": 0.6526061874683491, "45": 0.6625643685694007, "46": 0.8366841729045951, "47": 0.7466890867450248, "48": 0.6061367038825813, "49": 0.7909278548609134, "50": -0.27496486801528375, "51": 0.9830954797357201, "52": 0.831315809318495, "59": 0.6221959113137245, "61": 0.9335934621781633, "62": 0.9472676651898911, "64": 0.9672145785527155, "66": 0.9691939465332382, "70": 0.9072409240804903, "71": 0.942923417458683, "72": 0.4100431994763632, "73": 0.619830398968277, "76": 0.9472676651898911, "77": 0.5808446707006777, "78": 0.1975043325266742, "81": 0.9687175705183642, "89": 0.7451525819373325, "92": 0.8213445434803914, "93": 0.8311229959955457, "94": 0.8370002839484976, "96": 0.967905757640733, "98": 0.9140329995531735, "99": 0.9830954797357201, "39": 0.9316966264562736, "42": 0.7010120954522201, "55": 0.9488360901438864, "56": 0.96706302647472, "57": 0.9013207959089523, "58": 0.6061367038825813, "60": 0.9488360901438864, "63": 0.757604564146452, "65": -0.2927296876967831, "69": 0.8720945545738419, "74": 0.981232131685918, "79": 0.9949767420272078, "83": 0.981232131685918, "86": 0.9801948925335262, "91": 0.5808446707006777, "80": 0.8464138790455564, "82": 0.9090796779337953, "87": 0.9983737266052923, "88": 0.9304763003992487, "90": 0.5008711290557287, "97": 0.5894869790125996, "53": 0.8386443644739268, "54": 0.7260287547211197, "67": 0.8711994502463034, "68": 0.609225864488296, "75": 0.6082976936329352, "84": 0.8711994502463034, "85": 0.9983737266052923, "95": 0.6061367038825813, "103": 0.36806161337201504, "108": 0.758082860961826, "126": 0.832860782860757, "138": 0.9432447077790973, "140": 0.9072721105355721, "141": 0.4375200121653842, "143": 0.9865001752117635, "146": 0.8841669172681577, "147": 0.9329405209770878, "148": 0.9801948925335262, "111": 0.7116043175588809, "112": 0.9432447077790973, "113": 0.9006714259588862, "114": 0.26941044593599295, "128": 0.9713595535558777, "136": 0.9884989516004242, "139": 0.6082976936329352, "142": 0.7391722071175117, "102": 0.9687175705183642, "116": 0.9477068043036703, "119": 0.6082976936329352, "121": 0.881875322540995, "122": 0.7010120954522201, "123": 0.9018630819062468, "124": 0.9884989516004242, "104": 0.9983737266052923, "107": 0.9217455898854673, "134": 0.7419184683448392, "100": 0.7260287547211197, "101": 0.9988882682104072, "129": 0.7328887417864776, "130": 0.967905757640733, "105": 0.9672702438730358, "110": 0.9473892126416081, "118": 0.9988882682104072, "125": 0.9830954797357201, "144": -0.14932931480824793, "109": 0.8316076253923786, "127": 0.9988882682104072, "132": 0.8720945545738419, "115": 0.8188763159117212, "137": 0.963944995920045, "106": 0.9477068043036703, "135": 0.9713595535558777, "120": 0.9865001752117635, "131": -0.27496486801528375, "117": 0.9691939465332382, "133": 0.7328887417864776, "145": 0.9983737266052923, "156": -0.2927296876967831, "163": 0.9983737266052923, "179": 0.8192778384406973, "184": 0.8213445434803914, "186": 0.9140329995531735, "178": 0.9988882682104072, "181": 0.8213445434803914, "182": 0.9884989516004242, "183": 0.6082976936329352, "193": 0.8983851212872435, "158": 0.897738363336651, "165": 0.8688965644538921, "166": 0.8830833783478265, "168": 0.9316966264562736, "190": 0.8533643694982009, "196": 0.9140329995531735, "164": 0.9865001752117635, "169": 0.981232131685918, "174": 0.9988882682104072, "185": 0.8366841729045951, "157": 0.5606333133258026, "173": 0.8946708982650449, "192": 0.9335934621781633, "151": 0.8809389516283095, "180": 0.890637701754797, "159": 0.9949767420272078, "161": 0.8688965644538921, "162": 0.6494747637317144, "170": 0.7010120954522201, "172": 0.5727355528053012, "177": 0.9709483288034012, "187": 0.9335934621781633, "194": 0.8446352867590317, "198": 0.9687175705183642, "150": 0.7466890867450248, "188": 0.9672702438730358, "197": 0.9983737266052923, "153": 0.9949767420272078, "189": 0.23032766890594292, "195": 0.9472676651898911, "154": 0.8463778409804674, "191": 0.9140329995531735, "171": 0.6082976936329352, "212": 0.9865001752117635, "228": 0.8537946221448134, "230": 0.2198279891278654, "210": 0.8980219409923789, "246": 0.8720945545738419, "248": 0.8978551441977376, "202": 0.9091726585479631, "236": 0.614315707939549, "206": 0.7955272601359307, "221": 0.9949767420272078, "231": 0.9667771893756375, "232": 0.14449678458109552, "244": 0.5830765794498906, "224": 0.9477068043036703, "225": 0.9006714259588862, "241": 0.9865001752117635, "242": 0.7002029063388291, "226": 0.8311229959955457, "229": 0.7818255438676718, "249": 0.8311229959955457, "214": 0.8720945545738419, "220": 0.9949767420272078, "222": 0.9988882682104072, "209": 0.9901079757944491, "227": 0.9713595535558777, "200": 0.9901079757944491, "286": 0.9013207959089523, "282": 0.7955272601359307, "259": 0.9006714259588862, "252": 0.8311229959955457, "274": 0.8794961698328488, "279": 0.8311229959955457, "149": 0.9453520912576178, "294": 0.8794961698328488, "254": 0.9713595535558777, "264": 0.9667486322023373}