{"0": 0.8071363181032795, "1": 0.6815660531926984, "2": 0.684961249623832, "3": 0.8696337877535689, "4": 0.940415093775196, "5": 0.910570582055602, "6": 0.9810033931763849, "7": 0.8016744970538542, "8": 0.9338146165757331, "9": 0.978789337755493, "10": 0.8045988831986077, "11": 0.48771932999233114, "12": 0.4080439029070475, "13": 0.5313241049917665, "14": 0.7354490992982736, "15": 0.6827986659696381, "16": 0.9141130735845608, "17": 0.9090796779337953, "18": 0.6526061874683491, "19": 0.25653524750574414, "20": 0.9252433584349254, "21": 0.9672702438730358, "22": 0.43866115411361184, "23": 0.9488360901438864, "24": 0.5808446707006777, "25": 0.7466890867450248, "26": 0.9477068043036703, "27": 0.49276377910119457, "28": 0.9511211586481023, "29": 0.9074541861500449, "30": 0.3866188030287403, "31": 0.9713595535558777, "32": 0.5235345516142547, "33": 0.6284436739232024, "34": 0.7425417598060612, "35": 0.757604564146452, "36": 0.9642811283825925, "37": 0.9114128703941509, "38": 0.6061367038825813, "40": 0.8688965644538921, "41": 0.8261204300060645, "43": 0.9006714259588862, "44": 0.6196188954656859, "45": 0.9476023808238805, "46": 0.7010120954522201, "47": 0.1975043325266742, "48": 0.9140329995531735, "49": 0.8311229959955457, "50": 0.9472676651898911, "51": 0.9886308360437618, "52": 0.8843497809749714, "59": 0.8316076253923786, "61": 0.881875322540995, "62": 0.8377884954101573, "64": 0.8548615396185473, "66": 0.9507422463744685, "70": 0.7499205830975755, "71": 0.8667092803654894, "72": 0.7365398254287008, "73": 0.8756754309304606, "76": 0.9472676651898911, "77": -0.27496486801528375, "78": 0.8841669172681577, "81": 0.1998297511318301, "89": 0.8655817455287372, "92": 0.6443736056793673, "93": 0.8688965644538921, "94": 0.9884989516004242, "96": -0.31225135563090645, "98": 0.9949767420272078, "99": 0.3481767917250045, "39": 0.9473892126416081, "42": 0.9949767420272078, "55": 0.7451525819373325, "56": 0.7328887417864776, "57": 0.3017214419914216, "58": 0.8326096743259999, "60": 0.967905757640733, "63": 0.8463778409804674, "65": 0.9687175705183642, "69": 0.9777812587919528, "74": 0.9453520912576178, "79": 0.978789337755493, "83": 0.9316966264562736, "86": 0.9098698567125048, "91": 0.956460985280722, "80": 0.8464138790455564, "82": 0.9907737289176031, "87": 0.9013207959089523, "88": 0.9865001752117635, "90": 0.8188763159117212, "97": 0.5894869790125996, "53": 0.9335934621781633, "54": 0.8517950447995001, "67": 0.9592332369017739, "68": 0.8311798646017152, "75": 0.8178413482602938, "84": 0.8366841729045951, "85": 0.9983737266052923, "95": 0.8280814828306626, "103": 0.9488360901438864, "108": 0.758082860961826, "126": 0.2509905064061316, "138": 0.9830954797357201, "140": 0.9592332369017739, "141": 0.981232131685918, "143": 0.9865001752117635, "146": 0.8720945545738419, "147": 0.9329405209770878, "148": 0.9687175705183642, "111": 0.981232131685918, "112": 0.9335934621781633, "113": 0.9687175705183642, "114": 0.5808446707006777, "128": 0.21809268916272456, "136": 0.9687175705183642, "139": 0.9865001752117635, "142": 0.937400317438411, "102": 0.733402937629024, "116": 0.832860782860757, "119": 0.9189796994070691, "121": 0.8720945545738419, "122": 0.8830833783478265, "123": 0.9018630819062468, "124": 0.5830765794498906, "104": 0.9983737266052923, "107": 0.9140329995531735, "134": 0.7419184683448392, "100": 0.9949767420272078, "101": 0.9988882682104072, "129": 0.8261204300060645, "130": 0.9086052460406704, "105": 0.9884989516004242, "110": 0.8366841729045951, "118": 0.9713595535558777, "125": 0.8720945545738419, "144": 0.9865001752117635, "109": 0.14449678458109552, "127": 0.9472676651898911, "132": 0.7782912029730289, "115": 0.5730475298205275, "137": 0.609225864488296, "106": 0.9477068043036703, "135": 0.5120501550986825, "120": 0.627991012045094, "131": 0.9988882682104072, "117": 0.7016430386802859, "133": 0.9335934621781633, "145": 0.9983737266052923, "156": 0.9129039455580766, "163": 0.9983737266052923, "179": 0.8192778384406973, "184": 0.5808446707006777, "186": 0.9988882682104072, "178": 0.9988882682104072, "181": 0.8213445434803914, "182": 0.8366841729045951, "183": 0.9865001752117635, "193": 0.8983851212872435, "158": 0.38289412569515124, "165": 0.8688965644538921, "166": 0.8830833783478265, "168": 0.9316966264562736, "190": 0.8533643694982009, "196": 0.9140329995531735, "164": 0.9865001752117635, "169": 0.981232131685918, "174": 0.9988882682104072, "185": 0.8366841729045951, "157": 0.5606333133258026, "173": 0.8946708982650449, "192": 0.9472676651898911, "151": 0.8809389516283095, "180": 0.9771451713702621, "159": 0.9949767420272078, "161": 0.8688965644538921, "162": 0.6494747637317144, "170": 0.7010120954522201, "172": 0.8366841729045951, "177": 0.9709483288034012, "187": 0.9335934621781633, "194": 0.1975043325266742, "198": 0.8720945545738419, "150": 0.47375041638672777, "188": 0.9672702438730358, "197": 0.9983737266052923, "153": 0.9949767420272078, "189": 0.23032766890594292, "195": 0.9472676651898911, "154": 0.8463778409804674, "191": 0.9140329995531735, "171": 0.6082976936329352, "212": 0.9865001752117635, "228": 0.8537946221448134, "230": 0.2198279891278654, "210": 0.8980219409923789, "246": 0.8720945545738419, "248": 0.8978551441977376, "202": 0.8311229959955457, "236": 0.8601391183990965, "206": 0.7955272601359307, "221": 0.9949767420272078, "231": 0.9667771893756375, "232": 0.14449678458109552, "244": 0.5808446707006777, "224": 0.9477068043036703, "225": 0.9006714259588862, "241": 0.9865001752117635, "242": 0.7002029063388291, "226": 0.8311229959955457, "229": 0.7818255438676718, "249": 0.8311229959955457, "214": 0.8720945545738419, "220": 0.9949767420272078, "222": 0.9988882682104072, "209": 0.9901079757944491, "227": 0.9713595535558777, "200": 0.9901079757944491, "286": 0.9013207959089523, "282": 0.7955272601359307}