{"0": 0.4904025437994642, "1": 0.9709483288034012, "2": 0.9865001752117635, "3": 0.9949767420272078, "4": 0.9472676651898911, "5": 0.981232131685918, "6": 0.9983737266052923, "7": 0.9949767420272078, "8": 0.9983737266052923, "9": 0.8794961698328488, "10": 0.9949767420272078, "11": 0.9129039455580766, "12": 0.6526061874683491, "13": 0.9021221516449848, "14": 0.9403846533518059, "15": 0.9691939465332382, "16": 0.8737673884645086, "17": 0.922705653532762, "18": 0.7878969237776184, "19": 0.3266097069010509, "20": 0.8239256793133107, "21": 0.8280814828306626, "22": 0.9304763003992487, "23": 0.9687175705183642, "24": 0.9865001752117635, "25": 0.5808446707006777, "26": 0.9713595535558777, "27": 0.9140329995531735, "28": 0.5424389374936688, "29": 0.9093223456592029, "30": 0.5372819131295028, "31": 0.9988882682104072, "32": 0.9453520912576178, "33": 0.8272030732920543, "34": 0.8366841729045951, "35": 0.8720945545738419, "36": 0.6078891241821858, "37": -0.0475896289864841, "38": 0.9072409240804903, "40": 0.981232131685918, "41": 0.9983737266052923, "43": 0.8794961698328488, "44": 0.6082976936329352, "45": 0.9949767420272078, "46": 0.8475814908605418, "47": 0.48607992823877844, "48": 0.721825734073164, "49": 0.832860782860757, "50": 0.6196188954656859, "51": 0.9141130735845608, "52": 0.6733559840239098, "59": 0.730393459622743, "61": 0.6685812721607511, "62": 0.8756754309304606, "64": 0.16671988941425248, "66": 0.6491935015945167, "70": 0.8331087363663148, "71": 0.6260072594908512, "72": 0.7637396974633953, "73": 0.8720945545738419, "76": 0.8128551965592921, "77": 0.23032766890594292, "78": 0.34384838052099814, "81": 0.684961249623832, "89": 0.981232131685918, "92": 0.1847241837193484, "93": 0.5198685220641122, "94": 0.6258554352216742, "96": 0.9315684879650371, "98": 0.37540567929468754, "99": 0.5372819131295028, "39": 0.9309065637866576, "42": 0.9096911896636037, "55": 0.9298097197394065, "56": 0.9865001752117635, "57": 0.9713595535558777, "58": 0.5685866553822061, "60": 0.5120501550986825, "63": 0.9432447077790973, "65": 0.9093223456592029, "69": 0.9335934621781633, "74": 0.9114128703941509, "79": 0.8216912714609571, "83": 0.9983737266052923, "86": 0.7010120954522201, "91": -0.03156587147432149, "80": 0.981232131685918, "82": 0.7518475999237959, "87": 0.6082976936329352, "88": 0.9949767420272078, "90": 0.7112617137830068, "97": 0.8216912714609571, "53": 0.7075546733458378, "68": 0.8642616605705435, "84": 0.9096911896636037, "85": 0.6821030813261982, "75": 0.9700371969819471, "54": 0.9217586009312606, "67": 0.6013506347590544, "95": 0.37540567929468754, "103": 0.9983737266052923, "108": 0.9830954797357201, "126": 0.9304763003992487, "138": 0.5808446707006777, "140": 0.96706302647472, "141": 0.9129039455580766, "143": 0.3690962936014758, "146": 0.9090796779337953, "147": 0.9129039455580766, "148": 0.9006714259588862, "111": 0.9687175705183642, "112": 0.981232131685918, "113": 0.8794961698328488, "114": 0.3885201854651707, "128": 0.9713595535558777, "136": 0.9129039455580766, "139": 0.9884989516004242, "142": 0.7824293538683471, "102": 0.9983737266052923, "116": -0.18019987315208102, "119": 0.9988882682104072, "121": 0.9983737266052923, "122": 0.9830954797357201, "123": 0.8720945545738419, "124": 0.9493540059122985, "104": 0.9687175705183642, "107": 0.9949767420272078, "134": 0.9129039455580766, "100": 0.7870072749384418, "101": 0.9713595535558777, "129": 0.9884989516004242, "130": 0.8720945545738419, "105": 0.981232131685918, "110": 0.9590995066198915, "118": 0.5822610621137665, "125": 0.9988882682104072, "144": 0.5832430350496133, "109": 0.8105367397294103, "127": 0.9687175705183642, "132": 0.9472676651898911, "115": 0.9140329995531735, "137": 0.8530106623515954, "106": 0.9335934621781633, "135": 0.9559398348927166, "120": 0.8280814828306626, "131": 0.9096911896636037, "117": 0.8830833783478265, "133": 0.9749263597808863, "145": 0.6082976936329352, "156": 0.8794961698328488, "163": 0.8615112575471175, "179": 0.9988882682104072, "184": 0.5913452005762347, "186": 0.8830833783478265, "178": 0.9884989516004242, "181": 0.9493540059122985, "182": 0.7608528783887835, "183": 0.6061367038825813, "193": 0.9140329995531735, "158": 0.7973563010853268, "165": 0.4100431994763632, "166": 0.598682936824638, "168": 0.8830833783478265, "190": 0.9884989516004242, "196": 0.8901181774328012, "164": 0.9726470427282614, "169": 0.9830954797357201, "174": 0.8901181774328012, "185": 0.8213445434803914, "157": 0.942923417458683, "173": 0.9830954797357201, "192": 0.8832316386184089, "151": 0.8380422427434016, "180": 0.9884989516004242, "159": 0.9195785140764222, "161": 0.9364577457160875, "162": 0.9284584544356407, "170": 0.6593315186139259, "172": 0.412699862688956, "177": 0.963944995920045, "187": 0.8794961698328488, "194": 0.8582468756382214, "198": 0.9509518987775469, "150": 0.3885201854651707, "188": 0.9304763003992487, "197": 0.8720945545738419, "153": 0.24708181221358244, "189": 0.9713595535558777, "195": 0.5163814480483364, "154": 0.6272535262206933, "191": 0.5116270937672289, "171": 0.9140329995531735, "212": 0.9140329995531735, "228": 0.5808446707006777, "230": 0.5778111925051272, "210": 0.5944751700135673, "246": 0.920017648857659, "248": 0.9140329995531735, "202": 0.9884989516004242, "236": 0.9884989516004242, "206": 0.8853431112904293, "221": 0.9327349011946073, "231": 0.9006714259588862, "232": 0.9000543078507882, "244": 0.9453520912576178, "224": 0.9065940149497171, "225": 0.8280814828306626, "241": 0.7973563010853268, "242": 0.8775265032524076, "226": 0.3885201854651707, "229": 0.7365398254287008, "249": 0.9988882682104072, "214": 0.9061104814689838, "220": 0.9000543078507882, "222": 0.7787939383162538, "209": 0.9485822131185805, "227": 0.6446050685513949, "200": 0.6779204832324099, "286": 0.7461974109132876, "282": 0.7048906940200077, "259": 0.5853134452823323, "252": 0.8853431112904293, "274": 0.8615112575471175, "279": 0.8338039374787547, "149": 0.7365398254287008, "294": 0.6281311285309359, "254": 0.9988882682104072, "264": 0.523868503082112, "256": 0.942699523539489, "261": 0.8978997239936704, "167": 0.9140329995531735, "155": 0.4409332562501549, "152": 0.7545600133957786, "312": 0.3885201854651707, "314": 0.8549476145020383, "160": 0.4926195804005693, "366": 0.9884989516004242, "176": 0.3702217257773508, "199": 0.4634474627244121, "175": -0.0475896289864841, "208": 0.8280814828306626, "217": 0.9573363750671867, "243": 0.9830954797357201, "245": 0.9750826465612488, "201": 0.500559581399568, "207": 0.9830954797357201, "235": 0.9006714259588862, "211": 0.8615112575471175, "240": 0.9000543078507882, "247": 0.7293396524091622, "213": 0.8697209640629799, "223": 0.9636589083754621, "234": 0.9132525752046923, "239": 0.8446352867590317, "216": 0.9453520912576178, "238": 0.941544463957757, "204": 0.9884989516004242, "215": 0.9140329995531735, "205": 0.8475011606206494, "219": 0.8870192884221564, "237": 0.055162342896324865, "203": 0.9249524416875297, "218": 0.8365170505443663, "257": 0.9710685701243187, "281": 0.3690962936014758, "285": 0.9573363750671867, "290": 0.523868503082112, "250": 0.9830954797357201, "268": 0.6335425290632055, "273": 0.9189796994070691, "278": 0.16115794841067493, "291": 0.8416734109912063, "298": 0.9830954797357201, "269": 0.523868503082112, "283": 0.8615112575471175, "296": 0.9592332369017739, "297": 0.9129039455580766, "255": 0.9830954797357201, "263": 0.832860782860757, "276": 0.7878969237776184, "295": 0.9691939465332382, "266": -0.0475896289864841, "251": 0.9884989516004242, "271": 0.4543517618316325, "253": 0.9710685701243187, "275": 0.722919605033341, "272": 0.9453520912576178, "287": 0.5090991786701287, "262": 0.9691939465332382, "265": 0.718286056213555, "277": 0.9988882682104072, "233": 0.9590995066198915, "293": 0.8277602821401775, "270": 0.8272030732920543, "258": 0.6030266444015107, "289": 0.9988882682104072, "292": 0.8978997239936704, "260": 0.9140329995531735, "267": 0.8277602821401775, "299": 0.9571774427820223,