{"0": 0.4424605580622724, "1": 0.5189710852733829, "2": 0.6306760686236504, "3": 0.6386972452643789, "4": 0.6801991059115233, "5": 0.9592332369017739, "6": 0.8629472334255402, "7": 0.8830833783478265, "8": 0.6625643685694007, "9": 0.6381460889283319, "10": 0.9691939465332382, "11": 0.9830954797357201, "12": 0.45859544741193736, "13": 0.967905757640733, "14": 0.9865001752117635, "15": 0.9140329995531735, "16": 0.9432447077790973, "17": 0.7383469463379058, "18": 0.6487618404484048, "19": 0.9472676651898911, "20": 0.9573363750671867, "21": 0.8720945545738419, "22": 0.9006714259588862, "23": 0.9884989516004242, "24": 0.981232131685918, "25": 0.9061104814689838, "26": 0.9983737266052923, "27": 0.6082976936329352, "28": 0.9949767420272078}