{"0": 0.7914189575266604, "1": 0.5822610621137665, "2": 0.8192778384406973, "3": 0.8311229959955457, "4": 0.8549476145020383, "5": 0.9559398348927166, "6": 0.9330858868122798, "7": 0.9830954797357201, "8": 0.9072984172290894, "9": 0.7833145592966051, "10": 0.9304763003992487, "11": 0.9865001752117635, "12": 0.9038944592939987, "13": 0.9713595535558777, "14": 0.9140329995531735, "15": 0.3702217257773508, "16": 0.9750826465612488, "17": 0.9988882682104072, "18": 0.7365398254287008, "19": 0.9573363750671867, "20": 0.8720945545738419, "21": -0.0475896289864841, "22": 0.8615112575471175, "23": 0.9884989516004242, "24": 0.9779848608639259, "25": 0.9983737266052923, "26": 0.8794961698328488, "27": 0.9949767420272078}