{"0": 0.4820976149739735, "1": 0.757604564146452, "2": 0.7336565076444184, "3": 0.9901079757944491, "4": 0.9217586009312606, "5": 0.9865001752117635, "6": 0.9488360901438864, "7": 0.981232131685918, "8": 0.9983737266052923, "9": 0.9949767420272078}