{"0": 0.4889580497951095, "1": 0.9709483288034012, "2": 0.7173556909760153, "3": 0.9865001752117635, "4": 0.9949767420272078}