{"0": 0.4920064357136112, "1": 0.8070834178164799, "2": 0.9592332369017739, "3": 0.5358827365043197, "4": 0.9709483288034012, "5": 0.9217586009312606, "6": 0.9865001752117635, "7": 0.7260287547211197, "8": 0.8756754309304606, "9": 0.8720945545738419, "10": 0.9983737266052923, "11": 0.9949767420272078}