{"0": 0.9249524416875297, "1": 0.3080130738050926, "2": 0.8188763159117212, "3": 0.7193369430604821, "4": 0.5894869790125996, "5": 0.8192778384406973, "6": 0.8311229959955457, "7": 0.43630621520808116, "8": 0.901748777249892, "9": 0.8830833783478265, "10": 0.6061367038825813, "11": 0.9129039455580766, "12": 0.6526061874683491, "13": 0.9021221516449848, "14": 0.9403846533518059, "15": 0.9691939465332382, "16": 0.8737673884645086, "17": 0.922705653532762, "18": 0.7878969237776184, "19": 0.3266097069010509, "20": 0.8239256793133107, "21": 0.8280814828306626, "22": 0.9304763003992487, "23": 0.9687175705183642, "24": 0.9865001752117635, "25": 0.5808446707006777, "26": 0.9713595535558777, "27": 0.9140329995531735, "28": 0.5424389374936688, "29": 0.9093223456592029, "30": 0.5372819131295028, "31": 0.9988882682104072, "32": 0.9453520912576178, "33": 0.8272030732920543, "34": 0.8366841729045951, "35": 0.8720945545738419, "36": 0.6078891241821858, "37": -0.0475896289864841, "38": 0.9072409240804903, "39": 0.9309065637866576, "40": 0.981232131685918, "41": 0.9983737266052923, "42": 0.9096911896636037, "43": 0.8794961698328488, "44": 0.6082976936329352, "45": 0.9949767420272078}