{"0": 0.6785593758698099, "1": 0.8192778384406973, "2": 0.8999328978891317, "3": 0.9687237924699306, "4": 0.9865001752117635, "5": 0.9988882682104072, "6": 0.9892581571897634, "7": 0.9983737266052923, "8": 0.8794961698328488, "9": 0.9949767420272078, "10": 0.9801948925335262, "11": 0.43154655065555625, "12": 0.9687175705183642, "13": 0.9865001752117635, "14": 0.9988882682104072, "15": 0.8366841729045951, "16": 0.8720945545738419, "17": 0.9072409240804903, "18": 0.981232131685918, "19": 0.9983737266052923, "20": 0.6082976936329352, "21": 0.9949767420272078, "22": 0.9983737266052923, "23": 0.8794961698328488, "24": 0.9949767420272078, "25": 0.6082976936329352, "26": 0.9949767420272078, "27": 0.6082976936329352, "28": 0.9949767420272078, "29": 0.9988882682104072, "30": 0.9453520912576178, "31": 0.9335934621781633, "32": 0.8272030732920543, "33": 0.6650081387432569, "34": 0.8446352867590317, "35": 0.9573363750671867, "36": 0.8720945545738419, "37": 0.8927373892128565, "38": -0.0475896289864841, "40": 0.9072409240804903, "41": 0.981232131685918, "43": 0.8105367397294103, "44": 0.9509518987775469, "45": 0.8794961698328488, "46": 0.9949767420272078, "47": 0.8333468763597425, "48": 0.8128551965592921, "49": 0.08955328840336288, "50": 0.8377884954101573, "51": 0.44783901186604874, "52": 0.9711625608873772, "59": 0.6013506347590544, "61": 0.4183847681953678, "62": 0.9983737266052923, "64": 0.9315684879650371, "66": 0.7849634154001839, "70": 0.9709483288034012, "71": 0.5250555213677737, "72": 0.7866875579257706, "73": 0.6491935015945167, "76": 0.7051300887732297, "77": 0.7750054133812562, "78": 0.9949767420272078, "81": 0.48113657271127597, "89": 0.981232131685918, "92": 0.1847241837193484, "93": 0.5198685220641122, "94": 0.6258554352216742, "96": 0.9315684879650371, "98": 0.37540567929468754, "99": 0.9713595535558777, "39": 0.8615112575471175, "42": 0.9983737266052923, "55": 0.6258554352216742, "56": 0.757604564146452, "57": 0.28638825837547066, "58": 0.6685812721607511, "60": 0.8999634387152573, "63": 0.6134898289396189, "65": 0.44301745983009494, "69": 0.7866875579257706, "74": 0.7233474455540546, "79": 0.639062295487238, "83": 0.3366835704077431, "86": 0.38688080834605404, "91": -0.03156587147432149, "80": 0.5685866553822061, "82": 0.5490867448189147, "87": 0.3366835704077431, "88": 0.8216912714609571, "90": 0.7112617137830068, "97": 0.8216912714609571, "53": 0.8216912714609571, "68": 0.660673913766087, "84": 0.6260072594908512, "85": 0.981232131685918, "75": 0.5198685220641122, "54": 0.6836937361283026, "67": 0.869170515593214, "95": 0.37540567929468754, "103": 0.9710685701243187, "108": 0.9006714259588862, "126": 0.9249524416875297, "138": 0.8853431112904293, "140": 0.9129039455580766, "141": 0.9140329995531735, "143": 0.9830954797357201, "146": 0.9414662340393021, "147": 0.8794961698328488, "148": 0.8894361272349125, "111": -0.0475896289864841, "112": 0.9432447077790973, "113": 0.904455383433035, "114": 0.9140329995531735, "128": 0.981232131685918, "136": 0.8978997239936704, "139": 0.7787939383162538, "142": 0.9750826465612488, "102": 0.9865001752117635, "116": 0.9777812587919528, "119": 0.412699862688956, "121": 0.9335934621781633, "122": 0.942923417458683, "123": 0.7010120954522201, "124": 0.9061104814689838, "104": 0.9129039455580766, "107": 0.8794961698328488, "134": 0.981232131685918, "100": 0.9983737266052923, "101": 0.523868503082112, "129": 0.9432151547278886, "130": 0.832860782860757, "105": 0.9988882682104072, "110": 0.1767561018272008, "118": 0.9830954797357201, "125": 0.8502640996424996, "144": 0.8720945545738419, "109": 0.7870072749384418, "127": 0.9453520912576178, "132": 0.9688241791634957, "115": 0.7146921396144852, "137": 0.9140329995531735, "106": 0.9129039455580766, "135": 0.291239005811534, "120": 0.9691939465332382, "131": 0.9691939465332382, "117": 0.48447517378709287, "133": 0.6680415687692822, "145": 0.9072409240804903, "156": 0.9884989516004242, "163": 0.8794961698328488, "179": 0.9140329995531735, "184": 0.8328633707883992, "186": 0.9884989516004242, "178": 0.5944751700135673, "181": 0.9830954797357201, "182": 0.8311229959955457, "183": 0.9295867414709335, "193": 0.1975043325266742, "158": 0.9061104814689838, "165": 0.1838621533899384, "166": 0.8691872707105253, "168": 0.1767561018272008, "190": 0.8841669172681577, "196": 0.9603770715877809, "164": 0.832860782860757, "169": 0.5638645156997231, "174": 0.9212696731928448, "185": -0.18019987315208102, "157": 0.9559398348927166, "173": 0.8546179968153367, "192": 0.9140329995531735, "151": 0.7914189575266604, "180": 0.7893000010516336, "159": 0.5799811776941057, "161": 0.9559398348927166, "162": 0.9129039455580766, "170": 0.8901181774328012, "172": 0.8615112575471175, "177": 0.1767561018272008, "187": 0.7466890867450248, "194": 0.941544463957757, "198": 0.9335934621781633, "150": 0.9642811283825925, "188": 0.8188763159117212, "197": 0.3690962936014758, "153": 0.9573363750671867, "189": -0.14932931480824793, "195": 0.9592332369017739, "154": 0.9884989516004242, "191": 0.7365398254287008, "171": 0.9884989516004242, "212": 0.8978997239936704, "228": 0.9892581571897634, "230": 0.8280814828306626, "210": 0.15610744958402697, "246": 0.3702217257773508, "248": 0.523868503082112, "202": 0.5865907148273197, "236": 0.8142805319977179, "206": 0.8280814828306626, "221": 0.28594774556769176, "231": 0.9129039455580766, "232": 0.9432151547278886, "244": 0.9830954797357201, "224": 0.8697209640629799, "225": 0.9830954797357201, "241": 0.9592332369017739, "242": 0.8213445434803914, "226": 0.9830954797357201, "229": 0.8932572280915279, "249": 0.8446352867590317, "214": 0.9830954797357201, "220": 0.4409332562501549, "222": 0.9750826465612488, "209": 0.831315809318495, "227": 0.9140329995531735, "200": 0.9779848608639259, "286": 0.9485822131185805, "282": 0.523868503082112, "259": 0.6078891241821858, "252": 0.9453520912576178, "274": 0.9750826465612488, "279": 0.8213445434803914, "149": 0.8452913567067001, "294": 0.8995238736482618, "254": 0.920017648857659, "264": 0.9140329995531735, "256": 0.5090991786701287, "261": 0.9140329995531735, "167": 0.9884989516004242, "155": 0.3702217257773508, "152": 0.9713595535558777, "312": 0.2384189976928957, "314": 0.8615112575471175, "160": 0.8263412774779552, "366": 0.9884989516004242, "175": 0.9750826465612488, "199": 0.9304763003992487, "176": 0.981232131685918, "211": 0.9884989516004242, "223": 0.9592332369017739, "234": 0.8213445434803914, "247": 0.9453520912576178, "208": 0.7365398254287008, "237": 0.8615112575471175, "235": 0.7729045905760077, "205": 0.7870072749384418, "233": 0.7365398254287008, "243": 0.9509518987775469, "204": 0.9559398348927166, "238": 0.8794961698328488, "201": 0.6378114633874238, "215": 0.942699523539489, "217": 0.9884989516004242, "216": 0.9249524416875297, "245": 0.9074541861500449, "203": 0.7593201782472505, "207": 0.1975043325266742, "218": 0.9642811283825925, "219": 0.9249524416875297, "240": 0.8280814828306626, "239": 0.9140329995531735, "251": 0.9000543078507882, "262": 0.9884989516004242, "278": 0.9453520912576178, "284": 0.8853431112904293, "291": 0.4409332562501549, "295": 0.7787939383162538, "213": 0.5790185064817442, "267": 0.8739478606871105, "268": 0.9140329995531735, "272": 0.5695264520167094, "298": 0.9249524416875297, "253": 0.9249524416875297, "266": 0.9713595535558777, "281": 0.935887289163369, "293": 0.3885201854651707, "250": 0.9140329995531735, "257": 0.873991299664141, "287": 0.9122653956417879, "297": 0.8272104826016874, "275": 0.8446352867590317, "299": 0.8645321962681458, "270": 0.9713595535558777, "288": 0.8213445434803914, "265": 0.9586919378087284, "296": 0.9140329995531735, "255": 0.9327349011946073, "292": 0.8794961698328488, "260": 0.5820209306692539, "263": 0.9830954797357201, "277": 0.9072409240804903, "280": 0.6335425290632055, "285": -0.0475896289864841, "283": 0.942699523539489, "290": 0.9830954797357201, "269": 0.8978997239936704, "305": 0.8950225771487155, "316": 0.9114644625959997,