{"0": 0.47375789149479347, "1": 0.921999206994456, "2": 0.9539519567428785, "3": 0.9865001752117635, "4": 0.9983737266052923, "5": 0.9949767420272078}