{"0": 0.46259834641736297, "1": 0.757604564146452, "2": 0.9087732864468079, "3": 0.7193369430604821, "4": 0.5894869790125996, "5": 0.8192778384406973, "6": 0.8311229959955457, "7": 0.43630621520808116, "8": 0.9711625608873772, "9": 0.901748777249892, "10": 0.8830833783478265, "11": 0.6061367038825813, "12": 0.9129039455580766, "13": 0.6526061874683491, "14": 0.8809396244696035, "15": 0.888367791813524, "16": 0.9477068043036703, "17": 0.9691939465332382, "18": 0.48630350204210104, "19": 0.9777812587919528, "20": 0.9830954797357201, "21": 0.8711994502463034, "22": 0.9097043845728758, "23": 0.8333468763597425, "24": 0.1975043325266742, "25": 0.8435790971017874, "26": 0.832860782860757, "27": 0.2682972741279794, "28": 0.9141130735845608, "29": 0.9687175705183642, "30": 0.967905757640733, "31": 0.9865001752117635, "32": 0.5808446707006777, "33": 0.9713595535558777, "34": 0.6073028217056597, "35": 0.9140329995531735, "36": 0.9432447077790973, "37": 0.9181169426857589, "38": 0.5372819131295028, "39": 0.8601391183990965, "40": 0.9335934621781633, "41": 0.9472676651898911, "42": 0.8272030732920543, "43": 0.8366841729045951, "44": 0.8720945545738419, "45": 0.2011426332164294, "46": -0.0475896289864841, "47": 0.7466890867450248, "48": 0.9045997992036547, "49": 0.9884989516004242, "50": 0.8775265032524076, "51": 0.942923417458683, "52": 0.981232131685918, "53": 0.9983737266052923, "54": 0.7010120954522201, "55": 0.8794961698328488, "56": 0.6082976936329352, "57": 0.9949767420272078}