{"0": 0.3830715007147912, "1": 0.3704862501212974, "2": 0.901557766682243, "3": 0.8688965644538921, "4": -0.2533528214200177, "5": 0.7193369430604821, "6": 0.5894869790125996, "7": 0.8192778384406973, "8": 0.8311229959955457, "9": 0.43630621520808116, "10": 0.609225864488296, "11": 0.9592332369017739, "12": 0.901748777249892, "13": 0.6487520872752499, "14": 0.6061367038825813, "15": 0.9129039455580766, "16": 0.8655817455287372, "17": 0.6526061874683491, "18": 0.8809396244696035, "19": 0.888367791813524, "20": 0.9477068043036703, "21": 0.9691939465332382, "22": 0.48630350204210104, "23": 0.8953357204137226, "24": 0.9777812587919528, "25": 0.8711994502463034, "26": 0.922705653532762, "27": 0.8333468763597425, "28": 0.3266097069010509, "29": 0.8435790971017874, "30": 0.832860782860757, "31": 0.9141130735845608, "32": 0.9687175705183642, "33": 0.967905757640733, "34": 0.9865001752117635, "35": 0.9713595535558777, "36": 0.6073028217056597, "37": 0.9140329995531735, "38": 0.9181169426857589, "39": 0.5372819131295028, "40": 0.3190774042684106, "41": 0.9988882682104072, "42": 0.8601391183990965, "43": 0.9488360901438864, "44": 0.9335934621781633, "45": 0.9472676651898911, "46": 0.8272030732920543, "47": 0.941544463957757, "48": 0.8366841729045951, "49": 0.8720945545738419, "50": 0.1416938655417028, "51": -0.0475896289864841, "52": 0.7466890867450248, "53": 0.9309065637866576, "54": 0.981232131685918, "55": 0.9983737266052923, "56": 0.7010120954522201, "57": 0.8794961698328488, "58": 0.6082976936329352, "59": 0.9949767420272078}