{"0": 0.50245997619237, "1": 0.8188763159117212, "2": 0.6061367038825813, "3": 0.9687175705183642, "4": 0.9865001752117635, "5": 0.8366841729045951, "6": 0.8720945545738419, "7": 0.981232131685918, "8": 0.9983737266052923, "9": 0.9949767420272078}