{"0": 0.49290364469116893, "1": 0.943959991281367, "2": 0.41247311771951933, "3": 0.37540567929468754, "4": 0.0882759782354223, "5": 0.9711625608873772, "6": 0.48113657271127597, "7": 0.6443955829734422, "8": 0.9476023808238805, "9": 0.921999206994456, "10": 0.557010402473584, "11": 0.8928144447523121, "12": 0.7425417598060612, "13": 0.6196188954656859, "14": 0.6397620421540968, "15": 0.9217586009312606, "16": 0.3641110015527814, "17": 0.9865001752117635, "18": 0.5685866553822061, "19": 0.8756754309304606, "20": 0.16671988941425248, "21": 0.6491935015945167, "22": 0.5410752967980765, "23": 0.4154512915887426, "24": 0.8331087363663148, "25": 0.6260072594908512, "26": 0.8720945545738419, "27": 0.9700371969819471, "28": 0.8128551965592921, "29": 0.34384838052099814, "30": 0.8216912714609571, "31": 0.981232131685918, "32": 0.684961249623832, "33": 0.9983737266052923}