{"0": 0.4764375723154333, "1": 0.757604564146452, "2": 0.9704814302099272, "3": 0.9711625608873772, "4": 0.5905357269786584, "5": 0.48113657271127597, "6": 0.9476023808238805, "7": 0.921999206994456, "8": 0.8297293738737348, "9": 0.9709483288034012, "10": 0.8463778409804674, "11": 0.48607992823877844, "12": 0.7146534890473241, "13": 0.6196188954656859, "14": 0.44260974064371894, "15": 0.7116043175588809, "16": 0.9687175705183642, "17": 0.9217586009312606, "18": 0.9865001752117635, "19": 0.8756754309304606, "20": 0.6774506021333373, "21": 0.9488360901438864, "22": 0.9472676651898911, "23": 0.6723491595009656, "24": 0.8720945545738419, "25": 0.9700371969819471, "26": 0.8128551965592921, "27": 0.9180753773976005, "28": 0.981232131685918, "29": 0.684961249623832, "30": 0.5294447108015252, "31": 0.09268536848831038, "32": 0.9983737266052923, "33": 0.7010120954522201, "34": 0.9949767420272078}