{"0": 0.4183847681953678, "1": 0.943959991281367, "2": 0.32893364296232114, "3": 0.11661037297160878, "4": 0.757604564146452, "5": 0.2667876912297211, "6": 0.7647374990419398, "7": 0.767120613631048, "8": -0.03156587147432149, "9": 0.5996391118620429, "10": -0.0947404194997906, "11": 0.8727104168106703, "12": 0.5198685220641122, "13": 0.8192778384406973, "14": 0.8126874765373676, "15": 0.8311229959955457, "16": 0.660673913766087, "17": 0.8444621505000198, "18": 0.18293795068874083, "19": 0.9711625608873772, "20": 0.7849634154001839, "21": 0.901748777249892, "22": 0.8016408203693159, "23": 0.6733213007476928, "24": 0.7634150330236524, "25": 0.48113657271127597, "26": 0.9129039455580766, "27": 0.8655817455287372, "28": 0.9476023808238805, "29": 0.6526061874683491, "30": 0.921999206994456, "31": 0.8809396244696035, "32": 0.8545885282580425, "33": 0.46912644829314326, "34": 0.9021221516449848, "35": 0.18168131915734786, "36": 0.5247123185998133, "37": 0.27361805570435394, "38": 0.799615023321244, "39": 0.26136390952185357, "40": 0.8755225610321277, "41": 0.9539519567428785, "42": 0.8937292646683588, "43": 0.8333468763597425, "44": 0.8646846833957632, "45": 0.7425417598060612, "46": 0.8475814908605418, "47": 0.48607992823877844, "48": 0.721825734073164, "49": 0.832860782860757, "50": 0.6196188954656859, "51": 0.44260974064371894, "52": 0.9141130735845608, "53": 0.6733559840239098, "54": 0.8843497809749714, "55": 0.9217586009312606, "56": 0.9298097197394065, "57": 0.9865001752117635, "58": 0.9713595535558777, "59": 0.784017252417081, "60": 0.5685866553822061, "61": 0.7646757269224965, "62": 0.5120501550986825, "63": 0.6685812721607511, "64": 0.8756754309304606, "65": 0.9432447077790973, "66": 0.263755577319145, "67": 0.9093223456592029, "68": 0.6491935015945167, "69": 0.34798782986239263, "70": 0.9335934621781633, "71": 0.6260072594908512, "72": 0.8697134878509117, "73": 0.7637396974633953, "74": 0.8720945545738419, "75": 0.9700371969819471, "76": 0.8128551965592921, "77": 0.23032766890594292, "78": 0.34384838052099814, "79": 0.8216912714609571, "80": 0.981232131685918, "81": 0.684961249623832, "82": 0.25917053223486763, "83": 0.9983737266052923, "84": 0.9315684879650371, "85": 0.6821030813261982, "86": 0.7010120954522201, "87": 0.6082976936329352, "88": 0.9949767420272078}