{"0": 0.938598859247602, "1": 0.31379628492404377, "2": 0.8188763159117212, "3": 0.691751106621022, "4": 0.5894869790125996, "5": 0.8192778384406973, "6": 0.8311229959955457, "7": 0.47375041638672777, "8": 0.901748777249892, "9": 0.8830833783478265, "10": 0.6061367038825813, "11": 0.9129039455580766, "12": 0.6526061874683491, "13": 0.9090796779337953, "14": 0.888367791813524, "15": 0.9403846533518059, "16": 0.9691939465332382, "17": 0.5736683028334664, "18": 0.9830954797357201, "19": 0.922705653532762, "20": 0.8333468763597425, "21": 0.9106350948332524, "22": 0.9304763003992487, "23": 0.967905757640733, "24": 0.9865001752117635, "25": 0.5808446707006777, "26": 0.9713595535558777, "27": 0.9140329995531735, "28": 0.9093223456592029, "29": 0.9988882682104072, "30": 0.9453520912576178, "31": 0.9335934621781633, "32": 0.8272030732920543, "33": 0.6650081387432569, "34": 0.8446352867590317, "35": 0.9573363750671867, "36": 0.8720945545738419, "37": 0.8927373892128565, "38": -0.0475896289864841, "39": 0.8615112575471175, "40": 0.9072409240804903, "41": 0.981232131685918, "42": 0.9983737266052923, "43": 0.8105367397294103, "44": 0.9509518987775469, "45": 0.8794961698328488, "46": 0.9949767420272078}