{"0": 0.4723874285522697, "1": 0.9949767420272078}