{"0": 0.8757464117156971, "1": 0.6097168228163008, "2": 0.8192778384406973, "3": 0.8311229959955457, "4": 0.9687237924699306, "5": 0.9865001752117635, "6": 0.9140329995531735, "7": 0.9750826465612488, "8": 0.9988882682104072, "9": 0.9749263597808863, "10": 0.9892581571897634, "11": 0.9884989516004242, "12": 0.9779848608639259, "13": 0.9983737266052923, "14": 0.8794961698328488, "15": 0.9949767420272078}