{"0": 0.4971130238330824, "1": 0.47935617539424236, "2": 0.757604564146452, "3": 0.7554609097433675, "4": 0.8292426892435174, "5": 0.9704814302099272, "6": 0.8359579514350155, "7": 0.9711625608873772, "8": 0.146496758185714, "9": 0.6653534822950975, "10": 0.48113657271127597, "11": 0.9013207959089523, "12": 0.857209295739242, "13": 0.841121674857908, "14": 0.9709483288034012, "15": 0.839959919104204, "16": 0.8463778409804674, "17": 0.48607992823877844, "18": 0.7146534890473241, "19": 0.832860782860757, "20": 0.44260974064371894, "21": 0.9141130735845608, "22": 0.9687175705183642, "23": 0.9217586009312606, "24": 0.9865001752117635, "25": 0.8756754309304606, "26": 0.9204330867250647, "27": 0.9488360901438864, "28": 0.9335934621781633, "29": 0.9472676651898911, "30": 0.8720945545738419, "31": 0.8128551965592921, "32": 0.9180753773976005, "33": 0.981232131685918, "34": 0.684961249623832, "35": 0.5294447108015252, "36": 0.8261204300060645, "37": 0.9983737266052923, "38": 0.7010120954522201, "39": 0.9949767420272078}