{"0": 0.8475011606206494, "1": 0.7824962939969589, "2": 0.5894869790125996, "3": 0.8192778384406973, "4": 0.8311229959955457, "5": 0.9592332369017739, "6": 0.901748777249892, "7": 0.8830833783478265, "8": 0.9129039455580766, "9": 0.6335425290632055, "10": 0.8809396244696035, "11": 0.888367791813524, "12": 0.9726470427282614, "13": 0.9691939465332382, "14": 0.9777812587919528, "15": 0.9830954797357201, "16": 0.9143785161370213, "17": 0.8333468763597425, "18": 0.8645321962681458, "19": 0.8474040320691958, "20": 0.832860782860757, "21": 0.33699826881033623, "22": 0.9304763003992487, "23": 0.967905757640733, "24": 0.9865001752117635, "25": 0.9713595535558777, "26": 0.9140329995531735, "27": 0.9432447077790973, "28": 0.6260927642888132, "29": 0.9750826465612488, "30": 0.7403430007381616, "31": 0.9453520912576178, "32": 0.9335934621781633, "33": 0.9472676651898911, "34": 0.9573363750671867, "35": 0.8720945545738419, "36": 0.055162342896324865, "37": 0.23032766890594292, "38": 0.9006714259588862, "39": 0.7466890867450248, "40": 0.9884989516004242, "41": 0.981232131685918, "42": 0.9061104814689838, "43": 0.9983737266052923, "44": 0.8794961698328488, "45": 0.6082976936329352, "46": 0.9949767420272078}