{"0": 0.4183847681953678, "1": 0.11661037297160878, "2": 0.757604564146452, "3": 0.2667876912297211, "4": 0.7858358557688865, "5": 0.730491235526475, "6": -0.03156587147432149, "7": 0.591636319344838, "8": 0.8727104168106703, "9": 0.5198685220641122, "10": 0.8192778384406973, "11": 0.8292426892435174, "12": 0.8311229959955457, "13": 0.9704814302099272, "14": 0.8359579514350155, "15": 0.9711625608873772, "16": 0.901748777249892, "17": 0.146496758185714, "18": 0.8016408203693159, "19": 0.6733213007476928, "20": 0.48113657271127597, "21": 0.9129039455580766, "22": 0.8655817455287372, "23": 0.9476023808238805, "24": 0.6526061874683491, "25": 0.8122493739852138, "26": 0.8809396244696035, "27": 0.841121674857908, "28": 0.9021221516449848, "29": 0.5247123185998133, "30": 0.9777812587919528, "31": 0.21530035847232937, "32": 0.9709483288034012, "33": 0.6313731905431029, "34": 0.8937292646683588, "35": 0.8333468763597425, "36": 0.8646846833957632, "37": 0.8463778409804674, "38": 0.8475814908605418, "39": 0.48607992823877844, "40": 0.6138370114692531, "41": 0.832860782860757, "42": 0.24399981448481795, "43": 0.6196188954656859, "44": 0.5980084337551699, "45": 0.9141130735845608, "46": 0.9687175705183642, "47": 0.9217586009312606, "48": 0.9865001752117635, "49": 0.9713595535558777, "50": 0.8546179968153367, "51": 0.7449588556572684, "52": 0.5120501550986825, "53": 0.6685812721607511, "54": 0.8756754309304606, "55": 0.9432447077790973, "56": 0.9093223456592029, "57": 0.5246136140799351, "58": 0.6774506021333373, "59": 0.9488360901438864, "60": 0.9335934621781633, "61": 0.6260072594908512, "62": 0.9472676651898911, "63": 0.8697134878509117, "64": 0.20641358651095307, "65": 0.8720945545738419, "66": 0.7437328602714011, "67": 0.9700371969819471, "68": 0.8128551965592921, "69": -0.0475896289864841, "70": 0.9180753773976005, "71": 0.7466890867450248, "72": 0.981232131685918, "73": 0.684961249623832, "74": 0.7518475999237959, "75": 0.9983737266052923, "76": 0.9096911896636037, "77": 0.6821030813261982, "78": 0.7010120954522201, "79": 0.6082976936329352, "80": 0.9949767420272078}