{"0": 0.47182191640490745, "1": 0.8978997239936704, "2": 0.6272050181110387, "3": 0.6386972452643789, "4": 0.7743060254438464, "5": 0.9010430376776922, "6": 0.8830833783478265, "7": 0.8665475648074195, "8": 0.9830954797357201, "9": 0.41641775113652774, "10": 0.8280814828306626, "11": 0.9304763003992487, "12": 0.9865001752117635, "13": 0.9140329995531735, "14": 0.9988882682104072, "15": 0.9573363750671867, "16": 0.8615112575471175, "17": 0.9884989516004242, "18": 0.942923417458683, "19": 0.981232131685918, "20": 0.9983737266052923, "21": 0.8794961698328488, "22": 0.9949767420272078}