{"0": 0.48064346003530845, "1": 0.757604564146452, "2": 0.9711625608873772, "3": 0.8830833783478265, "4": 0.6061367038825813, "5": 0.9687175705183642, "6": 0.967905757640733, "7": 0.9865001752117635, "8": 0.9472676651898911, "9": 0.8366841729045951, "10": 0.8720945545738419, "11": 0.981232131685918, "12": 0.9983737266052923, "13": 0.7010120954522201, "14": 0.9949767420272078}