{"0": 0.9988882682104072, "1": 0.8739478606871105, "2": 0.9865001752117635, "3": 0.9988882682104072, "4": 0.9983737266052923, "5": 0.8720945545738419, "6": 0.981232131685918, "7": 0.9983737266052923, "8": 0.9949767420272078, "9": 0.7594786066220799, "10": 0.8145736855038246, "11": 0.8016408203693159, "12": 0.5948871305522241, "13": 0.9539519567428785, "14": 0.7425417598060612, "15": 0.7036495585102586, "16": 0.8158767083442671, "17": 0.6733213007476928, "18": 0.9539519567428785, "19": 0.5292378121730696, "20": 0.7425417598060612, "21": 0.943959991281367, "22": 0.7075546733458378, "23": 0.6733559840239098, "24": 0.9217586009312606, "25": 0.4183847681953678, "26": 0.9865001752117635, "27": 0.9217586009312606, "28": 0.921999206994456, "29": 0.7286513348026014, "30": 0.8596241375713005, "31": 0.8372412929886421, "32": 0.8372412929886421, "33": 0.9093223456592029, "34": 0.42003060705129375, "35": 0.8947230545358664, "36": 0.8860465812167931, "37": 0.869170515593214, "38": 0.8938772884269843, "40": 0.4756185840993384, "41": 0.26136390952185357, "43": 0.8720945545738419, "44": 0.8420790378528036, "45": 0.1840828363717874, "46": 0.8782990532551372, "47": 0.8333468763597425, "48": 0.8128551965592921, "49": 0.08955328840336288, "50": 0.8377884954101573, "51": 0.44783901186604874, "52": 0.9711625608873772, "59": 0.6013506347590544, "61": 0.4183847681953678, "62": 0.9983737266052923, "64": 0.9315684879650371, "66": 0.7849634154001839, "70": 0.9709483288034012, "71": 0.5250555213677737, "72": 0.7866875579257706, "73": 0.6491935015945167, "76": 0.7051300887732297, "77": 0.7750054133812562, "78": 0.9949767420272078, "81": 0.48113657271127597, "89": 0.981232131685918, "92": 0.1847241837193484, "93": 0.5198685220641122, "94": 0.6258554352216742, "96": 0.9315684879650371, "98": 0.37540567929468754, "99": 0.5372819131295028, "39": 0.5626903322343928, "42": 0.8720945545738419, "55": 0.6258554352216742, "56": 0.757604564146452, "57": 0.28638825837547066, "58": 0.6685812721607511, "60": 0.8999634387152573, "63": 0.6134898289396189, "65": 0.44301745983009494, "69": 0.7866875579257706, "74": 0.7233474455540546, "79": 0.639062295487238, "83": 0.3366835704077431, "86": 0.38688080834605404, "91": -0.03156587147432149, "80": 0.5685866553822061, "82": 0.5490867448189147, "87": 0.3366835704077431, "88": 0.8216912714609571, "90": 0.7112617137830068, "97": 0.8216912714609571, "53": 0.8216912714609571, "68": 0.660673913766087, "84": 0.6260072594908512, "85": 0.981232131685918, "75": 0.5198685220641122, "54": 0.6836937361283026, "67": 0.869170515593214, "95": 0.37540567929468754, "103": 0.9983737266052923, "108": 0.9830954797357201, "126": 0.9304763003992487, "138": 0.5808446707006777, "140": 0.96706302647472, "141": 0.9129039455580766, "143": 0.3690962936014758, "146": 0.9090796779337953, "147": 0.9129039455580766, "148": 0.9006714259588862, "111": 0.9687175705183642, "112": 0.981232131685918, "113": 0.8794961698328488, "114": 0.3885201854651707, "128": 0.9713595535558777, "136": 0.9129039455580766, "139": 0.9884989516004242, "142": 0.7824293538683471, "102": 0.9983737266052923, "116": -0.18019987315208102, "119": 0.9988882682104072, "121": 0.9983737266052923, "122": 0.9830954797357201, "123": 0.8720945545738419, "124": 0.9493540059122985, "104": 0.9687175705183642, "107": 0.9949767420272078, "134": 0.9129039455580766, "100": 0.7870072749384418, "101": 0.9713595535558777, "129": 0.9884989516004242, "130": 0.8720945545738419, "105": 0.981232131685918, "110": 0.9590995066198915, "118": 0.5822610621137665, "125": 0.9988882682104072, "144": 0.5832430350496133, "109": 0.8105367397294103, "127": 0.9687175705183642, "132": 0.9472676651898911, "115": 0.9140329995531735, "137": 0.8530106623515954, "106": 0.9335934621781633, "135": 0.9559398348927166, "120": 0.8280814828306626, "131": 0.9096911896636037, "117": 0.8830833783478265, "133": 0.9749263597808863, "145": 0.6082976936329352, "156": 0.8794961698328488, "163": 0.8615112575471175, "179": 0.9988882682104072, "184": 0.5913452005762347, "186": 0.8830833783478265, "178": 0.9884989516004242, "181": 0.9493540059122985, "182": 0.7608528783887835, "183": 0.6061367038825813, "193": 0.9140329995531735, "158": 0.7973563010853268, "165": 0.4100431994763632, "166": 0.598682936824638, "168": 0.8830833783478265, "190": 0.9884989516004242, "196": 0.8901181774328012, "164": 0.9726470427282614, "169": 0.9830954797357201, "174": 0.8901181774328012, "185": 0.8213445434803914, "157": 0.942923417458683, "173": 0.9830954797357201, "192": 0.8832316386184089, "151": 0.8380422427434016, "180": 0.9884989516004242, "159": 0.9195785140764222, "161": 0.9364577457160875, "162": 0.9284584544356407, "170": 0.6593315186139259, "172": 0.412699862688956, "177": 0.963944995920045, "187": 0.8794961698328488, "194": 0.8582468756382214, "198": 0.9509518987775469, "150": 0.3885201854651707, "188": 0.9304763003992487, "197": 0.8720945545738419, "153": 0.24708181221358244, "189": 0.9713595535558777, "195": 0.5163814480483364, "154": 0.6272535262206933, "191": 0.5116270937672289, "171": 0.9140329995531735, "212": 0.9140329995531735, "228": 0.5808446707006777, "230": 0.5778111925051272, "210": 0.5944751700135673, "246": 0.920017648857659, "248": 0.9140329995531735, "202": 0.9884989516004242, "236": 0.9884989516004242, "206": 0.8853431112904293, "221": 0.9327349011946073, "231": 0.9006714259588862, "232": 0.9000543078507882, "244": 0.9453520912576178, "224": 0.9065940149497171, "225": 0.8280814828306626, "241": 0.7973563010853268, "242": 0.8775265032524076, "226": 0.3885201854651707, "229": 0.7365398254287008, "249": 0.9988882682104072, "214": 0.9061104814689838, "220": 0.9000543078507882, "222": 0.7787939383162538, "209": 0.9485822131185805, "227": 0.6446050685513949, "200": 0.6779204832324099, "286": 0.7461974109132876, "282": 0.7048906940200077, "259": 0.5853134452823323, "252": 0.8853431112904293, "274": 0.8615112575471175, "279": 0.8338039374787547, "149": 0.7365398254287008, "294": 0.6281311285309359, "254": 0.9988882682104072, "264": 0.523868503082112, "256": 0.942699523539489, "261": 0.8978997239936704, "167": 0.9140329995531735, "155": 0.4409332562501549, "152": 0.7545600133957786, "312": 0.3885201854651707, "314": 0.8549476145020383, "160": 0.4926195804005693, "366": 0.9884989516004242, "176": 0.3702217257773508, "199": 0.4634474627244121, "175": -0.0475896289864841, "208": 0.8280814828306626, "217": 0.9573363750671867, "243": 0.9830954797357201, "245": 0.9750826465612488, "201": 0.500559581399568, "207": 0.9830954797357201, "235": 0.9006714259588862, "211": 0.8615112575471175, "240": 0.9000543078507882, "247": 0.7293396524091622, "213": 0.8697209640629799, "223": 0.9636589083754621, "234": 0.9132525752046923, "239": 0.8446352867590317, "216": 0.9453520912576178, "238": 0.941544463957757, "204": 0.9884989516004242, "215": 0.9140329995531735, "205": 0.8475011606206494, "219": 0.8870192884221564, "237": 0.055162342896324865, "203": 0.9249524416875297, "218": 0.8365170505443663, "257": 0.9710685701243187, "281": 0.3690962936014758, "285": 0.9573363750671867, "290": 0.523868503082112, "250": 0.9830954797357201, "268": 0.6335425290632055, "273": 0.9189796994070691, "278": 0.16115794841067493, "291": 0.8416734109912063, "298": 0.9830954797357201, "269": 0.523868503082112, "283": 0.8615112575471175, "296": 0.9592332369017739, "297": 0.9129039455580766, "255": 0.9830954797357201, "263": 0.832860782860757, "276": 0.7878969237776184, "295": 0.9691939465332382, "266": -0.0475896289864841, "251": 0.9884989516004242, "271": 0.4543517618316325, "253": 0.9710685701243187, "275": 0.722919605033341, "272": 0.9453520912576178, "287": 0.5090991786701287, "262": 0.9691939465332382, "265": 0.718286056213555, "277": 0.9988882682104072, "233": 0.9590995066198915, "293": 0.8277602821401775, "270": 0.8272030732920543, "258": 0.6030266444015107, "289": 0.9988882682104072, "292": 0.8978997239936704, "260": 0.9140329995531735, "267": 0.8277602821401775, "299": 0.9571774427820223,