{"0": 0.47208723240385775, "1": 0.9949767420272078}