{"0": 0.5154953662199586, "1": 0.6061367038825813, "2": 0.9090796779337953, "3": 0.967905757640733, "4": 0.9865001752117635, "5": 0.8720945545738419, "6": 0.981232131685918, "7": 0.9983737266052923, "8": 0.9949767420272078}