{"0": 0.3398294073738458, "1": 0.7168975484723464, "2": 0.5687400442877448, "3": 0.463089899041744, "4": 0.33747202092366535, "5": 0.5786232597120047, "6": 0.6154194709000969, "7": 0.6083797331854903, "8": 0.6342451481925557, "9": 0.45106894460388414, "10": 0.6734697519888497}