{"0": 0.865658623808923, "1": 0.7154601652308198, "2": 0.8192778384406973, "3": 0.9865001752117635, "4": 0.9750826465612488, "5": 0.9988882682104072, "6": 0.9892581571897634, "7": 0.9983737266052923, "8": 0.8794961698328488, "9": 0.9949767420272078}