{"0": 0.4183847681953678, "1": 0.2939401509447677, "2": 0.20270924568334603, "3": 0.26484325732179576, "4": 0.2667876912297211, "5": 0.5443430367161408, "6": 0.7146389994851791, "7": -0.03156587147432149, "8": 0.691751106621022, "9": 0.5968611232684455, "10": 0.7923975123858403, "11": 0.5198685220641122, "12": 0.8192778384406973, "13": 0.8126874765373676, "14": 0.8311229959955457, "15": 0.9704814302099272, "16": 0.8444621505000198, "17": 0.9711625608873772, "18": 0.7868196267911413, "19": 0.901748777249892, "20": -0.028515373660662067, "21": 0.8016408203693159, "22": 0.6653534822950975, "23": 0.7570745990904548, "24": 0.5292378121730696, "25": 0.48113657271127597, "26": 0.9129039455580766, "27": 0.8655817455287372, "28": 0.6526061874683491, "29": 0.921999206994456, "30": 0.8809396244696035, "31": 0.8297293738737348, "32": 0.9021221516449848, "33": 0.5247123185998133, "34": 0.3259173685316173, "35": 0.9777812587919528, "36": 0.21530035847232937, "37": 0.6051169128606819, "38": 0.8937292646683588, "39": 0.8333468763597425, "40": 0.839959919104204, "41": 0.8463778409804674, "42": 0.5571774282145698, "43": 0.8475814908605418, "44": 0.48607992823877844, "45": 0.8394074838025692, "46": 0.832860782860757, "47": 0.6196188954656859, "48": 0.9141130735845608, "49": 0.7116043175588809, "50": 0.9687175705183642, "51": 0.9217586009312606, "52": 0.9865001752117635, "53": 0.9713595535558777, "54": 0.8271072745261993, "55": 0.5120501550986825, "56": 0.6685812721607511, "57": 0.8756754309304606, "58": 0.9053622125320325, "59": 0.9093223456592029, "60": 0.6013506347590544, "61": 0.5660756319132001, "62": 0.9204330867250647, "63": 0.9488360901438864, "64": 0.9335934621781633, "65": 0.9472676651898911, "66": 0.8697134878509117, "67": 0.7637396974633953, "68": 0.8720945545738419, "69": 0.9114128703941509, "70": 0.9700371969819471, "71": 0.8128551965592921, "72": 0.23032766890594292, "73": 0.9180753773976005, "74": 0.981232131685918, "75": 0.684961249623832, "76": 0.5294447108015252, "77": -0.1752464829013728, "78": 0.9983737266052923, "79": 0.9315684879650371, "80": 0.6821030813261982, "81": 0.7010120954522201, "82": 0.6082976936329352, "83": 0.9949767420272078}