{"0": 0.4804879172721489, "1": 0.967905757640733, "2": 0.9865001752117635, "3": 0.9488360901438864, "4": 0.9472676651898911, "5": 0.981232131685918, "6": 0.9983737266052923, "7": 0.9949767420272078}