{"0": 0.4876169653197809, "1": 0.9709483288034012, "2": 0.9865001752117635, "3": 0.8546179968153367, "4": 0.9949767420272078}