{"0": 0.3461119715052539, "1": 0.5323707341213431, "2": 0.45882190968353265, "3": 0.33747202092366535, "4": 0.5786232597120047, "5": 0.6181537072826953, "6": 0.6201583170516829, "7": 0.7113561404166511, "8": 0.6892886515496452, "9": 0.48034821885436096, "10": 0.720304381978275, "11": 0.9217586009312606, "12": 0.9949767420272078}