{"0": 0.47692994330199334, "1": 0.9709483288034012, "2": 0.9217586009312606, "3": 0.9865001752117635, "4": 0.9949767420272078}