{"0": 0.5204309562629249, "1": 0.8978997239936704, "2": 0.6272050181110387, "3": 0.6386972452643789, "4": 0.5902368587361995, "5": 0.9010430376776922, "6": 0.8830833783478265, "7": 0.8665475648074195, "8": 0.9830954797357201, "9": 0.8280814828306626, "10": 0.9304763003992487, "11": 0.9865001752117635, "12": 0.9140329995531735, "13": 0.9573363750671867, "14": 0.8615112575471175, "15": 0.9884989516004242, "16": 0.942923417458683, "17": 0.981232131685918, "18": 0.9983737266052923, "19": 0.9949767420272078}