{"0": 0.424062593700137, "1": 0.943959991281367, "2": 0.41247311771951933, "3": 0.19636038889005966, "4": 0.3778574483795422, "5": 0.2667876912297211, "6": 0.5513144173319915, "7": 0.7750054133812562, "8": -0.03156587147432149, "9": 0.691751106621022, "10": 0.5968611232684455, "11": -0.0947404194997906, "12": 0.8727104168106703, "13": 0.5198685220641122, "14": 0.8192778384406973, "15": 0.8126874765373676, "16": 0.8311229959955457, "17": 0.660673913766087, "18": 0.8444621505000198, "19": 0.0882759782354223, "20": 0.9711625608873772, "21": 0.7849634154001839, "22": 0.901748777249892, "23": 0.8016408203693159, "24": 0.6733213007476928, "25": 0.7634150330236524, "26": 0.5292378121730696, "27": 0.48113657271127597, "28": 0.9129039455580766, "29": 0.8655817455287372, "30": 0.9476023808238805, "31": 0.6526061874683491, "32": 0.921999206994456, "33": 0.8809396244696035, "34": 0.557010402473584, "35": 0.46912644829314326, "36": 0.9021221516449848, "37": 0.5247123185998133, "38": 0.27361805570435394, "39": 0.799615023321244, "40": 0.26136390952185357, "41": 0.8755225610321277, "42": 0.9539519567428785, "43": 0.8937292646683588, "44": 0.8333468763597425, "45": 0.8646846833957632, "46": 0.7425417598060612, "47": 0.6258554352216742, "48": 0.8475814908605418, "49": 0.6561121843891177, "50": 0.48607992823877844, "51": 0.832860782860757, "52": 0.6196188954656859, "53": 0.9141130735845608, "54": 0.6733559840239098, "55": 0.7075546733458378, "56": 0.9217586009312606, "57": 0.3641110015527814, "58": 0.9865001752117635, "59": 0.9713595535558777, "60": 0.5685866553822061, "61": 0.730393459622743, "62": 0.5120501550986825, "63": 0.6685812721607511, "64": 0.8756754309304606, "65": 0.9432447077790973, "66": 0.16671988941425248, "67": 0.9093223456592029, "68": 0.6491935015945167, "69": 0.6013506347590544, "70": 0.8642616605705435, "71": 0.40489536255844116, "72": 0.3366835704077431, "73": 0.9335934621781633, "74": 0.8331087363663148, "75": 0.6260072594908512, "76": 0.7637396974633953, "77": 0.8720945545738419, "78": 0.8178413482602938, "79": 0.9114128703941509, "80": 0.9700371969819471, "81": 0.8128551965592921, "82": 0.23032766890594292, "83": 0.34384838052099814, "84": 0.8216912714609571, "85": 0.981232131685918, "86": 0.684961249623832, "87": 0.9983737266052923, "88": 0.9096911896636037, "89": 0.6821030813261982, "90": 0.6082976936329352, "91": 0.9949767420272078}