{"0": 0.465793808212912, "1": 0.9949767420272078}