{"0": 0.4183847681953678, "1": 0.943959991281367, "2": 0.2042204657298352, "3": 0.11661037297160878, "4": 0.3778574483795422, "5": 0.2667876912297211, "6": 0.5513144173319915, "7": 0.7554609097433675, "8": -0.03156587147432149, "9": 0.691751106621022, "10": 0.5968611232684455, "11": 0.8727104168106703, "12": 0.5198685220641122, "13": 0.8192778384406973, "14": 0.8126874765373676, "15": 0.8311229959955457, "16": 0.660673913766087, "17": 0.8444621505000198, "18": 0.0882759782354223, "19": 0.9711625608873772, "20": 0.7849634154001839, "21": 0.901748777249892, "22": 0.8016408203693159, "23": 0.6733213007476928, "24": 0.7634150330236524, "25": 0.5292378121730696, "26": 0.48113657271127597, "27": 0.9129039455580766, "28": 0.8655817455287372, "29": 0.9476023808238805, "30": 0.6526061874683491, "31": 0.921999206994456, "32": 0.8809396244696035, "33": 0.557010402473584, "34": 0.46912644829314326, "35": 0.9021221516449848, "36": 0.5247123185998133, "37": 0.27361805570435394, "38": 0.799615023321244, "39": 0.26136390952185357, "40": 0.8755225610321277, "41": 0.8937292646683588, "42": 0.8333468763597425, "43": 0.8646846833957632, "44": 0.7425417598060612, "45": 0.6258554352216742, "46": 0.8475814908605418, "47": 0.48607992823877844, "48": 0.721825734073164, "49": 0.832860782860757, "50": 0.6196188954656859, "51": 0.9141130735845608, "52": 0.6733559840239098, "53": 0.7075546733458378, "54": 0.9217586009312606, "55": 0.9298097197394065, "56": 0.9865001752117635, "57": 0.9713595535558777, "58": 0.5685866553822061, "59": 0.730393459622743, "60": 0.5120501550986825, "61": 0.6685812721607511, "62": 0.8756754309304606, "63": 0.9432447077790973, "64": 0.16671988941425248, "65": 0.9093223456592029, "66": 0.6491935015945167, "67": 0.6013506347590544, "68": 0.8642616605705435, "69": 0.9335934621781633, "70": 0.8331087363663148, "71": 0.6260072594908512, "72": 0.7637396974633953, "73": 0.8720945545738419, "74": 0.9114128703941509, "75": 0.9700371969819471, "76": 0.8128551965592921, "77": 0.23032766890594292, "78": 0.34384838052099814, "79": 0.8216912714609571, "80": 0.981232131685918, "81": 0.684961249623832, "82": 0.7518475999237959, "83": 0.9983737266052923, "84": 0.9096911896636037, "85": 0.6821030813261982, "86": 0.7010120954522201, "87": 0.6082976936329352, "88": 0.9949767420272078}