{"0": 0.3514861323951225, "1": 0.45032127441675274, "2": 0.8188763159117212, "3": 0.6258554633767097, "4": 0.6593273895809668, "5": 0.4550903533951909, "6": 0.9592332369017739, "7": 0.6791737424202469, "8": 0.8188989743426005, "9": 0.8830833783478265, "10": 0.6061367038825813, "11": 0.6946430993581523, "12": 0.9801948925335262, "13": 0.5103334393287577, "14": 0.9687175705183642, "15": 0.967905757640733, "16": 0.9865001752117635, "17": 0.9988882682104072, "18": 0.9335934621781633, "19": 0.9472676651898911, "20": 0.8366841729045951, "21": 0.8720945545738419, "22": 0.9072409240804903, "23": 0.8775265032524076, "24": 0.981232131685918, "25": 0.9983737266052923, "26": 0.7010120954522201, "27": 0.6082976936329352, "28": 0.9949767420272078}