{"0": 0.3492001717479553, "1": 0.7145390914551999, "2": 0.5935659685458252, "3": 0.45123818059384224, "4": 0.33747202092366535, "5": 0.5786232597120047, "6": 0.6154194709000969, "7": 0.6180032137120303, "8": 0.6342451481925557, "9": 0.49003749312105177, "10": 0.6734697519888497, "11": 0.9949767420272078}