{"0": 0.5786232597120047, "1": 0.8192217898519648, "2": 0.6465827000898896, "3": 0.6163648634182699, "4": 0.9612043766727009, "5": 0.8074588696391596, "6": 0.9449277469107293, "7": 0.32672904304746087, "8": 0.3701518244569097, "9": 0.6533516716746702, "10": 0.8227513197232752, "11": 0.5092941819102618, "12": 0.8756754309304606, "13": 0.8867169976574325, "14": 0.7023430385356525, "15": 0.7669301099235952, "16": 0.46529619622989205, "17": 0.7461761109919838, "18": 0.6841842060168638, "19": 0.7221307275584754, "20": 0.545826426832132, "21": 0.7127301950855451, "22": 0.48113657271127597, "23": 0.6260072594908512, "24": 0.864298596601293, "25": 0.9217586009312606, "26": 0.6877851316223672, "27": 0.7782912029730289, "28": 0.341755258937079, "29": 0.9949767420272078, "30": 0.9573146345238671, "31": 0.9710685701243187, "32": 0.981232131685918, "33": 0.5389217474452883, "34": 0.9949767420272078, "35": 0.7839483541238622, "36": 0.6614955345007789, "37": 0.9442464244826696, "38": 0.9865001752117635, "40": 0.5241478553875311, "41": 0.7612304969707144, "43": 0.4925064001874814, "44": 0.981232131685918, "45": 0.04840471946810217, "46": 0.3938325940254576, "47": 0.7927085890342661, "48": 0.7159852019293063, "49": 0.6258554352216742, "50": 0.9711625608873772, "51": 0.4136529915436729, "52": 0.7831581017980025, "59": 0.5961203245308363, "61": 0.6139961670765683, "62": 0.9620011027659975, "64": 0.5358827365043197, "66": 0.32143176252328964, "70": 0.6593957958632577, "71": 0.9476023808238805, "72": 0.32436827789803846, "73": 0.46240488548761016, "76": 0.9725010622313472, "77": 0.8478617260852566, "78": 0.771439943092946, "81": 0.5796945710242714, "89": 0.533410461868362, "92": 0.7075546733458378, "93": 0.8546179968153367, "94": 0.8953599538075763, "96": 0.8813757932458062, "98": 0.9712097172582024, "99": 0.6172520325754995, "39": 0.736055290647058, "42": 0.9704814302099272, "55": 0.9949767420272078, "56": 0.3656531733931859, "57": 0.9162661591352077, "58": 0.6309732015705684, "60": 0.5020702864331684, "63": 0.6682624926289225, "65": 0.9275979296429275, "69": 0.5721627863719211, "74": 0.6487520872752499, "79": 0.884634653573211, "83": 0.8741854960340538, "86": 0.406492026638524, "91": 0.9983737266052923, "80": 0.861102160587216, "82": 0.34706655731216907, "87": 0.16473371688237495, "88": 0.928104983247088, "90": 0.9008445244727377, "97": 0.26242612893149053, "53": 0.7591355070757299, "68": 0.40947450683920295, "84": 0.32721402352226014, "85": 0.48113657271127597, "75": 0.9476023808238805, "54": 0.980133147923703, "67": 0.05022698945469289, "95": 0.757604564146452, "103": 0.9988882682104072, "108": 0.9098698567125048, "126": 0.9750826465612488, "138": 0.9988882682104072, "140": 0.9304763003992487, "141": 0.8903720116851059, "143": 0.1975043325266742, "146": 0.8794961698328488, "147": 0.9750826465612488, "148": 0.9573363750671867, "111": 0.9304763003992487, "112": 0.9335934621781633, "113": 0.920017648857659, "114": 0.9654973448254043, "128": 0.9713595535558777, "136": 0.8794961698328488, "139": 0.9361488673595424, "142": 0.9884989516004242, "102": 0.9072409240804903, "116": 0.9691939465332382, "119": 0.6082976936329352, "121": 0.8794961698328488, "122": 0.8830833783478265, "123": 0.5609849854360007, "124": 0.9865001752117635, "104": 0.7141588583608788, "107": 0.9865001752117635, "134": 0.8830833783478265, "100": 0.9691939465332382, "101": 0.9988882682104072, "129": 0.7365398254287008, "130": 0.9687175705183642, "105": 0.9865001752117635, "110": 0.9988882682104072, "118": 0.9140329995531735, "125": 0.8720945545738419, "144": -0.14932931480824793, "109": 0.6082976936329352, "127": -0.0475896289864841, "132": 0.9006714259588862, "115": 0.8188763159117212, "137": 0.8794961698328488, "106": 0.8720945545738419, "135": 0.9865001752117635, "120": 0.3690962936014758, "131": 0.8775265032524076, "117": 0.9493540059122985, "133": 0.9304763003992487, "145": 0.9509518987775469, "156": 0.9573363750671867, "163": 0.9865001752117635, "179": 0.920017648857659, "184": 0.8213445434803914, "186": 0.9892581571897634, "178": 0.9949767420272078, "181": 0.8213445434803914, "182": 0.8978997239936704, "183": 0.9865001752117635, "193": 0.8983851212872435, "158": 0.9713595535558777, "165": 0.8688965644538921, "166": 0.8830833783478265, "168": 0.981232131685918, "190": 0.8533643694982009, "196": 0.9140329995531735, "164": 0.9865001752117635, "169": 0.9573363750671867, "174": 0.9988882682104072, "185": 0.3885201854651707, "157": 0.9983737266052923, "173": 0.9865001752117635, "192": 0.9472676651898911, "151": 0.9830954797357201, "180": 0.9074541861500449, "159": 0.9949767420272078, "161": 0.9140329995531735, "162": 0.8794961698328488, "170": 0.981232131685918, "172": 0.9983737266052923, "177": 0.9709483288034012, "187": 0.9335934621781633, "194": 0.8446352867590317, "198": 0.9687175705183642, "150": 0.7787939383162538, "188": 0.9672702438730358, "197": 0.9983737266052923, "153": 0.8446352867590317, "189": 0.23032766890594292, "195": 0.9472676651898911, "154": 0.8463778409804674, "191": 0.9140329995531735, "171": -0.0475896289864841, "212": 0.9865001752117635, "228": 0.9000543078507882, "230": 0.9687175705183642, "210": 0.8980219409923789, "246": 0.8720945545738419, "248": 0.9335934621781633, "202": 0.9091726585479631, "236": 0.614315707939549, "206": 0.7955272601359307, "221": 0.9949767420272078, "231": 0.9667771893756375, "232": 0.14449678458109552, "244": 0.5830765794498906, "224": 0.9477068043036703, "225": 0.9006714259588862, "241": 0.9865001752117635, "242": 0.7002029063388291, "226": 0.9090796779337953, "229": 0.7818255438676718, "249": 0.8311229959955457, "214": 0.8720945545738419, "220": -0.14932931480824793, "222": 0.9988882682104072, "209": 0.9901079757944491, "227": 0.9713595535558777, "200": 0.9901079757944491, "286": 0.9013207959089523, "282": 0.7955272601359307, "259": 0.9006714259588862, "252": 0.8311229959955457, "274": 0.8794961698328488, "279": 0.8311229959955457, "149": 0.9559398348927166, "294": 0.8794961698328488, "254": 0.6526061874683491, "264": 0.9648177708588577, "256": 0.9988882682104072, "261": 0.9453520912576178, "167": 0.8311229959955457, "155": 0.3690962936014758, "152": 0.6082976936329352, "312": 0.523868503082112, "314": 0.9573363750671867, "160": 0.9983737266052923, "366": 0.9884989516004242}