{"0": -0.0947404194997906, "1": 0.6260927642888132, "2": 0.461909054506902, "3": 0.7244366827976725, "4": 0.8546179968153367, "5": 0.609225864488296, "6": 0.8414763750541514, "7": 0.6713451988249244, "8": 0.5692933801455431, "9": 0.5386850251594597, "10": 0.5410082747985971, "11": 0.9316966264562736, "12": 0.7130289691833327, "13": 0.6038552325206255, "14": 0.8711381187604539, "15": 0.96706302647472, "16": 0.823149839617187, "17": 0.691751106621022, "18": 0.9021221516449848, "19": 0.967905757640733, "20": 0.48113657271127597, "21": 0.9472676651898911, "22": 0.9949767420272078, "23": 0.8545885282580425, "24": 0.8727104168106703, "25": 0.8809396244696035, "26": 0.9157957284855488, "27": 0.6018283205659927, "28": 0.7849634154001839, "29": 0.7010120954522201, "30": 0.8227513197232752, "31": 0.763170073977818, "32": 0.5695264520167094, "33": 0.9865001752117635, "34": 0.9709206459450093, "35": 0.9093223456592029, "36": 0.24564511240522505, "37": 0.6685812721607511, "38": 0.9432447077790973, "40": 0.9141130735845608, "41": 0.5463569444468854, "43": 0.8311229959955457, "44": 0.9539519567428785, "45": 0.9704814302099272, "46": 0.9074541861500449, "47": 0.9983737266052923, "48": 0.8366841729045951, "49": 0.757604564146452, "50": 0.6413911019625415, "51": 0.8809396244696035, "52": 0.9013207959089523, "59": 0.8756754309304606, "61": 0.5509321997381238, "62": 0.8463778409804674, "64": 0.9013207959089523, "66": 0.21314149118495213, "70": 0.6791216122853688, "71": 0.9709483288034012, "72": 0.6733559840239098, "73": 0.6082976936329352, "76": 0.23032766890594292, "77": 0.7646237272728863, "78": 0.9472676651898911, "81": 0.9700371969819471, "89": 0.9472676651898911, "92": 0.6526061874683491, "93": 0.9488360901438864, "94": 0.9335934621781633, "96": 0.6275801290421767, "98": 0.9335934621781633, "99": 0.832860782860757, "39": 0.8701565735420997, "42": 0.9949767420272078, "55": 0.9432447077790973, "56": 0.8830833783478265, "57": 0.9865001752117635, "58": 0.9865001752117635, "60": 0.8953357204137226, "63": 0.9983737266052923, "65": 0.9180753773976005, "69": 0.8655817455287372, "74": 0.6841842060168638, "79": 0.9488360901438864, "83": 0.8756754309304606, "86": 0.48607992823877844, "91": 0.9830954797357201, "80": 0.8720945545738419, "82": 0.9096911896636037, "87": 0.6612175547447656, "88": 0.9298097197394065, "90": 0.6723491595009656, "97": 0.523390979411982, "53": 0.5074992045608858, "54": 0.44260974064371894, "67": 0.832860782860757, "68": 0.9488360901438864, "75": 0.4269452430459335, "84": 0.9316716745638736, "85": 0.901748777249892, "95": 0.7466890867450248, "103": 0.7782912029730289, "108": 0.9711625608873772, "126": 0.9700371969819471, "138": 0.8830833783478265, "140": 0.22268569957200246, "141": 0.43704881345189384, "143": 0.832860782860757, "146": 0.6487520872752499, "147": -0.0947404194997906, "148": 0.882718276300624, "111": 0.6397171334348326, "112": 0.20719309844180892, "113": 0.9476023808238805, "114": 0.48607992823877844, "128": 0.832860782860757, "136": 0.2926714706602051, "139": 0.8271072745261993, "142": 0.5320489077677621, "102": 0.7010120954522201, "116": 0.6473993780323448, "119": 0.9710685701243187, "121": -0.07310790845330156, "122": 0.5294447108015252, "123": 0.786565829456501, "124": 0.000722957805710489, "104": 0.9476023808238805, "107": -0.03156587147432149, "134": 0.33941017695360637, "100": 0.7637396974633953, "101": 0.8720945545738419, "129": 0.5905357269786584, "130": 0.9129039455580766, "105": 0.8737673884645086, "110": 0.24629622076075364, "118": 0.5656239013279367, "125": -0.0947404194997906, "144": 0.980133147923703, "109": 0.9713595535558777, "127": 0.48439430641901293, "132": 0.7075546733458378, "115": 0.8688965644538921, "137": 0.8463778409804674, "106": 0.9096911896636037, "135": 0.9687175705183642, "120": 0.23032766890594292, "131": 0.684961249623832, "117": 0.981232131685918, "133": 0.9006714259588862, "145": 0.8756754309304606, "156": 0.8292426892435174, "163": 0.14389750736612367, "179": 0.9013207959089523, "184": 0.5920931757809508, "186": 0.8546179968153367, "178": 0.980133147923703, "181": 0.9656330289232972, "182": 0.9109242775708097, "183": 0.8841669172681577, "193": 0.7669301099235952, "158": 0.684961249623832, "165": 0.9129039455580766, "166": 0.45730309682529446, "168": 0.8044243546166845, "190": 0.8249613834950777, "196": 0.9687175705183642, "164": 0.808470323295807, "169": 0.6196188954656859, "174": 0.8601391183990965, "185": 0.8720945545738419, "157": 0.9206805905322912, "173": 0.5514970680674418, "192": 0.978789337755493, "151": 0.9488360901438864, "180": 0.9141130735845608, "159": 0.8133811288603457, "161": 0.3706714316151726, "162": 0.8366841729045951, "170": 0.9442464244826696, "172": 0.5898915403115059, "177": 0.684961249623832, "187": 0.922744768583531, "194": 0.6083236993266841, "198": 0.668141006490173, "150": 0.9243099830618586, "188": 0.3926925160356013, "197": 0.9019858038855033, "153": 0.9129039455580766, "189": 0.6774506021333373, "195": 0.8062843276951492, "154": 0.726871600318792, "191": 0.6762502506427766, "171": 0.7010120954522201, "212": 0.9865001752117635, "228": 0.9000543078507882, "230": 0.9687175705183642, "210": 0.8980219409923789, "246": 0.8720945545738419, "248": 0.9335934621781633, "202": 0.9091726585479631, "236": 0.614315707939549, "206": 0.7955272601359307, "221": 0.9949767420272078, "231": 0.9667771893756375, "232": 0.9300887168309432, "244": 0.6321934925559055, "224": 0.9477068043036703, "225": 0.9006714259588862, "241": 0.9865001752117635, "242": 0.7002029063388291, "226": 0.9090796779337953, "229": 0.7818255438676718, "249": 0.9335934621781633, "214": 0.8720945545738419, "220": -0.14932931480824793, "222": 0.9988882682104072, "209": 0.9140329995531735, "227": 0.9713595535558777, "200": 0.9901079757944491, "286": 0.9013207959089523, "282": 0.7955272601359307, "259": 0.9006714259588862, "252": 0.8311229959955457, "274": 0.8794961698328488, "279": 0.8311229959955457, "149": 0.733402937629024, "294": 0.8794961698328488, "254": 0.6526061874683491, "264": 0.9648177708588577, "256": 0.9988882682104072, "261": 0.9453520912576178, "167": 0.9114128703941509, "155": 0.61468006592553, "152": 0.7411811946345161, "312": 0.523868503082112, "314": 0.9573363750671867, "160": 0.525027673004182, "366": 0.9884989516004242, "175": 0.5120501550986825, "176": 0.9114128703941509, "199": 0.8292426892435174, "205": 0.607632134666684, "208": 0.9006714259588862, "238": 0.9884989516004242}