{"0": 0.9129039455580766, "1": 0.904455383433035, "2": 0.9304763003992487, "3": 0.9903820945691412, "4": 0.5496651941944384, "5": 0.887165389288749, "6": 0.8601570377949963, "7": 0.8116761558597236, "8": 0.626071331481602, "9": 0.41247311771951933, "10": 0.9713595535558777, "11": 0.6258554633767097, "12": 0.9432447077790973, "13": 0.40984768232361035, "14": 0.8311229959955457, "15": 0.6061367038825813, "16": 0.3885201854651707, "17": 0.9061104814689838, "18": 0.9949767420272078, "19": 0.6180032137120303, "20": -0.0475896289864841, "21": 0.5909848777587068, "22": 0.9264242342758655, "23": 0.8213445434803914, "24": 0.8950225771487155, "25": 0.8242075588855293, "26": 0.21809268916272456, "27": 0.5788843069796188, "28": 0.3690962936014758, "29": 0.705955880689394, "30": 0.7383469463379058, "31": 0.8467855639396223, "32": 0.8316076253923786, "33": 0.37560318342511245, "34": 0.8192778384406973, "35": 0.7328887417864776, "36": 0.6792779890155753, "37": 0.6260072594908512, "38": 0.4833818198235241, "40": 0.9726470427282614, "41": 0.9245793441786627, "43": 0.8463778409804674, "44": 0.967905757640733, "45": 0.5976757460662161, "46": 0.9592332369017739, "47": 0.757604564146452, "48": 0.7502645089811502, "49": 0.8549476145020383, "50": 0.6799113401814122, "51": 0.9573363750671867, "52": 0.8622073344390461, "59": 0.47066488472412527, "61": 0.5984882081394154, "62": 0.5868691334681175, "64": 0.9592332369017739, "66": 0.5685866553822061, "70": 0.8720945545738419, "71": 0.9983737266052923, "72": 0.9304763003992487, "73": 0.901748777249892, "76": 0.567603147706022, "77": 0.682356387501712, "78": 0.9801948925335262, "81": 0.9114128703941509, "89": 0.6082976936329352, "92": 0.8809396244696035, "93": 0.9335934621781633, "94": 0.9472676651898911, "96": 0.8720945545738419, "98": 0.8830833783478265, "99": 0.8655817455287372, "39": 0.8567822593652972, "42": 0.9691939465332382, "55": 0.8298497151028721, "56": 0.9509518987775469, "57": 0.9801948925335262, "58": 0.3641110015527814, "60": 0.8720945545738419, "63": 0.9006714259588862, "65": 0.7466890867450248, "69": 0.9472676651898911, "74": 0.6082976936329352, "79": 0.9865001752117635, "83": 0.5372819131295028, "86": 0.7010120954522201, "91": 0.1975043325266742, "80": 0.8263412774779552, "82": 0.9335934621781633, "87": 0.0882759782354223, "88": 0.9884989516004242, "90": 0.5381284800577162, "97": -0.2533528214200177, "53": 0.7581179923039332, "54": 0.9884989516004242, "67": 0.9884989516004242, "68": 0.7451525819373325, "75": 0.9700371969819471, "84": 0.9983737266052923, "85": 0.3405217516111892, "95": 0.9983737266052923, "103": 0.8720945545738419, "108": 0.9006714259588862, "126": 0.9181169426857589, "138": 0.832860782860757, "140": 0.5968611232684455, "141": 0.981232131685918, "143": 0.981232131685918, "146": 0.981232131685918, "147": 0.9988882682104072, "148": 0.9713595535558777, "111": 0.9687175705183642, "112": 0.981232131685918, "113": 0.981232131685918, "114": 0.9865001752117635, "128": 0.8655817455287372, "136": 0.9667486322023373, "139": 0.11245997999190274, "142": 0.8126609257453652, "102": 0.9687175705183642, "116": 0.9334832174179788, "119": 0.9304763003992487, "121": 0.8718548428640732, "122": 0.5410752967980765, "123": 0.9472676651898911, "124": 0.9013207959089523, "104": 0.557010402473584, "107": 0.9749263597808863, "134": 0.6310757754942753, "100": 0.9865001752117635, "101": 0.8188763159117212, "129": 0.942923417458683, "130": 0.832860782860757, "105": 0.96706302647472, "110": 0.981232131685918, "118": 0.981232131685918, "125": 0.8444621505000198, "144": 0.7010120954522201, "109": 0.8720945545738419, "127": 0.7010120954522201, "132": 0.8655817455287372, "115": 0.8280814828306626, "137": 0.9573363750671867, "106": 0.8756754309304606, "135": 0.808470323295807, "120": 0.8794961698328488, "131": 0.16671988941425248, "117": 0.684961249623832, "133": 0.8830833783478265, "145": 0.7608528783887835, "156": 0.8311229959955457, "163": 0.9415328181544287, "179": 0.8463778409804674, "184": 0.9477068043036703, "186": 0.3250068372694748, "178": 0.8447735445986473, "181": 0.901748777249892, "182": 0.9140329995531735, "183": 0.7365398254287008, "193": 0.9907737289176031, "158": 0.9507422463744685, "165": 0.1864354156823636, "166": 0.7252103086064625, "168": 0.9304763003992487, "190": 0.8188773417294917, "196": -0.14932931480824793, "164": 0.9006714259588862, "169": 0.9884989516004242, "174": 0.901748777249892, "185": 0.9509518987775469, "157": 0.5609849854360007, "173": 0.9335934621781633, "192": 0.9425128577246487, "151": 0.7010120954522201, "180": -0.22020711429280826, "159": 0.691751106621022, "161": 0.4159046760550843, "162": 0.9472676651898911, "170": 0.8116099358704894, "172": 0.6443955829734422, "177": 0.888367791813524, "187": 0.5808446707006777, "194": 0.7463891963544116, "198": 0.722919605033341, "150": 0.857573582155259, "188": 0.9830954797357201, "197": 0.9403846533518059, "153": 0.9074541861500449, "189": 0.9687175705183642, "195": 0.9074541861500449, "154": 0.607632134666684, "191": 0.9513252633428169, "171": 0.6169382346452834, "212": 0.9704631291335517, "228": 0.9141130735845608, "230": 0.9485822131185805, "210": 0.9129039455580766, "246": 0.9573363750671867, "248": 0.8567822593652972, "202": 0.967905757640733, "236": 0.8188773417294917, "206": -0.27496486801528375, "221": 0.9406780617540247, "231": 0.9583694134101763, "232": 0.8581123213062767, "244": 0.9830954797357201, "224": 0.8763020692947789, "225": 0.4218308046635722, "241": 0.714638999485179, "242": 0.9327349011946073, "226": 0.6733559840239098, "229": 0.949197368722514, "249": 0.9140329995531735, "214": 0.9140329995531735, "220": 0.9213548555104247, "222": 0.6258554352216742, "209": 0.8841669172681577, "227": 0.733402937629024, "200": -0.07669199255279788, "286": 0.9013207959089523, "282": 0.9726470427282614, "259": 0.7878969237776184, "252": 0.9037624449431414, "274": 0.8862374456360023, "279": 0.9453520912576178, "149": 0.9678668528384635, "294": 0.835973949185624, "254": 0.6284436739232024, "264": 0.9140329995531735, "256": -0.11730590849933413, "261": 0.3885201854651707, "167": 0.9830954797357201, "155": 0.6733213007476928, "152": 0.5292378121730696, "312": 0.523868503082112, "314": 0.9573363750671867, "160": 0.981232131685918, "366": 0.9884989516004242, "175": 0.07072481377475973, "176": 0.9830954797357201, "199": 0.9477068043036703, "205": 0.9140329995531735, "208": 0.9884989516004242, "238": 0.6779204832324099, "234": 0.6196188954656859, "239": 0.9830954797357201, "201": 0.9687175705183642, "203": 0.3638685171228976, "207": 0.7425417598060612, "219": 0.7238904238874933, "235": 0.8426435282320153, "237": 0.14449678458109552, "247": -0.03156587147432149, "215": 0.47066488472412527, "218": 0.943959991281367, "223": 0.9830954797357201, "233": 0.9479841658368551, "243": 0.9072409240804903, "211": 0.8809396244696035, "204": 0.8841669172681577, "213": 0.9830954797357201, "245": 0.9141130735845608, "240": 0.9140329995531735, "216": 0.37540567929468754, "217": 0.8720945545738419, "284": 0.7761627735909479, "287": 0.9335934621781633, "253": 0.9140329995531735, "258": 0.9252433584349254, "272": 0.9592332369017739, "276": 0.6073028217056597, "255": 0.7878969237776184, "295": 0.9559398348927166, "298": 0.733402937629024, "257": 0.9691939465332382, "265": 0.4905607907771179, "271": 0.6591789625059177, "262": 0.6546197887357748, "263": 0.8818137220548452, "266": 0.9713595535558777, "288": 0.4324298269711546, "292": 0.8841669172681577, "275": 0.8766368960345676, "277": 0.8655817455287372, "285": 0.8311885415906948, "293": 0.1661445520226371, "299": 0.055162342896324865, "250": 0.6526061874683491, "270": 0.8377884954101573, "260": 0.9830954797357201, "273": 0.9217455898854673, "280": 0.8370569314040022, "289": 0.9476023808238805, "281": 0.523868503082112, "267": 0.7597921558306675, "297": 0.828012640307674, "268": 0.8953357204137226, "251": 0.8775265032524076, "269": 0.8244851953009145, "278": 0.8365170505443663, "291": 0.9988882682104072,