{"0": -0.01905783966061286, "1": 0.9072134257393862, "2": 0.8446352867590317, "3": 0.8213445434803914, "4": -0.22728096613113843, "5": 0.6061367038825813, "6": 0.7010120954522201, "7": 0.7122636184977501, "8": 0.7010120954522201, "9": 0.9140329995531735, "10": 0.4721780432729452, "11": 0.9830954797357201, "12": 0.5784923774019868, "13": 0.9642811283825925, "14": 0.7466890867450248, "15": 0.7782912029730289, "16": 0.8420190541559327, "17": 0.8188763159117212, "18": 0.7381297650921272, "19": 0.9949767420272078, "20": 0.6199705259172904, "21": 0.5874847873110628, "22": 0.8819087195721874, "23": 0.8954596579173248, "24": 0.9949767420272078, "25": 0.895116421839943, "26": 0.9316966264562736, "27": 0.8995238736482618, "28": 0.967905757640733, "29": 0.9949767420272078, "30": 0.6211896822598512, "31": 0.8895344933618026, "32": 0.8759478562685492, "33": 0.9672702438730358, "34": 0.8169849538802945, "35": 0.7991437719188091, "36": 0.9472676651898911, "37": 0.1975043325266742, "38": 0.9432447077790973, "40": 0.7782912029730289, "41": 0.9865001752117635, "43": 0.9592332369017739, "44": 0.6401578875161574, "45": 0.9983737266052923, "46": 0.8830833783478265, "47": 0.61468006592553, "48": 0.8257446724495849, "49": 0.6376333979433775, "50": 0.3484906348568889, "51": 0.8720945545738419, "52": 0.4409332562501549, "59": 0.705955880689394, "61": 0.967905757640733, "62": 0.981232131685918, "64": 0.881875322540995, "66": 0.9472676651898911, "70": 0.8830833783478265, "71": 0.8331759304346327, "72": 0.9865001752117635, "73": 0.705955880689394, "76": 0.7168071503936716, "77": 0.9865001752117635, "78": 0.6258554633767097, "81": 0.7010120954522201, "89": 0.5616671664906496, "92": 0.8070834178164799, "93": 0.4715069132464545, "94": 0.5544814135357017, "96": 0.7451525819373325, "98": 0.8070834178164799, "99": 0.6946430993581523, "39": 0.22764313895254032, "42": 0.9477068043036703, "55": 0.6185376216596934, "56": 0.9988882682104072, "57": 0.30166893881773443, "58": 0.981232131685918, "60": 0.8530040100972406, "63": 0.4218308046635722, "65": 0.9576444674854349, "69": 0.3431187303073333, "74": 0.8070834178164799, "79": 0.9711625608873772, "83": 0.8453048777385126, "86": 0.9090796779337953, "91": 0.7466890867450248, "80": 0.39808550507307694, "82": 0.8794961698328488, "87": 0.981232131685918, "88": 0.9988882682104072, "90": 0.9983737266052923, "97": 0.6775983072662959, "53": 0.9472676651898911, "68": 0.7608528783887835, "84": 0.981232131685918, "85": 0.8907066920709366, "75": 0.9335934621781633, "54": 0.4666520649653859, "67": 0.9884989516004242, "95": 0.8366841729045951, "103": 0.981232131685918, "108": 0.8490891218928736, "126": 0.8775803973511176, "138": 0.8312752892901987, "140": 0.8711994502463034, "141": 0.36806161337201504, "143": 0.9006714259588862, "146": 0.6250626866048179, "147": 0.8720945545738419, "148": 0.9006714259588862, "111": 0.9687175705183642, "112": 0.43955605232271744, "113": 0.8688965644538921, "114": 0.8720945545738419, "128": 0.4262702532565277, "136": 0.9687175705183642, "139": 0.981232131685918, "142": 0.749340077523418, "102": 0.7260287547211197, "116": 0.5611022967235983, "119": 0.6082976936329352, "121": 0.7870072749384418, "122": 0.9006714259588862, "123": 0.8495818343982631, "124": 0.9771451713702621, "104": 0.9141130735845608, "107": 0.8417404693135794, "134": 0.9687175705183642, "100": 0.7743060254438464, "101": 0.8830833783478265, "129": 0.8830833783478265, "130": 0.9687175705183642, "105": 0.7010120954522201, "110": 0.5905357269786584, "118": 0.8366841729045951, "125": 0.8524734824738938, "144": 0.9830954797357201, "109": 0.769978933230921, "127": 0.8756754309304606, "132": 0.8998062392572328, "115": 0.34384838052099814, "137": 0.607632134666684, "106": 0.9449277469107293, "135": 0.6284436739232024, "120": 0.958814519421314, "131": 0.6082976936329352, "117": 0.8830833783478265, "133": 0.9140329995531735, "145": 0.8830833783478265, "156": 0.5624598718109821, "163": 0.8312752892901987, "179": 0.9081377569162026, "184": 0.9304763003992487, "186": 0.6494747637317144, "178": 0.9141130735845608, "181": 0.7010120954522201, "182": 0.4042386953232923, "183": 0.5755644776772454, "193": 0.3484906348568889, "158": 0.8282394478824568, "165": 0.8070834178164799, "166": 0.9090796779337953, "168": 0.7116043175588809, "190": 0.9090796779337953, "196": 0.7010120954522201, "164": 0.9181169426857589, "169": 0.607632134666684, "174": 0.8737673884645086, "185": 0.14449678458109552, "157": 0.657525869929417, "173": 0.8329575037650768, "192": 0.7787939383162538, "151": 0.9300567838592904, "180": 0.9884989516004242, "159": 0.7782912029730289, "161": 0.9801948925335262, "162": 0.8311229959955457, "170": 0.35221675076237335, "172": 0.9090796779337953, "177": 0.9488360901438864, "187": 0.4875398522263227, "194": 0.9587780833337113, "198": 0.9141130735845608, "150": 0.8316076253923786, "188": 0.9907737289176031, "197": 0.8989680666907127, "153": 0.9449277469107293, "189": 0.9642811283825925, "195": 0.96706302647472, "154": 0.41900265238636025, "191": 0.4218308046635722, "171": 0.6236955654053149, "212": 0.4218308046635722, "228": 0.029618091260230885, "230": 0.6381460889283319, "210": 0.9140329995531735, "246": 0.8830486760003968, "248": 0.733402937629024, "202": 0.9713595535558777, "236": 0.7744749744302012, "206": 0.8830833783478265, "221": 0.9090796779337953, "231": 0.5665553067893024, "232": 0.9140329995531735, "244": 0.9665426702039, "224": 0.9141130735845608, "225": 0.9097043845728758, "241": 0.7466890867450248, "242": 0.5882357401842, "226": 0.9072409240804903, "229": 0.9516956831276682, "249": 0.8327306975726781, "214": 0.5853134452823323, "220": 0.9090796779337953, "222": 0.9335934621781633, "209": 0.7093816825109669, "227": 0.806096050308855, "200": 0.9335934621781633, "286": 0.832860782860757, "282": 0.8330884207872762, "259": 0.9327349011946073, "252": 0.9830954797357201, "274": 0.5808446707006777, "279": 0.9830954797357201, "149": 0.9884989516004242, "294": 0.9141130735845608, "254": 0.9830954797357201, "264": 0.9648177708588577, "256": 0.39302274430686235, "261": 0.9453520912576178, "167": 0.8601391183990965, "155": 0.8830833783478265, "152": 0.6082976936329352, "312": 0.523868503082112, "314": 0.9573363750671867, "160": 0.607632134666684, "366": 0.9884989516004242, "175": 0.9006714259588862, "199": 0.981232131685918, "176": 0.9687175705183642, "211": 0.5808446707006777, "223": 0.6470048384473293, "234": 0.8573632133542595, "247": 0.9884989516004242, "208": -0.27496486801528375, "237": 0.12630378245484197, "235": 0.8711994502463034, "205": 0.7466890867450248, "233": 0.9830954797357201, "243": 0.9642811283825925, "204": -0.27496486801528375, "238": 0.9493540059122985, "201": 0.9710685701243187, "215": 0.382522580810992, "217": 0.5808446707006777, "216": 0.832860782860757, "245": 0.8221970431056358, "203": 0.8441383721000564, "207": 0.8703516266290993, "218": 0.6073028217056597, "219": 0.6487111246053656, "240": 0.5808446707006777, "239": 0.9456500726951311, "251": 0.9988882682104072, "262": 0.9573363750671867, "278": 0.40717453683084925, "284": 0.8794961698328488, "291": 0.7862921683106591, "295": 0.9252433584349254, "213": 0.1975043325266742, "267": 0.9314833740175863, "268": 0.8264191815762745, "272": 0.9691939465332382, "298": 0.5808446707006777, "253": 0.9090796779337953, "266": 0.9713595535558777, "281": 0.9468306201969393, "293": 0.3137147248817662, "250": 0.9884989516004242, "257": 0.6390810215853723, "287": 0.8229380206418369, "297": 0.9140329995531735, "275": 0.32904486012429246, "299": 0.7423997049689197, "270": 0.9765485267282645, "288": 0.9573363750671867, "265": -0.27496486801528375, "296": 0.6082976936329352, "255": 0.9830954797357201, "292": 0.8515136182280251, "260": 0.7878969237776184, "263": -0.27496486801528375, "277": 0.43955605232271744, "280": 0.9304763003992487, "285": 0.8336131776645697}