{"0": 0.24162629693638987, "1": 0.6470048384473293, "2": 0.9473892126416081, "3": 0.9335934621781633, "4": 0.7451525819373325, "5": 0.8581152148297796, "6": 0.7747977902815903, "7": 0.7258332439707669, "8": 0.9432447077790973, "9": 0.8508439974131592, "10": 0.49548073173965024, "11": 0.8042163176293698, "12": 0.41727486001873615, "13": 0.9691939465332382, "14": 0.4068627483413719, "15": 0.7430270343751364, "16": 0.9710685701243187, "17": 0.7669301099235952, "18": 0.9472676651898911, "19": 0.9949767420272078, "20": 0.8688965644538921, "21": 0.8105552685918429, "22": 0.7790949281983046, "23": 0.9644804896774047, "24": 0.1975043325266742, "25": 0.9949767420272078, "26": 0.9204330867250647, "27": 0.981232131685918, "28": 0.6031915993168349, "29": 0.9672145785527155, "30": 0.9316966264562736, "31": 0.9642811283825925, "32": 0.9029526996772712, "33": 0.8412386529094218, "34": 0.9949767420272078, "35": 0.9901079757944491, "36": 0.9901079757944491, "37": 0.9711625608873772, "38": 0.9335934621781633, "40": 0.6463561497725598, "41": 0.5940965045903286, "43": 0.9949767420272078, "44": 0.5358827365043197, "45": 0.7831581017980025, "46": 0.8946708982650449, "47": 0.643916150580724, "48": 0.8830833783478265, "49": 0.7608528783887835, "50": 0.9711625608873772, "51": 0.8647325169518429, "52": 0.8720945545738419, "59": 0.6061367038825813, "61": 0.6211896822598512, "62": 0.6757514758563474, "64": 0.8140041516556153, "66": -0.2721503593908512, "70": 0.757604564146452, "71": 0.7831581017980025, "72": 0.567990546713821, "73": 0.7260287547211197, "76": 0.9642897779324329, "77": 0.43369794385744237, "78": 0.8366841729045951, "81": 0.9765485267282645, "89": 0.9013207959089523, "92": 0.8809396244696035, "93": 0.7466890867450248, "94": 0.9865001752117635, "96": 0.5048988655935256, "98": 0.9422384203384251, "99": 0.8809396244696035, "39": 0.9865001752117635, "42": 0.9335934621781633, "55": 0.9983737266052923, "56": 0.9472676651898911, "57": 0.5882357401842, "58": 0.9709483288034012, "60": 0.5349741943578414, "63": 0.9865001752117635, "65": 0.8953599538075763, "69": 0.9488360901438864, "74": 0.9983737266052923, "79": 0.81669789016606, "83": 0.981232131685918, "86": 0.8131277285467442, "91": 0.3431187303073333, "80": 0.9488360901438864, "82": 0.9096911896636037, "87": 0.4767559466215361, "88": 0.8720945545738419, "90": 0.9687175705183642, "97": 0.621754034403843, "53": 0.1975043325266742, "68": 0.8366841729045951, "84": 0.9795468084192223, "85": 0.9988882682104072, "75": 0.841121674857908, "54": 0.8830833783478265, "67": 0.8756754309304606, "95": 0.967905757640733, "103": 0.9687175705183642, "108": 0.967905757640733, "126": 0.6667605661755773, "138": 0.7466890867450248, "140": 0.548885690380878, "141": 0.3195734874894484, "143": 0.8153553407836193, "146": 0.9006714259588862, "147": 0.041791283767412486, "148": 0.37090322057528013, "111": 0.981232131685918, "112": 0.9988882682104072, "113": 0.6082976936329352, "114": 0.7658701887411197, "128": 0.9013207959089523, "136": 0.12249633937071452, "139": 0.9488360901438864, "142": 0.7096474179362118, "102": 0.8756754309304606, "116": 0.21161713873119908, "119": 0.7619398540858799, "121": 0.5298075335215786, "122": 0.36889973636548734, "123": 0.9356155407207811, "124": 0.6645511274365897, "104": 0.9642811283825925, "107": 0.3218862891137236, "134": 0.770030838476662, "100": 0.8830833783478265, "101": 0.917423705796999, "129": 0.7706541904344153, "130": 0.8316076253923786, "105": 0.9771451713702621, "110": 0.20904283242685137, "118": 0.6739871962077197, "125": 0.8830833783478265, "144": 0.8382546850425348, "109": 0.8546179968153367, "127": 0.9006714259588862, "132": 0.4318209076417254, "115": 0.7782912029730289, "137": 0.7782912029730289, "106": 0.9154708898617174, "135": 0.8809396244696035, "120": 0.18066909991104033, "131": 0.9013207959089523, "117": 0.9587780833337113, "133": 0.8406743313786884, "145": 0.7478387375955355, "156": 0.628405949388799, "163": 0.733402937629024, "179": 0.5982046181145371, "184": 0.8292426892435174, "186": 0.2926714706602051, "178": 0.978789337755493, "181": 0.7264025263632023, "182": 0.9592332369017739, "183": 0.5504435060521876, "193": 0.9090796779337953, "158": 0.8830833783478265, "165": 0.9304763003992487, "166": 0.9713595535558777, "168": 0.684961249623832, "190": 0.8820515494364376, "196": 0.8820515494364376, "164": 0.9687175705183642, "169": 0.8251599375915066, "174": 0.8261204300060645, "185": 0.4543368900719324, "157": 0.7116043175588809, "173": 0.9090796779337953, "192": 0.47607820700039316, "151": 0.5254344502438897, "180": 0.8816914005313422, "159": -0.027144066241102993, "161": 0.4238554427585607, "162": 0.7325646273371552, "170": 0.9141130735845608, "172": 0.7782912029730289, "177": 0.6061367038825813, "187": 0.9712097172582024, "194": 0.12249633937071452, "198": 0.9656330289232972, "150": 0.9013207959089523, "188": 0.1859865964855406, "197": 0.24396959644417837, "153": 0.432849665100872, "189": 0.7477599157761272, "195": 0.9830954797357201, "154": 0.8962613633298666, "191": 0.9140329995531735, "171": 0.9449277469107293, "212": 0.6082976936329352, "228": 0.7116043175588809, "230": 0.9687175705183642, "210": 0.8980219409923789, "246": 0.882017506153709, "248": 0.9335934621781633, "202": 0.9988882682104072, "236": 0.6450819217451216, "206": 0.6284436739232024, "221": 0.5808446707006777, "231": 0.6350269834775102, "232": 0.8327478557377239, "244": 0.9194832481391102, "224": 0.1975043325266742, "225": 0.9090796779337953, "241": 0.684961249623832, "242": 0.9090796779337953, "226": 0.8227513197232752, "229": 0.7818255438676718, "249": 0.9074541861500449, "214": 0.8720945545738419, "220": 0.9090796779337953, "222": 0.8434008597076282, "209": 0.6591789625059177, "227": 0.9713595535558777, "200": 0.9901079757944491, "286": 0.9013207959089523, "282": 0.7955272601359307, "259": 0.9006714259588862, "252": 0.8311229959955457, "274": 0.8794961698328488, "279": 0.8311229959955457, "149": 0.9642811283825925, "294": 0.8794961698328488, "254": 0.6526061874683491, "264": 0.9648177708588577, "256": 0.9988882682104072, "261": 0.9453520912576178, "167": 0.9592332369017739, "155": 0.6082976936329352, "152": 0.8169583729496573, "312": 0.523868503082112, "314": 0.9573363750671867, "160": 0.9140329995531735, "366": 0.9884989516004242, "176": 0.7807773054616817, "199": 0.9642811283825925, "175": 0.8213445434803914, "208": 0.7676653557833595, "217": 0.9830954797357201, "243": 0.8537599583759073, "245": 0.6196188954656859, "201": 0.9361488673595424, "207": 0.14449678458109552, "235": 0.7849001521249795, "211": -0.09711720044416555, "240": 0.6284436739232024, "247": 0.9830954797357201, "213": 0.9691939465332382, "223": 0.7010120954522201, "234": 0.2011426332164294, "239": 0.5094028539532319, "216": 0.5683045138152478, "238": -0.27496486801528375, "204": 0.27651093854946196, "215": 0.8326096743259999, "205": 0.45403482146391155, "219": 0.6637773908939087, "237": 0.9304763003992487, "203": 0.9576444674854349, "218": 0.7466890867450248}