{"0": 0.24376406556716884, "1": 0.6815660531926984, "2": 0.5894869790125996, "3": 0.901748777249892, "4": 0.9493540059122985, "5": 0.6281311285309359, "6": 0.8166196050123657, "7": 0.9316966264562736, "8": -0.22728096613113843, "9": 0.7260287547211197, "10": 0.9691939465332382, "11": 0.3702217257773508, "12": 0.9709483288034012, "13": 0.8922760164158616, "14": 0.7923975123858403, "15": 0.8830833783478265, "16": 0.8768193616878865, "17": 0.691751106621022, "18": 0.5372819131295028, "19": 0.9432447077790973, "20": 0.9152727675475276, "21": 0.7782912029730289, "22": 0.9949767420272078, "23": 0.9711625608873772, "24": 0.8192778384406973, "25": 0.6284436739232024, "26": 0.3704862501212974, "27": 0.8622073344390461, "28": 0.8192778384406973, "29": -0.33696330904393007, "30": 0.9141130735845608, "31": 0.8271072745261993, "32": 0.3190774042684106, "33": 0.9472676651898911, "34": 0.5147351987565998, "35": 0.7466890867450248, "36": 0.8366841729045951, "37": 0.8809396244696035, "38": 0.8333468763597425, "40": 0.14449678458109552, "41": 0.9181169426857589, "43": 0.8463778409804674, "44": 0.5358827365043197, "45": 0.6284436739232024, "46": 0.9210822539726788, "47": 0.9865001752117635, "48": 0.8688965644538921, "49": 0.9687175705183642, "50": 0.941544463957757, "51": 0.9949767420272078, "52": 0.981232131685918, "59": 0.8128551965592921, "61": -0.0475896289864841, "62": 0.967905757640733, "64": 0.8311229959955457, "66": 0.9865001752117635, "70": 0.981232131685918, "71": 0.8070834178164799, "72": 0.8720945545738419, "73": 0.9476023808238805, "76": 0.832860782860757, "77": -0.2533528214200177, "78": 0.7328887417864776, "81": 0.8272030732920543, "89": 0.9090796779337953, "92": 0.8794961698328488, "93": 0.9777812587919528, "94": 0.8756754309304606, "96": 0.9335934621781633, "98": 0.16652858307900403, "99": 0.8655817455287372, "39": 0.7437328602714011, "42": 0.8841669172681577, "55": 0.9988882682104072, "56": 0.96706302647472, "57": 0.857209295739242, "58": 0.7010120954522201, "60": 0.43630621520808116, "63": 0.9865001752117635, "65": 0.8794961698328488, "69": 0.3611723024844692, "74": 0.8381319995763697, "79": 0.9476023808238805, "83": 0.6061367038825813, "86": 0.5831181523409816, "91": 0.7466890867450248, "80": 0.9983737266052923, "82": 0.9488360901438864, "87": 0.8756754309304606, "88": 0.24012915352869352, "90": 0.8720945545738419, "97": 0.8366841729045951, "53": 0.901748777249892, "54": 0.6526061874683491, "67": 0.9141130735845608, "68": 0.9687175705183642, "75": 0.9983737266052923, "84": 0.9129039455580766, "85": 0.9096911896636037, "95": 0.8830833783478265, "103": 0.5509035307769392, "108": 0.7782912029730289, "126": 0.8311229959955457, "138": 0.8544390992469266, "140": 0.8589971965667043, "141": 0.9335934621781633, "143": 0.981232131685918, "146": 0.9687175705183642, "147": 0.7706541904344153, "148": 0.441838144065375, "111": 0.8746389539582802, "112": 0.7782912029730289, "113": 0.9687175705183642, "114": 0.6413911019625415, "128": 0.8655817455287372, "136": 0.9667486322023373, "139": 0.4452096454263758, "142": 0.8126609257453652, "102": 0.38289412569515124, "116": 0.5995738332044356, "119": 0.8312752892901987, "121": 0.9129039455580766, "122": 0.757604564146452, "123": 0.9472676651898911, "124": 0.8655817455287372, "104": 0.8164440519992329, "107": 0.5659285638320148, "134": 0.9771451713702621, "100": 0.9644804896774047, "101": 0.6082976936329352, "129": 0.9713595535558777, "130": 0.832860782860757, "105": 0.9865001752117635, "110": 0.4100431994763632, "118": 0.8679989226961858, "125": 0.9884989516004242, "144": 0.8054365767300854, "109": 0.9801948925335262, "127": 0.7010120954522201, "132": 0.6061367038825813, "115": 0.9335934621781633, "137": 0.9573363750671867, "106": 0.2011426332164294, "135": 0.8188763159117212, "120": 0.9488360901438864, "131": 0.9335934621781633, "117": 0.9013207959089523, "133": 0.8830833783478265, "145": 0.7608528783887835, "156": 0.1975043325266742, "163": 0.9006714259588862, "179": 0.8581123213062767, "184": 0.9335934621781633, "186": 0.9141130735845608, "178": 0.146492624805786, "181": 0.901748777249892, "182": 0.8045988831986077, "183": 0.8891908864944287, "193": 0.2011426332164294, "158": 0.7010120954522201, "165": 0.6284436739232024, "166": 0.978789337755493, "168": 0.2958912091038236, "190": 0.7608528783887835, "196": 0.1975043325266742, "164": 0.7116043175588809, "169": 0.7782912029730289, "174": 0.9884989516004242, "185": 0.9509518987775469, "157": 0.9841007503796968, "173": 0.8720945545738419, "192": 0.6082976936329352, "151": 0.9026009409711109, "180": 0.43955605232271744, "159": 0.9687175705183642, "161": 0.9642811283825925, "162": 0.9335934621781633, "170": 0.7385242498163751, "172": 0.9642811283825925, "177": 0.888367791813524, "187": 0.5808446707006777, "194": 0.7168071503936716, "198": 0.722919605033341, "150": 0.8316076253923786, "188": 0.9765485267282645, "197": 0.7782912029730289, "153": 0.9061104814689838, "189": 0.832860782860757, "195": 0.5542045102948789, "154": 0.9988882682104072, "191": 0.8221689213700798, "171": 0.8809396244696035, "212": 0.6591789625059177, "228": 0.9217940887192797, "230": 0.8830833783478265, "210": 0.8794961698328488, "246": 0.3096375798953373, "248": 0.9006714259588862, "202": 0.9090796779337953, "236": 0.7971791687764367, "206": 0.9149068217490111, "221": 0.9149068217490111, "231": 0.828507570283525, "232": 0.9140329995531735, "244": 0.8359292074324485, "224": 0.34798782986239263, "225": 0.943959991281367, "241": 0.6733559840239098, "242": 0.6190373563490934, "226": 0.40717453683084925, "229": 0.6073028217056597, "249": 0.9129039455580766, "214": 0.8720945545738419, "220": 0.6447685094235516, "222": 0.9006714259588862, "209": 0.6082976936329352, "227": 0.4218308046635722, "200": -0.07669199255279788, "286": 0.9013207959089523, "282": 0.6703785647893232, "259": 0.6073028217056597, "252": 0.8235304974469049, "274": 0.8862374456360023, "279": 0.6073028217056597, "149": 0.5372819131295028, "294": 0.835973949185624, "254": 0.6284436739232024, "264": 0.9252433584349254, "256": 0.8126874765373676, "261": 0.7365398254287008, "167": 0.8386562030436042, "155": 0.5292378121730696, "152": 0.8126663064387858, "312": 0.523868503082112, "314": 0.9573363750671867, "160": 0.7466890867450248, "366": 0.9884989516004242, "175": 0.6967298251361915, "176": 0.21809268916272456, "199": 0.9477068043036703, "205": 0.9884989516004242, "208": 0.48543551194910384, "238": 0.8711994502463034, "234": -0.4106204816379031, "239": 0.9243099830618586, "201": 0.9687175705183642, "203": 0.9140329995531735, "207": 0.7849001521249795, "219": 0.8711994502463034, "235": 0.9316966264562736, "237": 0.14449678458109552, "247": 0.8233785818459912, "215": 0.12630378245484197, "218": 0.9072409240804903, "223": 0.9304763003992487, "233": 0.9074541861500449, "243": 0.8463778409804674, "211": 0.8261204300060645, "204": 0.8841669172681577, "213": 0.808470323295807, "245": 0.9141130735845608, "240": 0.9453520912576178, "216": 0.9592332369017739, "217": 0.5703945542091542, "284": 0.8012132570078119, "287": -0.2533528214200177, "253": 0.9140329995531735, "258": 0.9252433584349254, "272": 0.8316076253923786, "276": 0.8737673884645086, "255": 0.8272030732920543, "295": 0.9304763003992487, "298": 0.733402937629024, "257": 0.9988882682104072, "265": 0.4905607907771179, "271": 0.8185355578673188, "262": 0.5808446707006777, "263": 0.8333468763597425, "266": 0.9335934621781633, "288": 0.9140329995531735, "292": 0.8841669172681577, "275": 0.33447235262622044, "277": 0.6999024934303189, "285": 0.5703945542091542, "293": 0.7466890867450248, "299": 0.3885201854651707, "250": 0.9884989516004242, "270": 0.6658981196927015, "260": 0.9830954797357201, "273": 0.5808446707006777, "280": 0.8370569314040022, "289": 0.5849218693305673, "281": 0.523868503082112, "267": 0.7597921558306675, "297": 0.828012640307674, "268": 0.45085421245348, "251": 0.930220115750285}