{"0": 0.5786232597120047, "1": 0.5792223499638832, "2": 0.036541069759892346, "3": 0.8316076253923786, "4": 0.9409180973655387, "5": 0.6060456443608924, "6": 0.8506317812618224, "7": 0.08753688818673482, "8": 0.8546179968153367, "9": 0.45880220511403746, "11": 0.5507552237905969, "12": 0.22725129022457438, "13": 0.9709483288034012, "14": 0.8439369521396811, "15": 0.8668585967885503, "16": 0.9949767420272078, "17": 0.5654263950031919, "18": 0.5435595813475402, "19": 0.6491935015945167, "20": 0.9472676651898911, "22": 0.8262307556511095, "23": 0.7636674944802014, "24": 0.8856382047489086, "25": 0.3662233127927027, "26": 0.47292511049119035, "28": 0.23945727969292713, "32": 0.4054020934846205, "34": 0.48113657271127597, "35": 0.6894578908915058, "37": 0.7075546733458378, "38": 0.7831581017980025, "39": 0.9217586009312606, "40": 0.5021336071461181, "41": 0.9983737266052923, "52": 0.9462769360884645, "53": 0.8216912714609571, "59": 0.8046977549793908, "64": 0.9865001752117635, "65": 0.8000907995058988, "66": 0.9711625608873772, "67": 0.6694579715434683, "68": 0.7721440652032403, "71": 0.7059072273795741, "75": 0.5294447108015252, "76": 0.921999206994456, "77": 0.8720945545738419, "79": 0.4279601102968835, "86": 0.24427880458326123, "87": 0.9449277469107293, "89": -0.06936697215574888, "91": -0.2810040922799176, "92": 0.8366841729045951, "93": 0.7658701887411197, "94": 0.7969232083861844, "96": 0.9335934621781633, "97": 0.9687175705183642}