{"0": 0.9327349011946073, "1": 0.6852309177799163, "2": 0.5645113100058707, "3": 0.9573363750671867, "4": 0.764548495406036, "5": 0.4060343314625277, "6": 0.9237997359653143, "7": 0.9406780617540247, "8": 0.8954596579173248, "9": 0.9329405209770878, "10": 0.8476294235424494, "11": 0.8188763159117212, "12": 0.3627230551356391, "13": 0.881875322540995, "14": 0.9949767420272078, "15": 0.6325760027358256, "16": 0.7862921683106591, "17": 0.8978997239936704, "18": 0.8213445434803914, "19": 0.9140329995531735, "20": 0.5083404720755295, "21": 0.33986933134080893, "22": 0.9625021863657359, "23": 0.9865001752117635, "24": 0.8720945545738419, "25": 0.9592332369017739, "26": 0.7339881661609279, "27": 0.8249746550597714, "28": 0.9671879155057598, "29": 0.9949767420272078, "30": 0.9672702438730358, "31": 0.8316076253923786, "32": 0.9711625608873772, "33": 0.9137548109842273, "34": 0.9865001752117635, "35": 0.9710685701243187, "36": 0.9949767420272078, "37": 0.25942853146524136, "38": 0.8548712172216884, "40": 0.8282056406730058, "41": 0.967905757640733, "43": 0.6236955654053149, "44": 0.9217586009312606, "45": 0.9006714259588862, "46": 0.7534859981353326, "47": 0.7787834256387594, "48": 0.8366841729045951, "49": 0.9642811283825925, "50": 0.6179591854057684, "51": 0.9672145785527155, "52": 0.8311229959955457, "59": 0.5215347704907529, "61": 0.981232131685918, "62": 0.9983737266052923, "64": 0.523868503082112, "66": 0.7394250696703724, "70": 0.7782912029730289, "71": 0.924359473501971, "72": 0.5615979638393558, "73": 0.23032766890594292, "76": 0.9476023808238805, "77": 0.981232131685918, "78": 0.5331592632238147, "81": 0.6236955654053149, "89": 0.9713595535558777, "92": 0.8907066920709366, "93": 0.9001262029523083, "94": 0.614546529787422, "96": 0.9335934621781633, "98": 0.9114128703941509, "99": 0.7035429966592748, "39": 0.47066488472412527, "42": 0.4180634546341868, "55": 0.1168974092639894, "56": 0.6061367038825813, "57": 0.7145690992262819, "58": 0.9672145785527155, "60": 0.9213548555104247, "63": 0.9316966264562736, "65": 0.9139376136369868, "69": 0.8697134878509117, "74": 0.8756754309304606, "79": 0.5980084337551699, "83": 0.5358827365043197, "86": 0.9090796779337953, "91": 0.8830833783478265, "80": 0.5941437583531144, "82": 0.8463778409804674, "87": 0.967905757640733, "88": 0.9901079757944491, "90": 0.981232131685918, "97": 0.8979459823482292, "53": 0.9472676651898911, "68": 0.8664737594554823, "84": 0.9865001752117635, "85": 0.9983737266052923, "75": 0.43660047448766637, "54": 0.8239385065453184, "67": 0.829267570653595, "95": 0.6109964893288851, "103": 0.6082976936329352, "108": 0.967905757640733, "126": 0.9114128703941509, "138": 0.42624125466833984, "140": 0.3866188030287403, "141": 0.832860782860757, "143": 0.9141130735845608, "146": 0.6196188954656859, "147": 0.041791283767412486, "148": 0.5509321997381238, "111": 0.9573146345238671, "112": 0.9335934621781633, "113": 0.9983737266052923, "114": 0.8720945545738419, "128": 0.7010120954522201, "136": 0.8236840149421953, "139": 0.867671466746236, "142": 0.6401015500741701, "102": 0.981232131685918, "116": 0.7269039239564163, "119": 0.6061367038825813, "121": 0.978789337755493, "122": 0.684961249623832, "123": 0.9687175705183642, "124": 0.9477068043036703, "104": 0.8015605091861033, "107": 0.9006714259588862, "134": 0.9013207959089523, "100": 0.9141130735845608, "101": 0.757604564146452, "129": 0.9488360901438864, "130": 0.8316076253923786, "105": 0.8188763159117212, "110": 0.9472676651898911, "118": 0.7681806139289261, "125": 0.41635263950979584, "144": 0.1975043325266742, "109": 0.9901079757944491, "127": -0.0947404194997906, "132": 0.8126609257453652, "115": 0.9472676651898911, "137": 0.5905357269786584, "106": 0.7748364778935144, "135": 0.8292426892435174, "120": 0.7365398254287008, "131": 0.5920931757809508, "117": 0.919277347240018, "133": 0.5453052173669288, "145": 0.9988882682104072, "156": 0.48607992823877844, "163": 0.8463778409804674, "179": 0.8688965644538921, "184": 0.6999636831160654, "186": 0.9180753773976005, "178": 0.9983737266052923, "181": 0.6578744353831845, "182": 0.8596895676031462, "183": 0.3000983998457136, "193": 0.10118240015287658, "158": 0.8711994502463034, "165": 0.832860782860757, "166": 0.9830954797357201, "168": 0.1975043325266742, "190": 0.8292426892435174, "196": 0.9830954797357201, "164": 0.8271072745261993, "169": 0.000722957805710489, "174": 0.8261204300060645, "185": 0.9180753773976005, "157": 0.8720945545738419, "173": 0.9449277469107293, "192": 0.26008912763857084, "151": 0.8316076253923786, "180": 0.9687175705183642, "159": 0.7333646870331082, "161": 0.8830833783478265, "162": 0.9713595535558777, "170": 0.9141130735845608, "172": 0.9449277469107293, "177": 0.6061367038825813, "187": 0.189715774421225, "194": 0.9212696731928448, "198": 0.8614803323691871, "150": 0.6082976936329352, "188": 0.8830833783478265, "197": 0.861609922820866, "153": 0.2691668098708258, "189": 0.34798782986239263, "195": 0.9590995066198915, "154": 0.000722957805710489, "191": 0.9884989516004242, "171": 0.9771451713702621, "212": 0.6082976936329352, "228": 0.8351867929527144, "230": 0.9687175705183642, "210": -0.0475896289864841, "246": 0.778013293012892, "248": 0.8213445434803914, "202": 0.9988882682104072, "236": 0.6450819217451216, "206": 0.8980219409923789, "221": 0.5808446707006777, "231": 0.9140329995531735, "232": 0.9177778432333028, "244": 0.5431214271451874, "224": 0.24143962883591372, "225": 0.31334218706051065, "241": 0.44098115763402845, "242": 0.8522138360190168, "226": 0.22204631175398373, "229": 0.9074541861500449, "249": 0.9090796779337953, "214": 0.6768103411791848, "220": 0.7451525819373325, "222": 0.8070834178164799, "209": 0.7829644850001558, "227": 0.8235304974469049, "200": 0.9212696731928448, "286": 0.9013207959089523, "282": 0.9335934621781633, "259": 0.9006714259588862, "252": 0.9576444674854349, "274": 0.8794961698328488, "279": 0.8311229959955457, "149": 0.9316716745638736, "294": 0.9691939465332382, "254": 0.6526061874683491, "264": 0.9006714259588862, "256": 0.9988882682104072, "261": 0.9453520912576178, "167": 0.9592332369017739, "155": 0.7010120954522201, "152": 0.9090796779337953, "312": 0.523868503082112, "314": 0.9573363750671867, "160": 0.9884989516004242, "366": 0.9884989516004242, "176": 0.7807773054616817, "199": 0.9642811283825925, "175": 0.9735118549837684, "208": 0.9477068043036703, "217": 0.48607992823877844, "243": 0.8537599583759073, "245": -0.27496486801528375, "201": 0.9140329995531735, "207": 0.9830954797357201, "235": 0.6284436739232024, "211": 0.3420217032935542, "240": 0.9691939465332382, "247": 0.6160845019956924, "213": 0.7490409196151773, "223": 0.5808446707006777, "234": 0.2011426332164294, "239": 0.9140329995531735, "216": 0.9573146345238671, "238": 0.9626765078662243, "204": 0.6751991676362643, "215": 0.7010120954522201, "205": 0.6058103655050147, "219": 0.8370011810290605, "237": 0.7122636184977501, "203": 0.9592332369017739, "218": 0.8188773417294917, "257": 0.22713163900934336, "281": 0.6450819217451216, "285": -0.05463813330196725, "290": 0.9249524416875297, "250": 0.9559398348927166, "268": 0.7451525819373325, "273": 0.6078891241821858, "278": 0.8443727045078806, "291": 0.5808446707006777, "298": 0.9652197466936353, "269": 0.9189796994070691, "283": 0.9687175705183642, "296": 0.8537599583759073, "297": 0.11245997999190274, "255": 0.808470323295807}