{"0": 0.8756754309304606, "1": 0.5466854383953286, "2": 0.8350518844332055, "3": 0.9949767420272078, "4": 0.6491935015945167, "5": 0.5985275729410039, "6": 0.9604526003642835, "7": 0.5470028944737138, "8": 0.733402937629024, "9": 0.854635243254167, "10": 0.5472691572473465, "11": 0.18371882048946642, "12": 0.6097693913724529, "13": 0.38964953675096026, "15": 0.9865001752117635, "17": 0.8509454875987394, "18": 0.9672702438730358, "19": 0.5241478553875311, "24": 0.8912853394485831, "25": 0.8709745929319106, "26": 0.6931329472032539, "27": 0.5217714454186861, "30": 0.6796756543690005, "31": 0.7689698364437433, "34": 0.7831581017980025, "35": 0.6995270479504, "36": 0.7127301950855451, "37": 0.7569493859658281, "38": 0.520047378648428, "44": 0.5504562677212952, "46": 0.26550523759503963, "48": 0.6454055131563616, "50": 0.9217586009312606, "54": 0.981232131685918, "56": 0.5509321997381238, "59": 0.9476023808238805, "60": 0.35998037937400174, "61": 0.8520371766516931, "62": 0.7580188789641686, "63": 0.9342044246950667, "65": 0.8475001318329984, "66": 0.9771451713702621, "67": 0.9710685701243187, "69": 0.4100212176237697, "75": 0.61468006592553, "76": 0.7485586585174278, "78": 0.9488360901438864, "80": 0.8128551965592921, "82": 0.6487520872752499, "87": 0.980133147923703, "89": 0.7350175740056812, "93": 0.43512570903051645, "98": 0.7362738421594113}