{"0": 0.7093816825109669, "1": 0.920017648857659, "2": 0.47019651633395976, "3": 0.922705653532762, "4": 0.9249524416875297, "5": 0.523868503082112, "6": 0.6487111246053656, "7": 0.9356657607132645, "8": -0.2533528214200177, "9": 0.9309065637866576, "10": 0.5894869790125996, "11": 0.1975043325266742, "12": 0.020147251561369116, "13": 0.9988882682104072, "14": 0.9403846533518059, "15": 0.6335425290632055, "16": 0.9006714259588862, "17": 0.5808446707006777, "18": 0.1416938655417028, "19": 0.922705653532762, "20": 0.978789337755493, "21": 0.901748777249892, "22": 0.9072409240804903, "23": 0.9830954797357201, "24": 0.9592332369017739, "25": 0.9093223456592029, "26": 0.48543551194910384, "27": 0.8311229959955457, "28": 0.9949767420272078, "29": 0.7193369430604821, "30": 0.5049190560186714, "31": 0.9304763003992487, "32": 0.6061367038825813, "33": 0.8192778384406973, "34": 0.9710685701243187, "35": 0.9074336942928223, "36": 0.8366841729045951, "37": 0.9061104814689838, "38": 0.9865001752117635, "40": 0.9949767420272078, "41": 0.7193369430604821, "43": 0.8280814828306626, "44": 0.8333468763597425, "45": 0.9988882682104072, "46": 0.8213445434803914, "47": 0.8794961698328488, "48": 0.9096911896636037, "49": 0.5358827365043197, "50": 0.8809396244696035, "51": 0.9865001752117635, "52": 0.8333468763597425, "59": 0.8188773417294917, "61": 0.9687175705183642, "62": 0.9983737266052923, "64": 0.6809290663567836, "66": -0.0475896289864841, "70": 0.8331759304346327, "71": 0.7010120954522201, "72": 0.901748777249892, "73": 0.6196188954656859, "76": 0.8720945545738419, "77": 0.8366841729045951, "78": 0.981232131685918, "81": 0.9029411195711852, "89": 0.6082976936329352, "92": 0.8070834178164799, "93": 0.9713595535558777, "94": 0.9472676651898911, "96": 0.9129039455580766, "98": 0.9072409240804903, "99": 0.8655817455287372, "39": 0.967905757640733, "42": 0.9304763003992487, "55": 0.8601391183990965, "56": 0.9687175705183642, "57": 0.8188773417294917, "58": 0.8333468763597425, "60": 0.8188763159117212, "63": 0.9129039455580766, "65": 0.9988882682104072, "69": 0.7451525819373325, "74": 0.981232131685918, "79": 0.9865001752117635, "83": 0.9096911896636037, "86": 0.7010120954522201, "91": 0.7782912029730289, "80": 0.8720945545738419, "82": 0.8830833783478265, "87": 0.5120501550986825, "88": 0.8655817455287372, "90": 0.9432447077790973, "97": -0.2533528214200177, "53": 0.967905757640733, "54": 0.9777812587919528, "67": -0.0475896289864841, "68": 0.8463778409804674, "75": 0.9865001752117635, "84": 0.9713595535558777, "85": 0.8697134878509117, "95": 0.9983737266052923, "103": 0.9335934621781633, "108": 0.3484906348568889, "126": 0.9181169426857589, "138": 0.9592332369017739, "140": 0.8647325169518429, "141": 0.7818255438676718, "143": 0.981232131685918, "146": 0.8474717402323714, "147": 0.22750510692011722, "148": 0.7002029063388291, "111": 0.832860782860757, "112": 0.8213445434803914, "113": 0.9687175705183642, "114": 0.9865001752117635, "128": 0.8655817455287372, "136": 0.8775265032524076, "139": 0.9687175705183642, "142": 0.7455178726548266, "102": 0.9687175705183642, "116": 0.8830833783478265, "119": 0.37518579096147253, "121": 0.46259834641736297, "122": 0.5410752967980765, "123": 0.9090796779337953, "124": 0.9750826465612488, "104": 0.9949767420272078, "107": 0.8311229959955457, "134": 0.5560960332074883, "100": 0.8720945545738419, "101": 0.9713595535558777, "129": 0.9687175705183642, "130": 0.8446352867590317, "105": 0.9335934621781633, "110": 0.6082976936329352, "118": 0.9949767420272078, "125": 0.9129039455580766, "144": 0.7681811675268843, "109": 0.8720945545738419, "127": 0.942923417458683, "132": 0.8164440519992329, "115": 0.758082860961826, "137": 0.5090991786701287, "106": 0.8756754309304606, "135": 0.8720945545738419, "120": 0.8794961698328488, "131": 0.513813475465354, "117": 0.9884989516004242, "133": 0.8830833783478265, "145": 0.7608528783887835, "156": 0.7876873771180102, "163": 0.47019651633395976, "179": -0.22453305778075794, "184": 0.6707525024355232, "186": 0.3250068372694748, "178": 0.9340071081722181, "181": 0.8841669172681577, "182": 0.9485822131185805, "183": 0.7365398254287008, "193": 0.9907737289176031, "158": 0.9507422463744685, "165": 0.9687175705183642, "166": 0.33447235262622044, "168": 0.8978997239936704, "190": 0.9106350948332524, "196": 0.3638685171228976, "164": 0.9672145785527155, "169": 0.8463778409804674, "174": 0.901748777249892, "185": 0.9830954797357201, "157": 0.981232131685918, "173": 0.963944995920045, "192": 0.9425128577246487, "151": 0.9884989516004242, "180": 0.9988882682104072, "159": 0.9006714259588862, "161": 0.9140329995531735, "162": 0.9449277469107293, "170": 0.8116099358704894, "172": 0.6443955829734422, "177": 0.9361488673595424, "187": 0.8830833783478265, "194": 0.7463891963544116, "198": 0.6073028217056597, "150": 0.857573582155259, "188": 0.8633609943122329, "197": 0.9403846533518059, "153": 0.981232131685918, "189": 0.9687175705183642, "195": 0.7608528783887835, "154": 0.607632134666684, "191": 0.9140329995531735, "171": 0.6169382346452834, "212": 0.9704631291335517, "228": 0.9141130735845608, "230": 0.5808446707006777, "210": 0.9129039455580766, "246": 0.9573363750671867, "248": 0.755624396945163, "202": 0.9090796779337953, "236": 0.8188773417294917, "206": 0.8757464117156971, "221": 0.8114932995709736, "231": 0.9304763003992487, "232": 0.9477068043036703, "244": 0.21809268916272456, "224": 0.6082976936329352, "225": 0.941544463957757, "241": 0.714638999485179, "242": 0.9327349011946073, "226": 0.6733559840239098, "229": 0.7937749024224716, "249": 0.9140329995531735, "214": 0.9140329995531735, "220": 0.9213548555104247, "222": 0.6258554352216742, "209": 0.5625549231129263, "227": 0.9691939465332382, "200": 0.9884989516004242, "286": 0.513813475465354, "282": 0.8950225771487155, "259": 0.7878969237776184, "252": 0.7787939383162538, "274": 0.8862374456360023, "279": 0.8615112575471175, "149": 0.9678668528384635, "294": 0.835973949185624, "254": 0.9830954797357201, "264": 0.9140329995531735, "256": 0.5270261815397639, "261": -0.21668102704971381, "167": 0.9304763003992487, "155": 0.8720945545738419, "152": 0.9140329995531735, "312": 0.9140329995531735, "314": 0.9573363750671867, "160": 0.8164440519992329, "366": 0.9884989516004242, "175": 0.07072481377475973, "176": 0.3885201854651707, "199": 0.3885201854651707, "205": 0.9140329995531735, "208": 0.938598859247602, "238": 0.6779204832324099, "234": 0.6196188954656859, "239": 0.8927373892128565, "201": 0.9687175705183642, "203": 0.3638685171228976, "207": 0.43164915495830813, "219": 0.9140329995531735, "235": 0.9801948925335262, "237": 0.8326498605592623, "247": 0.9403846533518059, "215": 0.9140329995531735, "218": 0.9203831177928425, "223": 0.8254113057645542, "233": 0.6073028217056597, "243": 0.7365398254287008, "211": 0.412699862688956, "204": 0.6593315186139259, "213": 0.8645321962681458, "245": 0.9830954797357201, "240": 0.8841669172681577, "216": 0.37540567929468754, "217": 0.8720945545738419, "284": 0.9415328181544287, "287": 0.9335934621781633, "253": 0.9140329995531735, "258": 0.5247711758674, "272": 0.9189796994070691, "276": 0.6073028217056597, "255": 0.9453520912576178, "295": 0.9441981666461794, "298": 0.733402937629024, "257": 0.9691939465332382, "265": 0.7590614134524081, "271": 0.8311229959955457, "262": 0.6546197887357748, "263": 0.3484906348568889, "266": 0.5808446707006777, "288": 0.5778111925051272, "292": -0.27496486801528375, "275": 0.8766368960345676, "277": 0.8578743929671235, "285": 0.8311885415906948, "293": 0.1661445520226371, "299": 0.941952435588411, "250": 0.6526061874683491, "270": 0.8377884954101573, "260": 0.8866979708583935, "273": 0.9573363750671867, "280": 0.8794961698328488, "289": 0.9691939465332382, "281": 0.523868503082112, "267": 0.866299782057011, "297": 0.2384189976928957, "268": 0.7260287547211197, "251": 0.5808446707006777, "269": 0.8244851953009145, "278": 0.8365170505443663, "291": 0.9988882682104072,