{"0": 0.32800568547772624, "1": 0.9021221516449848, "2": 0.8192778384406973, "3": 0.8655817455287372, "4": 0.9198203348585381, "5": 0.7782912029730289, "6": 0.24030259845461333, "7": 0.25858000836424255, "8": 0.23032766890594292, "9": 0.6597170736231901, "10": 0.5247123185998133, "11": 0.9212696731928448, "12": 0.37125412886445885, "13": 0.9704814302099272, "14": 0.8737673884645086, "15": 0.9414322395045465, "16": 0.9217586009312606, "17": 0.799615023321244, "18": 0.8463778409804674, "19": 0.6487520872752499, "20": 0.8475814908605418, "21": 0.6971667664257253, "22": -0.14053286535337214, "23": 0.48113657271127597, "24": 0.5198685220641122, "25": 0.9093223456592029, "26": 0.978789337755493, "27": 0.23870224220863606, "28": 0.20641358651095307, "29": 0.5571774282145698, "30": 0.2667876912297211, "31": 0.8016408203693159, "32": 0.9204330867250647, "33": 0.757604564146452, "34": 0.6815660531926984, "35": 0.8366841729045951, "36": 0.4666400409189885, "37": 0.7923975123858403, "38": 0.20719309844180892, "40": 0.9949767420272078, "41": 0.8311229959955457, "43": 0.7466890867450248, "44": 0.901748777249892, "45": 0.7570745990904548, "46": 0.8697134878509117, "47": 0.9983737266052923, "48": 0.7075546733458378, "49": 0.8809396244696035, "50": 0.9711625608873772, "51": 0.6232114157388773, "52": 0.9053622125320325, "59": 0.31783306658676724, "61": 0.9949767420272078, "62": 0.6526061874683491, "64": 0.6733559840239098, "66": -0.03156587147432149, "70": 0.8858908275361402, "71": 0.5865887341922378, "72": 0.7669301099235952, "73": 0.5120501550986825, "76": 0.8756754309304606, "77": 0.832860782860757, "78": 0.6835690921803521, "81": 0.7862274810926864, "89": 0.839959919104204, "92": 0.8720945545738419, "93": 0.8720945545738419, "94": 0.9213548555104247, "96": -0.0947404194997906, "98": 0.9129039455580766, "99": 0.9700371969819471, "39": 0.9472676651898911, "42": 0.8444621505000198, "55": 0.9983737266052923, "56": 0.921999206994456, "57": 0.5685866553822061, "58": 0.6821030813261982, "60": 0.7010120954522201, "63": 0.8333468763597425, "65": 0.9204330867250647, "69": 0.981232131685918, "74": 0.860701741701506, "79": 0.34384838052099814, "83": 0.6529521211598439, "86": 0.03905905308852222, "91": 0.7425417598060612, "80": 0.9335934621781633, "82": 0.5632043443896786, "87": 0.9180753773976005, "88": 0.9335934621781633, "90": 0.9476023808238805, "97": 0.8756754309304606, "53": 0.6196188954656859, "68": 0.9141130735845608, "84": 0.8766664135836837, "85": 0.37540567929468754, "75": 0.9315684879650371, "54": 0.29717544569569176, "67": 0.9476023808238805, "95": 0.7010120954522201, "103": 0.9713595535558777, "108": 0.9865001752117635, "126": 0.9141130735845608, "138": 0.8316076253923786, "140": 0.5294447108015252, "141": 0.8953599538075763, "143": 0.9488360901438864, "146": 0.967905757640733, "147": 0.7010120954522201, "148": 0.1975043325266742, "111": 0.684961249623832, "112": 0.9488360901438864, "113": 0.9573146345238671, "114": 0.8070834178164799, "128": 0.5297737298731026, "136": 0.8589971965667043, "139": 0.981232131685918, "142": 0.8943679502262056, "102": 0.7646757269224965, "116": 0.9884989516004242, "119": 0.000722957805710489, "121": 0.3839454542936762, "122": 0.8720945545738419, "123": 0.8374957311247626, "124": 0.6062130938969661, "104": 0.9006714259588862, "107": 0.9488360901438864, "134": 0.5329104359240064, "100": 0.6013506347590544, "101": -0.1752464829013728, "129": 0.9449277469107293, "130": 0.9687175705183642, "105": 0.9644804896774047, "110": 0.981232131685918, "118": 0.5320489077677621, "125": 0.9687175705183642, "144": 0.6160150566261295, "109": 0.9114128703941509, "127": 0.8292426892435174, "132": 0.8188900965732564, "115": 0.3748792385214547, "137": 0.4771176161380535, "106": 0.6645511274365897, "135": 0.8727754159158532, "120": 0.7782912029730289, "131": 0.8124465791272606, "117": 0.7394250696703724, "133": 0.8311229959955457, "145": 0.981232131685918, "156": 0.9635051318471994, "163": 0.9687175705183642, "179": 0.8395211080510254, "184": 0.7849001521249795, "186": 0.8666290768872845, "178": 0.45446372755454767, "181": 0.7116043175588809, "182": 0.47708520050579395, "183": 0.980133147923703, "193": 0.14449678458109552, "158": 0.7844309628805703, "165": 0.8995238736482618, "166": 0.7782912029730289, "168": 0.7305514647313376, "190": 0.9771451713702621, "196": 0.8082330624161995, "164": 0.7782912029730289, "169": 0.9201700234275214, "174": 0.19656059405019172, "185": 0.6073028217056597, "157": 0.1975043325266742, "173": 0.6082976936329352, "192": 0.8953599538075763, "151": 0.9247973727072252, "180": 0.7782912029730289, "159": 0.17701882824091913, "161": 0.8386443644739268, "162": 0.8794961698328488, "170": 0.8126882480754825, "172": 0.9006714259588862, "177": 0.39228390996648943, "187": 0.9214941663381312, "194": 0.8933491304844663, "198": 0.6382353281605437, "150": 0.8394885437480385, "188": 0.34640503225766095, "197": 0.9656330289232972, "153": 0.5602318511925755, "189": 0.5837070698209988, "195": 0.89944571787745, "154": 0.5921071972552718, "191": 0.5862366567067023, "171": 0.5852031930271417, "212": 0.9865001752117635, "228": 0.9000543078507882, "230": 0.9687175705183642, "210": 0.8980219409923789, "246": 0.8720945545738419, "248": 0.9335934621781633, "202": 0.9091726585479631, "236": 0.614315707939549, "206": 0.7955272601359307, "221": 0.9949767420272078, "231": 0.9667771893756375, "232": 0.14449678458109552, "244": 0.5830765794498906, "224": 0.9477068043036703, "225": 0.9006714259588862, "241": 0.9865001752117635, "242": 0.7002029063388291, "226": 0.9090796779337953, "229": 0.7818255438676718, "249": 0.8311229959955457, "214": 0.8720945545738419, "220": -0.14932931480824793, "222": 0.9988882682104072, "209": 0.9901079757944491, "227": 0.9713595535558777, "200": 0.9901079757944491, "286": 0.9013207959089523, "282": 0.7955272601359307, "259": 0.9006714259588862, "252": 0.8311229959955457, "274": 0.8794961698328488, "279": 0.8311229959955457, "149": 0.6528908092686931, "294": 0.8794961698328488, "254": 0.6526061874683491, "264": 0.9648177708588577, "256": 0.9988882682104072, "261": 0.9453520912576178, "167": 0.8463990518992994, "155": 0.9140329995531735, "152": 0.8756754309304606, "312": 0.523868503082112, "314": 0.9573363750671867, "160": 0.613286290382963, "366": 0.9884989516004242, "175": 0.9090796779337953, "199": 0.894303994848866}