{"0": 0.9825033311030087, "1": 0.3014277915473468, "2": 0.8261204300060645, "3": 0.6258554633767097, "4": 0.887165389288749, "5": 0.9472676651898911, "6": 0.32839649378291347, "7": 0.31828426542081656, "8": 0.1587121696453745, "9": 0.9129039455580766, "10": 0.6082976936329352, "11": 0.8642743915411626, "12": 0.8188763159117212, "13": 0.7010120954522201, "14": 0.4510683152163476, "15": 0.8192778384406973, "16": 0.9032542924194478, "17": 0.967905757640733, "18": 0.3718219054649531, "19": 0.9611112925392533, "20": 0.61468006592553, "21": 0.9493540059122985, "22": 0.9949767420272078, "23": 0.978789337755493, "24": 0.9304763003992487, "25": 0.9865001752117635, "26": 0.967905757640733, "27": 0.15190859917209293, "28": 0.9379077013668591, "29": 0.9282092094984904, "30": 0.9316966264562736, "31": 0.9217586009312606, "32": 0.6790385852091951, "33": 0.2011426332164294, "34": 0.9949767420272078, "35": 0.7074730589568028, "36": 0.8901181774328012, "37": 0.7552021866427394, "38": 0.3692037759871498, "40": 0.719910978946961, "41": 0.9345159602190648, "43": 0.832860782860757, "44": 0.3641110015527814, "45": 0.8124465791272606, "46": 0.9210822539726788, "47": 0.8188763159117212, "48": 0.9006714259588862, "49": 0.8333468763597427, "50": 0.7950571195827062, "51": 0.7451525819373325, "52": 0.39841680683183134, "59": 0.9983737266052923, "61": 0.07191611794253688, "62": 0.8830833783478265, "64": 0.832860782860757, "66": 0.9983737266052923, "70": 0.6061367038825813, "71": 0.36806161337201504, "72": 0.981232131685918, "73": 0.8311229959955457, "76": 0.7010120954522201, "77": 0.9216100146884108, "78": 0.7416834841216055, "81": 0.9709483288034012, "89": 0.557010402473584, "92": 0.981232131685918, "93": 0.8366841729045951, "94": 0.8140041516556153, "96": 0.832860782860757, "98": 0.8366841729045951, "99": 0.8830833783478265, "39": 0.8748517567091141, "42": 0.7619300965699776, "55": 0.9865001752117635, "56": 0.9472676651898911, "57": 0.14644603093131614, "58": 0.9121159909623718, "60": 0.9045997992036547, "63": 0.8720945545738419, "65": 0.7465324175945142, "69": 0.5436761560228964, "74": 0.2011426332164294, "79": 0.9476023808238805, "83": 0.6061367038825813, "86": 0.757604564146452, "91": 0.7466890867450248, "80": 0.8701565735420997, "82": 0.8553894114879451, "87": 0.8705595318762438, "88": 0.24012915352869352, "90": 0.6060565119318428, "97": 0.8366841729045951, "53": 0.8333468763597425, "54": 0.9072409240804903, "67": 0.7931753771920018, "68": 0.9691939465332382, "75": 0.8830833783478265, "84": 0.9884989516004242, "85": 0.0882759782354223, "95": 0.8506684030584353, "103": 0.5659285638320148, "108": 0.7347080140608452, "126": 0.5410752967980765, "138": 0.8555364444457623, "140": 0.9988882682104072, "141": 0.9141130735845608, "143": 0.9988882682104072, "146": 0.9687175705183642, "147": 0.8316076253923786, "148": -0.027144066241102993, "111": 0.39940716060681336, "112": 0.9713595535558777, "113": 0.6852309177799163, "114": 0.23032766890594292, "128": 0.8655817455287372, "136": 0.9592332369017739, "139": 0.5172920858213403, "142": 0.9988882682104072, "102": 0.8231910663231381, "116": 0.5995738332044356, "119": 0.9129039455580766, "121": 0.8622073344390461, "122": 0.7588531734461804, "123": 0.5189018087416599, "124": 0.808470323295807, "104": 0.9436234178737084, "107": 0.6678093024213296, "134": 0.6013506347590544, "100": 0.9644804896774047, "101": 0.7451525819373325, "129": 0.42624125466833984, "130": 0.8016408203693158, "105": 0.8335221325500973, "110": 0.9865001752117635, "118": 0.8720945545738419, "125": 0.981232131685918, "144": 0.8054365767300854, "109": 0.9488360901438864, "127": 0.9488360901438864, "132": 0.8366841729045951, "115": 0.7449588556572684, "137": 0.9713595535558777, "106": 0.8909116136667745, "135": 0.8188763159117212, "120": 0.9488360901438864, "131": 0.9335934621781633, "117": 0.48607992823877844, "133": 0.9687175705183642, "145": 0.8107067509893282, "156": 0.9710685701243187, "163": 0.8316076253923786, "179": 0.8581123213062767, "184": 0.9335934621781633, "186": 0.9141130735845608, "178": 0.146492624805786, "181": 0.901748777249892, "182": 0.8362526368834231, "183": 0.8891908864944287, "193": 0.8775265032524076, "158": 0.7010120954522201, "165": 0.6284436739232024, "166": 0.9217455898854673, "168": 0.2958912091038236, "190": 0.904455383433035, "196": 0.7634150330236524, "164": 0.5052420262834757, "169": 0.7782912029730289, "174": 0.9884989516004242, "185": 0.9509518987775469, "157": 0.9841007503796968, "173": 0.8720945545738419, "192": 0.657525869929417, "151": 0.8190902346422497, "180": 0.7064838289458171, "159": 0.9687175705183642, "161": 0.6733213007476928, "162": 0.9687175705183642, "170": 0.8070834178164799, "172": 0.9642811283825925, "177": 0.9830954797357201, "187": 0.978789337755493, "194": 0.7168071503936716, "198": -0.27496486801528375, "150": 0.8720945545738419, "188": 0.607632134666684, "197": 0.9140329995531735, "153": 0.9141130735845608, "189": 0.980133147923703, "195": 0.9090796779337953, "154": 0.1975043325266742, "191": 0.8273706132930512, "171": 0.9988882682104072, "212": 0.6591789625059177, "228": 0.9473892126416081, "230": 0.24396959644417837, "210": 0.8711994502463034, "246": 0.6975997234153776, "248": 0.9006714259588862, "202": 0.9090796779337953, "236": 0.3829521865542991, "206": 0.9149068217490111, "221": 0.7915566846805993, "231": 0.828507570283525, "232": 0.733402937629024, "244": 0.9140329995531735, "224": 0.37540567929468754, "225": 0.943959991281367, "241": 0.6733559840239098, "242": 0.6190373563490934, "226": 0.24629622076075364, "229": 0.646861481888835, "249": 0.9129039455580766, "214": 0.8720945545738419, "220": 0.6447685094235516, "222": 0.9304763003992487, "209": 0.9140329995531735, "227": 0.980133147923703, "200": 0.14449678458109552, "286": 0.9013207959089523, "282": 0.9314833740175863, "259": 0.6073028217056597, "252": -0.03156587147432149, "274": 0.8862374456360023, "279": 0.9830954797357201, "149": 0.9687175705183642, "294": 0.835973949185624, "254": 0.6526061874683491, "264": 0.9687175705183642, "256": 0.8126874765373676, "261": 0.7365398254287008, "167": 0.9140329995531735, "155": 0.5292378121730696, "152": 0.8126663064387858, "312": 0.523868503082112, "314": 0.9573363750671867, "160": 0.7466890867450248, "366": 0.9884989516004242, "175": 0.6967298251361915, "176": 0.696647049716052, "199": 0.8615112575471175, "205": 0.9559398348927166, "208": 0.48543551194910384, "238": 0.5550045090805424, "234": 0.46917666503516814, "239": 0.8615112575471175, "201": 0.8860123134002156, "203": 0.9300887168309432, "207": 0.7849001521249795, "219": 0.4409332562501549, "235": 0.6258554352216742, "237": 0.8135950575372952, "247": 0.8711994502463034, "215": 0.9076921288462475, "218": 0.9335934621781633, "223": -0.27496486801528375, "233": 0.9691939465332382, "243": 0.8463778409804674, "211": 0.1478250271940076, "204": 0.8841669172681577, "213": 0.808470323295807, "245": 0.9141130735845608, "240": 0.2824146753526082, "216": 0.826978145742863, "217": 0.9592332369017739, "284": 0.9335934621781633, "287": 0.733402937629024, "253": 0.5513144173319915, "258": 0.9252433584349254, "272": 0.7782912029730289, "276": 0.7545026222604149, "255": 0.9140329995531735, "295": 0.6526061874683491, "298": 0.5808446707006777, "257": 0.9988882682104072, "265": 0.9830954797357201, "271": 0.6502229385262122, "262": 0.5808446707006777, "263": 0.8333468763597425, "266": 0.9335934621781633, "288": 0.9830954797357201, "292": 0.8841669172681577, "275": 0.33447235262622044, "277": 0.6999024934303189, "285": 0.5703945542091542, "293": 0.7466890867450248, "299": 0.3885201854651707, "250": 0.9884989516004242, "270": 0.9691939465332382, "260": 0.9830954797357201, "273": 0.607632134666684, "280": 0.8370569314040022, "289": 0.9485822131185805, "281": 0.7673100521566578}