{"0": 0.5292378121730696, "1": 0.869170515593214, "2": 0.43337045156477605, "3": 0.6778919263297521, "4": 0.5968611232684455, "5": 0.7866875579257706, "6": 0.27361805570435394, "7": 0.9021221516449848, "8": 0.7856312790148056, "9": 0.48113657271127597, "10": 0.8960944809249964, "11": 0.9141130735845608, "12": 0.5514547256137492, "13": 0.5247123185998133, "14": 0.7637396974633953, "15": 0.4183847681953678, "16": 0.9093223456592029, "17": 0.4439934465942024, "18": 0.6487520872752499, "19": 0.9949767420272078, "20": 0.34012190477210724, "21": 0.6260072594908512, "22": 0.7146389994851791, "23": 0.5558901920474175, "24": 0.6402017302044994, "25": 0.6491935015945167, "26": 0.8548035947651276, "27": 0.25215862855249815, "28": 0.9865001752117635, "29": 0.6258554352216742, "30": 0.9051277537243145, "31": 0.41247311771951933, "32": 0.9217586009312606, "33": 0.8475814908605418, "34": 0.7906597584939011, "35": 0.943959991281367, "36": 0.6526061874683491, "37": 0.6749877137306347, "38": 0.9983737266052923, "39": 0.8192778384406973, "40": 0.8928144447523121, "42": 0.8128551965592921, "43": 0.8646846833957632, "45": 0.5142166931117581, "46": 0.6131014408222359, "47": 0.37540567929468754, "48": 0.7849634154001839, "49": 0.8444621505000198, "52": 0.5198685220641122, "54": 0.8216912714609571, "55": 0.9315684879650371, "56": 0.26136390952185357, "58": 0.9053622125320325, "59": 0.35350877660325264, "60": 0.6929517111605159, "61": -0.028515373660662067, "62": 0.7405875688417289, "63": 0.6598909481939857, "65": 0.8809396244696035, "66": 0.6685812721607511, "67": 0.6939329008887929, "68": 0.981232131685918, "69": 0.09323321998798931, "71": 0.921999206994456, "73": 0.786073587479017, "74": -0.0947404194997906, "75": 0.8311229959955457, "76": 0.7010120954522201, "77": 0.5685866553822061, "78": 0.9711625608873772, "82": 0.9709483288034012, "83": 0.24238826547043013, "84": 0.9476023808238805, "85": 0.9713595535558777, "86": 0.8756754309304606, "87": 0.34384838052099814, "89": 0.7622455899458798, "90": 0.9114128703941509, "91": 0.8318281728909652, "92": 0.7075546733458378, "93": 0.7646757269224965, "95": 0.8292426892435174, "96": 0.6733559840239098, "97": 0.9335934621781633, "98": 0.781172442358752}