{"0": 0.7979756133661735, "1": 0.27556971083651194, "2": 0.8279295608295076, "3": 0.9072113016789374, "4": 0.7466890867450248, "5": 0.5358827365043197, "6": 0.4957161148409381, "7": 0.585586251779141, "8": 0.7612304969707144, "9": 0.7352782105863704, "10": 0.9983737266052923, "11": 0.6920549802616333, "12": 0.9687175705183642, "13": 0.8229848270258664, "14": 0.5769105002363438, "15": 0.9865001752117635, "16": 0.525027673004182, "17": 0.7938989570177452, "18": 0.5688647017477064, "19": 0.9949767420272078, "20": 0.9217586009312606, "21": 0.8799328852451433, "22": 0.8720945545738419, "23": 0.13996267342281926, "24": 0.7709655471410095, "25": 0.7470023565807672, "26": 0.6549769206720786, "27": 0.9043006236444636, "28": 0.6260072594908512, "29": 0.7628314984505666, "30": 0.5074656909858144, "31": 0.3446892867211994, "32": 0.42222823028159734, "33": 0.6284436739232024, "34": 0.7922922652948766, "35": 0.9687370516063287, "36": 0.338420442051034, "37": 0.20641358651095307, "38": 0.9180753773976005, "40": 0.9013207959089523, "41": 0.9230319437857271, "43": 0.6260072594908512, "44": 0.3322551804276054, "45": 0.9011947454959313, "46": 0.5765726346933884, "47": 0.25265956688264923, "48": 0.48749523498429354, "49": 0.9865001752117635, "50": 0.3230180747831882, "51": 0.7931670630448308, "52": 0.7010120954522201, "59": 0.9709483288034012, "61": 0.4089656767729317, "62": 0.7776494649834338, "64": 0.12626920902990107, "66": 0.8056392571657651, "70": 0.6645511274365897, "71": 0.4158985613360686, "72": 0.633784940606009, "73": 0.655536784400517, "76": 0.8546179968153367, "77": 0.9592332369017739, "78": 0.7789757637565993, "81": 0.8830281235644627, "89": 0.9477652407594188, "92": 0.981232131685918, "93": 0.47019651633395976, "94": 0.6830788192248078, "96": 0.9488360901438864, "98": 0.9476023808238805, "99": 0.7885522621390362, "39": 0.9949767420272078, "42": 0.7831581017980025, "55": 0.853999572365411, "56": 0.7669301099235952, "57": 0.7972532366583215, "58": 0.6757514758563474, "60": 0.4055823372986284, "63": 0.8366841729045951, "65": 0.3512095702118876, "69": 0.3716638341211952, "74": 0.9472676651898911, "79": 0.8720945545738419, "83": 0.9180753773976005, "86": 0.6796756543690005, "91": 0.6312315422576709, "80": 0.757604564146452, "82": 0.7782912029730289, "87": 0.9711625608873772, "88": 0.9217586009312606, "90": 0.6805693877472758, "97": 0.921999206994456, "53": 0.7336565076444184, "68": 0.7658701887411197, "84": 0.9712097172582024, "85": 0.980133147923703, "75": 0.9462769360884645, "54": 0.9865001752117635, "67": 0.5270002537171506, "95": 0.2586327185202584, "103": 0.757604564146452, "108": 0.8720945545738419, "126": 0.9180753773976005, "138": 0.8873457166913381, "140": 0.8878011756923945, "141": 0.9196762676827337, "143": 0.9472676651898911, "146": 0.980133147923703, "147": 0.6246811784963128, "148": 0.8756754309304606, "111": 0.4246782302250556, "112": 0.5029843156521154, "113": 0.91973696338273, "114": 0.6017735393995904, "128": 0.620564581296107, "136": 0.9142951613245062, "139": 0.42466946703894093, "142": 0.5685866553822061, "102": 0.8855337795628653, "116": 0.980133147923703, "119": 0.8080310602196785, "121": 0.9316966264562736, "122": 0.9180753773976005, "123": 0.3956403970145097, "124": 0.5676441731023765, "104": 0.873278931427876, "107": 0.3673007939387126, "134": 0.841121674857908, "100": 0.8440528819912727, "101": 0.7053250850897668, "129": 0.5619661924945494, "130": 0.978789337755493, "105": 0.9204330867250647, "110": 0.9128703755663823, "118": 0.3014277915473468, "125": 0.7075546733458378, "144": 0.7138505591216038, "109": 0.9204330867250647, "127": 0.8860465812167931, "132": 0.9071511065312315, "115": 0.30624158554172143, "137": 0.525027673004182, "106": 0.9488360901438864, "135": 0.8798222729324074, "120": 0.5360576906024298, "131": 0.6370002213086277, "117": 0.8756754309304606, "133": 0.9252433584349254, "145": 0.7896614409125986, "156": 0.9573363750671867, "163": 0.9865001752117635, "179": 0.920017648857659, "184": 0.8213445434803914, "186": 0.9892581571897634, "178": 0.9949767420272078, "181": 0.8213445434803914, "182": 0.8978997239936704, "183": 0.9865001752117635, "193": 0.8983851212872435, "158": 0.9713595535558777, "165": 0.8688965644538921, "166": 0.8830833783478265, "168": 0.981232131685918, "190": 0.8533643694982009, "196": 0.9140329995531735, "164": 0.9865001752117635, "169": 0.9573363750671867, "174": 0.9988882682104072, "185": 0.3885201854651707, "157": 0.9983737266052923, "173": 0.9865001752117635, "192": 0.9472676651898911, "151": 0.9830954797357201, "180": 0.9074541861500449, "159": 0.9949767420272078, "161": 0.9140329995531735, "162": 0.8794961698328488, "170": 0.981232131685918, "172": 0.9983737266052923, "177": 0.9709483288034012, "187": 0.9335934621781633, "194": 0.8446352867590317, "198": 0.9687175705183642, "150": 0.7787939383162538, "188": 0.9672702438730358, "197": 0.9983737266052923, "153": 0.8446352867590317, "189": 0.23032766890594292, "195": 0.9472676651898911, "154": 0.8463778409804674, "191": 0.9140329995531735, "171": -0.0475896289864841, "212": 0.9865001752117635, "228": 0.9000543078507882, "230": 0.9687175705183642, "210": 0.8980219409923789, "246": 0.8720945545738419, "248": 0.9335934621781633, "202": 0.9091726585479631, "236": 0.614315707939549, "206": 0.7955272601359307, "221": 0.9949767420272078, "231": 0.9667771893756375, "232": 0.14449678458109552, "244": 0.5830765794498906, "224": 0.9477068043036703, "225": 0.9006714259588862, "241": 0.9865001752117635, "242": 0.7002029063388291, "226": 0.9090796779337953, "229": 0.7818255438676718, "249": 0.8311229959955457, "214": 0.8720945545738419, "220": -0.14932931480824793, "222": 0.9988882682104072, "209": 0.9901079757944491, "227": 0.9713595535558777, "200": 0.9901079757944491, "286": 0.9013207959089523, "282": 0.7955272601359307, "259": 0.9006714259588862, "252": 0.8311229959955457, "274": 0.8794961698328488, "279": 0.8311229959955457, "149": 0.5710752585811706, "294": 0.8794961698328488, "254": 0.6526061874683491, "264": 0.9648177708588577, "256": 0.9988882682104072, "261": 0.9453520912576178, "167": 0.8311229959955457, "155": 0.3690962936014758, "152": 0.6082976936329352, "312": 0.523868503082112, "314": 0.9573363750671867, "160": 0.9983737266052923, "366": 0.9884989516004242}