{"0": 0.8311229959955457, "1": 0.8536357420102894, "2": 0.6821030813261982, "3": 0.9097043845728758, "4": 0.5229758982829715, "5": 0.9140329995531735, "6": 0.9201356181422267, "7": 0.8737673884645086, "8": 0.8809396244696035, "9": 0.19656059405019172, "10": 0.8261204300060645, "11": 0.8192778384406973, "12": 0.5283044122876839, "13": 0.9477068043036703, "14": 0.5968611232684455, "15": 0.6236955654053149, "16": 0.978789337755493, "17": 0.9087732864468079, "18": 0.901748777249892, "19": 0.9901079757944491, "20": 0.706311419275102, "21": 0.9777812587919528, "22": -0.27496486801528375, "23": 0.1416938655417028, "24": 0.5358827365043197, "25": 0.7782912029730289, "26": 0.9587780833337113, "27": 0.6526061874683491, "28": 0.8192778384406973, "29": 0.7048906940200077, "30": 0.942923417458683, "31": 0.981232131685918, "32": 0.9204330867250647, "33": -0.0475896289864841, "34": 0.9477068043036703, "35": 0.9356657607132645, "36": 0.8188773417294917, "37": 0.8830833783478265, "38": 0.8311229959955457, "40": 0.7466890867450248, "41": 0.9432447077790973, "43": 0.9490615228462083, "44": 0.9472676651898911, "45": 0.9983737266052923, "46": 0.47375041638672777, "47": 0.757604564146452, "48": 0.9013207959089523, "49": 0.967905757640733, "50": 0.684961249623832, "51": 0.8333468763597425, "52": 0.14449678458109552, "59": 0.3926925160356013, "61": 0.8188773417294917, "62": 0.981232131685918, "64": 0.9687175705183642, "66": 0.981232131685918, "70": 0.9472676651898911, "71": 0.9687175705183642, "72": 0.684961249623832, "73": 0.832860782860757, "76": 0.6082976936329352, "77": 0.8949211271494089, "78": 0.9713595535558777, "81": 0.7010120954522201, "89": 0.7116043175588809, "92": 0.8333468763597425, "93": 0.4715069132464545, "94": 0.8128551965592921, "96": 0.757604564146452, "98": 0.8463778409804674, "99": 0.23032766890594292, "39": 0.48607992823877844, "42": 0.9949767420272078, "55": 0.9074541861500449, "56": 0.9141130735845608, "57": 0.8697134878509117, "58": 0.901748777249892, "60": 0.9988882682104072, "63": 0.9983737266052923, "65": 0.7010120954522201, "69": 0.9949767420272078, "74": 0.832860782860757, "79": 0.8292426892435174, "83": 0.8863886563174445, "86": 0.6073028217056597, "91": -0.2533528214200177, "80": 0.9074541861500449, "82": 0.6821030813261982, "87": 0.8720945545738419, "88": -0.0475896289864841, "90": 0.9865001752117635, "97": 0.8463778409804674, "53": 0.5905357269786584, "68": 0.9865001752117635, "84": 0.8756754309304606, "85": 0.8311229959955457, "75": 0.684961249623832, "54": 0.6221959113137245, "67": 0.6236955654053149, "95": 0.9335934621781633, "103": 0.6284436739232024, "108": 0.34640503225766095, "126": 0.8947094453665592, "138": 0.9777812587919528, "140": 0.2764513757970675, "141": 0.5832430350496133, "143": 0.8655817455287372, "146": 0.43164915495830813, "147": 0.5264013485402372, "148": 0.49346563101175234, "111": 0.8655817455287372, "112": 0.8697134878509117, "113": 0.8688965644538921, "114": 0.8366841729045951, "128": 0.9415328181544287, "136": 0.5120501550986825, "139": 0.8454698261244565, "142": 0.9884989516004242, "102": 0.8366841729045951, "116": 0.9687175705183642, "119": 0.6082976936329352, "121": 0.7870072749384418, "122": 0.5952822573120176, "123": 0.8495818343982631, "124": 0.9771451713702621, "104": 0.9691939465332382, "107": 0.8688965644538921, "134": 0.9687175705183642, "100": 0.5808446707006777, "101": 0.9141130735845608, "129": 0.9129039455580766, "130": 0.9687175705183642, "105": 0.5659285638320148, "110": 0.8756754309304606, "118": 0.8366841729045951, "125": 0.8524734824738938, "144": 0.9830954797357201, "109": 0.9709483288034012, "127": 0.9687175705183642, "132": 0.9687175705183642, "115": 0.6082976936329352, "137": 0.841121674857908, "106": 0.9129039455580766, "135": 0.6082976936329352, "120": 0.9335934621781633, "131": 0.9143785161370213, "117": 0.5857510210481998, "133": 0.6284436739232024, "145": 0.1975043325266742, "156": 0.8953599538075763, "163": 0.1975043325266742, "179": 0.8841669172681577, "184": 0.8830833783478265, "186": 0.7010120954522201, "178": 0.8546179968153367, "181": 0.9713595535558777, "182": 0.8316076253923786, "183": 0.5755644776772454, "193": 0.839114566060567, "158": 0.8282394478824568, "165": 0.9453520912576178, "166": 0.9090796779337953, "168": 0.7116043175588809, "190": 0.9090796779337953, "196": 0.7010120954522201, "164": 0.9181169426857589, "169": 0.7816386235745061, "174": 0.9141130735845608, "185": 0.14449678458109552, "157": 0.9074541861500449, "173": 0.1975043325266742, "192": 0.839959919104204, "151": 0.8893648405821538, "180": 0.3536084322434721, "159": 0.7782912029730289, "161": 0.9412340596558337, "162": 0.8311229959955457, "170": 0.35221675076237335, "172": 0.9090796779337953, "177": 0.9090796779337953, "187": 0.4875398522263227, "194": 0.9587780833337113, "198": 0.9141130735845608, "150": 0.9713595535558777, "188": 0.8830833783478265, "197": 0.7595262677361023, "153": 0.665507628955559, "189": 0.6842440698002539, "195": 0.96706302647472, "154": 0.6487111246053656, "191": 0.967905757640733, "171": 0.8830833783478265, "212": 0.8760043149503279, "228": 0.89944571787745, "230": 0.6381460889283319, "210": 0.9140329995531735, "246": 0.8830486760003968, "248": 0.8737673884645086, "202": 0.3570064570565996, "236": 0.7744749744302012, "206": 0.8830833783478265, "221": 0.9090796779337953, "231": 0.5665553067893024, "232": 0.6413911019625415, "244": 0.6073028217056597, "224": 0.5629996344431778, "225": 0.9097043845728758, "241": 0.7466890867450248, "242": 0.5882357401842, "226": 0.9340071081722181, "229": 0.9516956831276682, "249": 0.8327306975726781, "214": 0.9592332369017739, "220": 0.9090796779337953, "222": 0.9335934621781633, "209": 0.7093816825109669, "227": 0.806096050308855, "200": 0.9456500726951311, "286": 0.832860782860757, "282": 0.20148949119367715, "259": 0.9327349011946073, "252": 0.9830954797357201, "274": 0.7122470025178034, "279": 0.9830954797357201, "149": 0.9488360901438864, "294": 0.3561555570194069, "254": 0.8466106287811068, "264": 0.7451525819373325, "256": 0.39302274430686235, "261": 0.9453520912576178, "167": 0.8601391183990965, "155": 0.8830833783478265, "152": 0.6196188954656859, "312": 0.523868503082112, "314": 0.9573363750671867, "160": 0.2728555992015512, "366": 0.9884989516004242, "175": 0.9006714259588862, "199": 0.981232131685918, "176": 0.8855949088103203, "211": 0.8235304974469049, "223": 0.6470048384473293, "234": 0.9485822131185805, "247": 0.9090796779337953, "208": -0.27496486801528375, "237": 0.967818415940856, "235": 0.8953599538075763, "205": 0.7466890867450248, "233": 0.9830954797357201, "243": 0.5645912220650979, "204": -0.27496486801528375, "238": 0.9493540059122985, "201": 0.9412340596558337, "215": 0.02052349269596156, "217": 0.14449678458109552, "216": 0.9691939465332382, "245": 0.9090796779337953, "203": 0.7782912029730289, "207": 0.8711994502463034, "218": 0.6073028217056597, "219": 0.90396514437471, "240": 0.16248869461772664, "239": 0.9626765078662243, "251": 0.7782912029730289, "262": 0.6487111246053656, "278": 0.9072409240804903, "284": 0.8794961698328488, "291": 0.8365170505443663, "295": 0.029618091260230885, "213": 0.8809389516283095, "267": 0.941544463957757, "268": 0.8757464117156971, "272": 0.9691939465332382, "298": 0.40785285803881755, "253": 0.9090796779337953, "266": 0.9713595535558777, "281": 0.9468306201969393, "293": 0.9016627608838315, "250": 0.9884989516004242, "257": 0.8000970944355277, "287": 0.3622776139425875, "297": 0.9140329995531735, "275": -0.2533528214200177, "299": 0.8446352867590317, "270": 0.609225864488296, "288": 0.27651093854946196, "265": -0.27496486801528375, "296": 0.8233785818459912, "255": 0.6284436739232024, "292": 0.8515136182280251, "260": 0.5808446707006777, "263": -0.27496486801528375, "277": 0.8711994502463034, "280": 0.6335425290632055, "285": 0.8990338733006693, "283": 0.9907737289176031, "290": 0.9403846533518059}