{"0": 0.47066488472412527, "1": 0.6409778466975327, "2": 0.901748777249892, "3": 0.8311229959955457, "4": 0.8016408203693159, "5": 0.8869698585879908, "6": 0.9243099830618586, "7": 0.9129039455580766, "8": 0.6526061874683491, "9": 0.8192778384406973, "10": 0.5968611232684455, "11": 0.9949767420272078, "12": 0.20719309844180892, "13": 0.11661037297160878, "14": 0.8615555957814991, "15": 0.3561555570194069, "16": 0.9771451713702621, "17": 0.8271072745261993, "18": 0.9093223456592029, "19": 0.9949767420272078, "20": 0.48113657271127597, "21": 0.5198685220641122, "22": 0.18293795068874083, "23": 0.6260072594908512, "24": 0.9217586009312606, "25": 0.9217586009312606, "26": 0.3505409246346395, "27": 0.9157957284855488, "28": 0.9180753773976005, "29": 0.9472676651898911, "30": 0.9021221516449848, "31": 0.839959919104204, "32": 0.11661037297160878, "33": 0.6559570466009135, "34": 0.9156189769121946, "35": 0.6313731905431029, "36": 0.9442464244826696, "37": 0.5246136140799351, "38": 0.29542639465187137, "40": 0.9709483288034012, "41": 0.2830268622747144, "43": 0.757604564146452, "44": 0.20719309844180892, "45": 0.8809396244696035, "46": 0.27655321067251715, "47": 0.6487520872752499, "48": 0.8333468763597425, "49": 0.44260974064371894, "50": 0.770746171470063, "51": 0.7466890867450248, "52": 0.8756754309304606, "59": 0.6451319466072196, "61": 0.9096911896636037, "62": 0.7849634154001839, "64": 0.7437328602714011, "66": 0.9865001752117635, "70": 0.9901079757944491, "71": 0.9687175705183642, "72": 0.8756754309304606, "73": 0.981232131685918, "76": 0.832860782860757, "77": 0.3492518542315439, "78": 0.921999206994456, "81": 0.9488360901438864, "89": 0.684961249623832, "92": 0.799615023321244, "93": 0.7782912029730289, "94": 0.8261204300060645, "96": 0.8128551965592921, "98": 0.8720945545738419, "99": 0.8601391183990965, "39": 0.9983737266052923, "42": 0.9711625608873772, "55": 0.8809396244696035, "56": 0.8795432167674053, "57": 0.8773368069598443, "58": 0.48084516537488614, "60": 0.7075546733458378, "63": 0.9432447077790973, "65": 0.6526061874683491, "69": 0.7010120954522201, "74": 0.9096911896636037, "79": 0.8128551965592921, "83": 0.9157957284855488, "86": 0.9141130735845608, "91": 0.23032766890594292, "80": 0.8727104168106703, "82": 0.8271072745261993, "87": 0.8333468763597425, "88": 0.9687175705183642, "90": 0.9476023808238805, "97": 0.2667876912297211, "53": 0.9204330867250647, "68": 0.14449678458109552, "84": 0.832860782860757, "85": 0.34384838052099814, "75": 0.3737322744505718, "54": 0.9476023808238805, "67": 0.7669301099235952, "95": 0.6356317056570246, "103": 0.9472676651898911, "108": 0.8455117632990026, "126": 0.9713595535558777, "138": 0.9488360901438864, "140": 0.5967447581926505, "141": 0.8953599538075763, "143": 0.42868250408610586, "146": 0.9180753773976005, "147": 0.30817201682038886, "148": 0.6196188954656859, "111": 0.9700371969819471, "112": 0.9309065637866576, "113": 0.38582423574507096, "114": 0.9114128703941509, "128": 0.9114128703941509, "136": 0.9140329995531735, "139": 0.981232131685918, "142": 0.9335934621781633, "102": 0.13159837270924202, "116": 0.6082976936329352, "119": 0.000722957805710489, "121": -0.0947404194997906, "122": 0.1533870193828016, "123": 0.9129039455580766, "124": 0.9713595535558777, "104": 0.5120501550986825, "107": 0.6791216122853688, "134": 0.8463778409804674, "100": 0.7913203075413664, "101": 0.8463778409804674, "129": 0.8126874765373676, "130": 0.7437328602714011, "105": 0.7010120954522201, "110": 0.8169683714073805, "118": 0.7449588556572684, "125": 0.9687175705183642, "144": -0.07310790845330156, "109": 0.8720945545738419, "127": 0.4279986689169599, "132": 0.8188900965732564, "115": 0.8720945545738419, "137": 0.48607992823877844, "106": -0.0947404194997906, "135": 0.8031888154399565, "120": 0.8440388082005676, "131": 0.6196188954656859, "117": 0.9298097197394065, "133": 0.9096911896636037, "145": 0.981232131685918, "156": 0.5120501550986825, "163": 0.980133147923703, "179": 0.8395211080510254, "184": 0.657525869929417, "186": 0.8666290768872845, "178": 0.45446372755454767, "181": 0.980133147923703, "182": 0.8601391183990965, "183": 0.9412340596558337, "193": 0.14449678458109552, "158": -0.03156587147432149, "165": 0.9712097172582024, "166": 0.8546179968153367, "168": 0.4286952217874857, "190": 0.9771451713702621, "196": 0.9024632801617234, "164": 0.47066488472412527, "169": 0.48607992823877844, "174": 0.020147251561369116, "185": 0.6073028217056597, "157": 0.7674305938762481, "173": 0.7782912029730289, "192": 0.8953599538075763, "151": 0.832860782860757, "180": 0.000722957805710489, "159": 0.17701882824091913, "161": 0.8386443644739268, "162": 0.8455117632990026, "170": 0.6082976936329352, "172": 0.9006714259588862, "177": 0.828543519837134, "187": 0.9214941663381312, "194": 0.8933491304844663, "198": 0.8433575706063836, "150": 0.5120501550986825, "188": 0.34640503225766095, "197": 0.8406743313786884, "153": 0.45462302888041795, "189": 0.9157957284855488, "195": 0.8062843276951492, "154": 0.263755577319145, "191": 0.5862366567067023, "171": 0.8261204300060645, "212": 0.9865001752117635, "228": 0.9000543078507882, "230": 0.9687175705183642, "210": 0.8980219409923789, "246": 0.8720945545738419, "248": 0.9335934621781633, "202": 0.9091726585479631, "236": 0.614315707939549, "206": 0.7955272601359307, "221": 0.9949767420272078, "231": 0.9667771893756375, "232": 0.14449678458109552, "244": 0.5830765794498906, "224": 0.9477068043036703, "225": 0.9006714259588862, "241": 0.9865001752117635, "242": 0.7002029063388291, "226": 0.9090796779337953, "229": 0.7818255438676718, "249": 0.8311229959955457, "214": 0.8720945545738419, "220": -0.14932931480824793, "222": 0.9988882682104072, "209": 0.9901079757944491, "227": 0.9713595535558777, "200": 0.9901079757944491, "286": 0.9013207959089523, "282": 0.7955272601359307, "259": 0.9006714259588862, "252": 0.8311229959955457, "274": 0.8794961698328488, "279": 0.8311229959955457, "149": 0.8870192884221564, "294": 0.8794961698328488, "254": 0.6526061874683491, "264": 0.9648177708588577, "256": 0.9988882682104072, "261": 0.9453520912576178, "167": 0.8292426892435174, "155": 0.9687175705183642, "152": 0.605840532100246, "312": 0.523868503082112, "314": 0.9573363750671867, "160": 0.000722957805710489, "366": 0.9884989516004242, "175": -0.2533528214200177, "199": 0.39467583264028283, "176": 0.7782912029730289}