{"0": 0.9472676651898911, "1": 0.691751106621022, "2": 0.8546179968153367, "3": 0.9021221516449848, "4": 0.5968611232684455, "5": 0.8192778384406973, "6": 0.8580092208542789, "7": 0.8937292646683588, "8": 0.3774406046051024, "9": 0.8444621505000198, "10": 0.46912644829314326, "11": 0.660673913766087, "12": 0.8807061007194629, "13": 0.9704814302099272, "14": 0.5756243688606466, "15": 0.8192778384406973, "16": 0.6733213007476928, "17": 0.6415605559254902, "18": 0.31334218706051065, "19": 0.7909358414504506, "20": 0.29542639465187137, "21": 0.5198685220641122, "22": 0.2667876912297211, "23": 0.7706541904344153, "24": 0.9093223456592029, "25": 0.9093223456592029, "26": 0.901748777249892, "27": 0.000722957805710489, "28": 0.6491935015945167, "29": 0.24629622076075364, "30": 0.48113657271127597, "31": 0.7849634154001839, "32": 0.8420777469697371, "33": 0.9217586009312606, "34": 0.8545885282580425, "35": 0.7637396974633953, "36": 0.8809396244696035, "37": 0.6526061874683491, "38": 0.9678668528384635, "40": 0.8311229959955457, "41": 0.6260072594908512, "43": 0.8646846833957632, "44": 0.6260072594908512, "45": 0.7449588556572684, "46": 0.8128551965592921, "47": 0.5120501550986825, "48": 0.8573514772568388, "49": 0.7425417598060612, "50": 0.9013207959089523, "51": 0.8333468763597425, "52": 0.9141130735845608, "59": 0.9713595535558777, "61": 0.8843497809749714, "62": 0.8697134878509117, "64": 0.7010120954522201, "66": 0.8720945545738419, "70": 0.48607992823877844, "71": 0.6733559840239098, "72": 0.9777812587919528, "73": 0.7793895778528257, "76": 0.9476023808238805, "77": 0.1416938655417028, "78": 0.6196188954656859, "81": 0.6526061874683491, "89": 0.981232131685918, "92": 0.8756754309304606, "93": 0.9476023808238805, "94": 0.9949767420272078, "96": -0.0947404194997906, "98": 0.9129039455580766, "99": 0.684961249623832, "39": 0.6685812721607511, "42": 0.14449678458109552, "55": 0.9711625608873772, "56": 0.7075546733458378, "57": 0.6821030813261982, "58": 0.9983737266052923, "60": 0.9129039455580766, "63": 0.9432447077790973, "65": 0.9488360901438864, "69": 0.8126874765373676, "74": 0.8331087363663148, "79": 0.9865001752117635, "83": 0.6082976936329352, "86": 0.841121674857908, "91": 0.23032766890594292, "80": 0.9254644720397858, "82": 0.9096911896636037, "87": 0.9700371969819471, "88": 0.34384838052099814, "90": 0.5120501550986825, "97": 0.8756754309304606, "53": 0.9335934621781633, "68": 0.9096911896636037, "84": 0.832860782860757, "85": 0.981232131685918, "75": 0.9114128703941509, "54": 0.6013506347590544, "67": 0.9476023808238805, "95": 0.9114128703941509, "103": 0.9713595535558777, "108": 0.9865001752117635, "126": 0.263755577319145, "138": 0.8316076253923786, "140": 0.5294447108015252, "141": 0.8953599538075763, "143": 0.42868250408610586, "146": 0.9180753773976005, "147": 0.30817201682038886, "148": 0.1975043325266742, "111": 0.9712097172582024, "112": 0.9309065637866576, "113": 0.6196188954656859, "114": 0.9335934621781633, "128": 0.9157957284855488, "136": 0.8589971965667043, "139": 0.981232131685918, "142": 0.8943679502262056, "102": 0.7646757269224965, "116": 0.9949767420272078, "119": 0.000722957805710489, "121": 0.7392947883270922, "122": 0.8720945545738419, "123": 0.857209295739242, "124": 0.5590755786185421, "104": 0.8655817455287372, "107": 0.9713595535558777, "134": 0.5329104359240064, "100": 0.7913203075413664, "101": -0.03156587147432149, "129": 0.873628561549884, "130": 0.8588106177506422, "105": 0.644548784921014, "110": 0.9472676651898911, "118": 0.5320489077677621, "125": 0.9687175705183642, "144": 0.730491235526475, "109": 0.23032766890594292, "127": 0.784017252417081, "132": 0.8188900965732564, "115": 0.3748792385214547, "137": 0.4771176161380535, "106": 0.6645511274365897, "135": 0.8727754159158532, "120": 0.7010120954522201, "131": 0.8124465791272606, "117": 0.8655817455287372, "133": 0.8311229959955457, "145": 0.981232131685918, "156": -0.2533528214200177, "163": 0.7658701887411197, "179": 0.8395211080510254, "184": 0.657525869929417, "186": 0.8666290768872845, "178": 0.45446372755454767, "181": 0.9239777041182415, "182": 0.8601391183990965, "183": 0.980133147923703, "193": 0.14449678458109552, "158": 0.7844309628805703, "165": 0.8995238736482618, "166": 0.7782912029730289, "168": 0.7305514647313376, "190": 0.9771451713702621, "196": 0.9754846259278245, "164": 0.7782912029730289, "169": 0.9201700234275214, "174": 0.020147251561369116, "185": 0.6073028217056597, "157": 0.1975043325266742, "173": 0.6082976936329352, "192": 0.8953599538075763, "151": 0.9247973727072252, "180": 0.7782912029730289, "159": 0.17701882824091913, "161": 0.8386443644739268, "162": 0.8794961698328488, "170": 0.8126882480754825, "172": 0.9006714259588862, "177": 0.28670061880919884, "187": 0.9214941663381312, "194": 0.8933491304844663, "198": 0.8794961698328488, "150": 0.8394885437480385, "188": 0.34640503225766095, "197": 0.15441696166973676, "153": 0.5602318511925755, "189": 0.9157957284855488, "195": 0.6670776936592602, "154": 0.9709483288034012, "191": 0.5862366567067023, "171": 0.9488360901438864, "212": 0.9865001752117635, "228": 0.9000543078507882, "230": 0.9687175705183642, "210": 0.8980219409923789, "246": 0.8720945545738419, "248": 0.9335934621781633, "202": 0.9091726585479631, "236": 0.614315707939549, "206": 0.7955272601359307, "221": 0.9949767420272078, "231": 0.9667771893756375, "232": 0.14449678458109552, "244": 0.5830765794498906, "224": 0.9477068043036703, "225": 0.9006714259588862, "241": 0.9865001752117635, "242": 0.7002029063388291, "226": 0.9090796779337953, "229": 0.7818255438676718, "249": 0.8311229959955457, "214": 0.8720945545738419, "220": -0.14932931480824793, "222": 0.9988882682104072, "209": 0.9901079757944491, "227": 0.9713595535558777, "200": 0.9901079757944491, "286": 0.9013207959089523, "282": 0.7955272601359307, "259": 0.9006714259588862, "252": 0.8311229959955457, "274": 0.8794961698328488, "279": 0.8311229959955457, "149": 0.6528908092686931, "294": 0.8794961698328488, "254": 0.6526061874683491, "264": 0.9648177708588577, "256": 0.9988882682104072, "261": 0.9453520912576178, "167": 0.9140329995531735, "155": 0.9687175705183642, "152": 0.9298097197394065, "312": 0.523868503082112, "314": 0.9573363750671867, "160": 0.329356857043838, "366": 0.9884989516004242, "175": 0.9090796779337953, "199": 0.894303994848866, "176": 0.6047758210344082}