{"0": 0.4477290739835533, "1": 0.7139982306358827, "4": 0.3398294073738458, "57": 0.31342203584485395, "61": 0.574031499518063, "67": 0.6180032137120303, "77": 0.6342451481925557, "80": 0.4668517837063278, "94": 0.5786232597120046, "116": 0.6692430371893076, "127": 0.6094012913532996}