{"0": 0.7622480958097919, "1": -0.0947404194997906, "2": 0.6534704257684034, "3": 0.9949767420272078, "5": 0.13912366051514738, "6": 0.7273776453312861, "7": 0.46801704774600156, "9": 0.6295490016888077, "10": 0.5294447108015252, "12": 0.8743034803525781, "13": 0.9709483288034012, "15": 0.7016430386802859, "17": 0.905853298347148, "18": 0.8945382671498674, "19": 0.5996391118620429, "20": 0.9865001752117635, "22": 0.6559255610090171, "25": 0.7831581017980025, "26": 0.7158855426232702, "27": 0.9620011027659975, "28": 0.9539519567428785, "29": 0.4041629821329551, "30": 0.48113657271127597, "31": 0.9217586009312606, "32": 0.5735370853354682, "33": 0.8304485990347512, "34": 0.9318625117538578, "36": 0.6487520872752499, "37": 0.9442464244826696, "40": 0.19311996227474212, "43": 0.4375468062539539, "44": 0.9711625608873772, "49": 0.5919997045012011, "51": 0.3900368715228766, "52": 0.981232131685918, "57": 0.9157957284855488, "58": 0.878005662603888, "64": 0.7709655471410095, "67": 0.9983737266052923, "70": 0.8271880196574136, "71": 0.47107358375413616, "73": 0.8720945545738419, "75": 0.9180753773976005, "76": 0.5441508032487349, "78": 0.4559277983811715, "79": 0.49710931955186244, "80": 0.9013207959089523, "82": 0.9449277469107293, "86": 0.9488360901438864, "88": 0.9686171275658811, "89": 0.14449678458109552, "95": 0.44702942948731217}