{"0": 0.6166770921673854, "1": 0.5701232055190323, "2": 0.8311229959955457, "3": 0.9217112314111966, "4": 0.31447410180840485, "5": 0.09383056561124058, "6": 0.3612477857641826, "7": 0.6547206574524147, "8": 0.9472676651898911, "9": 0.9865001752117635, "10": 0.808470323295807, "11": 0.7782912029730289, "12": 0.30624158554172143, "13": 0.7608528783887835, "14": 0.881084921949149, "15": 0.9594772032098673, "16": 0.7867833564365787, "17": 0.7064523232713718, "18": 0.9090796779337953, "19": 0.9217586009312606, "20": 0.736525324134125, "21": 0.6815660531926984, "22": 0.9687175705183642, "23": 0.9765485267282645, "24": 0.9949767420272078, "25": 0.8688965644538921, "26": 0.3912063745740618, "27": 0.9398918811091679, "28": 0.757604564146452, "29": 0.7222407775572902, "30": 0.8694666438526013, "31": 0.7338029349697746, "32": 0.9476023808238805, "33": 0.9949767420272078, "34": 0.7466890867450248, "35": 0.34866985701240627, "36": 0.8648989060346128, "37": 0.44544997808769593, "38": 0.9432447077790973, "40": 0.9316966264562736, "41": 0.7449334470914104, "43": 0.3431187303073333, "44": 0.6061367038825813, "45": 0.9865001752117635, "46": 0.5637580881425983, "47": 0.7328887417864776, "48": 0.6241562605871365, "49": -0.31101596074070825, "50": 0.718286056213555, "51": 0.597718214665884, "52": 0.35430940951272544, "59": 0.6757514758563474, "61": 0.2234060256254172, "62": 0.8907066920709366, "64": 0.5358827365043197, "66": 0.9592332369017739, "70": 0.7918996063913644, "71": 0.43638333501248405, "72": 0.7909358414504506, "73": 0.8830833783478265, "76": 0.1975043325266742, "77": 0.6790385852091951, "78": 0.9687175705183642, "81": 0.9988882682104072, "89": 0.8720945545738419, "92": 0.9141130735845608, "93": 0.8548839782440353, "94": 0.5515817801473177, "96": 0.519316353382574, "98": 0.9335934621781633, "99": 0.5110517885037026, "39": 0.9983737266052923, "42": 0.9644804896774047, "55": 0.8070834178164799, "56": 0.9642811283825925, "57": 0.9865001752117635, "58": 0.9040463980775452, "60": 0.770030838476662, "63": 0.3431187303073333, "65": 0.8201747498254539, "69": 0.8546179968153367, "74": 0.40420624200214894, "79": 0.7010120954522201, "83": 0.1838621533899384, "86": 0.8679251610276782, "91": 0.9592332369017739, "80": 0.8366841729045951, "82": 0.9096911896636037, "87": 0.8316076253923786, "88": 0.7216597150738794, "90": 0.9488360901438864, "97": 0.7010120954522201, "53": 0.9181169426857589, "54": 0.7390305774385937, "67": 0.9488360901438864, "68": 0.8132803932024162, "75": 0.981232131685918, "84": 0.7010120954522201, "85": 0.6097938509845133, "95": 0.8830833783478265, "103": 0.8554141200088352, "108": 0.9711625608873772, "126": 0.14449678458109552, "138": 0.9335934621781633, "140": 0.8928144447523121, "141": 0.7787939383162538, "143": 0.9983737266052923, "146": 0.807184936211744, "147": 0.5198331880967108, "148": 0.6791852138514036, "111": 0.9300887168309432, "112": 0.20719309844180892, "113": 0.8324147032673351, "114": 0.2926714706602051, "128": 0.7909358414504506, "136": 0.7959039995255713, "139": 0.8107370734696572, "142": 0.6591789625059177, "102": 0.9493540059122985, "116": 0.692584776109441, "119": 0.8070834178164799, "121": 0.891257343444793, "122": 0.6938230769044524, "123": 0.769174091523317, "124": 0.7010120954522201, "104": 0.9687175705183642, "107": 0.7832918971200935, "134": 0.9090796779337953, "100": 0.8071363181032795, "101": 0.8299467328804395, "129": 0.255373365339177, "130": 0.9157840809325861, "105": 0.8444621505000198, "110": 0.757604564146452, "118": 0.7909358414504506, "125": 0.7328887417864776, "144": 0.5381286268697997, "109": 0.9488360901438864, "127": 0.978789337755493, "132": 0.7075546733458378, "115": 0.557010402473584, "137": 0.3503387252248584, "106": 0.8720945545738419, "135": 0.3851175990717133, "120": 0.8626633698487731, "131": 0.8756754309304606, "117": 0.8316076253923786, "133": 0.9642811283825925, "145": 0.8720945545738419, "156": 0.8292426892435174, "163": 0.9830954797357201, "179": 0.8374600842866212, "184": 0.5920931757809508, "186": 0.9830954797357201, "178": 0.9006714259588862, "181": 0.9592332369017739, "182": 0.9642811283825925, "183": 0.7010120954522201, "193": 0.9472676651898911, "158": 0.8382546850425348, "165": 0.5107945683338581, "166": -0.27496486801528375, "168": 0.7849001521249795, "190": 0.8386443644739268, "196": 0.7634150330236524, "164": 0.09604835621386855, "169": 0.5410752967980765, "174": 0.981232131685918, "185": 0.5808446707006777, "157": 0.9013207959089523, "173": 0.49281774027427117, "192": 0.9830954797357201, "151": 0.9141130735845608, "180": 0.5355456875995361, "159": 0.9006714259588862, "161": 0.664874595552756, "162": 0.5808446707006777, "170": 0.8345696413080547, "172": 0.9335934621781633, "177": 0.9006714259588862, "187": 0.1975043325266742, "194": 0.716356944202799, "198": 0.9315684879650371, "150": 0.7039858364543273, "188": 0.3926925160356013, "197": 0.28513373283687415, "153": 0.7051300887732296, "189": 0.7116043175588809, "195": 0.27651093854946196, "154": 0.7260287547211197, "191": 0.1864354156823636, "171": 0.9726470427282614, "212": 0.9702856467160199, "228": 0.8555364444457623, "230": 0.24396959644417837, "210": 0.7837520275698541, "246": 0.6975997234153776, "248": 0.8642743915411626, "202": 0.1838621533899384, "236": 0.14449678458109552, "206": 0.8420190541559327, "221": 0.523868503082112, "231": 0.9667771893756375, "232": 0.7672086526428867, "244": 0.9140329995531735, "224": 0.9140329995531735, "225": 0.9141130735845608, "241": 0.9140329995531735, "242": 0.7002029063388291, "226": 0.6063829534534999, "229": 0.6919477357832404, "249": 0.8642743915411626, "214": 0.8720945545738419, "220": 0.9199370392450361, "222": 0.6260072594908512, "209": 0.9072409240804903, "227": 0.5941437583531144, "200": 0.8646846833957632, "286": 0.9013207959089523, "282": 0.7955272601359307, "259": 0.9006714259588862, "252": 0.8311229959955457, "274": 0.8794961698328488, "279": 0.8311229959955457, "149": 0.6980579129044038, "294": 0.8794961698328488, "254": 0.6526061874683491, "264": 0.9648177708588577, "256": 0.9988882682104072, "261": 0.9453520912576178, "167": 0.9114128703941509, "155": 0.8756754309304606, "152": 0.8131277285467442, "312": 0.523868503082112, "314": 0.9573363750671867, "160": 0.8316076253923786, "366": 0.9884989516004242, "175": 0.9884989516004242, "176": 0.9053622125320326, "199": 0.3146609447107383, "205": 0.6097473182174455, "208": 0.7425417598060612, "238": 0.9141130735845608, "234": 0.4958517112353681, "239": 0.9000543078507882, "201": 0.7669301099235952, "203": 0.921999206994456, "207": 0.7782912029730289, "219": 0.217377347936606, "235": 0.6413911019625415, "237": 0.8591247380937741, "247": 0.9252433584349254, "215": 0.9488360901438864, "218": 0.6013506347590544, "223": 0.6443955829734422, "233": 0.6196188954656859, "243": 0.9304763003992487, "211": 0.9830954797357201, "204": 0.8791345947441729, "213": 0.9140329995531735, "245": 0.8128551965592921, "240": 0.652157166328143}