{"0": 0.26136390952185357, "1": 0.4032723107246329, "2": 0.6805036028314233, "3": 0.9687175705183642, "4": 0.8755655420878773, "5": 0.6925670681536964, "6": 0.6551811742399123, "7": 0.7300381791142592, "8": 0.7326155978354907, "9": 0.61468006592553, "10": 0.8638260879074944, "11": 0.2205036047077381, "12": 0.9154733812106566, "13": 0.9865001752117635, "14": 0.588565897125071, "15": 0.8363100595305545, "16": 0.7979756133661735, "17": 0.6513986966291208, "18": 0.9949767420272078, "19": 0.6260072594908512, "20": 0.9983737266052923, "21": 0.7405412363889827, "22": 0.533829709285051, "23": 0.5001475669939985, "24": 0.5201862238044229, "25": 0.7266853210570041, "26": 0.725301847821263, "27": 0.8210294017666345, "28": 0.17501568821809493, "29": 0.48113657271127597, "30": 0.8546179968153367, "31": 0.4670746559118602, "32": 0.757604564146452, "33": 0.8128551965592921, "34": 0.5472691572473465, "35": 0.2747144416655406, "36": 0.44195086905881614, "37": 0.6814252731877313, "38": 0.7817392181952088, "40": 0.6779934369271006, "41": 0.31115711760352815, "43": 0.8843497809749714, "44": 0.6296467080763917, "45": 0.03711239237070368, "46": 0.5135704239738361, "47": 0.921999206994456, "48": 0.560502479676658, "49": 0.7782912029730289, "50": 0.6487520872752499, "51": 0.42556079193603435, "52": 0.9217586009312606, "59": 0.7397524316959984, "61": 0.842947102188196, "62": 0.586853987300179, "64": 0.9983737266052923, "66": 0.7492056625106513, "70": 0.9442464244826696, "71": 0.9006714259588862, "72": 0.6586126977837615, "73": 0.9204330867250647, "76": 0.3754784796957552, "77": 0.8409131339042102, "78": 0.757604564146452, "81": 0.42569865317030364, "89": 0.8478617260852566, "92": 0.44560636308009816, "93": 0.44805968672793284, "94": 0.9442464244826696, "96": 0.8563433173183338, "98": 0.891422992330843, "99": 0.8188763159117212, "39": 0.6260072594908512, "42": 0.3757597465980826, "55": 0.9712097172582024, "56": 0.7117981676121705, "57": 0.7241804789441382, "58": 0.9865001752117635, "60": 0.7878041556125506, "63": 0.6779934369271006, "65": 0.2999539548254876, "69": 0.49635615262996036, "74": 0.9710685701243187, "79": 0.7200282158089641, "83": 0.3779976670122105, "86": 0.8773368069598443, "91": 0.8971277989018693, "80": 0.7605974943029383, "82": 0.660083138911083, "87": 0.6169685441363666, "88": 0.8994506455568605, "90": 0.8251599375915066, "97": 0.525027673004182, "53": 0.7658701887411197, "68": 0.9709483288034012, "84": 0.9711625608873772, "85": -0.0475896289864841, "75": 0.2248315853776504, "54": 0.7940235374591651, "67": 0.9449277469107293, "95": 0.8952635008702641, "103": 0.9988882682104072, "108": 0.9098698567125048, "126": 0.9750826465612488, "138": 0.9988882682104072, "140": 0.9304763003992487, "141": 0.8903720116851059, "143": 0.1975043325266742, "146": 0.8794961698328488, "147": 0.9750826465612488, "148": 0.9573363750671867, "111": 0.9304763003992487, "112": 0.9335934621781633, "113": 0.920017648857659, "114": 0.9654973448254043, "128": 0.9713595535558777, "136": 0.8794961698328488, "139": 0.9361488673595424, "142": 0.9884989516004242, "102": 0.9072409240804903, "116": 0.9691939465332382, "119": 0.6082976936329352, "121": 0.8794961698328488, "122": 0.8830833783478265, "123": 0.5609849854360007, "124": 0.9865001752117635, "104": 0.7141588583608788, "107": 0.9865001752117635, "134": 0.8830833783478265, "100": 0.9691939465332382, "101": 0.9988882682104072, "129": 0.7365398254287008, "130": 0.9687175705183642, "105": 0.9865001752117635, "110": 0.9988882682104072, "118": 0.9140329995531735, "125": 0.8720945545738419, "144": -0.14932931480824793, "109": 0.6082976936329352, "127": -0.0475896289864841, "132": 0.9006714259588862, "115": 0.8188763159117212, "137": 0.8794961698328488, "106": 0.8720945545738419, "135": 0.9865001752117635, "120": 0.3690962936014758, "131": 0.8775265032524076, "117": 0.9493540059122985, "133": 0.9304763003992487, "145": 0.9509518987775469, "156": 0.9573363750671867, "163": 0.9865001752117635, "179": 0.920017648857659, "184": 0.8213445434803914, "186": 0.9892581571897634, "178": 0.9949767420272078, "181": 0.8213445434803914, "182": 0.8978997239936704, "183": 0.9865001752117635, "193": 0.8983851212872435, "158": 0.9713595535558777, "165": 0.8688965644538921, "166": 0.8830833783478265, "168": 0.981232131685918, "190": 0.8533643694982009, "196": 0.9140329995531735, "164": 0.9865001752117635, "169": 0.9573363750671867, "174": 0.9988882682104072, "185": 0.3885201854651707, "157": 0.9983737266052923, "173": 0.9865001752117635, "192": 0.9472676651898911, "151": 0.9830954797357201, "180": 0.9074541861500449, "159": 0.9949767420272078, "161": 0.9140329995531735, "162": 0.8794961698328488, "170": 0.981232131685918, "172": 0.9983737266052923, "177": 0.9709483288034012, "187": 0.9335934621781633, "194": 0.8446352867590317, "198": 0.9687175705183642, "150": 0.7787939383162538, "188": 0.9672702438730358, "197": 0.9983737266052923, "153": 0.8446352867590317, "189": 0.23032766890594292, "195": 0.9472676651898911, "154": 0.8463778409804674, "191": 0.9140329995531735, "171": -0.0475896289864841, "212": 0.9865001752117635, "228": 0.9000543078507882, "230": 0.9687175705183642, "210": 0.8980219409923789, "246": 0.8720945545738419, "248": 0.9335934621781633, "202": 0.9091726585479631, "236": 0.614315707939549, "206": 0.7955272601359307, "221": 0.9949767420272078, "231": 0.9667771893756375, "232": 0.14449678458109552, "244": 0.5830765794498906, "224": 0.9477068043036703, "225": 0.9006714259588862, "241": 0.9865001752117635, "242": 0.7002029063388291, "226": 0.9090796779337953, "229": 0.7818255438676718, "249": 0.8311229959955457, "214": 0.8720945545738419, "220": -0.14932931480824793, "222": 0.9988882682104072, "209": 0.9901079757944491, "227": 0.9713595535558777, "200": 0.9901079757944491, "286": 0.9013207959089523, "282": 0.7955272601359307, "259": 0.9006714259588862, "252": 0.8311229959955457, "274": 0.8794961698328488, "279": 0.8311229959955457, "149": 0.9559398348927166, "294": 0.8794961698328488, "254": 0.6526061874683491, "264": 0.9648177708588577, "256": 0.9988882682104072, "261": 0.9453520912576178, "167": 0.8311229959955457, "155": 0.3690962936014758, "152": 0.6082976936329352, "312": 0.523868503082112, "314": 0.9573363750671867, "160": 0.9983737266052923, "366": 0.9884989516004242}