{"0": 0.5491460932542862, "1": 0.23032766890594292, "2": 0.8216912714609571, "3": 0.901748777249892, "4": 0.4316606553737613, "5": 0.9006714259588862, "6": 0.9021221516449848, "7": 0.8229848270258664, "8": 0.767120613631048, "9": 0.8192778384406973, "10": 0.691751106621022, "11": 0.5968611232684455, "12": 0.8016408203693159, "13": 0.8188900965732564, "14": 0.4019092004887582, "15": 0.8446352867590317, "16": 0.8650307921446148, "17": 0.2042204657298352, "18": 0.9678668528384635, "19": 0.43704881345189384, "20": 0.7952481734104747, "21": 0.7002029063388291, "22": 0.5513144173319915, "23": 0.9093223456592029, "24": 0.9109242775708097, "25": 0.7849634154001839, "26": 0.9472676651898911, "27": 0.09619329420771708, "28": 0.8646846833957632, "29": 0.7849634154001839, "30": 0.11661037297160878, "31": 0.8727104168106703, "32": 0.8720945545738419, "33": 0.5198685220641122, "34": 0.5292378121730696, "35": 0.48113657271127597, "36": 0.9141130735845608, "37": 0.6685812721607511, "38": 0.8311229959955457, "40": 0.1416938655417028, "41": 0.44260974064371894, "43": 0.8333468763597425, "44": 0.9141130735845608, "45": 0.8128551965592921, "46": 0.6526061874683491, "47": 0.9432447077790973, "48": 0.6821030813261982, "49": 0.7637396974633953, "50": 0.5571774282145698, "51": 0.8128551965592921, "52": 0.730393459622743, "59": 0.8333468763597425, "61": 0.9711625608873772, "62": 0.9983737266052923, "64": 0.9777812587919528, "66": 0.9711625608873772, "70": 0.9340071081722181, "71": 0.8271072745261993, "72": 0.263755577319145, "73": 0.9476023808238805, "76": 0.48607992823877844, "77": 0.9983737266052923, "78": 0.9713595535558777, "81": 0.5120501550986825, "89": 0.9157957284855488, "92": 0.9335934621781633, "93": 0.5026522738227703, "94": 0.684961249623832, "96": 0.48607992823877844, "98": 0.9096911896636037, "99": 0.6082976936329352, "39": 0.9217586009312606, "42": 0.22362175931095368, "55": 0.7999711046129251, "56": 0.9865001752117635, "57": 0.7075546733458378, "58": 0.9055122579192303, "60": 0.7010120954522201, "63": 0.8720945545738419, "65": 0.981232131685918, "69": -0.2533528214200177, "74": 0.9700371969819471, "79": 0.24629622076075364, "83": 0.8756754309304606, "86": 0.34384838052099814, "91": 0.981232131685918, "80": 0.8720945545738419, "82": 0.5685866553822061, "87": 0.5120501550986825, "88": 0.9472676651898911, "90": 0.8809396244696035, "97": 0.8331087363663148, "53": 0.799615023321244, "54": 0.8455117632990026, "67": 0.8463778409804674, "68": 0.6196188954656859, "75": 0.6082976936329352, "84": 0.9114128703941509, "85": 0.9129039455580766, "95": 0.8331087363663148, "103": 0.9713595535558777, "108": 0.8655817455287372, "126": 0.684961249623832, "138": -0.27496486801528375, "140": 0.8205350534008642, "141": 0.9754846259278245, "143": 0.8554141200088352, "146": 0.39035766113942616, "147": 0.9709483288034012, "148": 0.5483982320747937, "111": 0.9087508783739897, "112": 0.20719309844180892, "113": 0.7229534570939476, "114": 0.8382546850425348, "128": -0.14932931480824793, "136": 0.7570745990904548, "139": 0.9687175705183642, "142": 0.5796915362356314, "102": 0.9068431250642413, "116": 0.8366841729045951, "119": 0.7010120954522201, "121": 0.9713595535558777, "122": 0.839959919104204, "123": 0.8292426892435174, "124": 0.26799195653254043, "104": 0.8655817455287372, "107": 0.832860782860757, "134": 0.8756754309304606, "100": 0.8867671675853371, "101": 0.9949767420272078, "129": 0.9700371969819471, "130": 0.757604564146452, "105": 0.9652197466936353, "110": 0.9771451713702621, "118": 0.5656239013279367, "125": -0.0947404194997906, "144": 0.8311229959955457, "109": 0.7629575778936948, "127": 0.199179363817578, "132": 0.9157957284855488, "115": 0.8688965644538921, "137": 0.9472676651898911, "106": 0.757604564146452, "135": 0.9687175705183642, "120": 0.9488360901438864, "131": 0.9129039455580766, "117": 0.8697134878509117, "133": 0.9006714259588862, "145": 0.7939983272180191, "156": 0.9382053980900551, "163": 0.14389750736612367, "179": 0.9013207959089523, "184": 0.9988882682104072, "186": 0.8546179968153367, "178": 0.5292372992733182, "181": 0.981232131685918, "182": 0.32493250446393024, "183": 0.9239777041182415, "193": 0.45456346725821545, "158": 0.6757514758563474, "165": 0.8031888154399565, "166": 0.18168131915734786, "168": 0.6637773908939087, "190": 0.8249613834950777, "196": 0.978789337755493, "164": 0.8027138195874133, "169": 0.6559329327182228, "174": 0.8292426892435174, "185": 0.8746157888542179, "157": 0.9141130735845608, "173": 0.5514970680674418, "192": 0.978789337755493, "151": 0.9488360901438864, "180": 0.9687175705183642, "159": 0.7116043175588809, "161": 0.8877088024305109, "162": -0.27496486801528375, "170": 0.8861672337679616, "172": 0.7782912029730289, "177": 0.684961249623832, "187": 0.922744768583531, "194": 0.5294447108015252, "198": 0.9488360901438864, "150": 0.6739808271819189, "188": 0.3926925160356013, "197": 0.9252433584349254, "153": 0.7407872295122774, "189": 0.6774506021333373, "195": 0.8062843276951492, "154": 0.893866331992238, "191": 0.935087924335195, "171": 0.7971639817061996, "212": 0.9865001752117635, "228": 0.9000543078507882, "230": 0.9687175705183642, "210": 0.8980219409923789, "246": 0.8720945545738419, "248": 0.9335934621781633, "202": 0.9091726585479631, "236": 0.614315707939549, "206": 0.7955272601359307, "221": 0.9949767420272078, "231": 0.9667771893756375, "232": 0.14449678458109552, "244": 0.5830765794498906, "224": 0.9477068043036703, "225": 0.9006714259588862, "241": 0.9865001752117635, "242": 0.7002029063388291, "226": 0.9090796779337953, "229": 0.7818255438676718, "249": 0.8311229959955457, "214": 0.8720945545738419, "220": -0.14932931480824793, "222": 0.9988882682104072, "209": 0.9901079757944491, "227": 0.9713595535558777, "200": 0.9901079757944491, "286": 0.9013207959089523, "282": 0.7955272601359307, "259": 0.9006714259588862, "252": 0.8311229959955457, "274": 0.8794961698328488, "279": 0.8311229959955457, "149": 0.31192291833185015, "294": 0.8794961698328488, "254": 0.6526061874683491, "264": 0.9648177708588577, "256": 0.9988882682104072, "261": 0.9453520912576178, "167": 0.8261204300060645, "155": 0.61468006592553, "152": 0.7783771775052716, "312": 0.523868503082112, "314": 0.9573363750671867, "160": 0.525027673004182, "366": 0.9884989516004242, "175": 0.8463778409804674, "176": 0.8261204300060645, "199": 0.980133147923703}