{"0": 0.9625700517036602, "1": 0.23032766890594292, "2": 0.5571774282145698, "3": 0.9021221516449848, "4": 0.9644804896774047, "5": 0.7193369430604821, "6": 0.8455576846630604, "7": 0.6487520872752499, "8": 0.1975043325266742, "9": 0.14160638894344824, "10": 0.9212696731928448, "11": 0.9422384203384251, "12": 0.5230044591358521, "13": 0.47375041638672777, "14": 0.8830833783478265, "15": 0.9711625608873772, "16": 0.5660756319132001, "17": 0.9472676651898911, "18": 0.9949767420272078, "19": 0.841121674857908, "20": 0.9181169426857589, "21": 0.8192778384406973, "22": 0.5070644983107764, "23": 0.9432447077790973, "24": 0.18441469765746812, "25": 0.7277393101022782, "26": 0.9477068043036703, "27": 0.8394074838025692, "28": 0.9865001752117635, "29": 0.5920931757809508, "30": 0.9189842035837485, "31": 0.8227513197232752, "32": 0.09619329420771708, "33": 0.6013506347590544, "34": 0.867947970907976, "35": 0.9129039455580766, "36": 0.857209295739242, "37": 0.5895896390554834, "38": 0.967905757640733, "40": 0.8809396244696035, "41": 0.6526061874683491, "43": 0.9053622125320325, "44": 0.7466890867450248, "45": 0.8311229959955457, "46": 0.901748777249892, "47": 0.48607992823877844, "48": -0.03156587147432149, "49": 0.9687175705183642, "50": 0.5685866553822061, "51": 0.9949767420272078, "52": 0.8333468763597425, "59": 0.5218204607123316, "61": 0.8864566488738711, "62": 0.9573146345238671, "64": 0.8720945545738419, "66": 0.8766664135836837, "70": 0.07633951268953647, "71": 0.981232131685918, "72": 0.6413911019625415, "73": 0.941544463957757, "76": 0.8794961698328488, "77": 0.6790385852091951, "78": 0.8453048777385126, "81": 0.8133680992160988, "89": 0.8688965644538921, "92": 0.6082976936329352, "93": 0.8548839782440353, "94": -0.2997906683783635, "96": 0.1416938655417028, "98": 0.9335934621781633, "99": 0.5110517885037026, "39": 0.9865001752117635, "42": 0.7923975123858403, "55": 0.48113657271127597, "56": 0.9642811283825925, "57": 0.9141130735845608, "58": 0.9140329995531735, "60": 0.8292426892435174, "63": 0.9490615228462083, "65": 0.757604564146452, "69": 0.9711625608873772, "74": 0.8756754309304606, "79": 0.921999206994456, "83": 0.2926714706602051, "86": 0.9687175705183642, "91": 0.6073028217056597, "80": 0.7010120954522201, "82": 0.832860782860757, "87": 0.9335934621781633, "88": 0.7216597150738794, "90": 0.8697134878509117, "97": 0.7010120954522201, "53": 0.8720945545738419, "54": 0.7637396974633953, "67": 0.7669301099235952, "68": 0.8031888154399565, "75": 0.7669301099235952, "84": 0.9988882682104072, "85": 0.9316966264562736, "95": 0.9983737266052923, "103": 0.8655817455287372, "108": 0.96706302647472, "126": 0.14449678458109552, "138": 0.7782912029730289, "140": 0.8756754309304606, "141": 0.981232131685918, "143": 0.6082976936329352, "146": 0.8213445434803914, "147": 0.7932646592074911, "148": 0.6791852138514036, "111": 0.9300887168309432, "112": 0.7782912029730289, "113": 0.8463778409804674, "114": 0.8830833783478265, "128": 0.7909358414504506, "136": 0.8743068194514108, "139": 0.8107370734696572, "142": 0.9687175705183642, "102": 0.9493540059122985, "116": 0.9488360901438864, "119": 0.8070834178164799, "121": 0.5968611232684455, "122": 0.6938230769044524, "123": 0.769174091523317, "124": 0.9777812587919528, "104": 0.9687175705183642, "107": 0.5120501550986825, "134": 0.7782912029730289, "100": 0.9700371969819471, "101": 0.8299467328804395, "129": 0.255373365339177, "130": 0.9157840809325861, "105": 0.9114128703941509, "110": 0.757604564146452, "118": 0.9687175705183642, "125": 0.214399480532646, "144": 0.6284436739232024, "109": 0.4815945903399375, "127": 0.978789337755493, "132": 0.7075546733458378, "115": 0.4435097729257311, "137": 0.4529968712310437, "106": 0.8737673884645086, "135": 0.3851175990717133, "120": 0.684961249623832, "131": 0.8316076253923786, "117": 0.8823835282062946, "133": 0.9642811283825925, "145": 0.8720945545738419, "156": 0.8261204300060645, "163": 0.9830954797357201, "179": 0.405528903364313, "184": 0.7116043175588809, "186": 0.9830954797357201, "178": 0.8651037410156577, "181": 0.9592332369017739, "182": 0.9077358750553168, "183": 0.832860782860757, "193": 0.7010120954522201, "158": 0.8382546850425348, "165": 0.980133147923703, "166": -0.27496486801528375, "168": 0.7116043175588809, "190": 0.8386443644739268, "196": 0.7634150330236524, "164": 0.09604835621386855, "169": 0.8953599538075763, "174": 0.981232131685918, "185": 0.5808446707006777, "157": 0.9053063904673835, "173": 0.49281774027427117, "192": 0.7782912029730289, "151": -0.027144066241102993, "180": 0.5355456875995361, "159": 0.8070834178164799, "161": 0.8705595318762438, "162": 0.8384411035876512, "170": 0.5659285638320148, "172": 0.9335934621781633, "177": 0.9006714259588862, "187": 0.9090796779337953, "194": 0.716356944202799, "198": 0.9686171275658811, "150": 0.7039858364543273, "188": 0.9830954797357201, "197": 0.28513373283687415, "153": 0.9141130735845608, "189": 0.000722957805710489, "195": 0.4269452430459335, "154": 0.7260287547211197, "191": 0.45024367652157316, "171": 0.9726470427282614, "212": 0.5956072075928681, "228": 0.8555364444457623, "230": 0.24396959644417837, "210": 0.7837520275698541, "246": 0.6975997234153776, "248": 0.9642811283825925, "202": 0.9074541861500449, "236": 0.14449678458109552, "206": 0.9988882682104072, "221": 0.523868503082112, "231": 0.9667771893756375, "232": 0.9090796779337953, "244": 0.9140329995531735, "224": 0.8094125813583768, "225": 0.9215069846318639, "241": 0.9140329995531735, "242": 0.9691939465332382, "226": 0.6063829534534999, "229": 0.6919477357832404, "249": 0.8233785818459912, "214": 0.8720945545738419, "220": -0.27496486801528375, "222": 0.6260072594908512, "209": 0.5659285638320148, "227": 0.5941437583531144, "200": 0.14449678458109552, "286": 0.9013207959089523, "282": 0.7955272601359307, "259": 0.9006714259588862, "252": 0.8311229959955457, "274": 0.8794961698328488, "279": 0.8311229959955457, "149": 0.9713595535558777, "294": 0.8794961698328488, "254": 0.6526061874683491, "264": 0.9648177708588577, "256": 0.9988882682104072, "261": 0.9453520912576178, "167": 0.9177778432333028, "155": 0.9140329995531735, "152": 0.8589971965667043, "312": 0.523868503082112, "314": 0.9573363750671867, "160": 0.8316076253923786, "366": 0.9884989516004242, "175": 0.9884989516004242, "176": 0.8261204300060645, "199": 0.3146609447107383, "205": 0.6097473182174455, "208": 0.8688965644538921, "238": 0.9141130735845608, "234": 0.4958517112353681, "239": 0.6046612580989115, "201": 0.7669301099235952, "203": 0.21809268916272456, "207": 0.7782912029730289, "219": 0.20641358651095307, "235": 0.47149359929240386, "237": 0.8591247380937741, "247": 0.9765485267282645, "215": 0.9488360901438864, "218": 0.9090796779337953, "223": 0.9691939465332382, "233": 0.8104065611182529, "243": 0.8463778409804674, "211": 0.3839454542936762, "204": 0.9713595535558777, "213": 0.2525201372902002, "245": 0.9252433584349254, "240": 0.652157166328143, "216": 0.826978145742863, "217": 0.9830954797357201}