{"0": 0.8737673884645086, "1": 0.5638555862947048, "2": 0.9472676651898911, "3": 0.8809396244696035, "4": 0.6485891130083208, "5": 0.217377347936606, "6": 0.6487111246053656, "7": 0.20060648027476055, "8": 0.7148021819403416, "9": 0.6190568627540648, "10": 0.17961022983728617, "11": 0.9175734631815614, "12": 0.43340061305225297, "13": 0.921999206994456, "14": 0.4163371975924006, "15": -0.028232569083492632, "16": 0.8447218228605307, "17": 0.9204330867250647, "18": 0.2843154613434631, "19": 0.9025055415877246, "20": 0.8261639266083027, "21": 0.9865001752117635, "22": 0.9711625608873772, "23": 0.6796756543690005, "24": 0.41093811114888945, "25": 0.9217586009312606, "26": 0.9949767420272078, "27": 0.9157957284855488, "28": 0.8326066583131315, "29": 0.7747386091992334, "30": 0.44816854223686137, "31": 0.9103796020300163, "32": 0.34384838052099814, "33": 0.6295279966282585, "34": 0.8261204300060645, "35": 0.5529218165962455, "36": 0.757604564146452, "37": 0.6451319466072196, "38": 0.8545947092774708, "40": 0.48113657271127597, "41": 0.5881196993127609, "43": 0.771357160851277, "44": 0.8972228218429747, "45": 0.6487520872752499, "46": 0.9983737266052923, "47": 0.24427880458326123, "48": 0.654304067001488, "49": 0.7844483257483779, "50": 0.8407693308317126, "51": 0.3988134539334341, "52": 0.38012663962712423, "59": 0.2926714706602051, "61": 0.852279079366884, "62": 0.736055290647058, "64": 0.2234060256254172, "66": 0.8813757932458062, "70": 0.8420786987995936, "71": 0.7258420653129816, "72": 0.9217586009312606, "73": 0.7782912029730289, "76": 0.9865001752117635, "77": 0.9180753773976005, "78": 0.1341791765360516, "81": 0.7878755866931534, "89": 0.3014277915473468, "92": 0.3638635148014181, "93": 0.8938772884269843, "94": 0.6288473701422195, "96": 0.7562046008681019, "98": 0.8438008867852488, "99": 0.9830954797357201, "39": 0.9072409240804903, "42": 0.8386508790095224, "55": 0.18742208052071746, "56": 0.76587756603148, "57": 0.5679596534133955, "58": 0.9709483288034012, "60": 0.8953599538075763, "63": 0.8546179968153367, "65": 0.757604564146452, "69": 0.27669094956796647, "74": 0.7441413475856093, "79": 0.7053250850897668, "83": 0.9315684879650371, "86": 0.8412715584598364, "91": 0.9488360901438864, "80": 0.9710685701243187, "82": 0.6774506021333373, "87": 0.8366841729045951, "88": 0.7502100026158902, "90": 0.9180753773976005, "97": 0.5582606293610194, "53": 0.38680628602894435, "68": 0.9983737266052923, "84": 0.20719309844180892, "85": 0.4968885057412682, "75": 0.8953599538075763, "54": 0.981232131685918, "67": 0.9901079757944491, "95": 0.3014277915473468, "103": 0.7201970155502264, "108": 0.33845733179582815, "126": 0.9335934621781633, "138": 0.7336565076444184, "140": 0.7075546733458378, "141": 0.9488360901438864, "143": 0.5414288426756773, "146": 0.8843497809749714, "147": 0.8308239821551775, "148": 0.8032774357579702, "111": 0.7336565076444184, "112": 0.4765936563700954, "113": 0.981232131685918, "114": 0.8704784461589856, "128": 0.9635051318471994, "136": 0.4418979738140024, "139": 0.20012758191213706, "142": 0.8739450406691072, "102": 0.8830281235644627, "116": 0.6805693877472758, "119": 0.6645511274365897, "121": 0.684961249623832, "122": 0.8311229959955457, "123": 0.9687175705183642, "124": 0.7569536847721546, "104": 0.8720945545738419, "107": 0.5874343959391126, "134": 0.7782912029730289, "100": 0.9196762676827337, "101": 0.8405407644692295, "129": 0.8386443644739268, "130": 0.8720945545738419, "105": 0.8476510318755054, "110": 0.31386290128369077, "118": 0.43328391038108616, "125": 0.6774506021333373, "144": 0.6796756543690005, "109": 0.8830833783478265, "127": -0.0475896289864841, "132": 0.8720945545738419, "115": 0.827282561875899, "137": 0.9687175705183642, "106": 0.980133147923703, "135": 0.9082452813629398, "120": 0.5144961550156534, "131": 0.8874241350079423, "117": 0.8999634387152573, "133": 0.6345900579021699, "145": 0.3546661087043941, "156": 0.9573363750671867, "163": 0.9865001752117635, "179": 0.920017648857659, "184": 0.8213445434803914, "186": 0.9892581571897634, "178": 0.9949767420272078, "181": 0.8213445434803914, "182": 0.8978997239936704, "183": 0.9865001752117635, "193": 0.8983851212872435, "158": 0.9713595535558777, "165": 0.8688965644538921, "166": 0.8830833783478265, "168": 0.981232131685918, "190": 0.8533643694982009, "196": 0.9140329995531735, "164": 0.9865001752117635, "169": 0.9573363750671867, "174": 0.9988882682104072, "185": 0.3885201854651707, "157": 0.9983737266052923, "173": 0.9865001752117635, "192": 0.9472676651898911, "151": 0.9830954797357201, "180": 0.9074541861500449, "159": 0.9949767420272078, "161": 0.9140329995531735, "162": 0.8794961698328488, "170": 0.981232131685918, "172": 0.9983737266052923, "177": 0.9709483288034012, "187": 0.9335934621781633, "194": 0.8446352867590317, "198": 0.9687175705183642, "150": 0.7787939383162538, "188": 0.9672702438730358, "197": 0.9983737266052923, "153": 0.8446352867590317, "189": 0.23032766890594292, "195": 0.9472676651898911, "154": 0.8463778409804674, "191": 0.9140329995531735, "171": -0.0475896289864841, "212": 0.9865001752117635, "228": 0.9000543078507882, "230": 0.9687175705183642, "210": 0.8980219409923789, "246": 0.8720945545738419, "248": 0.9335934621781633, "202": 0.9091726585479631, "236": 0.614315707939549, "206": 0.7955272601359307, "221": 0.9949767420272078, "231": 0.9667771893756375, "232": 0.14449678458109552, "244": 0.5830765794498906, "224": 0.9477068043036703, "225": 0.9006714259588862, "241": 0.9865001752117635, "242": 0.7002029063388291, "226": 0.9090796779337953, "229": 0.7818255438676718, "249": 0.8311229959955457, "214": 0.8720945545738419, "220": -0.14932931480824793, "222": 0.9988882682104072, "209": 0.9901079757944491, "227": 0.9713595535558777, "200": 0.9901079757944491, "286": 0.9013207959089523, "282": 0.7955272601359307, "259": 0.9006714259588862, "252": 0.8311229959955457, "274": 0.8794961698328488, "279": 0.8311229959955457, "149": 0.6682493754069185, "294": 0.8794961698328488, "254": 0.6526061874683491, "264": 0.9648177708588577, "256": 0.9988882682104072, "261": 0.9453520912576178, "167": 0.8311229959955457, "155": 0.3690962936014758, "152": 0.6082976936329352, "312": 0.523868503082112, "314": 0.9573363750671867, "160": 0.9983737266052923, "366": 0.9884989516004242}