{"0": 0.538457659507509, "1": 0.8475814908605418, "2": 0.9109242775708097, "3": 0.8937292646683588, "4": 0.7036495585102586, "5": 0.4183847681953678, "6": 0.8860465812167931, "7": 0.8016408203693159, "8": 0.27361805570435394, "9": 0.9204330867250647, "10": 0.6490058576665056, "11": 0.9315684879650371, "12": 0.8404461023348363, "13": 0.8663412539970857, "14": 0.7766701728824585, "15": 0.5748146055657987, "16": 0.7856312790148056, "17": 0.0882759782354223, "18": 0.48113657271127597, "19": 0.943959991281367, "20": 0.4217304146568094, "21": 0.7703619798904482, "22": 0.5968611232684455, "23": 0.8311229959955457, "24": 0.9949767420272078, "25": 0.20719309844180892, "26": 0.943959991281367, "27": 0.7849634154001839, "28": 0.639062295487238, "29": 0.6260072594908512, "30": 0.7849634154001839, "31": 0.5515903364492653, "32": 0.8172772077504513, "33": 0.9711625608873772, "34": 0.7496293598194063, "35": 0.510927594437441, "36": 0.5250228248233477, "37": 0.5853449205965797, "38": 0.33340365533327, "40": 0.4637226310989762, "41": 0.5247123185998133, "43": 0.9217586009312606, "44": 0.46912644829314326, "45": 0.6526061874683491, "46": 0.6134898289396189, "47": 0.7425417598060612, "48": 0.19636038889005966, "49": 0.6685812721607511, "50": 0.41247311771951933, "51": 0.9709483288034012, "52": 0.44260974064371894, "59": 0.21933176533769955, "61": 0.8128551965592921, "62": 0.9476023808238805, "64": 0.9093223456592029, "66": 0.7866875579257706, "70": 0.7768538170231494, "71": 0.9141130735845608, "72": 0.7425417598060612, "73": 0.48032497671752905, "76": 0.8333468763597425, "77": 0.8216912714609571, "78": 0.9700371969819471, "81": 0.5811633106846352, "89": 0.7418858249760876, "92": 0.7646757269224965, "93": 0.5852738913371848, "94": 0.2667876912297211, "96": 0.8646846833957632, "98": 0.7750705398795075, "99": 0.6624692207649989, "39": 0.48113657271127597, "42": 0.757604564146452, "55": 0.5198685220641122, "56": 0.6526061874683491, "57": 0.5685866553822061, "58": 0.07611000750659935, "60": 0.8444621505000198, "63": 0.34384838052099814, "65": 0.9754846259278245, "69": 0.6559329327182228, "74": 0.9983737266052923, "79": 0.8333468763597425, "83": 0.9141130735845608, "86": 0.7782912029730289, "91": 0.7010120954522201, "80": 0.7637396974633953, "82": 0.11753372125423639, "87": 0.7774095451524285, "88": 0.921999206994456, "90": 0.4340184493973487, "97": 0.684961249623832, "53": 0.6258554352216742, "54": 0.9539519567428785, "67": 0.8652846116983322, "68": 0.9865001752117635, "75": 0.981232131685918, "84": 0.8720945545738419, "85": 0.9476023808238805, "95": 0.7905656216233836, "103": 0.9988882682104072, "108": 0.9098698567125048, "126": 0.9750826465612488, "138": 0.9988882682104072, "140": 0.9304763003992487, "141": 0.8903720116851059, "143": 0.1975043325266742, "146": 0.8794961698328488, "147": 0.9750826465612488, "148": 0.9573363750671867, "111": 0.9304763003992487, "112": 0.9335934621781633, "113": 0.920017648857659, "114": 0.9654973448254043, "128": 0.9713595535558777, "136": 0.8794961698328488, "139": 0.9361488673595424, "142": 0.9884989516004242, "102": 0.9072409240804903, "116": 0.9691939465332382, "119": 0.6082976936329352, "121": 0.8794961698328488, "122": 0.8830833783478265, "123": 0.5609849854360007, "124": 0.9865001752117635, "104": 0.7141588583608788, "107": 0.9865001752117635, "134": 0.8830833783478265, "100": 0.9691939465332382, "101": 0.9988882682104072, "129": 0.7365398254287008, "130": 0.9687175705183642, "105": 0.9865001752117635, "110": 0.9988882682104072, "118": 0.9140329995531735, "125": 0.8720945545738419, "144": -0.14932931480824793, "109": 0.6082976936329352, "127": -0.0475896289864841, "132": 0.9006714259588862, "115": 0.8188763159117212, "137": 0.8794961698328488, "106": 0.8720945545738419, "135": 0.9865001752117635, "120": 0.3690962936014758, "131": 0.8775265032524076, "117": 0.9493540059122985, "133": 0.9304763003992487, "145": 0.9509518987775469, "156": 0.9573363750671867, "163": 0.9865001752117635, "179": 0.920017648857659, "184": 0.8213445434803914, "186": 0.9892581571897634, "178": 0.9949767420272078, "181": 0.8213445434803914, "182": 0.8978997239936704, "183": 0.9865001752117635, "193": 0.8983851212872435, "158": 0.9713595535558777, "165": 0.8688965644538921, "166": 0.8830833783478265, "168": 0.981232131685918, "190": 0.8533643694982009, "196": 0.9140329995531735, "164": 0.9865001752117635, "169": 0.9573363750671867, "174": 0.9988882682104072, "185": 0.3885201854651707, "157": 0.9983737266052923, "173": 0.9865001752117635, "192": 0.9472676651898911, "151": 0.9830954797357201, "180": 0.9074541861500449, "159": 0.9949767420272078, "161": 0.9140329995531735, "162": 0.8794961698328488, "170": 0.981232131685918, "172": 0.9983737266052923, "177": 0.9709483288034012, "187": 0.9335934621781633, "194": 0.8446352867590317, "198": 0.9687175705183642, "150": 0.7787939383162538, "188": 0.9672702438730358, "197": 0.9983737266052923, "153": 0.8446352867590317, "189": 0.23032766890594292, "195": 0.9472676651898911, "154": 0.8463778409804674, "191": 0.9140329995531735, "171": -0.0475896289864841, "212": 0.9865001752117635, "228": 0.9000543078507882, "230": 0.9687175705183642, "210": 0.8980219409923789, "246": 0.8720945545738419, "248": 0.9335934621781633, "202": 0.9091726585479631, "236": 0.614315707939549, "206": 0.7955272601359307, "221": 0.9949767420272078, "231": 0.9667771893756375, "232": 0.14449678458109552, "244": 0.5830765794498906, "224": 0.9477068043036703, "225": 0.9006714259588862, "241": 0.9865001752117635, "242": 0.7002029063388291, "226": 0.9090796779337953, "229": 0.7818255438676718, "249": 0.8311229959955457, "214": 0.8720945545738419, "220": -0.14932931480824793, "222": 0.9988882682104072, "209": 0.9901079757944491, "227": 0.9713595535558777, "200": 0.9901079757944491, "286": 0.9013207959089523, "282": 0.7955272601359307, "259": 0.9006714259588862, "252": 0.8311229959955457, "274": 0.8794961698328488, "279": 0.8311229959955457, "149": 0.9559398348927166, "294": 0.8794961698328488, "254": 0.6526061874683491, "264": 0.9648177708588577, "256": 0.9988882682104072, "261": 0.9453520912576178, "167": 0.8311229959955457, "155": 0.3690962936014758, "152": 0.6082976936329352, "312": 0.523868503082112, "314": 0.9573363750671867, "160": 0.9983737266052923, "366": 0.9884989516004242}