{"0": 0.7979756133661735, "1": 0.5620519525251644, "2": 0.8812792160304024, "3": 0.3381250622392681, "4": 0.6019010557982349, "5": 0.778893899526308, "6": 0.4277999965740218, "7": 0.8421062480408787, "8": 0.6336177963913595, "9": 0.7352782105863704, "10": 0.9983737266052923, "11": 0.7747734777567178, "12": 0.4002741534230248, "13": 0.37970332781192284, "14": -0.1779754298796461, "15": 0.716356944202799, "16": 0.7938359566839277, "17": 0.7938989570177452, "18": 0.7258420653129816, "19": 0.9949767420272078, "20": 0.7782912029730289, "21": 0.8799328852451433, "22": 0.7495135951978164, "23": 0.6777210920604554, "24": 0.9709483288034012, "25": 0.7470023565807672, "26": 0.9711625608873772, "27": 0.9043006236444636, "28": 0.8545580837262252, "29": 0.9488360901438864, "30": 0.9949767420272078, "31": 0.48113657271127597, "32": 0.42222823028159734, "33": 0.6841842060168638, "34": 0.9865001752117635, "35": 0.9687370516063287, "36": 0.338420442051034, "37": 0.9217586009312606, "38": 0.9180753773976005, "40": 0.9013207959089523, "41": 0.8326096743259999, "43": -0.010909624139728326, "44": 0.7276009216604347, "45": 0.6442962344906399, "46": 0.5765726346933884, "47": 0.34868079123743, "48": 0.14523896648880408, "49": 0.9830954797357201, "50": 0.31872167093639653, "51": 0.7931670630448308, "52": 0.7010120954522201, "59": 0.9709483288034012, "61": 0.8720945545738419, "62": 0.7776494649834338, "64": 0.12626920902990107, "66": 0.8056392571657651, "70": 0.6645511274365897, "71": 0.4158985613360686, "72": 0.9983737266052923, "73": 0.6487520872752499, "76": 0.8546179968153367, "77": 0.8366841729045951, "78": 0.44442350534766234, "81": 0.5605369299852263, "89": 0.7016430386802859, "92": 0.981232131685918, "93": 0.47019651633395976, "94": 0.6830788192248078, "96": 0.9488360901438864, "98": 0.9476023808238805, "99": 0.7885522621390362, "39": 0.9949767420272078, "42": 0.7831581017980025, "55": 0.784017252417081, "56": 0.5503754575474966, "57": 0.7972532366583215, "58": 0.6757514758563474, "60": 0.4055823372986284, "63": 0.8366841729045951, "65": 0.7384618773695134, "69": 0.7127301950855451, "74": 0.9476023808238805, "79": 0.2926714706602051, "83": 0.9180753773976005, "86": 0.6796756543690005, "91": 0.7336565076444184, "80": 0.9472676651898911, "82": 0.7782912029730289, "87": 0.9644804896774047, "88": 0.9217586009312606, "90": 0.689705979437585, "97": 0.921999206994456, "53": -0.08837688796414911, "68": 0.981232131685918, "84": 0.9712097172582024, "85": 0.980133147923703, "75": 0.9462769360884645, "54": 0.9865001752117635, "67": 0.5270002537171506, "95": 0.2586327185202584, "103": 0.757604564146452, "108": 0.8530040100972406, "126": 0.757604564146452, "138": 0.8873457166913381, "140": 0.8878011756923945, "141": 0.9196762676827337, "143": 0.9472676651898911, "146": 0.980133147923703, "147": 0.6246811784963128, "148": 0.8316076253923786, "111": 0.5920931757809508, "112": 0.8505949392722003, "113": 0.91973696338273, "114": 0.6017735393995904, "128": 0.620564581296107, "136": 0.9142951613245062, "139": 0.42466946703894093, "142": 0.5685866553822061, "102": 0.8855337795628653, "116": 0.980133147923703, "119": 0.9013207959089523, "121": 0.9316966264562736, "122": 0.9180753773976005, "123": 0.3956403970145097, "124": 0.7827796862219131, "104": 0.4325775523670499, "107": 0.5980084337551699, "134": 0.8756754309304606, "100": 0.9687175705183642, "101": 0.7053250850897668, "129": 0.5619661924945494, "130": 0.3146609447107383, "105": 0.9204330867250647, "110": 0.9128703755663823, "118": 0.9901079757944491, "125": 0.9180753773976005, "144": 0.7138505591216038, "109": 0.6628812303530356, "127": 0.8860465812167931, "132": 0.9071511065312315, "115": 0.30624158554172143, "137": 0.525027673004182, "106": 0.9488360901438864, "135": 0.8798222729324074, "120": 0.5676441731023765, "131": 0.6370002213086277, "117": 0.8756754309304606, "133": 0.9252433584349254, "145": 0.7896614409125986, "156": 0.9573363750671867, "163": 0.9865001752117635, "179": 0.920017648857659, "184": 0.8213445434803914, "186": 0.9892581571897634, "178": 0.9949767420272078, "181": 0.8213445434803914, "182": 0.8978997239936704, "183": 0.9865001752117635, "193": 0.8983851212872435, "158": 0.9713595535558777, "165": 0.8688965644538921, "166": 0.8830833783478265, "168": 0.981232131685918, "190": 0.8533643694982009, "196": 0.9140329995531735, "164": 0.9865001752117635, "169": 0.9573363750671867, "174": 0.9988882682104072, "185": 0.3885201854651707, "157": 0.9983737266052923, "173": 0.9865001752117635, "192": 0.9472676651898911, "151": 0.9830954797357201, "180": 0.9074541861500449, "159": 0.9949767420272078, "161": 0.9140329995531735, "162": 0.8794961698328488, "170": 0.981232131685918, "172": 0.9983737266052923, "177": 0.9709483288034012, "187": 0.9335934621781633, "194": 0.8446352867590317, "198": 0.9687175705183642, "150": 0.7787939383162538, "188": 0.9672702438730358, "197": 0.9983737266052923, "153": 0.8446352867590317, "189": 0.23032766890594292, "195": 0.9472676651898911, "154": 0.8463778409804674, "191": 0.9140329995531735, "171": -0.0475896289864841, "212": 0.9865001752117635, "228": 0.9000543078507882, "230": 0.9687175705183642, "210": 0.8980219409923789, "246": 0.8720945545738419, "248": 0.9335934621781633, "202": 0.9091726585479631, "236": 0.614315707939549, "206": 0.7955272601359307, "221": 0.9949767420272078, "231": 0.9667771893756375, "232": 0.14449678458109552, "244": 0.5830765794498906, "224": 0.9477068043036703, "225": 0.9006714259588862, "241": 0.9865001752117635, "242": 0.7002029063388291, "226": 0.9090796779337953, "229": 0.7818255438676718, "249": 0.8311229959955457, "214": 0.8720945545738419, "220": -0.14932931480824793, "222": 0.9988882682104072, "209": 0.9901079757944491, "227": 0.9713595535558777, "200": 0.9901079757944491, "286": 0.9013207959089523, "282": 0.7955272601359307, "259": 0.9006714259588862, "252": 0.8311229959955457, "274": 0.8794961698328488, "279": 0.8311229959955457, "149": 0.5710752585811706, "294": 0.8794961698328488, "254": 0.6526061874683491, "264": 0.9648177708588577, "256": 0.9988882682104072, "261": 0.9453520912576178, "167": 0.8311229959955457, "155": 0.3690962936014758, "152": 0.6082976936329352, "312": 0.523868503082112, "314": 0.9573363750671867, "160": 0.9983737266052923, "366": 0.9884989516004242}