{"0": 0.5968611232684455, "1": 0.5292378121730696, "2": 0.9983737266052923, "3": 0.7338117537094434, "4": 0.1901254732862488, "5": 0.6114505748566329, "6": 0.7637396974633953, "7": 0.7721852203644506, "8": 0.8475814908605418, "9": 0.980133147923703, "10": 0.4183847681953678, "11": 0.6685812721607511, "12": 0.888946810316999, "13": 0.27361805570435394, "14": 0.7051300887732297, "15": 0.6134898289396189, "16": 0.6260072594908512, "17": 0.7233347450595491, "18": 0.5241478553875311, "19": 0.7036495585102586, "20": 0.4446164810796522, "21": 0.9644804896774047, "22": 0.26136390952185357, "23": 0.8663412539970857, "24": 0.48113657271127597, "25": 0.5513144173319915, "26": 0.943959991281367, "27": 0.8192778384406973, "28": 0.8612982640595616, "29": 0.5630235511221175, "30": 0.7849634154001839, "31": 0.9093223456592029, "32": 0.660673913766087, "33": 0.4012894876427202, "34": 0.19431383196901578, "35": 0.6733213007476928, "36": 0.7123641645869245, "37": 0.6733559840239098, "38": 0.8809396244696035, "40": 0.8938772884269843, "41": 0.921999206994456, "43": 0.5195850373691462, "44": 0.9711625608873772, "45": 0.8128551965592921, "46": 0.3778574483795422, "47": 0.3485468371621607, "48": 0.9315684879650371, "49": 0.5147351987565998, "50": 0.7190777342432911, "51": 0.7646757269224965, "52": 0.6678093024213296, "59": 0.7837245061113842, "61": 0.7425417598060612, "62": 0.9180753773976005, "64": 0.8190139110390371, "66": 0.34384838052099814, "70": 0.6154531542585313, "71": 0.6838536821911194, "72": 0.5685866553822061, "73": 0.7634150330236524, "76": 0.9709483288034012, "77": 0.7075546733458378, "78": 0.9865001752117635, "81": 0.9204330867250647, "89": 0.9053622125320325, "92": 0.9949767420272078, "93": 0.9476023808238805, "94": 0.5509321997381238, "96": 0.6397620421540968, "98": 0.5422539471337546, "99": 0.7701184809086488, "39": 0.9217586009312606, "42": 0.4016973008567849, "55": 0.0882759782354223, "56": 0.9141130735845608, "57": 0.9348879024472964, "58": 0.6821030813261982, "60": 0.8333468763597425, "63": 0.8646846833957632, "65": 0.41247311771951933, "69": -0.0947404194997906, "74": 0.23032766890594292, "79": 0.9539519567428785, "83": 0.7010120954522201, "86": 0.8126874765373676, "91": 0.37540567929468754, "80": 0.9114128703941509, "82": 0.8598698242351048, "87": 0.684961249623832, "88": 0.7831581017980025, "90": 0.8416626803174629, "97": 0.8720945545738419, "53": 0.5226357162698628, "54": 0.6632782758195849, "67": 0.7505260565465521, "68": 0.9983737266052923, "75": 0.981232131685918, "84": 0.6148034015355381, "85": 0.4100212176237697, "95": 0.8655817455287372, "103": 0.9988882682104072, "108": 0.9098698567125048, "126": 0.9750826465612488, "138": 0.9988882682104072, "140": 0.9304763003992487, "141": 0.8903720116851059, "143": 0.1975043325266742, "146": 0.8794961698328488, "147": 0.9750826465612488, "148": 0.9573363750671867, "111": 0.9304763003992487, "112": 0.9335934621781633, "113": 0.920017648857659, "114": 0.9654973448254043, "128": 0.9713595535558777, "136": 0.8794961698328488, "139": 0.9361488673595424, "142": 0.9884989516004242, "102": 0.9072409240804903, "116": 0.9691939465332382, "119": 0.6082976936329352, "121": 0.8794961698328488, "122": 0.8830833783478265, "123": 0.5609849854360007, "124": 0.9865001752117635, "104": 0.7141588583608788, "107": 0.9865001752117635, "134": 0.8830833783478265, "100": 0.9691939465332382, "101": 0.9988882682104072, "129": 0.7365398254287008, "130": 0.9687175705183642, "105": 0.9865001752117635, "110": 0.9988882682104072, "118": 0.9140329995531735, "125": 0.8720945545738419, "144": -0.14932931480824793, "109": 0.6082976936329352, "127": -0.0475896289864841, "132": 0.9006714259588862, "115": 0.8188763159117212, "137": 0.8794961698328488, "106": 0.8720945545738419, "135": 0.9865001752117635, "120": 0.3690962936014758, "131": 0.8775265032524076, "117": 0.9493540059122985, "133": 0.9304763003992487, "145": 0.9509518987775469, "156": 0.9573363750671867, "163": 0.9865001752117635, "179": 0.920017648857659, "184": 0.8213445434803914, "186": 0.9892581571897634, "178": 0.9949767420272078, "181": 0.8213445434803914, "182": 0.8978997239936704, "183": 0.9865001752117635, "193": 0.8983851212872435, "158": 0.9713595535558777, "165": 0.8688965644538921, "166": 0.8830833783478265, "168": 0.981232131685918, "190": 0.8533643694982009, "196": 0.9140329995531735, "164": 0.9865001752117635, "169": 0.9573363750671867, "174": 0.9988882682104072, "185": 0.3885201854651707, "157": 0.9983737266052923, "173": 0.9865001752117635, "192": 0.9472676651898911, "151": 0.9830954797357201, "180": 0.9074541861500449, "159": 0.9949767420272078, "161": 0.9140329995531735, "162": 0.8794961698328488, "170": 0.981232131685918, "172": 0.9983737266052923, "177": 0.9709483288034012, "187": 0.9335934621781633, "194": 0.8446352867590317, "198": 0.9687175705183642, "150": 0.7787939383162538, "188": 0.9672702438730358, "197": 0.9983737266052923, "153": 0.8446352867590317, "189": 0.23032766890594292, "195": 0.9472676651898911, "154": 0.8463778409804674, "191": 0.9140329995531735, "171": -0.0475896289864841, "212": 0.9865001752117635, "228": 0.9000543078507882, "230": 0.9687175705183642, "210": 0.8980219409923789, "246": 0.8720945545738419, "248": 0.9335934621781633, "202": 0.9091726585479631, "236": 0.614315707939549, "206": 0.7955272601359307, "221": 0.9949767420272078, "231": 0.9667771893756375, "232": 0.14449678458109552, "244": 0.5830765794498906, "224": 0.9477068043036703, "225": 0.9006714259588862, "241": 0.9865001752117635, "242": 0.7002029063388291, "226": 0.9090796779337953, "229": 0.7818255438676718, "249": 0.8311229959955457, "214": 0.8720945545738419, "220": -0.14932931480824793, "222": 0.9988882682104072, "209": 0.9901079757944491, "227": 0.9713595535558777, "200": 0.9901079757944491, "286": 0.9013207959089523, "282": 0.7955272601359307, "259": 0.9006714259588862, "252": 0.8311229959955457, "274": 0.8794961698328488, "279": 0.8311229959955457, "149": 0.9559398348927166, "294": 0.8794961698328488, "254": 0.6526061874683491, "264": 0.9648177708588577, "256": 0.9988882682104072, "261": 0.9453520912576178, "167": 0.8311229959955457, "155": 0.3690962936014758, "152": 0.6082976936329352, "312": 0.523868503082112, "314": 0.9573363750671867, "160": 0.9983737266052923, "366": 0.9884989516004242}