{"0": 0.24376406556716884, "1": 0.832860782860757, "2": 0.890445194992209, "3": 0.8830833783478265, "4": 0.7451525819373325, "5": 0.9663968436099806, "6": 0.4030906066655803, "7": 0.9340117197684827, "8": 0.8188763159117212, "9": 0.27033140658043375, "10": 0.7010120954522201, "11": 0.9710685701243187, "12": 0.6619648728041483, "13": 0.627991012045094, "14": 0.5699539696033158, "15": 0.3560023179058416, "16": 0.7583128013625394, "17": 0.6413911019625415, "18": 0.9777812587919528, "19": 0.8720977720763801, "20": 0.6413911019625415, "21": 0.9865001752117635, "22": 0.8601391183990965, "23": 0.8809396244696035, "24": 0.23032766890594292, "25": 0.9865001752117635, "26": 0.9592332369017739, "27": 0.9472676651898911, "28": 0.6024186124272296, "29": 0.9356657607132645, "30": 0.9098698567125048, "31": 0.9949767420272078, "32": 0.9949767420272078, "33": 0.9006714259588862, "34": 0.8311229959955457, "35": 0.8636599425886533, "36": 0.6792779890155753, "37": 0.9711625608873772, "38": 0.33242742082889554, "40": 0.7466890867450248, "41": 0.888367791813524, "43": 0.8463778409804674, "44": 0.9432447077790973, "45": 0.8366841729045951, "46": 0.8573514772568388, "47": 0.757604564146452, "48": 0.6082976936329352, "49": 0.9472676651898911, "50": 0.9304763003992487, "51": 0.13865812256397686, "52": 0.8622073344390461, "59": 0.47066488472412527, "61": -0.0475896289864841, "62": 0.9045997992036547, "64": 0.6526061874683491, "66": 0.7421454130922331, "70": 0.834834426754641, "71": 0.9983737266052923, "72": 0.9304763003992487, "73": 0.901748777249892, "76": 0.9573363750671867, "77": -0.2533528214200177, "78": 0.8756754309304606, "81": 0.8261204300060645, "89": 0.9687175705183642, "92": 0.3014277915473468, "93": 0.9335934621781633, "94": -0.18019987315208102, "96": 0.8720945545738419, "98": 0.8830833783478265, "99": 0.8655817455287372, "39": 0.8567822593652972, "42": 0.7584917167775327, "55": 0.566542751732656, "56": 0.942699523539489, "57": 0.4295448641741062, "58": 0.981232131685918, "60": 0.6082976936329352, "63": 0.9335934621781633, "65": -0.2533528214200177, "69": 0.9488360901438864, "74": 0.9093223456592029, "79": 0.7787939383162538, "83": 0.8794961698328488, "86": 0.9001505763144776, "91": 0.1975043325266742, "80": 0.6284436739232024, "82": 0.9713595535558777, "87": 0.48607992823877844, "88": 0.981232131685918, "90": 0.9226461298707092, "97": -0.2533528214200177, "53": 0.9472676651898911, "54": 0.6625643685694007, "67": 0.9865001752117635, "68": 0.9488360901438864, "75": 0.8655817455287372, "84": 0.963944995920045, "85": 0.8756754309304606, "95": 0.9983737266052923, "103": 0.2728120175653767, "108": 0.8756754309304606, "126": 0.9777812587919528, "138": 0.832860782860757, "140": 0.7681811675268843, "141": 0.8213445434803914, "143": 0.981232131685918, "146": 0.6235028039995473, "147": 0.7706541904344153, "148": 0.9713595535558777, "111": 0.8756754309304606, "112": 0.981232131685918, "113": 0.8697134878509117, "114": 0.7149666094407668, "128": 0.8655817455287372, "136": 0.9667486322023373, "139": 0.8506684030584353, "142": 0.8126609257453652, "102": 0.9687175705183642, "116": 0.832860782860757, "119": 0.13865812256397686, "121": 0.967905757640733, "122": 0.757604564146452, "123": 0.9472676651898911, "124": 0.978789337755493, "104": 0.9456500726951311, "107": 0.9749263597808863, "134": 0.8533713834563712, "100": 0.9777812587919528, "101": 0.9006714259588862, "129": 0.9713595535558777, "130": 0.832860782860757, "105": 0.832860782860757, "110": 0.23032766890594292, "118": 0.981232131685918, "125": -0.0475896289864841, "144": 0.9687175705183642, "109": 0.8720945545738419, "127": 0.7010120954522201, "132": 0.8655817455287372, "115": 0.6082976936329352, "137": 0.5358827365043197, "106": 0.3014277915473468, "135": 0.808470323295807, "120": 0.8794961698328488, "131": 0.9188127376597343, "117": 0.684961249623832, "133": 0.8830833783478265, "145": 0.7608528783887835, "156": 0.13865812256397686, "163": 0.9415328181544287, "179": 0.8463778409804674, "184": 0.9477068043036703, "186": 0.5920070026431489, "178": 0.8447735445986473, "181": 0.901748777249892, "182": 0.9830954797357201, "183": 0.7782912029730289, "193": 0.9884989516004242, "158": 0.7010120954522201, "165": 0.6284436739232024, "166": 0.9140329995531735, "168": 0.8622073344390461, "190": 0.8188773417294917, "196": 0.8311229959955457, "164": 0.9006714259588862, "169": 0.8600296062836932, "174": 0.7852118377119173, "185": 0.9509518987775469, "157": 0.5609849854360007, "173": 0.8720945545738419, "192": 0.6082976936329352, "151": 0.9026009409711109, "180": 0.9140329995531735, "159": 0.9687175705183642, "161": 0.9642811283825925, "162": 0.8280814828306626, "170": 0.8116099358704894, "172": 0.9642811283825925, "177": 0.888367791813524, "187": 0.5808446707006777, "194": 0.9988882682104072, "198": 0.722919605033341, "150": 0.8316076253923786, "188": 0.7451525819373325, "197": 0.7782912029730289, "153": 0.9074541861500449, "189": 0.832860782860757, "195": 0.9074541861500449, "154": 0.607632134666684, "191": 0.9513252633428169, "171": 0.9204330867250647, "212": 0.9704631291335517, "228": 0.9096911896636037, "230": 0.8830833783478265, "210": 0.9129039455580766, "246": 0.5332445754771977, "248": 0.9006714259588862, "202": 0.967905757640733, "236": 0.8188773417294917, "206": 0.9335934621781633, "221": 0.9149068217490111, "231": 0.2815429085239861, "232": 0.9884989516004242, "244": 0.5817650781229351, "224": 0.8763020692947789, "225": 0.9691939465332382, "241": 0.6733559840239098, "242": 0.6190373563490934, "226": 0.9304763003992487, "229": 0.8522176290946957, "249": 0.9140329995531735, "214": 0.9140329995531735, "220": 0.6447685094235516, "222": 0.9006714259588862, "209": 0.8070834178164799, "227": 0.7466369030155073, "200": -0.07669199255279788, "286": 0.9013207959089523, "282": 0.68770822959622, "259": 0.7878969237776184, "252": 0.9037624449431414, "274": 0.8862374456360023, "279": 0.9453520912576178, "149": 0.9678668528384635, "294": 0.835973949185624, "254": 0.6284436739232024, "264": 0.8164440519992329, "256": 0.48543551194910384, "261": 0.7365398254287008, "167": 0.8386562030436042, "155": 0.7010120954522201, "152": 0.5358827365043197, "312": 0.523868503082112, "314": 0.9573363750671867, "160": 0.9249524416875297, "366": 0.9884989516004242, "175": 0.6967298251361915, "176": 0.9830954797357201, "199": 0.9477068043036703, "205": 0.3431187303073333, "208": 0.7369111794054818, "238": 0.6779204832324099, "234": -0.4106204816379031, "239": 0.9573146345238671, "201": 0.9687175705183642, "203": 0.8953599538075763, "207": 0.9472676651898911, "219": 0.8492906153794353, "235": 0.7669301099235952, "237": 0.14449678458109552, "247": 0.8233785818459912, "215": 0.12630378245484197, "218": 0.382522580810992, "223": 0.8908681793195976, "233": 0.9477068043036703, "243": 0.9072409240804903, "211": 0.8870192884221564, "204": 0.8841669172681577, "213": 0.808470323295807, "245": 0.9141130735845608, "240": 0.7424284396583245, "216": 0.9988882682104072, "217": 0.8720945545738419, "284": 0.6898049287854111, "287": 0.9485822131185805, "253": 0.9140329995531735, "258": 0.9252433584349254, "272": 0.9592332369017739, "276": 0.6073028217056597, "255": 0.47766906178676327, "295": 0.9559398348927166, "298": 0.733402937629024, "257": 0.9691939465332382, "265": 0.4905607907771179, "271": 0.9072409240804903, "262": 0.6546197887357748, "263": 0.9025302222459619, "266": 0.7390057478463541, "288": 0.5808446707006777, "292": 0.8841669172681577, "275": 0.8766368960345676, "277": 0.6351154778354233, "285": 0.5832430350496133, "293": 0.1661445520226371, "299": 0.3885201854651707, "250": 0.9453520912576178, "270": 0.6658981196927015, "260": 0.9830954797357201, "273": 0.9217455898854673, "280": 0.8370569314040022, "289": 0.5849218693305673, "281": 0.523868503082112, "267": 0.7597921558306675, "297": 0.828012640307674, "268": 0.9090796779337953, "251": 0.930220115750285, "269": 0.5808446707006777, "278": 0.8365170505443663, "291": 0.8105367397294103,