{"0": 0.8475814908605418, "2": 0.3319194114336156, "3": 0.6685812721607511, "4": 0.6258554352216742, "5": 0.7478386756266562, "6": 0.424062593700137, "7": 0.8016408203693159, "8": 0.5247123185998133, "9": 0.6710171039516435, "10": 0.5198685220641122, "11": 0.6956085320899287, "12": 0.639062295487238, "13": 0.27361805570435394, "14": 0.5513144173319915, "15": 0.8663412539970857, "16": 0.544095781957517, "17": 0.9983737266052923, "18": 0.9053622125320325, "19": 0.6733213007476928, "21": 0.8937292646683588, "22": 0.41247311771951933, "23": 0.6260072594908512, "24": 0.7849634154001839, "25": 0.6633176096846263, "26": 0.5692933801455431, "27": 0.8216912714609571, "28": 0.943959991281367, "29": 0.660673913766087, "30": 0.29830921354618783, "32": 0.8180924155460882, "33": 0.6402017302044994, "35": 0.26136390952185357, "36": 0.9217586009312606, "37": 0.9141130735845608, "38": 0.48113657271127597, "39": 0.6131014408222359, "40": 0.3778574483795422, "41": 0.8444621505000198, "42": 0.19636038889005966, "43": 0.8809396244696035, "44": 0.9711625608873772, "45": 0.9865001752117635, "46": 0.9093223456592029, "49": 0.9573146345238671, "50": 0.7425417598060612, "51": 0.8646846833957632, "52": 0.5292378121730696, "53": 0.9476023808238805, "54": 0.6526061874683491, "55": -0.0020026099042433354, "56": 0.8756754309304606, "57": 0.7512976114537413, "59": 0.9315684879650371, "60": 0.6916371952182695, "61": 0.8928144447523121, "62": 0.7637396974633953, "64": 0.8332052482522689, "65": 0.8128551965592921, "67": 0.9700371969819471, "68": 0.16671988941425248, "69": -0.03156587147432149, "70": 0.981232131685918, "71": 0.9472676651898911, "72": 0.5969268395785139, "73": 0.6733559840239098, "74": 0.7634150330236524, "75": 0.3629291549477503, "76": 0.5685866553822061, "77": 0.8126874765373676, "78": 0.7646757269224965, "79": 0.921999206994456, "80": 0.9335934621781633, "81": 0.8720945545738419, "83": 0.7373286656982225, "84": 0.7075546733458378, "85": 0.7676318123040337, "86": 0.6624692207649989, "87": 0.6013506347590544, "91": 0.5420300630050243, "93": 0.5921071972552718, "97": 0.7381499537189802, "98": 0.4192380408582834, "99": -0.0947404194997906}