{"1": 0.8902155816030437, "2": 0.7751968293090488, "3": 0.553110431707683, "5": 0.9865001752117635, "7": 0.5526963290531592, "8": 0.9449277469107293, "9": 0.7034417698946067, "10": 0.7402381627452744, "11": 0.9091726585479631, "12": 0.9949767420272078, "13": 0.6110340457680534, "14": 0.40955695596856023, "15": 0.8296747609325417, "18": 0.7072003054912855, "19": 0.5098408445704008, "23": 0.9687370516063287, "24": 0.8546179968153367, "25": 0.5241478553875311, "26": 0.9711625608873772, "30": 0.5425947197635087, "32": 0.2579583526613563, "33": 0.9217586009312606, "35": 0.7831581017980025, "37": 0.793232701504828, "38": 0.6032500516660735, "39": 0.49160294667646043, "41": 0.9036685021322588, "42": 0.519693984206692, "44": 0.7568658080967954, "47": 0.9157957284855488, "53": 0.5350990871777538, "56": 0.6660310278374907, "60": 0.6307326844843872, "65": 0.48113657271127597, "69": 0.3269824860249533, "70": 0.7873897911526725, "74": 0.6774506021333373, "78": 0.37475323225946, "80": 0.9180753773976005, "84": 0.9604526003642835, "91": 0.980133147923703, "92": 0.9539519567428785, "95": 0.03905905308852222, "97": 0.8972049744536172, "98": 0.6478114036582479}