{"0": 0.8333468763597425, "1": 0.4932507222599358, "2": 0.346031494168597, "3": 0.9026009409711109, "4": 0.923947545461386, "5": 0.27655321067251715, "6": 0.887165389288749, "7": 0.9097043845728758, "8": 0.6160150566261295, "9": 0.967905757640733, "10": 0.9711625608873772, "11": 0.8441383721000564, "12": 0.6970429435670591, "13": 0.9949767420272078, "14": 0.8549476145020383, "15": 0.3478558877362885, "16": 0.9204330867250647, "17": 0.9472676651898911, "18": 0.06280284644676833, "19": 0.2766104727276304, "20": 0.6222512710709779, "21": 0.9316966264562736, "22": 0.839959919104204, "23": 0.8192778384406973, "24": 0.9604526003642835, "25": 0.8946708982650449, "26": 0.5986829170813355, "27": 0.6034894170974108, "28": 0.9217586009312606, "29": 0.7868196267911413, "30": 0.8959506830135902, "31": 0.5400479735724715, "32": 0.8031888154399565, "33": 0.9477068043036703, "34": 0.6236955654053149, "35": 0.8070834178164799, "36": 0.8403751192153364, "37": 0.48113657271127597, "38": 0.4023583845300799, "40": 0.841121674857908, "41": 0.9949767420272078, "43": 0.9983737266052923, "44": 0.8062843276951492, "45": 0.8192778384406973, "46": 0.8463778409804674, "47": 0.9573363750671867, "48": 0.9865001752117635, "49": 0.44260974064371894, "50": 0.7950571195827062, "51": 0.7870072749384418, "52": 0.39841680683183134, "59": 0.13933611451836714, "61": 0.6821030813261982, "62": 0.8530040100972406, "64": 0.8128551965592921, "66": 0.981232131685918, "70": 0.8614423702213891, "71": 0.8809396244696035, "72": 0.9472676651898911, "73": 0.841121674857908, "76": 0.981232131685918, "77": 0.8720945545738419, "78": 0.5740001910906721, "81": 0.9476023808238805, "89": 0.8292426892435174, "92": 0.981232131685918, "93": 0.8756754309304606, "94": 0.7336565076444184, "96": 0.8333468763597425, "98": 0.9754846259278245, "99": 0.9771451713702621, "39": 0.8841669172681577, "42": 0.9590995066198915, "55": 0.6526061874683491, "56": 0.9983737266052923, "57": 0.5980084337551699, "58": 0.7002029063388291, "60": 0.8697134878509117, "63": 0.9687175705183642, "65": 0.6526061874683491, "69": 0.6236955654053149, "74": 0.8809396244696035, "79": 0.729530830634914, "83": 0.9488360901438864, "86": 0.9488360901438864, "91": 0.6487520872752499, "80": 0.9488360901438864, "82": 0.579277026761041, "87": 0.981232131685918, "88": 0.7451525819373325, "90": 0.9687175705183642, "97": 0.6082976936329352, "53": 0.8333468763597425, "54": 0.9687175705183642, "67": 0.712831214936943, "68": 0.5868691334681175, "75": 0.9415328181544287, "84": 0.7328887417864776, "85": 0.9316716745638736, "95": 0.7010120954522201, "103": 0.48607992823877844, "108": 0.684961249623832, "126": 0.832860782860757, "138": 0.7782912029730289, "140": 0.3833553170332483, "141": -0.15345094145548951, "143": 0.8720945545738419, "146": 0.9687175705183642, "147": 0.7002029063388291, "148": 0.43164915495830813, "111": 0.9096911896636037, "112": 0.9713595535558777, "113": 0.9771451713702621, "114": 0.23032766890594292, "128": 0.684961249623832, "136": 0.5120501550986825, "139": 0.8147895908175931, "142": 0.9687175705183642, "102": 0.9713595535558777, "116": 0.6196188954656859, "119": 0.9129039455580766, "121": 0.8622073344390461, "122": 0.6058103655050147, "123": 0.9013207959089523, "124": 0.7437328602714011, "104": 0.901748777249892, "107": 0.6678093024213296, "134": 0.8261204300060645, "100": 0.9777812587919528, "101": 0.832860782860757, "129": 0.9129039455580766, "130": 0.9771451713702621, "105": -0.2533528214200177, "110": 0.8128551965592921, "118": 0.757604564146452, "125": 0.14449678458109552, "144": 0.8949211271494089, "109": 0.48607992823877844, "127": 0.9432447077790973, "132": 0.9335934621781633, "115": 0.7449588556572684, "137": 0.9713595535558777, "106": 0.3014277915473468, "135": 0.3851175990717133, "120": 0.8188773417294917, "131": 0.7010120954522201, "117": 0.48607992823877844, "133": 0.9865001752117635, "145": 0.8720945545738419, "156": 0.9710685701243187, "163": 0.6196188954656859, "179": 0.8463778409804674, "184": 0.22165958783782463, "186": 0.9652197466936353, "178": 0.5509321997381238, "181": 0.9477068043036703, "182": 0.9077358750553168, "183": 0.9652197466936353, "193": 0.8775265032524076, "158": 0.5509321997381238, "165": 0.5153973197400625, "166": 0.9217455898854673, "168": 0.9006714259588862, "190": 0.7937358642281429, "196": 0.7634150330236524, "164": 0.8261204300060645, "169": 0.7782912029730289, "174": 0.9074541861500449, "185": 0.5808446707006777, "157": 0.9053063904673835, "173": 0.7782912029730289, "192": 0.657525869929417, "151": 0.9777812587919528, "180": 0.5355456875995361, "159": 0.9884989516004242, "161": 0.8893648405821538, "162": 0.978789337755493, "170": 0.9013207959089523, "172": 0.9335934621781633, "177": 0.5294447108015252, "187": 0.9090796779337953, "194": 0.9988882682104072, "198": 0.9686171275658811, "150": 0.7039858364543273, "188": 0.9830954797357201, "197": 0.28513373283687415, "153": 0.9141130735845608, "189": 0.980133147923703, "195": 0.4269452430459335, "154": 0.8031888154399565, "191": 0.9204330867250647, "171": 0.9140329995531735, "212": 0.43550405304087314, "228": 0.8555364444457623, "230": 0.24396959644417837, "210": 0.4754373823158723, "246": 0.6975997234153776, "248": 0.9006714259588862, "202": 0.9074541861500449, "236": 0.7782912029730289, "206": 0.9149068217490111, "221": 0.7915566846805993, "231": 0.25110148918381286, "232": 0.9090796779337953, "244": 0.9140329995531735, "224": 0.8094125813583768, "225": 0.9215069846318639, "241": 0.9074541861500449, "242": 0.8719271460165274, "226": 0.24629622076075364, "229": 0.5808446707006777, "249": 0.14449678458109552, "214": 0.8720945545738419, "220": -0.27496486801528375, "222": 0.9830954797357201, "209": 0.9140329995531735, "227": 0.980133147923703, "200": 0.14449678458109552, "286": 0.9013207959089523, "282": 0.7955272601359307, "259": 0.9006714259588862, "252": 0.8311229959955457, "274": 0.2417986328155086, "279": 0.8311229959955457, "149": 0.9493540059122985, "294": 0.835973949185624, "254": 0.6526061874683491, "264": 0.47492665617610963, "256": 0.9988882682104072, "261": 0.958814519421314, "167": 0.607632134666684, "155": 0.2810560184723132, "152": 0.967905757640733, "312": 0.523868503082112, "314": 0.9573363750671867, "160": 0.7466890867450248, "366": 0.9884989516004242, "175": 0.6967298251361915, "176": 0.8261204300060645, "199": 0.8615555957814991, "205": 0.9559398348927166, "208": 0.8841669172681577, "238": 0.5550045090805424, "234": 0.6487111246053656, "239": 0.2011426332164294, "201": 0.7669301099235952, "203": 0.8953357204137226, "207": 0.5120501550986825, "219": 0.6796756543690005, "235": 0.47149359929240386, "237": 0.8591247380937741, "247": 0.9340071081722181, "215": 0.5053438553202069, "218": 0.9592332369017739, "223": 0.942923417458683, "233": 0.12630378245484197, "243": 0.8463778409804674, "211": 0.9592332369017739, "204": 0.828543519837134, "213": 0.9592332369017739, "245": 0.9477068043036703, "240": 0.652157166328143, "216": 0.826978145742863, "217": 0.7658701887411197, "284": 0.9335934621781633, "287": 0.9691939465332382}