{"0": 0.7010120954522201, "2": 0.956436429127045, "3": 0.7429707776340457, "4": 0.7561202494503998, "5": 0.8250488487227128, "6": 0.4715739790046063, "7": 0.5987456197062906, "9": 0.7246280100036351, "10": 0.5803028365394212, "11": 0.8756754309304606, "13": 0.967905757640733, "15": 0.4855994951379301, "16": 0.7405412363889827, "17": 0.4851999576546467, "18": 0.6131038623903124, "19": 0.9157957284855488, "20": 0.48113657271127597, "21": 0.9283726829060207, "22": 0.7831581017980025, "23": 0.9949767420272078, "24": 0.5534328896112002, "25": 0.5955608523539595, "26": 0.9442464244826696, "27": 0.9711625608873772, "28": 0.9208325398397559, "32": 0.6811039799075618, "33": 0.46549131158542195, "35": 0.6116534345970395, "36": 0.2780063564575297, "37": 0.5876140985392512, "43": 0.7343948679312058, "44": 0.9865001752117635, "47": 0.9275979296429275, "54": 0.6281460232524751, "55": 0.7201296264865558, "58": 0.9013207959089523, "59": 0.65959864446306, "60": 0.17232485921894442, "61": 0.9983737266052923, "64": 0.5486539983749229, "67": 0.7127301950855451, "70": 0.9488360901438864, "71": 0.9712097172582024, "72": 0.6487520872752499, "74": 0.5921071972552718, "79": 0.22698317171566534, "82": 0.6916227698925066, "84": 0.9476023808238805, "86": 0.9196762676827337, "92": 0.905853298347148, "93": 0.9573146345238671, "96": 0.8953599538075763, "98": 0.26242612893149053, "99": 0.981232131685918}