{"0": 0.7701184809086488, "1": 0.9335934621781633, "2": -0.1752464829013728, "3": 0.6413911019625415, "4": 0.8794961698328488, "5": 0.8326096743259999, "6": 0.888367791813524, "7": 0.5509321997381238, "8": 0.6258554633767097, "9": 0.9949767420272078, "10": 0.8669982557763009, "11": 0.9140329995531735, "12": 0.9432447077790973, "13": 0.6737431863674184, "14": 0.9181169426857589, "15": 0.3704862501212974, "16": 0.8711994502463034, "17": 0.34640503225766095, "18": 0.8192778384406973, "19": 0.7950407355014318, "20": 0.9592332369017739, "21": 0.9830954797357201, "22": 0.8819087195721874, "23": 0.6061367038825813, "24": 0.9949767420272078, "25": 0.1416938655417028, "26": 0.9140329995531735, "27": 0.8995238736482618, "28": 0.967905757640733, "29": 0.8809396244696035, "30": 0.6211896822598512, "31": 0.9472676651898911, "32": 0.291239005811534, "33": 0.44260974064371894, "34": 0.8169849538802945, "35": 0.7991437719188091, "36": 0.8766664135836837, "37": 0.1975043325266742, "38": 0.9865001752117635, "40": 0.7782912029730289, "41": 0.48607992823877844, "43": 0.9335934621781633, "44": 0.7437328602714011, "45": 0.8655822389531531, "46": 0.8366841729045951, "47": 0.61468006592553, "48": 0.901748777249892, "49": 0.8953357204137226, "50": 0.684961249623832, "51": 0.7782912029730289, "52": 0.4288321571313203, "59": 0.7116043175588809, "61": 0.8946708982650449, "62": 0.23032766890594292, "64": 0.757604564146452, "66": 0.8333468763597425, "70": 0.9472676651898911, "71": 0.8655817455287372, "72": 0.9865001752117635, "73": 0.9141130735845608, "76": 0.6284436739232024, "77": 0.9865001752117635, "78": 0.6258554633767097, "81": 0.7010120954522201, "89": 0.5616671664906496, "92": 0.8070834178164799, "93": 0.4715069132464545, "94": 0.8042239997013295, "96": 0.7451525819373325, "98": 0.8463778409804674, "99": 0.8756754309304606, "39": 0.22764313895254032, "42": 0.6815660531926984, "55": 0.9777812587919528, "56": 0.9865001752117635, "57": 0.9711625608873772, "58": 0.9013207959089523, "60": -0.2533528214200177, "63": 0.8830833783478265, "65": 0.8298497151028721, "69": 0.34798782986239263, "74": 0.9983737266052923, "79": 0.9711625608873772, "83": 0.8272030732920543, "86": 0.981232131685918, "91": 0.7466890867450248, "80": 0.9074541861500449, "82": 0.7010120954522201, "87": 0.981232131685918, "88": 0.9988882682104072, "90": 0.9129039455580766, "97": 0.3484906348568889, "53": 0.9949767420272078, "68": 0.6236955654053149, "84": 0.9983737266052923, "85": 0.8311229959955457, "75": 0.9687175705183642, "54": 0.7328887417864776, "67": 0.967905757640733, "95": 0.5808446707006777, "103": 0.496721183402499, "108": 0.8213445434803914, "126": 0.8947094453665592, "138": 0.8312752892901987, "140": 0.7064523232713718, "141": 0.5832430350496133, "143": 0.9477068043036703, "146": 0.6250626866048179, "147": 0.8720945545738419, "148": 0.9006714259588862, "111": 0.9687175705183642, "112": 0.43955605232271744, "113": 0.8688965644538921, "114": 0.9713595535558777, "128": 0.4262702532565277, "136": 0.832860782860757, "139": 0.981232131685918, "142": 0.9884989516004242, "102": 0.8720945545738419, "116": 0.5611022967235983, "119": 0.6082976936329352, "121": 0.7870072749384418, "122": 0.9006714259588862, "123": 0.8495818343982631, "124": 0.9771451713702621, "104": 0.9141130735845608, "107": 0.8688965644538921, "134": 0.9687175705183642, "100": 0.7743060254438464, "101": 0.8830833783478265, "129": 0.8830833783478265, "130": 0.9687175705183642, "105": 0.5659285638320148, "110": -0.07943163589907533, "118": 0.8366841729045951, "125": 0.8524734824738938, "144": 0.9830954797357201, "109": 0.769978933230921, "127": 0.6221959113137245, "132": 0.9687175705183642, "115": 0.34384838052099814, "137": 0.9087732864468079, "106": 0.6073028217056597, "135": 0.5120501550986825, "120": 0.958814519421314, "131": 0.4975473860431811, "117": 0.8830833783478265, "133": 0.9140329995531735, "145": 0.9090796779337953, "156": 0.8953599538075763, "163": 0.1975043325266742, "179": 0.9081377569162026, "184": 0.9304763003992487, "186": 0.7010120954522201, "178": 0.9141130735845608, "181": 0.7010120954522201, "182": 0.8316076253923786, "183": 0.5755644776772454, "193": 0.839114566060567, "158": 0.8282394478824568, "165": 0.8070834178164799, "166": 0.9090796779337953, "168": 0.7116043175588809, "190": 0.9090796779337953, "196": 0.7010120954522201, "164": 0.9181169426857589, "169": 0.607632134666684, "174": 0.9141130735845608, "185": 0.14449678458109552, "157": 0.657525869929417, "173": 0.8329575037650768, "192": 0.7787939383162538, "151": 0.607632134666684, "180": 0.9884989516004242, "159": 0.7782912029730289, "161": 0.9801948925335262, "162": 0.8311229959955457, "170": 0.35221675076237335, "172": 0.9090796779337953, "177": 0.9090796779337953, "187": 0.4875398522263227, "194": 0.9587780833337113, "198": 0.9141130735845608, "150": 0.8316076253923786, "188": 0.9907737289176031, "197": 0.981232131685918, "153": 0.665507628955559, "189": 0.6842440698002539, "195": 0.96706302647472, "154": 0.9901079757944491, "191": 0.4218308046635722, "171": 0.6236955654053149, "212": 0.4218308046635722, "228": 0.029618091260230885, "230": 0.6381460889283319, "210": 0.9140329995531735, "246": 0.8830486760003968, "248": 0.9210822539726788, "202": 0.8830833783478265, "236": 0.7744749744302012, "206": 0.8830833783478265, "221": 0.9090796779337953, "231": 0.5665553067893024, "232": 0.9140329995531735, "244": 0.9665426702039, "224": 0.6335425290632055, "225": 0.9097043845728758, "241": 0.7466890867450248, "242": 0.5882357401842, "226": 0.9072409240804903, "229": 0.9516956831276682, "249": 0.8327306975726781, "214": 0.5853134452823323, "220": 0.9090796779337953, "222": 0.9335934621781633, "209": 0.7093816825109669, "227": 0.806096050308855, "200": 0.9335934621781633, "286": 0.832860782860757, "282": 0.20148949119367715, "259": 0.9327349011946073, "252": 0.9830954797357201, "274": 0.5808446707006777, "279": 0.9830954797357201, "149": 0.7466890867450248, "294": 0.9141130735845608, "254": 0.9830954797357201, "264": 0.9648177708588577, "256": 0.39302274430686235, "261": 0.9453520912576178, "167": 0.8601391183990965, "155": 0.8830833783478265, "152": 0.9672145785527155, "312": 0.523868503082112, "314": 0.9573363750671867, "160": 0.9488360901438864, "366": 0.9884989516004242, "175": 0.9006714259588862, "199": 0.981232131685918, "176": 0.9687175705183642, "211": 0.5808446707006777, "223": 0.6470048384473293, "234": 0.8573632133542595, "247": 0.9884989516004242, "208": -0.27496486801528375, "237": 0.941544463957757, "235": 0.8711994502463034, "205": 0.7466890867450248, "233": 0.9830954797357201, "243": 0.9642811283825925, "204": -0.27496486801528375, "238": 0.9493540059122985, "201": 0.21215194518526426, "215": 0.382522580810992, "217": 0.5808446707006777, "216": 0.9691939465332382, "245": 0.8221970431056358, "203": 0.9215927627821212, "207": 0.8711994502463034, "218": 0.6073028217056597, "219": 0.6487111246053656, "240": 0.9691939465332382, "239": 0.9456500726951311, "251": 0.055162342896324865, "262": 0.9573363750671867, "278": 0.40717453683084925, "284": 0.8794961698328488, "291": 0.7862921683106591, "295": 0.9252433584349254, "213": 0.1975043325266742, "267": 0.9314833740175863, "268": 0.8757464117156971, "272": 0.9691939465332382, "298": 0.40785285803881755, "253": 0.9090796779337953, "266": 0.9713595535558777, "281": 0.9468306201969393, "293": 0.3137147248817662, "250": 0.9884989516004242, "257": 0.6390810215853723, "287": 0.8229380206418369, "297": 0.9140329995531735, "275": 0.32904486012429246, "299": 0.7423997049689197, "270": 0.9765485267282645, "288": 0.9573363750671867, "265": -0.27496486801528375, "296": 0.8233785818459912, "255": 0.9830954797357201, "292": 0.8515136182280251, "260": 0.7878969237776184, "263": -0.27496486801528375, "277": 0.43955605232271744, "280": 0.9304763003992487, "285": 0.8336131776645697, "283": 0.9907737289176031, "290": -0.27496486801528375}