{"0": 0.9335934621781633, "1": 0.7946309687170203, "2": 0.5692933801455431, "3": 0.5377989990552559, "4": 0.34565384628166873, "5": 0.8333468763597425, "6": 0.8192778384406973, "7": 0.660673913766087, "8": 0.8937292646683588, "9": 0.6260072594908512, "10": 0.8475814908605418, "11": 0.8546179968153367, "12": 0.9217586009312606, "13": 0.25215862855249815, "14": 0.7242714039124296, "15": 0.7866875579257706, "16": 0.5513144173319915, "17": 0.5267640898618879, "18": 0.7849634154001839, "19": 0.48113657271127597, "20": 0.7051300887732297, "21": 0.5070644983107764, "22": 0.27361805570435394, "23": 0.8016408203693159, "24": 0.6956085320899287, "25": 0.9093223456592029, "26": 0.46912644829314326, "27": 0.6733559840239098, "28": 0.9315684879650371, "29": 0.943959991281367, "30": 0.7051300887732297, "31": 0.5515903364492653, "32": 0.26136390952185357, "33": 0.6260072594908512, "34": 0.9217586009312606, "35": 0.8216912714609571, "36": 0.7634150330236524, "37": 0.3778574483795422, "38": 0.8809396244696035, "40": 0.6733213007476928, "41": 0.921999206994456, "43": 0.9711625608873772, "44": 0.43822629240403116, "45": 0.9865001752117635, "46": 0.557010402473584, "47": 0.9700371969819471, "48": 0.9472676651898911, "49": 0.9771451713702621, "50": 0.9713595535558777, "51": 0.7637396974633953, "52": 0.9983737266052923, "59": 0.9141130735845608, "61": 0.9709483288034012, "62": 0.036632719121081576, "64": 0.6298783312835388, "66": 0.9053622125320325, "70": 0.9114128703941509, "71": 0.981232131685918, "72": 0.8444621505000198, "73": 0.8928144447523121, "76": 0.7800357370196493, "77": 0.5045588321637767, "78": -0.02721635446212879, "81": 0.6526061874683491, "89": 0.2243692640182955, "92": 0.7646757269224965, "93": 0.34384838052099814, "94": 0.2667876912297211, "96": 0.8974755961461934, "98": 0.7750705398795075, "99": 0.6624692207649989, "39": 0.6614955345007789, "42": 0.0882759782354223, "55": 0.9141130735845608, "56": 0.11859098474450522, "57": 0.8311229959955457, "58": 0.8646846833957632, "60": 0.5813058291995781, "63": 0.34384838052099814, "65": 0.3539945585428872, "69": 0.9949767420272078, "74": 0.8646846833957632, "79": 0.9129039455580766, "83": 0.6483224524349271, "86": 0.8331087363663148, "91": 0.7010120954522201, "80": 0.6258554352216742, "82": 0.8655817455287372, "87": 0.7075546733458378, "88": 0.6063136190292241, "90": 0.6196188954656859, "97": 0.45462302888041795, "53": 0.7425417598060612, "54": 0.5685866553822061, "67": 0.8216912714609571, "68": 0.6685812721607511, "75": 0.9476023808238805, "84": 0.8720945545738419, "85": 0.7849381675526246, "95": 0.6733559840239098, "103": 0.9988882682104072, "108": 0.9098698567125048, "126": 0.9750826465612488, "138": 0.9988882682104072, "140": 0.9304763003992487, "141": 0.8903720116851059, "143": 0.1975043325266742, "146": 0.8794961698328488, "147": 0.9750826465612488, "148": 0.9573363750671867, "111": 0.9304763003992487, "112": 0.9335934621781633, "113": 0.920017648857659, "114": 0.9654973448254043, "128": 0.9713595535558777, "136": 0.8794961698328488, "139": 0.9361488673595424, "142": 0.9884989516004242, "102": 0.9072409240804903, "116": 0.9691939465332382, "119": 0.6082976936329352, "121": 0.8794961698328488, "122": 0.8830833783478265, "123": 0.5609849854360007, "124": 0.9865001752117635, "104": 0.7141588583608788, "107": 0.9865001752117635, "134": 0.8830833783478265, "100": 0.9691939465332382, "101": 0.9988882682104072, "129": 0.7365398254287008, "130": 0.9687175705183642, "105": 0.9865001752117635, "110": 0.9988882682104072, "118": 0.9140329995531735, "125": 0.8720945545738419, "144": -0.14932931480824793, "109": 0.6082976936329352, "127": -0.0475896289864841, "132": 0.9006714259588862, "115": 0.8188763159117212, "137": 0.8794961698328488, "106": 0.8720945545738419, "135": 0.9865001752117635, "120": 0.3690962936014758, "131": 0.8775265032524076, "117": 0.9493540059122985, "133": 0.9304763003992487, "145": 0.9509518987775469, "156": 0.9573363750671867, "163": 0.9865001752117635, "179": 0.920017648857659, "184": 0.8213445434803914, "186": 0.9892581571897634, "178": 0.9949767420272078, "181": 0.8213445434803914, "182": 0.8978997239936704, "183": 0.9865001752117635, "193": 0.8983851212872435, "158": 0.9713595535558777, "165": 0.8688965644538921, "166": 0.8830833783478265, "168": 0.981232131685918, "190": 0.8533643694982009, "196": 0.9140329995531735, "164": 0.9865001752117635, "169": 0.9573363750671867, "174": 0.9988882682104072, "185": 0.3885201854651707, "157": 0.9983737266052923, "173": 0.9865001752117635, "192": 0.9472676651898911, "151": 0.9830954797357201, "180": 0.9074541861500449, "159": 0.9949767420272078, "161": 0.9140329995531735, "162": 0.8794961698328488, "170": 0.981232131685918, "172": 0.9983737266052923, "177": 0.9709483288034012, "187": 0.9335934621781633, "194": 0.8446352867590317, "198": 0.9687175705183642, "150": 0.7787939383162538, "188": 0.9672702438730358, "197": 0.9983737266052923, "153": 0.8446352867590317, "189": 0.23032766890594292, "195": 0.9472676651898911, "154": 0.8463778409804674, "191": 0.9140329995531735, "171": -0.0475896289864841, "212": 0.9865001752117635, "228": 0.9000543078507882, "230": 0.9687175705183642, "210": 0.8980219409923789, "246": 0.8720945545738419, "248": 0.9335934621781633, "202": 0.9091726585479631, "236": 0.614315707939549, "206": 0.7955272601359307, "221": 0.9949767420272078, "231": 0.9667771893756375, "232": 0.14449678458109552, "244": 0.5830765794498906, "224": 0.9477068043036703, "225": 0.9006714259588862, "241": 0.9865001752117635, "242": 0.7002029063388291, "226": 0.9090796779337953, "229": 0.7818255438676718, "249": 0.8311229959955457, "214": 0.8720945545738419, "220": -0.14932931480824793, "222": 0.9988882682104072, "209": 0.9901079757944491, "227": 0.9713595535558777, "200": 0.9901079757944491, "286": 0.9013207959089523, "282": 0.7955272601359307, "259": 0.9006714259588862, "252": 0.8311229959955457, "274": 0.8794961698328488, "279": 0.8311229959955457, "149": 0.9559398348927166, "294": 0.8794961698328488, "254": 0.6526061874683491, "264": 0.9648177708588577, "256": 0.9988882682104072, "261": 0.9453520912576178, "167": 0.8311229959955457, "155": 0.3690962936014758, "152": 0.6082976936329352, "312": 0.523868503082112, "314": 0.9573363750671867, "160": 0.9983737266052923, "366": 0.9884989516004242}