{"0": 0.981232131685918, "1": 0.8753372451174017, "2": 0.682356387501712, "3": 0.5871165838006155, "4": 0.9316966264562736, "5": 0.7036495585102586, "6": 0.8364064102972089, "7": 0.6621119736440138, "8": 0.719910978946961, "9": 0.8192778384406973, "10": 0.9047192976533154, "11": 0.24399981448481795, "12": 0.37025099284403845, "13": 0.6623738443135211, "14": 0.3259173685316173, "15": 0.9573146345238671, "16": 0.6260072594908512, "17": 0.7659361340800599, "18": 0.5246136140799351, "19": 0.9949767420272078, "20": 0.9216100146884108, "21": 0.6061367038825813, "22": 0.6821030813261982, "23": 0.7146534890473241, "24": 0.980133147923703, "25": -0.1752464829013728, "26": 0.8937292646683588, "27": 0.9316716745638736, "28": 0.967905757640733, "29": 0.7727736596868395, "30": 0.5373264385561953, "31": 0.9032542924194478, "32": 0.8756754309304606, "33": 0.9711625608873772, "34": 0.820978681549569, "35": 0.9006714259588862, "36": 0.9180753773976005, "37": 0.6490938257730271, "38": 0.9141130735845608, "40": 0.8128551965592921, "41": 0.6082976936329352, "43": 0.7849634154001839, "44": 0.9181169426857589, "45": 0.727702565045798, "46": 0.9141130735845608, "47": 0.8311229959955457, "48": 0.9865001752117635, "49": 0.7247738367745771, "50": 0.9983737266052923, "51": 0.7075546733458378, "52": 0.8311229959955457, "59": 0.9442464244826696, "61": 0.8128551965592921, "62": 0.5886805614231185, "64": 0.5292378121730696, "66": 0.607632134666684, "70": 0.9700371969819471, "71": 0.626071331481602, "72": 0.8720945545738419, "73": 0.832860782860757, "76": 0.9335934621781633, "77": 0.4791906845451534, "78": 0.6559570466009135, "81": 0.9096911896636037, "89": 0.9013207959089523, "92": 0.8756754309304606, "93": 0.3633306039705125, "94": 0.8331087363663148, "96": 0.5938992388645465, "98": 0.981232131685918, "99": 0.000722957805710489, "39": 0.7768942297922437, "42": 0.8461586997699023, "55": 0.44260974064371894, "56": 0.9472676651898911, "57": 0.6967780569337587, "58": 0.9983737266052923, "60": 0.9172296756708475, "63": 0.8216912714609571, "65": 0.8366841729045951, "69": 0.980133147923703, "74": 0.6451319466072196, "79": 0.8646846833957632, "83": 0.6526061874683491, "86": 0.5685866553822061, "91": 0.684961249623832, "80": 0.7010120954522201, "82": 0.7849634154001839, "87": 0.6791216122853688, "88": 0.9114128703941509, "90": 0.23032766890594292, "97": 0.7425417598060612, "53": 0.7466890867450248, "68": 0.757604564146452, "84": 0.8809396244696035, "85": 0.8261204300060645, "75": 0.718427444873371, "54": -0.27496486801528375, "67": 0.9949767420272078, "95": 0.6774506021333373, "103": -0.0947404194997906, "108": -0.03156587147432149, "126": 0.9713595535558777, "138": 0.9488360901438864, "140": 0.6774506021333373, "141": -0.04173975765245483, "143": 0.8188773417294917, "146": 0.9901079757944491, "147": 0.7669301099235952, "148": 0.8546179968153367, "111": 0.684961249623832, "112": 0.7437328602714011, "113": 0.46118711849276095, "114": 0.7658701887411197, "128": 0.9476023808238805, "136": 0.5871165838006155, "139": 0.7010120954522201, "142": 0.7437328602714011, "102": 0.6413911019625415, "116": 0.9129039455580766, "119": 0.7037566463413549, "121": 0.9790818201943419, "122": 0.8727104168106703, "123": 0.6082976936329352, "124": 0.5905357269786584, "104": 0.8756754309304606, "107": 0.799615023321244, "134": 0.6073028217056597, "100": 0.9687175705183642, "101": 0.9140329995531735, "129": 0.7706541904344153, "130": 0.6897782779610693, "105": 0.7782912029730289, "110": 0.01836268604374523, "118": 0.8140041516556153, "125": 0.8655817455287372, "144": 0.9663968436099806, "109": 0.5120501550986825, "127": 0.9006714259588862, "132": 0.9687175705183642, "115": 0.29653280788161557, "137": 0.9472676651898911, "106": 0.9884989516004242, "135": 0.9109242775708097, "120": 0.18066909991104033, "131": 0.7876129141858889, "117": 0.8311229959955457, "133": 0.8406743313786884, "145": 0.8126663064387858, "156": 0.628405949388799, "163": 0.389237619723352, "179": 0.7116043175588809, "184": 0.8292426892435174, "186": 0.2926714706602051, "178": 0.9949767420272078, "181": 0.9642811283825925, "182": 0.17283347617695743, "183": 0.5504435060521876, "193": 0.8434008597076282, "158": 0.8615555957814991, "165": 0.16059246515513667, "166": 0.9713595535558777, "168": 0.9141130735845608, "190": 0.8820515494364376, "196": 0.8737673884645086, "164": 0.9449277469107293, "169": 0.5676057079526842, "174": 0.8261204300060645, "185": 0.8715285584530765, "157": 0.6284436739232024, "173": 0.24629622076075364, "192": 0.9088758503754794, "151": 0.9576444674854349, "180": 0.9239777041182415, "159": 0.8239546451401807, "161": 0.8126874765373676, "162": 0.8655817455287372, "170": 0.9472676651898911, "172": 0.8188900965732564, "177": 0.7490409196151773, "187": 0.9712097172582024, "194": 0.2912520843927805, "198": 0.9656330289232972, "150": -0.1752464829013728, "188": -0.24883240147506708, "197": 0.9194832481391102, "153": 0.9472676651898911, "189": 0.7782912029730289, "195": 0.9830954797357201, "154": 0.7061591025242245, "191": 0.7216597150738794, "171": 0.7394250696703724, "212": 0.9865001752117635, "228": 0.9000543078507882, "230": 0.9687175705183642, "210": 0.8980219409923789, "246": 0.6842440698002539, "248": 0.9335934621781633, "202": 0.9091726585479631, "236": 0.6714702443471933, "206": 0.7955272601359307, "221": 0.9949767420272078, "231": 0.8213445434803914, "232": 0.14449678458109552, "244": 0.5830765794498906, "224": 0.9477068043036703, "225": 0.9006714259588862, "241": 0.9865001752117635, "242": 0.7002029063388291, "226": 0.9090796779337953, "229": 0.7818255438676718, "249": 0.8311229959955457, "214": 0.8720945545738419, "220": -0.14932931480824793, "222": 0.9988882682104072, "209": 0.9901079757944491, "227": 0.9713595535558777, "200": 0.9901079757944491, "286": 0.9013207959089523, "282": 0.7955272601359307, "259": 0.9006714259588862, "252": 0.8311229959955457, "274": 0.8794961698328488, "279": 0.8311229959955457, "149": 0.9157957284855488, "294": 0.8794961698328488, "254": 0.6526061874683491, "264": 0.9648177708588577, "256": 0.9988882682104072, "261": 0.9453520912576178, "167": -0.27496486801528375, "155": 0.9275979296429275, "152": -0.0947404194997906, "312": 0.523868503082112, "314": 0.9573363750671867, "160": 0.8720945545738419, "366": 0.9884989516004242, "176": 0.8463778409804674, "199": 0.9642811283825925, "175": 0.9713595535558777, "208": 0.8096728095797516, "217": 0.9830954797357201, "243": 0.9559398348927166, "245": 0.8711994502463034}