{"0": 0.5496651941944384, "1": 0.963944995920045, "2": 0.8860123134002156, "3": 0.7823088615005145, "4": 0.513813475465354, "5": 0.942694795122418, "6": 0.46982429056045133, "7": 0.887387261580387, "8": 0.981232131685918, "9": 0.9370260754986792, "10": 0.8809396244696035, "11": 0.25507894495499195, "12": 0.48543551194910384, "13": 0.8188763159117212, "14": 0.10015074165161089, "15": 0.9047378481994306, "16": 0.887165389288749, "17": 0.9672145785527155, "18": 0.8720945545738419, "19": 0.9061104814689838, "20": 0.29704604513610733, "21": 0.7748904347266741, "22": 0.9042371708401358, "23": 0.3702217257773508, "24": 0.9691939465332382, "25": 0.9983737266052923, "26": 0.9830954797357201, "27": 0.49268375146153087, "28": 0.56734927731969, "29": 0.9865001752117635, "30": 0.918808853544332, "31": 0.9713595535558777, "32": 0.5941437583531144, "33": 0.9865001752117635, "34": 0.8972049744536172, "35": 0.9573363750671867, "36": 0.5957664463738023, "37": 0.8070834178164799, "38": 0.9949767420272078, "40": 0.4218308046635722, "41": 0.9865001752117635, "43": 0.7610858963837368, "44": 0.4865376241939008, "45": 0.48543551194910384, "46": 0.28594774556769176, "47": 0.9006714259588862, "48": 0.9865001752117635, "49": 0.967905757640733, "50": 0.8636599425886533, "51": 0.9189796994070691, "52": 0.7782912029730289, "59": 0.8229848270258664, "61": 0.8298497151028721, "62": 0.9472676651898911, "64": 0.8366841729045951, "66": 0.9983737266052923, "70": 0.981232131685918, "71": 0.9983737266052923, "72": 0.9983737266052923, "73": 0.8601391183990965, "76": 0.9652197466936353, "77": 0.7237005260036987, "78": 0.9713595535558777, "81": 0.7862921683106591, "89": 0.9493540059122985, "92": 0.9983737266052923, "93": 0.7695201321963727, "94": 0.878072356477617, "96": 0.8950225771487155, "98": 0.9488360901438864, "99": 0.901748777249892, "39": 0.9586919378087284, "42": 0.9949767420272078, "55": 0.9949767420272078, "56": 0.9141130735845608, "57": 0.8997670280032732, "58": 0.7787939383162538, "60": 0.17142720022748778, "63": 0.981232131685918, "65": 0.6565220168996677, "69": 0.627991012045094, "74": 0.832860782860757, "79": 0.981232131685918, "83": 0.9983737266052923, "86": 0.9559398348927166, "91": 0.9472676651898911, "80": 0.6526061874683491, "82": 0.9988882682104072, "87": 0.8720945545738419, "88": 0.8720945545738419, "90": 0.9830954797357201, "97": 0.8463778409804674, "53": 0.8601391183990965, "68": 0.9750826465612488, "84": 0.8830833783478265, "85": 0.904455383433035, "75": 0.8969835179134749, "54": 0.9573363750671867, "67": 0.24629622076075364, "95": 0.9304763003992487, "103": 0.21413186047488997, "108": 0.9713595535558777, "126": 0.8316076253923786, "138": 0.8756754309304606, "140": 0.5962008628253901, "141": 0.5898928730998538, "143": 0.9713595535558777, "146": 0.43164915495830813, "147": 0.3250068372694748, "148": 0.48652483919001444, "111": 0.7461974109132876, "112": 0.8476294235424494, "113": 0.881875322540995, "114": 0.8366841729045951, "128": 0.7484650098643106, "136": 0.9687175705183642, "139": 0.7005170392767335, "142": 0.9884989516004242, "102": 0.8366841729045951, "116": 0.8550205266359696, "119": 0.5654800578561523, "121": 0.9726470427282614, "122": 0.25146295316959444, "123": 0.8495818343982631, "124": 0.9771451713702621, "104": 0.8679097325707859, "107": 0.40646923708347593, "134": 0.9687175705183642, "100": 0.9687175705183642, "101": 0.7010120954522201, "129": -0.22020711429280826, "130": 0.9687175705183642, "105": 0.9590995066198915, "110": 0.5372819131295028, "118": 0.5120501550986825, "125": 0.5998052438614117, "144": 0.9335934621781633, "109": 0.5784923774019868, "127": 0.8720945545738419, "132": 0.9687175705183642, "115": 0.8316076253923786, "137": 0.9129039455580766, "106": 0.9335934621781633, "135": 0.6082976936329352, "120": 0.8990631648170125, "131": 0.9087732864468079, "117": 0.6324374904280072, "133": 0.8720945545738419, "145": 0.7010120954522201, "156": 0.8953599538075763, "163": 0.1975043325266742, "179": 0.8980219409923789, "184": 0.8328633707883992, "186": 0.32837139928141595, "178": 0.8546179968153367, "181": 0.8615555957814991, "182": 0.8316076253923786, "183": 0.5755644776772454, "193": 0.1975043325266742, "158": 0.8282394478824568, "165": 0.7427362721681114, "166": 0.8750625927018763, "168": 0.9472676651898911, "190": 0.9090796779337953, "196": 0.3150362057477557, "164": 0.9181169426857589, "169": 0.7816386235745061, "174": 0.9141130735845608, "185": 0.8377884954101573, "157": 0.9074541861500449, "173": 0.9140329995531735, "192": 0.839959919104204, "151": 0.9644804896774047, "180": 0.7680184240747967, "159": 0.5986829170813355, "161": 0.9573363750671867, "162": 0.8311229959955457, "170": 0.9672145785527155, "172": 0.9090796779337953, "177": 0.7926784358290699, "187": 0.7466890867450248, "194": 0.7600663717637399, "198": 0.9141130735845608, "150": 0.697806307684586, "188": 0.8188763159117212, "197": 0.1975043325266742, "153": 0.7093816825109669, "189": 0.6842440698002539, "195": 0.5808446707006777, "154": 0.8280814828306626, "191": 0.8192778384406973, "171": 0.9132316913347189, "212": 0.27527690547079575, "228": 0.607632134666684, "230": 0.9304763003992487, "210": 0.9140329995531735, "246": 0.9140329995531735, "248": 0.3431187303073333, "202": -0.2533528214200177, "236": 0.9830954797357201, "206": 0.7365398254287008, "221": 0.9840880345802636, "231": 0.5665553067893024, "232": 0.6413911019625415, "244": 0.6073028217056597, "224": 0.9830954797357201, "225": 0.9456500726951311, "241": 0.7466890867450248, "242": 0.8122203720052767, "226": 0.9340071081722181, "229": 0.9988882682104072, "249": 0.5808446707006777, "214": 0.9988882682104072, "220": 0.9090796779337953, "222": 0.9090796779337953, "209": 0.8830833783478265, "227": 0.806096050308855, "200": 0.9884989516004242, "286": 0.832860782860757, "282": 0.941952435588411, "259": 0.9327349011946073, "252": 0.9830954797357201, "274": 0.8277602821401775, "279": 0.9090796779337953, "149": 0.8452913567067001, "294": 0.3561555570194069, "254": 0.4409332562501549, "264": 0.7451525819373325, "256": 0.39302274430686235, "261": 0.9252433584349254, "167": 0.8601391183990965, "155": 0.9884989516004242, "152": 0.9830954797357201, "312": 0.523868503082112, "314": 0.5984882081394154, "160": 0.29283976205989626, "366": 0.9884989516004242, "175": 0.9006714259588862, "199": 0.9801948925335262, "176": 0.8855949088103203, "211": 0.8235304974469049, "223": 0.9304763003992487, "234": 0.5556095715912805, "247": 0.9090796779337953, "208": -0.27496486801528375, "237": 0.9140329995531735, "235": 0.9726470427282614, "205": 0.32100587624461396, "233": 0.7669301099235952, "243": 0.8287842355521962, "204": 0.887165389288749, "238": 0.9217455898854673, "201": 0.9335934621781633, "215": 0.02052349269596156, "217": 0.14449678458109552, "216": 0.9691939465332382, "245": 0.9304763003992487, "203": 0.8453048777385126, "207": 0.9884989516004242, "218": 0.9642811283825925, "219": 0.7715834764157075, "240": 0.8873114143964209, "239": 0.9626765078662243, "251": 0.887165389288749, "262": 0.6487111246053656, "278": 0.14449678458109552, "284": 0.5808446707006777, "291": 0.8365170505443663, "295": 0.8775265032524076, "213": 0.8809389516283095, "267": 0.9884989516004242, "268": 0.8757464117156971, "272": 0.4543517618316325, "298": 0.9509518987775469, "253": 0.9090796779337953, "266": 0.9713595535558777, "281": 0.9468306201969393, "293": 0.7120732834067491, "250": 0.9884989516004242, "257": 0.9691939465332382, "287": 0.9335934621781633, "297": 0.9140329995531735, "275": -0.2533528214200177, "299": 0.8446352867590317, "270": 0.9282092094984904, "288": 0.8213445434803914, "265": 0.690137135161033, "296": 0.2316964550958146, "255": 0.6284436739232024, "292": 0.8515136182280251, "260": 0.8213445434803914, "263": 0.9656890760347442, "277": 0.8711994502463034, "280": 0.6335425290632055, "285": 0.9098698567125048, "283": 0.9907737289176031, "290": 0.14449678458109552, "269": 0.7878969237776184, "305": 0.6082976936329352, "316": 0.9884989516004242,