{"0": 0.8444621505000198, "1": 0.7782912029730289, "2": 0.6559570466009135, "3": 0.5247123185998133, "4": 0.8937292646683588, "6": 0.706049351212084, "7": 0.5968611232684455, "8": 0.5513144173319915, "9": 0.27361805570435394, "10": 0.9217455898854673, "11": 0.9093223456592029, "12": 0.7273776453312861, "13": 0.7036495585102586, "14": 0.9021221516449848, "15": 0.8475814908605418, "16": 0.6134898289396189, "17": 0.46912644829314326, "18": 0.7274695117128689, "19": 0.0882759782354223, "20": 0.5523136588236404, "21": 0.660673913766087, "22": 0.7779432045317027, "23": 0.7849634154001839, "24": 0.9217586009312606, "25": 0.6733213007476928, "26": 0.7255902050697742, "27": 0.943959991281367, "28": 0.5375996711722785, "29": 0.8333468763597425, "30": 0.8216912714609571, "31": 0.9949767420272078, "33": 0.639062295487238, "35": 0.9432447077790973, "36": 0.8720945545738419, "37": 0.6260072594908512, "38": 0.8809396244696035, "39": 0.16671988941425248, "40": 0.20719309844180892, "41": 0.8646846833957632, "44": 0.757604564146452, "45": 0.8128551965592921, "46": 0.9709483288034012, "47": 0.6526061874683491, "48": 0.48113657271127597, "49": 0.7637396974633953, "50": 0.8465043182647762, "51": 0.921999206994456, "54": 0.6685812721607511, "56": 0.25917053223486763, "57": 0.9983737266052923, "58": 0.2667876912297211, "59": 0.9315684879650371, "60": 0.7425417598060612, "61": 0.44260974064371894, "62": 0.9141130735845608, "64": 0.19636038889005966, "65": 0.9711625608873772, "66": 0.6491935015945167, "67": 0.9865001752117635, "68": 0.6876167038947483, "69": 0.6258554352216742, "70": 0.9700371969819471, "71": 0.4077930536997759, "72": 0.32893364296232114, "73": 0.684961249623832, "74": 0.7634150330236524, "75": 0.8073524827130789, "77": 0.17945599760977413, "78": 0.7075546733458378, "79": 0.1847241837193484, "80": 0.9476023808238805, "81": -0.03156587147432149, "83": 0.34384838052099814, "84": 0.6013506347590544, "85": 0.6733559840239098, "89": 0.9539519567428785, "91": 0.48607992823877844, "92": 0.32176450462939066, "93": 0.18168131915734786, "94": 0.8093899981852981, "95": 0.6196188954656859, "96": 0.7059072273795741, "98": 0.9472676651898911, "99": 0.5685866553822061}