{"0": 0.8809396244696035, "1": 0.8646846833957632, "2": -0.16838912818797858, "3": 0.8192778384406973, "4": 0.5246136140799351, "5": 0.9021221516449848, "6": 0.27361805570435394, "7": 0.5531728460311762, "8": 0.22406547357582957, "9": 0.7866875579257706, "10": 0.766308989130589, "11": 0.8499521809394079, "12": 0.7036495585102586, "13": 0.9093223456592029, "14": 0.691751106621022, "15": 0.4738588728319416, "16": 0.5968611232684455, "17": 0.9472676651898911, "18": 0.7451525819373325, "19": 0.9711625608873772, "20": 0.7346004447744214, "21": 0.757604564146452, "22": 0.8684827535567756, "23": 0.8937292646683588, "24": 0.48113657271127597, "25": 0.8444621505000198, "26": 0.26136390952185357, "27": 0.9217586009312606, "28": 0.8518318514934851, "29": 0.9949767420272078, "30": 0.7721440652032403, "31": 0.2667876912297211, "32": 0.9204330867250647, "33": 0.5494077552281817, "34": 0.943959991281367, "35": 0.7637396974633953, "36": 0.3778574483795422, "37": 0.4731729707750546, "38": 0.5198685220641122, "40": 0.7345406212211971, "41": 0.8828915164308162, "43": 0.9710685701243187, "44": 0.8318281728909652, "45": 0.8311229959955457, "46": 0.017581498289859186, "47": 0.9983737266052923, "48": 0.8216912714609571, "49": 0.8377884954101573, "50": 0.7010120954522201, "51": 0.5292378121730696, "52": 0.11661037297160878, "59": 0.799615023321244, "61": 0.48607992823877844, "62": 0.7425417598060612, "64": 0.8128551965592921, "66": 0.9141130735845608, "70": 0.6624692207649989, "71": 0.8331087363663148, "72": 0.7646757269224965, "73": 0.5685866553822061, "76": 0.7868196267911413, "77": 0.7774095451524285, "78": 0.13265900043278772, "81": 0.6258554352216742, "89": 0.6487520872752499, "92": 0.5292378121730696, "93": 0.6013506347590544, "94": 0.9315684879650371, "96": 0.9432447077790973, "98": -0.6499973983875726, "99": 0.9949767420272078, "39": 0.901748777249892, "42": 0.8463778409804674, "55": 0.6526061874683491, "56": 0.9602280583460192, "57": 0.6260072594908512, "58": 0.6685812721607511, "60": 0.6013506347590544, "63": 0.16671988941425248, "65": 0.1864354156823636, "69": 0.7010120954522201, "74": 0.9539519567428785, "79": 0.9700371969819471, "83": 0.8727104168106703, "86": -0.0947404194997906, "91": 0.5874033193323135, "80": 0.8756754309304606, "82": 0.981232131685918, "87": 0.7634150330236524, "88": 0.8756754309304606, "90": 0.9335934621781633, "97": 0.6472125053108531, "53": 0.9865001752117635, "68": 0.8178413482602938, "84": 0.9114128703941509, "85": 0.9001719629527898, "75": 0.9476023808238805, "54": 0.921999206994456, "67": 0.34384838052099814, "95": 0.9700371969819471, "103": 0.9687175705183642, "108": 0.9713595535558777, "126": 0.6196188954656859, "138": 0.7146635135158155, "140": 0.37524706422654663, "141": 0.763458253742941, "143": 0.5120501550986825, "146": 0.7930884446701572, "147": 0.7116043175588809, "148": 0.6739808271819189, "111": 0.34384838052099814, "112": -0.6499973983875726, "113": 0.9112297137093281, "114": 0.6082976936329352, "128": 0.605840532100246, "136": 0.7004914206222577, "139": 0.9709483288034012, "142": 0.7910066852120582, "102": 0.6821030813261982, "116": -0.0947404194997906, "119": 0.7648038598581672, "121": 0.8843497809749714, "122": 0.8292426892435174, "123": 0.8720945545738419, "124": -0.0947404194997906, "104": 0.8720945545738419, "107": -0.03156587147432149, "134": 0.9704814302099272, "100": 0.9129039455580766, "101": 0.6236955654053149, "129": 0.9713595535558777, "130": 0.8263942138864349, "105": 0.6487520872752499, "110": 0.684961249623832, "118": 0.6196188954656859, "125": 0.07452505849146097, "144": 0.7173963279448836, "109": 0.8697134878509117, "127": 0.3821964833509698, "132": -0.36821549634366463, "115": 0.47066488472412527, "137": 0.6791216122853688, "106": 0.5720927516047869, "135": 0.9711625608873772, "120": 0.8414763750541514, "131": 0.33939601182968837, "117": 0.53361542765685, "133": 0.5921071972552718, "145": 0.32326250314784427, "156": 0.9573363750671867, "163": 0.9865001752117635, "179": 0.920017648857659, "184": 0.8213445434803914, "186": 0.9892581571897634, "178": 0.9949767420272078, "181": 0.8213445434803914, "182": 0.8978997239936704, "183": 0.9865001752117635, "193": 0.8983851212872435, "158": 0.9713595535558777, "165": 0.8688965644538921, "166": 0.8830833783478265, "168": 0.981232131685918, "190": 0.8533643694982009, "196": 0.9140329995531735, "164": 0.9865001752117635, "169": 0.9573363750671867, "174": 0.9988882682104072, "185": 0.3885201854651707, "157": 0.9983737266052923, "173": 0.9865001752117635, "192": 0.9472676651898911, "151": 0.9830954797357201, "180": 0.9074541861500449, "159": 0.9949767420272078, "161": 0.9140329995531735, "162": 0.8794961698328488, "170": 0.981232131685918, "172": 0.9983737266052923, "177": 0.9709483288034012, "187": 0.9335934621781633, "194": 0.8446352867590317, "198": 0.9687175705183642, "150": 0.7787939383162538, "188": 0.9672702438730358, "197": 0.9983737266052923, "153": 0.8446352867590317, "189": 0.23032766890594292, "195": 0.9472676651898911, "154": 0.8463778409804674, "191": 0.9140329995531735, "171": -0.0475896289864841, "212": 0.9865001752117635, "228": 0.9000543078507882, "230": 0.9687175705183642, "210": 0.8980219409923789, "246": 0.8720945545738419, "248": 0.9335934621781633, "202": 0.9091726585479631, "236": 0.614315707939549, "206": 0.7955272601359307, "221": 0.9949767420272078, "231": 0.9667771893756375, "232": 0.14449678458109552, "244": 0.5830765794498906, "224": 0.9477068043036703, "225": 0.9006714259588862, "241": 0.9865001752117635, "242": 0.7002029063388291, "226": 0.9090796779337953, "229": 0.7818255438676718, "249": 0.8311229959955457, "214": 0.8720945545738419, "220": -0.14932931480824793, "222": 0.9988882682104072, "209": 0.9901079757944491, "227": 0.9713595535558777, "200": 0.9901079757944491, "286": 0.9013207959089523, "282": 0.7955272601359307, "259": 0.9006714259588862, "252": 0.8311229959955457, "274": 0.8794961698328488, "279": 0.8311229959955457, "149": 0.5080667377857829, "294": 0.8794961698328488, "254": 0.6526061874683491, "264": 0.9648177708588577, "256": 0.9988882682104072, "261": 0.9453520912576178, "167": 0.8311229959955457, "155": 0.3690962936014758, "152": 0.6082976936329352, "312": 0.523868503082112, "314": 0.9573363750671867, "160": 0.9983737266052923, "366": 0.9884989516004242}