{"0": 0.9710685701243187, "1": 0.6409778466975327, "2": 0.8060484051007432, "3": 0.9713595535558777, "4": 0.8704784461589856, "5": 0.8869698585879908, "6": 0.9865001752117635, "7": 0.9988882682104072, "8": 0.8647945271144286, "9": 0.29068065273174915, "10": 0.4794837933493884, "11": 0.5690368209343254, "12": 0.978789337755493, "13": 0.4949837861933437, "14": 0.9314833740175863, "15": 0.3561555570194069, "16": 0.967905757640733, "17": 0.8080373896898151, "18": 0.9093223456592029, "19": 0.9691939465332382, "20": 0.6061367038825813, "21": 0.41363506730502686, "22": 0.7151644233996444, "23": 0.8917268103545407, "24": 0.7340748057910851, "25": 0.6061367038825813, "26": 0.3505409246346395, "27": 0.9217586009312606, "28": 0.6159546309468085, "29": 0.9472676651898911, "30": 0.8366841729045951, "31": 0.9335934621781633, "32": 0.11661037297160878, "33": 0.5985834289992822, "34": 0.9156189769121946, "35": 0.6313731905431029, "36": 0.9442464244826696, "37": 0.5246136140799351, "38": 0.29542639465187137, "40": 0.3014277915473468, "41": 0.9949767420272078, "43": 0.757604564146452, "44": 0.9865001752117635, "45": 0.5987456197062906, "46": 0.27655321067251715, "47": 0.6487520872752499, "48": 0.8333468763597425, "49": 0.44260974064371894, "50": 0.9316716745638736, "51": 0.7466890867450248, "52": 0.8756754309304606, "59": 0.6451319466072196, "61": 0.9488360901438864, "62": 0.7849634154001839, "64": 0.8953599538075763, "66": 0.9865001752117635, "70": 0.7122636184977501, "71": 0.9687175705183642, "72": 0.8756754309304606, "73": 0.8972049744536172, "76": 0.5773858176634932, "77": 0.6413911019625415, "78": 0.921999206994456, "81": 0.9488360901438864, "89": 0.40045826962623454, "92": 0.5459073750846877, "93": 0.5499250732282253, "94": 0.8261204300060645, "96": 0.8128551965592921, "98": 0.8720945545738419, "99": 0.8601391183990965, "39": 0.46391898512361124, "42": 0.8679251610276782, "55": 0.5984265419142265, "56": 0.8316076253923786, "57": 0.6066282607055882, "58": 0.48084516537488614, "60": 0.7075546733458378, "63": 0.9432447077790973, "65": -0.27496486801528375, "69": 0.40134218474763783, "74": 0.9096911896636037, "79": 0.9672900952970208, "83": 0.9157957284855488, "86": 0.9141130735845608, "91": 0.7677487967843621, "80": 0.6895920928425983, "82": 0.8271072745261993, "87": 0.8333468763597425, "88": 0.9687175705183642, "90": 0.9476023808238805, "97": 0.2667876912297211, "53": 0.7197483412444251, "68": 0.14449678458109552, "84": 0.6998558850361772, "85": 0.8192778384406973, "75": 0.9983737266052923, "54": 0.9476023808238805, "67": 0.9687175705183642, "95": 0.6356317056570246, "103": 0.9013207959089523, "108": 0.8455117632990026, "126": 0.9713595535558777, "138": 0.9488360901438864, "140": 0.5967447581926505, "141": 0.8953599538075763, "143": 0.981232131685918, "146": 0.9180753773976005, "147": 0.9177778432333028, "148": 0.6196188954656859, "111": 0.9700371969819471, "112": 0.6378114633874238, "113": 0.607632134666684, "114": 0.9114128703941509, "128": 0.9114128703941509, "136": 0.9687175705183642, "139": 0.981232131685918, "142": 0.8938772884269843, "102": 0.8202249468607106, "116": 0.6082976936329352, "119": 0.981232131685918, "121": 0.8366841729045951, "122": 0.34798782986239263, "123": 0.6603774178007162, "124": 0.8830833783478265, "104": 0.5120501550986825, "107": 0.8720945545738419, "134": 0.8463778409804674, "100": 0.7913203075413664, "101": 0.756152121418471, "129": 0.8126874765373676, "130": 0.7437328602714011, "105": 0.8756754309304606, "110": 0.9449277469107293, "118": 0.7449588556572684, "125": 0.16391680961754707, "144": -0.07310790845330156, "109": 0.9592332369017739, "127": 0.9316966264562736, "132": 0.8188900965732564, "115": 0.2011426332164294, "137": 0.48607992823877844, "106": -0.0947404194997906, "135": 0.5647164262965698, "120": 0.8440388082005676, "131": 0.9306717778743876, "117": 0.9298097197394065, "133": 0.9096911896636037, "145": 0.981232131685918, "156": 0.9592332369017739, "163": 0.980133147923703, "179": 0.8830833783478265, "184": 0.657525869929417, "186": 0.8666290768872845, "178": 0.45446372755454767, "181": 0.9140329995531735, "182": 0.8601391183990965, "183": 0.9412340596558337, "193": 0.14449678458109552, "158": -0.03156587147432149, "165": 0.9712097172582024, "166": 0.8841669172681577, "168": 0.4286952217874857, "190": 0.9771451713702621, "196": 0.9642811283825925, "164": 0.47066488472412527, "169": 0.48607992823877844, "174": 0.9830954797357201, "185": 0.6073028217056597, "157": 0.7674305938762481, "173": 0.7010120954522201, "192": 0.8953599538075763, "151": 0.832860782860757, "180": 0.000722957805710489, "159": 0.2163605162771698, "161": 0.9488360901438864, "162": 0.9983737266052923, "170": 0.6082976936329352, "172": 0.9006714259588862, "177": 0.828543519837134, "187": 0.9214941663381312, "194": 0.9141130735845608, "198": 0.8433575706063836, "150": 0.5120501550986825, "188": 0.34640503225766095, "197": 0.8406743313786884, "153": 0.45462302888041795, "189": 0.9157957284855488, "195": 0.8062843276951492, "154": 0.6293972598139801, "191": 0.5862366567067023, "171": 0.8261204300060645, "212": 0.9865001752117635, "228": 0.49928068881763427, "230": 0.9687175705183642, "210": 0.8980219409923789, "246": 0.8720945545738419, "248": 0.9335934621781633, "202": 0.9091726585479631, "236": 0.7116043175588809, "206": 0.7955272601359307, "221": 0.9949767420272078, "231": 0.9667771893756375, "232": 0.14449678458109552, "244": 0.5830765794498906, "224": 0.9477068043036703, "225": 0.9006714259588862, "241": 0.9865001752117635, "242": 0.7002029063388291, "226": 0.9335934621781633, "229": 0.7818255438676718, "249": 0.9187017507929494, "214": 0.8720945545738419, "220": -0.14932931480824793, "222": 0.9988882682104072, "209": 0.9901079757944491, "227": 0.9713595535558777, "200": 0.9901079757944491, "286": 0.9013207959089523, "282": 0.7955272601359307, "259": 0.9006714259588862, "252": 0.8311229959955457, "274": 0.8794961698328488, "279": 0.8311229959955457, "149": 0.7010120954522201, "294": 0.8794961698328488, "254": 0.6526061874683491, "264": 0.9648177708588577, "256": 0.9988882682104072, "261": 0.9453520912576178, "167": 0.8292426892435174, "155": 0.9687175705183642, "152": 0.7136405643838315, "312": 0.523868503082112, "314": 0.9573363750671867, "160": 0.5808446707006777, "366": 0.9884989516004242, "175": -0.2533528214200177, "199": 0.39467583264028283, "176": 0.7782912029730289, "211": 0.9016351647011236, "223": 0.9713595535558777, "234": 0.20674337834381679, "247": 0.5808446707006777, "208": 0.7297776690248152, "237": 0.8453048777385126}