{"0": 0.7425417598060612, "1": 0.6340772808912702, "2": 0.8311229959955457, "3": 0.5968611232684455, "4": 0.8937292646683588, "5": 0.020147251561369116, "6": 0.8016408203693159, "7": 0.25917053223486763, "8": 0.22406547357582957, "9": 0.5247123185998133, "10": 0.46912644829314326, "11": 0.41247311771951933, "12": 0.557010402473584, "13": 0.6733213007476928, "14": 0.691751106621022, "15": 0.48113657271127597, "16": 0.5188665657680354, "17": 0.8475814908605418, "18": 0.6397620421540968, "19": 0.26136390952185357, "20": 0.660673913766087, "21": 0.6491935015945167, "22": 0.8684827535567756, "23": 0.7637396974633953, "24": 0.6258554352216742, "25": 0.26136390952185357, "26": 0.9432447077790973, "27": 0.8192778384406973, "28": 0.8518318514934851, "29": 0.5198685220641122, "30": 0.9217586009312606, "31": 0.2667876912297211, "32": 0.9141130735845608, "33": 0.6260072594908512, "34": 0.9021221516449848, "35": 0.8444621505000198, "36": 0.3778574483795422, "37": 0.6685812721607511, "38": 0.9096911896636037, "40": 0.9949767420272078, "41": 0.9983737266052923, "43": 0.5292378121730696, "44": 0.9472676651898911, "45": 0.6526061874683491, "46": 0.8333468763597425, "47": 0.9093223456592029, "48": 0.730393459622743, "49": 0.8646846833957632, "50": 0.6821030813261982, "51": 0.5292378121730696, "52": 0.9865001752117635, "59": 0.799615023321244, "61": 0.48607992823877844, "62": 0.7425417598060612, "64": 0.9476023808238805, "66": 0.9983737266052923, "70": 0.981232131685918, "71": 0.8331087363663148, "72": 0.8720945545738419, "73": 0.23032766890594292, "76": 0.3641110015527814, "77": 0.921999206994456, "78": 0.6733559840239098, "81": 0.9335934621781633, "89": 0.6487520872752499, "92": 0.9129039455580766, "93": 0.6013506347590544, "94": 0.832860782860757, "96": 0.684961249623832, "98": -0.6499973983875726, "99": 0.9949767420272078, "39": 0.901748777249892, "42": 0.7849634154001839, "55": -0.03156587147432149, "56": 0.9711625608873772, "57": 0.9157957284855488, "58": 0.8809396244696035, "60": 0.6013506347590544, "63": 0.16671988941425248, "65": 0.1864354156823636, "69": 0.7010120954522201, "74": 0.9539519567428785, "79": 0.9700371969819471, "83": 0.8727104168106703, "86": -0.0947404194997906, "91": 0.8126874765373676, "80": 0.37540567929468754, "82": 0.5685866553822061, "87": 0.9713595535558777, "88": 0.8756754309304606, "90": 0.981232131685918, "97": 0.9713595535558777, "53": 0.7634150330236524, "68": 0.8178413482602938, "84": 0.9114128703941509, "85": 0.9001719629527898, "75": 0.8216912714609571, "54": 0.8128551965592921, "67": 0.34384838052099814, "95": 0.8720945545738419, "103": 0.7606363329562555, "108": 0.9713595535558777, "126": 0.6196188954656859, "138": 0.7146635135158155, "140": 0.37524706422654663, "141": 0.763458253742941, "143": 0.5120501550986825, "146": 0.7063908984765803, "147": 0.7116043175588809, "148": 0.6739808271819189, "111": 0.7129988887124044, "112": 0.8655817455287372, "113": 0.9112297137093281, "114": 0.6082976936329352, "128": 0.9687175705183642, "136": 0.7004914206222577, "139": 0.9709483288034012, "142": 0.7910066852120582, "102": 0.6821030813261982, "116": 0.5695444982199116, "119": 0.8655817455287372, "121": 0.9488360901438864, "122": 0.5120501550986825, "123": 0.9687175705183642, "124": -0.0947404194997906, "104": 0.8720945545738419, "107": 0.243372446956048, "134": 0.9704814302099272, "100": 0.6461531698117828, "101": 0.6236955654053149, "129": 0.41070827961500633, "130": 0.8263942138864349, "105": 0.6082976936329352, "110": 0.6082976936329352, "118": 0.7909358414504506, "125": 0.07452505849146097, "144": 0.7173963279448836, "109": 0.8697134878509117, "127": 0.3821964833509698, "132": -0.36821549634366463, "115": 0.9709483288034012, "137": 0.8980757237031942, "106": 0.8720945545738419, "135": 0.9711625608873772, "120": 0.8813445872824865, "131": 0.980133147923703, "117": 0.6196188954656859, "133": 0.5921071972552718, "145": 0.32326250314784427, "156": 0.9573363750671867, "163": 0.9865001752117635, "179": 0.920017648857659, "184": 0.8213445434803914, "186": 0.9892581571897634, "178": 0.9949767420272078, "181": 0.8213445434803914, "182": 0.8978997239936704, "183": 0.9865001752117635, "193": 0.8983851212872435, "158": 0.9713595535558777, "165": 0.8688965644538921, "166": 0.8830833783478265, "168": 0.981232131685918, "190": 0.8533643694982009, "196": 0.9140329995531735, "164": 0.9865001752117635, "169": 0.9573363750671867, "174": 0.9988882682104072, "185": 0.3885201854651707, "157": 0.9983737266052923, "173": 0.9865001752117635, "192": 0.9472676651898911, "151": 0.9830954797357201, "180": 0.9074541861500449, "159": 0.9949767420272078, "161": 0.9140329995531735, "162": 0.8794961698328488, "170": 0.981232131685918, "172": 0.9983737266052923, "177": 0.9709483288034012, "187": 0.9335934621781633, "194": 0.8446352867590317, "198": 0.9687175705183642, "150": 0.7787939383162538, "188": 0.9672702438730358, "197": 0.9983737266052923, "153": 0.8446352867590317, "189": 0.23032766890594292, "195": 0.9472676651898911, "154": 0.8463778409804674, "191": 0.9140329995531735, "171": -0.0475896289864841, "212": 0.9865001752117635, "228": 0.9000543078507882, "230": 0.9687175705183642, "210": 0.8980219409923789, "246": 0.8720945545738419, "248": 0.9335934621781633, "202": 0.9091726585479631, "236": 0.614315707939549, "206": 0.7955272601359307, "221": 0.9949767420272078, "231": 0.9667771893756375, "232": 0.14449678458109552, "244": 0.5830765794498906, "224": 0.9477068043036703, "225": 0.9006714259588862, "241": 0.9865001752117635, "242": 0.7002029063388291, "226": 0.9090796779337953, "229": 0.7818255438676718, "249": 0.8311229959955457, "214": 0.8720945545738419, "220": -0.14932931480824793, "222": 0.9988882682104072, "209": 0.9901079757944491, "227": 0.9713595535558777, "200": 0.9901079757944491, "286": 0.9013207959089523, "282": 0.7955272601359307, "259": 0.9006714259588862, "252": 0.8311229959955457, "274": 0.8794961698328488, "279": 0.8311229959955457, "149": 0.6984732774910183, "294": 0.8794961698328488, "254": 0.6526061874683491, "264": 0.9648177708588577, "256": 0.9988882682104072, "261": 0.9453520912576178, "167": 0.8311229959955457, "155": 0.3690962936014758, "152": 0.6082976936329352, "312": 0.523868503082112, "314": 0.9573363750671867, "160": 0.9983737266052923, "366": 0.9884989516004242}