{"0": 0.7437328602714011, "1": 0.31334218706051065, "2": 0.5894869790125996, "3": 0.6082976936329352, "4": 0.922705653532762, "5": 0.6258554633767097, "6": 0.919145955167944, "7": 0.7782912029730289, "8": 0.7193369430604821, "9": 0.9830954797357201, "10": 0.5894869790125996, "11": 0.8333462465077961, "12": 0.9777812587919528, "13": 0.9006714259588862, "14": 0.9129039455580766, "15": 0.888367791813524, "16": 0.8830833783478265, "17": 0.8997670280032732, "18": 0.8830833783478265, "19": 0.6526061874683491, "20": 0.3431187303073333, "21": 0.6221959113137245, "22": 0.9025302222459619, "23": 0.8697134878509117, "24": 0.43630621520808116, "25": 0.4218308046635722, "26": 0.8192778384406973, "27": 0.9710685701243187, "28": 0.7963352269774763, "29": 0.901748777249892, "30": 0.9573146345238671, "31": 0.8366841729045951, "32": 0.9072409240804903, "33": 0.967905757640733, "34": 0.14449678458109552, "35": 0.7909358414504506, "36": 0.901748777249892, "37": 0.8428190581562929, "38": 0.9072409240804903, "40": 0.6487111246053656, "41": 0.8586436992701498, "43": 0.8463778409804674, "44": 0.8213445434803914, "45": 0.9453520912576178, "46": 0.831315809318495, "47": 0.8953357204137226, "48": 0.9865001752117635, "49": 0.8311229959955457, "50": 0.9096911896636037, "51": 0.9949767420272078, "52": 0.967905757640733, "59": 0.8794961698328488, "61": 0.9988882682104072, "62": 0.981232131685918, "64": 0.981232131685918, "66": 0.888367791813524, "70": 0.6082976936329352, "71": 0.757604564146452, "72": 0.981232131685918, "73": -0.2533528214200177, "76": 0.9329969579507573, "77": 0.7010120954522201, "78": 0.9045997992036547, "81": 0.9141130735845608, "89": 0.8213445434803914, "92": 0.9983737266052923, "93": 0.8775265032524076, "94": 0.8546179968153367, "96": 0.9304763003992487, "98": 0.6196188954656859, "99": 0.9472676651898911, "39": 0.8333468763597425, "42": 0.513813475465354, "55": 0.9687175705183642, "56": 0.8280814828306626, "57": 0.9432447077790973, "58": 0.831285201806796, "60": 0.8213445434803914, "63": 0.8615112575471175, "65": 0.8311229959955457, "69": 0.8720945545738419, "74": 0.5799811776941057, "79": 0.9713595535558777, "83": 0.9840880345802636, "86": 0.9304763003992487, "91": 0.9983737266052923, "80": 0.5195007090501981, "82": 0.9335934621781633, "87": 0.7116043175588809, "88": 0.9493540059122985, "90": 0.9988882682104072, "97": 0.7002029063388291, "53": 0.4409332562501549, "68": 0.5983186795268125, "84": 0.832860782860757, "85": 0.9865001752117635, "75": 0.7669301099235952, "54": -0.0475896289864841, "67": 0.9340071081722181, "95": 0.8366841729045951, "103": 0.9129039455580766, "108": 0.2502203419751374, "126": 0.9472676651898911, "138": 0.8655817455287372, "140": 0.9090796779337953, "141": 0.8720945545738419, "143": 0.9090796779337953, "146": 0.8261204300060645, "147": 0.6078891241821858, "148": 0.8830833783478265, "111": 0.8830833783478265, "112": 0.6082976936329352, "113": 0.9949767420272078, "114": 0.4187743679913709, "128": 0.9884989516004242, "136": 0.8762540949476318, "139": 0.9687175705183642, "142": 0.14644603093131614, "102": 0.9949767420272078, "116": 0.4280530752142929, "119": 0.8830833783478265, "121": 0.9801948925335262, "122": 0.26350603602612926, "123": 0.9983737266052923, "124": 0.8300095389021795, "104": 0.9129039455580766, "107": 0.9983737266052923, "134": 0.8830833783478265, "100": 0.9488360901438864, "101": 0.9687175705183642, "129": 0.9403846533518059, "130": 0.9181169426857589, "105": 0.9061104814689838, "110": 0.832860782860757, "118": 0.8990338733006693, "125": 0.8188763159117212, "144": 0.13865812256397686, "109": 0.6381460889283319, "127": 0.6082976936329352, "132": 0.1975043325266742, "115": 0.9687175705183642, "137": 0.8809396244696035, "106": 0.8830833783478265, "135": 0.8366841729045951, "120": 0.7010120954522201, "131": 0.7398746342160886, "117": 0.9687175705183642, "133": 0.9777812587919528, "145": 0.9335934621781633, "156": 0.6082976936329352, "163": 0.1975043325266742, "179": 0.9140329995531735, "184": 0.5913452005762347, "186": 0.93645678358723, "178": 0.6161367051674584, "181": 0.9140329995531735, "182": 0.7608528783887835, "183": 0.7336565076444184, "193": 0.9586919378087284, "158": 0.9335934621781633, "165": 0.4100431994763632, "166": 0.9047378481994306, "168": 0.9309065637866576, "190": 0.25966078673610343, "196": 0.866535739942897, "164": 0.6593315186139259, "169": 0.9830954797357201, "174": 0.4096984002208053, "185": 0.8213445434803914, "157": 0.9453520912576178, "173": 0.9801948925335262, "192": 0.706311419275102, "151": 0.9140329995531735, "180": 0.9449277469107293, "159": 0.9687175705183642, "161": 0.5849218693305673, "162": 0.6061367038825813, "170": 0.9884989516004242, "172": 0.47066488472412527, "177": 0.8980219409923789, "187": 0.9141130735845608, "194": 0.9830954797357201, "198": 0.7824962939969589, "150": 0.522677044646806, "188": 0.9830954797357201, "197": 0.8720945545738419, "153": 0.9140329995531735, "189": 0.9327349011946073, "195": 0.8567822593652972, "154": 0.9830954797357201, "191": 0.30685047983091546, "171": 0.9061104814689838, "212": 0.6082976936329352, "228": 0.5808446707006777, "230": 0.9453520912576178, "210": 0.834834426754641, "246": 0.941544463957757, "248": 0.8272030732920543, "202": 0.9884989516004242, "236": 0.5546325074700377, "206": 0.9140329995531735, "221": -0.22453305778075794, "231": 0.9006714259588862, "232": 0.9000543078507882, "244": 0.8995238736482618, "224": 0.9691939465332382, "225": 0.6703785647893232, "241": 0.9140329995531735, "242": 0.8830833783478265, "226": 0.9642811283825925, "229": 0.9884989516004242, "249": 0.48377266320223156, "214": 0.5932693692031363, "220": 0.8830833783478265, "222": -0.27496486801528375, "209": 0.8319606635766603, "227": 0.8775803973511176, "200": 0.8720945545738419, "286": 0.9140329995531735, "282": 0.8892478898633576, "259": 0.7878969237776184, "252": 0.7787939383162538, "274": 0.8749101974796007, "279": 0.25146295316959444, "149": 0.981232131685918, "294": 0.6281311285309359, "254": 0.8794961698328488, "264": 0.9016627608838315, "256": 0.9713595535558777, "261": 0.9830954797357201, "167": -0.0475896289864841, "155": 0.8188763159117212, "152": 0.9090796779337953, "312": 0.3885201854651707, "314": 0.9403846533518059, "160": 0.9006714259588862, "366": 0.9884989516004242, "176": 0.9884989516004242, "199": 0.9726470427282614, "175": 0.9592332369017739, "208": 0.3690962936014758, "217": 0.8853452579064365, "243": 0.5431214271451874, "245": 0.6133047155306988, "201": 0.7010120954522201, "207": 0.9830954797357201, "235": 0.7983331701459425, "211": -0.4106204816379031, "240": 0.8272104826016874, "247": 0.3615774438672966, "213": 0.9592332369017739, "223": 0.9636589083754621, "234": 0.8615112575471175, "239": 0.6284436739232024, "216": 0.9642811283825925, "238": 0.9830954797357201, "204": 0.9672145785527155, "215": 0.609225864488296, "205": 0.9140329995531735, "219": 0.980133147923703, "237": 0.055162342896324865, "203": 0.7327634312010209, "218": 0.8070834178164799, "257": 0.7878969237776184, "281": 0.8384519689542054, "285": 0.3484906348568889, "290": 0.523868503082112, "250": 0.8870192884221564, "268": 0.8338039374787547, "273": 0.8537752833436424, "278": 0.9565253983064226, "291": 0.8396508538985199, "298": 0.9327349011946073, "269": 0.8949368089438811, "283": 0.9691939465332382, "296": 0.3096375798953373, "297": 0.6487191447383625, "255": 0.8974691924436693, "263": 0.832860782860757, "276": 0.5808446707006777, "295": 0.9884989516004242, "266": 0.9642811283825925, "251": 0.8944640113474871, "271": 0.4543517618316325, "253": 0.9237997359653143, "275": 0.722919605033341, "272": 0.9691939465332382, "287": 0.866299782057011, "262": 0.9691939465332382, "265": 0.718286056213555, "277": -0.27496486801528375, "233": 0.7941893966993767, "293": 0.3885201854651707, "270": 0.5808446707006777, "258": 0.9140329995531735, "289": 0.8316076253923786, "292": 0.4865376241939008, "260": 0.9415328181544287, "267": 0.23161239918590903, "299": 0.9691939465332382,