{"0": 0.9327349011946073, "1": 0.48964249595919046, "2": 0.908711755436941, "3": 0.9691939465332382, "4": 0.6667605661755773, "5": 0.8453048777385126, "6": -0.27496486801528375, "7": 0.8907066920709366, "8": 0.41022751274368774, "9": 0.5761385373981732, "10": 0.9865001752117635, "11": 0.513813475465354, "12": 0.5187773916306693, "13": 0.8188763159117212, "14": 0.1975043325266742, "15": 0.7389926360062722, "16": 0.40717453683084925, "17": 0.74450528604845, "18": 0.8213445434803914, "19": 0.5260639171568244, "20": 0.9013207959089523, "21": 0.8036018470803274, "22": 0.5139119101428755, "23": 0.9949767420272078, "24": 0.9710685701243187, "25": 0.6325760027358256, "26": 0.8959506830135902, "27": 0.9217586009312606, "28": 0.3359782096512518, "29": 0.9949767420272078, "30": 0.9949767420272078, "31": 0.8331981128014844, "32": 0.6210664867716069, "33": 0.9289341355600267, "34": 0.6082976936329352, "35": 0.8841702055667628, "36": 0.9949767420272078, "37": 0.981232131685918, "38": 0.9865001752117635, "40": 0.9472676651898911, "41": 0.967905757640733, "43": 0.6236955654053149, "44": 0.8521263439201758, "45": 0.9949767420272078, "46": 0.712831214936943, "47": 0.8711994502463034, "48": 0.8298497151028721, "49": 0.6061367038825813, "50": 0.9006714259588862, "51": 0.9884989516004242, "52": 0.4408490612951576, "59": 0.7938490596912138, "61": 0.9472676651898911, "62": 0.7010120954522201, "64": 0.9389317900104532, "66": 0.4170036908105299, "70": 0.7782912029730289, "71": 0.924359473501971, "72": 0.836585437085434, "73": 0.23032766890594292, "76": 0.607632134666684, "77": 0.981232131685918, "78": 0.5331592632238147, "81": 0.9154708898617174, "89": 0.9713595535558777, "92": 0.8907066920709366, "93": 0.646203326888917, "94": 0.978789337755493, "96": 0.9335934621781633, "98": 0.6061367038825813, "99": 0.7035429966592748, "39": 0.8261204300060645, "42": 0.6335357121142486, "55": 0.6815799757626786, "56": 0.9988882682104072, "57": 0.6591789625059177, "58": 0.981232131685918, "60": 0.9213548555104247, "63": 0.39808550507307694, "65": 0.9865001752117635, "69": 0.814917173961524, "74": 0.6349817162181675, "79": 0.3276128511127841, "83": 0.9432447077790973, "86": 0.8756754309304606, "91": 0.8720945545738419, "80": 0.806096050308855, "82": 0.9592332369017739, "87": 0.9687175705183642, "88": 0.7991437719188091, "90": 0.967905757640733, "97": 0.8979459823482292, "53": 0.7955272601359307, "68": 0.8664737594554823, "84": 0.3702217257773508, "85": 0.9983737266052923, "75": 0.9983737266052923, "54": 0.9072409240804903, "67": 0.829267570653595, "95": 0.9090796779337953, "103": 0.6082976936329352, "108": 0.967905757640733, "126": 0.9642811283825925, "138": 0.9013207959089523, "140": 0.8830833783478265, "141": 0.832860782860757, "143": 0.8366841729045951, "146": 0.6196188954656859, "147": 0.041791283767412486, "148": 0.5509321997381238, "111": 0.6852309177799163, "112": 0.9141130735845608, "113": 0.9983737266052923, "114": 0.8720945545738419, "128": 0.2070745249305212, "136": 0.9006714259588862, "139": 0.867671466746236, "142": 0.8720945545738419, "102": 0.981232131685918, "116": 0.7269039239564163, "119": 0.6061367038825813, "121": 0.978789337755493, "122": 0.6151676297974078, "123": 0.9687175705183642, "124": 0.8830833783478265, "104": 0.8015605091861033, "107": 0.9006714259588862, "134": 0.9013207959089523, "100": 0.9141130735845608, "101": 0.8998062392572328, "129": 0.6341598855225079, "130": 0.8213445434803914, "105": 0.8841669172681577, "110": 0.9216100146884108, "118": 0.6082976936329352, "125": 0.8366841729045951, "144": 0.7451525819373325, "109": 0.9335934621781633, "127": -0.0947404194997906, "132": 0.9687175705183642, "115": 0.9472676651898911, "137": 0.9988882682104072, "106": 0.8366841729045951, "135": 0.7010120954522201, "120": 0.7365398254287008, "131": 0.9090796779337953, "117": 0.919277347240018, "133": 0.5453052173669288, "145": 0.5790870233773533, "156": 0.48607992823877844, "163": 0.8463778409804674, "179": 0.8688965644538921, "184": 0.6999636831160654, "186": 0.9830954797357201, "178": 0.7782912029730289, "181": 0.9488360901438864, "182": 0.832860782860757, "183": 0.3000983998457136, "193": 0.9644804896774047, "158": 0.9090796779337953, "165": 0.4387711316531707, "166": 0.9830954797357201, "168": 0.9884989516004242, "190": 0.9335934621781633, "196": 0.9830954797357201, "164": 0.8645321962681458, "169": 0.8316076253923786, "174": 0.9316966264562736, "185": 0.9180753773976005, "157": 0.8720945545738419, "173": 0.8311229959955457, "192": 0.9006714259588862, "151": 0.9687175705183642, "180": 0.9687175705183642, "159": 0.1975043325266742, "161": 0.8070834178164799, "162": 0.8510486120203178, "170": 0.9141130735845608, "172": 0.9449277469107293, "177": 0.9304763003992487, "187": 0.189715774421225, "194": 0.2011426332164294, "198": 0.8614803323691871, "150": 0.9884989516004242, "188": 0.6487520872752499, "197": 0.861609922820866, "153": 0.8370569314040022, "189": 0.9425128577246487, "195": 0.8670503769609645, "154": 0.000722957805710489, "191": 0.9884989516004242, "171": 0.9771451713702621, "212": 0.6082976936329352, "228": 0.8351867929527144, "230": -0.27496486801528375, "210": 0.7010120954522201, "246": 0.778013293012892, "248": 0.8213445434803914, "202": 0.9988882682104072, "236": 0.9687175705183642, "206": 0.8980219409923789, "221": 0.7451525819373325, "231": 0.9140329995531735, "232": 0.9177778432333028, "244": 0.5431214271451874, "224": 0.5172920858213403, "225": 0.31334218706051065, "241": 0.44098115763402845, "242": 0.832860782860757, "226": 0.22204631175398373, "229": 0.7849001521249795, "249": 0.9316966264562736, "214": 0.7451525819373325, "220": 0.9642811283825925, "222": 0.8070834178164799, "209": 0.896250594654551, "227": 0.6364749929951916, "200": 0.9212696731928448, "286": 0.9013207959089523, "282": 0.9335934621781633, "259": 0.5808446707006777, "252": 0.9576444674854349, "274": 0.8453048777385126, "279": 0.9140329995531735, "149": 0.9687175705183642, "294": 0.9691939465332382, "254": 0.6526061874683491, "264": 0.9830954797357201, "256": 0.9726470427282614, "261": 0.9453520912576178, "167": 0.9316966264562736, "155": 0.8691872707105253, "152": 0.9090796779337953, "312": 0.523868503082112, "314": 0.9573363750671867, "160": 0.9884989516004242, "366": 0.9884989516004242, "176": 0.7807773054616817, "199": 0.9672145785527155, "175": 0.9735118549837684, "208": 0.831285201806796, "217": 0.9181169426857589, "243": 0.8537599583759073, "245": -0.27496486801528375, "201": 0.9830954797357201, "207": 0.9830954797357201, "235": 0.6284436739232024, "211": 0.5423844318823411, "240": 0.9691939465332382, "247": 0.5321501730028227, "213": 0.7490409196151773, "223": 0.9090796779337953, "234": 0.2011426332164294, "239": 0.9140329995531735, "216": 0.9335934621781633, "238": 0.10047556457296908, "204": 0.9830954797357201, "215": 0.5455347480936545, "205": 0.7390305774385937, "219": 0.8370011810290605, "237": 0.7122636184977501, "203": 0.8642743915411626, "218": 0.8188773417294917, "257": 0.9335934621781633, "281": 0.6450819217451216, "285": 0.8530040100972406, "290": 0.8370569314040022, "250": 0.9573363750671867, "268": 0.5995030975426605, "273": 0.5984882081394154, "278": 0.8443727045078806, "291": 0.5808446707006777, "298": 0.9652197466936353, "269": 0.9189796994070691, "283": 0.9213548555104247, "296": 0.3096375798953373, "297": 0.11245997999190274, "255": 0.36806161337201504, "263": 0.9140329995531735, "276": 0.9007335708197761, "295": 0.828507570283525, "266": 0.9642811283825925, "251": 0.5703945542091542, "271": 0.9713595535558777, "253": 0.9000543078507882, "275": 0.8555364444457623}