{"0": 0.47313930248980396, "1": 0.7321098415154598, "2": 0.9949767420272078, "3": 0.7146534890473241, "4": 0.5147945325902932, "5": 0.9532023633053024, "6": 0.8192217898519648, "7": 0.3014277915473468, "8": 0.5664028056471622, "9": 0.5859972416326419, "10": 0.5767236072887452, "11": 0.9711625608873772, "12": 0.7215832754113839, "13": 0.8463778409804674, "14": 0.5978048950228824, "15": 0.48704737987716895, "16": 0.8769593124604795, "17": 0.31603455825456866, "18": 0.4739752331798989, "19": 0.6046469831644024, "20": 0.9949767420272078, "21": 0.967905757640733, "22": 0.6097693913724529, "23": 0.6491935015945167, "24": 0.6260072594908512, "25": 0.40538358663907076, "26": 0.9901079757944491, "27": 0.6180032137120303, "28": 0.9217586009312606, "29": 0.8952635008702641, "30": 0.9449277469107293, "31": 0.824220952011175, "32": 0.9865001752117635, "33": 0.44694923057759395, "34": 0.9711625608873772, "35": 0.821307666909967, "36": 0.5358827365043197, "37": 0.9865001752117635, "38": 0.6236376850556495, "40": 0.9704631291335517, "41": 0.9983737266052923, "43": 0.9217586009312606, "44": 0.4781188722335591, "45": 0.9241001180157649, "46": 0.757604564146452, "47": 0.8128551965592921, "48": 0.8430483304284997, "49": 0.9983737266052923, "50": 0.9147112422298536, "51": 0.9709483288034012, "52": 0.8928144447523121, "59": 0.40549099456638493, "61": 0.8080960088556266, "62": 0.8016408203693158, "64": 0.7425417598060612, "66": 0.6094012913532996, "70": 0.9983737266052923, "71": 0.585500215148598, "72": 0.8366841729045951, "73": 0.9983737266052923, "76": 0.8457633279022716, "77": 0.8546179968153367, "78": 0.9700371969819471, "81": 0.9157957284855488, "89": 0.8159309810609103, "92": 0.1391457165342499, "93": 0.9204330867250647, "94": 0.9013207959089523, "96": 0.3646204501090553, "98": 0.6236955654053149, "99": 0.36116048122407557, "39": 0.9306717778743876, "42": 0.9180753773976005, "55": 0.6733559840239098, "56": 0.7491275319485726, "57": 0.23032766890594292, "58": 0.921999206994456, "60": 0.9711625608873772, "63": 0.8598686575462547, "65": 0.6013506347590544, "69": 0.27506912894415203, "74": 0.9590747732637708, "79": 0.872835781527262, "83": -0.0947404194997906, "86": 0.8128551965592921, "91": 0.38017786158870603, "80": 0.9713595535558777, "82": 0.980133147923703, "87": 0.7400941429345778, "88": 0.7010120954522201, "90": 0.5851191199176118, "97": 0.9204330867250647, "53": 0.5122884716553817, "54": 0.3784711561532982, "67": 0.8366841729045951, "68": 0.574031499518063, "75": 0.757604564146452, "84": 0.8385403068918958, "85": 0.7010120954522201, "95": 0.981232131685918, "103": 0.8855337795628653, "108": 0.9476023808238805, "126": 0.9687175705183642, "138": 0.684961249623832, "140": 0.9252433584349254, "141": 0.9642811283825925, "143": 0.8720945545738419, "146": 0.6351154778354233, "147": 0.9476023808238805, "148": 0.9196762676827337, "111": 0.5412703501872008, "112": 0.6288473701422195, "113": 0.4661494398513112, "114": 0.26076804793826724, "128": 0.921999206994456, "136": 0.9771451713702621, "139": 0.8646846833957632, "142": 0.5691501078220106, "102": 0.5695730153577608, "116": 0.9691939465332382, "119": 0.39365565100039146, "121": 0.53361542765685, "122": 0.4234463593322537, "123": 0.19636038889005966, "124": 0.9901079757944491, "104": 0.5358827365043197, "107": 0.6350518813987663, "134": 0.5525818942829822, "100": 0.8809396244696035, "101": 0.9988882682104072, "129": 0.901748777249892, "130": 0.525027673004182, "105": 0.9865001752117635, "110": 0.7709655471410095, "118": 0.3555124132857857, "125": 0.9709483288034012, "144": 0.660673913766087, "109": 0.6082976936329352, "127": 0.5487775523755761, "132": 0.7646757269224965, "115": 0.6487520872752499, "137": 0.5247123185998133, "106": 0.8720945545738419, "135": 0.9180753773976005, "120": 0.7010120954522201, "131": 0.5933619888227365, "117": 0.9493540059122985, "133": 0.9304763003992487, "145": 0.981232131685918, "156": 0.9573363750671867, "163": 0.9865001752117635, "179": 0.920017648857659, "184": 0.8213445434803914, "186": 0.9892581571897634, "178": 0.9949767420272078, "181": 0.8213445434803914, "182": 0.8978997239936704, "183": 0.9865001752117635, "193": 0.8983851212872435, "158": 0.9713595535558777, "165": 0.8688965644538921, "166": 0.8830833783478265, "168": 0.981232131685918, "190": 0.8533643694982009, "196": 0.9140329995531735, "164": 0.9865001752117635, "169": 0.9573363750671867, "174": 0.9988882682104072, "185": 0.3885201854651707, "157": 0.9983737266052923, "173": 0.9865001752117635, "192": 0.9472676651898911, "151": 0.9830954797357201, "180": 0.9074541861500449, "159": 0.9949767420272078, "161": 0.9140329995531735, "162": 0.8794961698328488, "170": 0.981232131685918, "172": 0.9983737266052923, "177": 0.9709483288034012, "187": 0.9335934621781633, "194": 0.8446352867590317, "198": 0.9687175705183642, "150": 0.7787939383162538, "188": 0.9672702438730358, "197": 0.9983737266052923, "153": 0.8446352867590317, "189": 0.23032766890594292, "195": 0.9472676651898911, "154": 0.8463778409804674, "191": 0.9140329995531735, "171": -0.0475896289864841, "212": 0.9865001752117635, "228": 0.9000543078507882, "230": 0.9687175705183642, "210": 0.8980219409923789, "246": 0.8720945545738419, "248": 0.9335934621781633, "202": 0.9091726585479631, "236": 0.614315707939549, "206": 0.7955272601359307, "221": 0.9949767420272078, "231": 0.9667771893756375, "232": 0.14449678458109552, "244": 0.5830765794498906, "224": 0.9477068043036703, "225": 0.9006714259588862, "241": 0.9865001752117635, "242": 0.7002029063388291, "226": 0.9090796779337953, "229": 0.7818255438676718, "249": 0.8311229959955457, "214": 0.8720945545738419, "220": -0.14932931480824793, "222": 0.9988882682104072, "209": 0.9901079757944491, "227": 0.9713595535558777, "200": 0.9901079757944491, "286": 0.9013207959089523, "282": 0.7955272601359307, "259": 0.9006714259588862, "252": 0.8311229959955457, "274": 0.8794961698328488, "279": 0.8311229959955457, "149": 0.9559398348927166, "294": 0.8794961698328488, "254": 0.6526061874683491, "264": 0.9648177708588577, "256": 0.9988882682104072, "261": 0.9453520912576178, "167": 0.8311229959955457, "155": 0.3690962936014758, "152": 0.6082976936329352, "312": 0.523868503082112, "314": 0.9573363750671867, "160": 0.9983737266052923, "366": 0.9884989516004242}