{"0": 0.4477290739835533, "1": 0.28123448432467735, "2": 0.33312522946022494, "3": 0.8902155816030437, "4": 0.9056172503578793, "5": 0.48771932999233114, "6": 0.7336565076444184, "7": 0.8917413869486495, "8": 0.9949767420272078, "9": 0.6526061874683491, "10": 0.19636038889005966, "11": 0.5600797270202513, "12": 0.9865001752117635, "13": 0.7466890867450248, "14": 0.967905757640733, "15": 0.9576444674854349, "16": 0.1779517759081904, "17": 0.8645321962681458, "18": 0.3054069261963832, "19": 0.9477068043036703, "20": 0.18734791628031433, "21": 0.8809396244696035, "22": 0.9865001752117635, "23": 0.7912848613216619, "24": 0.4720649619481161, "25": 0.8756754309304606, "26": 0.61468006592553, "27": 0.7923975123858403, "28": 0.8575068782208501, "29": 0.6340430440545783, "30": 0.9039624678279713, "31": 0.9983737266052923, "32": 0.5695264520167094, "33": 0.7849634154001839, "34": 0.7993444339342476, "35": 0.8937292646683588, "36": 0.7778644248551652, "37": 0.37540567929468754, "38": 0.6263493612430445, "40": 0.9141130735845608, "41": 0.5875469728698006, "43": 0.8311229959955457, "44": 0.6821030813261982, "45": 0.27361805570435394, "46": 0.8993865881274233, "47": 0.9983737266052923, "48": 0.5198685220641122, "49": -0.31101596074070825, "50": 0.8558794106630547, "51": 0.44123027272096305, "52": 0.1975043325266742, "59": 0.9093223456592029, "61": 0.6363394608718937, "62": 0.9204330867250647, "64": 0.9013207959089523, "66": 0.5292378121730696, "70": 0.6791216122853688, "71": 0.9709483288034012, "72": 0.981232131685918, "73": 0.9830954797357201, "76": 0.8756754309304606, "77": 0.7328887417864776, "78": 0.9181169426857589, "81": -0.0947404194997906, "89": 0.832860782860757, "92": 0.7122636184977501, "93": 0.44733433481810303, "94": 0.5786232597120046, "96": 0.1975043325266742, "98": 0.9335934621781633, "99": 0.9141130735845608, "39": 0.9316966264562736, "42": 0.8472359151479651, "55": 0.9137548109842273, "56": 0.9983737266052923, "57": 0.5863847725179658, "58": 0.9865001752117635, "60": 0.9711625608873772, "63": 0.9472676651898911, "65": 0.7629530963077813, "69": 0.967905757640733, "74": 0.981232131685918, "79": 0.6196188954656859, "83": 0.6350518813987663, "86": 0.48607992823877844, "91": 0.8830833783478265, "80": 0.8366841729045951, "82": 0.9096911896636037, "87": 0.6793597297003892, "88": 0.7216597150738794, "90": 0.9592332369017739, "97": 0.757604564146452, "53": 0.8634819240011842, "54": 0.8333468763597427, "67": 0.5358827365043197, "68": 0.757604564146452, "75": 0.981232131685918, "84": 0.8178413482602938, "85": 0.9129039455580766, "95": 0.9983737266052923, "103": 0.7782912029730289, "108": 0.9711625608873772, "126": 0.4090681115596546, "138": 0.7010120954522201, "140": 0.8928144447523121, "141": 0.7787939383162538, "143": 0.9687175705183642, "146": 0.807184936211744, "147": 0.6031437172977331, "148": 0.9884989516004242, "111": 0.9013207959089523, "112": 0.20719309844180892, "113": 0.9476023808238805, "114": 0.9687175705183642, "128": 0.2613639095218535, "136": 0.8830833783478265, "139": 0.6685812721607511, "142": 0.9090796779337953, "102": 0.7010120954522201, "116": 0.6692430371893076, "119": 0.9710685701243187, "121": 0.9488360901438864, "122": 0.9007335708197761, "123": 0.5483982320747937, "124": 0.7010120954522201, "104": 0.7669301099235952, "107": -0.03156587147432149, "134": 0.33941017695360637, "100": 0.967905757640733, "101": 0.8720945545738419, "129": 0.8755225610321277, "130": 0.7637396974633953, "105": 0.8444621505000198, "110": 0.24629622076075364, "118": 0.9642811283825925, "125": -0.0947404194997906, "144": 0.48113657271127597, "109": 0.9713595535558777, "127": 0.6094012913532996, "132": 0.7075546733458378, "115": 0.557010402473584, "137": 0.9642811283825925, "106": 0.8122190836395363, "135": 0.9687175705183642, "120": 0.23032766890594292, "131": 0.6258554352216742, "117": 0.8316076253923786, "133": 0.23032766890594292, "145": 0.8720945545738419, "156": 0.8292426892435174, "163": 0.8756754309304606, "179": 0.9006714259588862, "184": 0.5920931757809508, "186": 0.9830954797357201, "178": 0.980133147923703, "181": 0.9142951613245062, "182": 0.9109242775708097, "183": 0.8841669172681577, "193": 0.6066282607055882, "158": 0.943959991281367, "165": 0.9129039455580766, "166": 0.45730309682529446, "168": 0.8720945545738419, "190": 0.8249613834950777, "196": 0.7634150330236524, "164": 0.808470323295807, "169": 0.5410752967980765, "174": 0.9289646072222364, "185": 0.5808446707006777, "157": 0.9206805905322912, "173": 0.49281774027427117, "192": 0.7451525819373325, "151": 0.45168620078593547, "180": 0.9141130735845608, "159": 0.14449678458109552, "161": 0.664874595552756, "162": 0.5808446707006777, "170": 0.8345696413080547, "172": 0.6845776955545131, "177": 0.9691939465332382, "187": 0.8887059052321247, "194": 0.8331087363663148, "198": 0.9315684879650371, "150": 0.7039858364543273, "188": 0.3926925160356013, "197": 0.28513373283687415, "153": 0.7051300887732296, "189": 0.7116043175588809, "195": 0.8062843276951492, "154": 0.8688965644538921, "191": 0.1864354156823636, "171": 0.5927132190346076, "212": 0.9865001752117635, "228": 0.901748777249892, "230": 0.9573363750671867, "210": 0.8980219409923789, "246": 0.6397620421540968, "248": 0.9335934621781633, "202": 0.1838621533899384, "236": 0.9140329995531735, "206": 0.2011426332164294, "221": -0.27496486801528375, "231": 0.9667771893756375, "232": 0.9300887168309432, "244": 0.14449678458109552, "224": 0.9477068043036703, "225": 0.9006714259588862, "241": 0.0882759782354223, "242": 0.7002029063388291, "226": 0.9090796779337953, "229": 0.607632134666684, "249": 0.882734768678885, "214": 0.8720945545738419, "220": 0.4409332562501549, "222": 0.6260072594908512, "209": 0.3778574483795422, "227": 0.5941437583531144, "200": 0.8646846833957632, "286": 0.9013207959089523, "282": 0.7955272601359307, "259": 0.9006714259588862, "252": 0.8311229959955457, "274": 0.8794961698328488, "279": 0.8311229959955457, "149": 0.6980579129044038, "294": 0.8794961698328488, "254": 0.6526061874683491, "264": 0.9648177708588577, "256": 0.9988882682104072, "261": 0.9453520912576178, "167": 0.9114128703941509, "155": 0.8309473774548726, "152": 0.5247123185998133, "312": 0.523868503082112, "314": 0.9573363750671867, "160": 0.6847157088297572, "366": 0.9884989516004242, "175": 0.5120501550986825, "176": 0.9053622125320326, "199": 0.691751106621022, "205": 0.60460412008428, "208": 0.7425417598060612, "238": 0.9141130735845608, "234": 0.691816153453154, "239": 0.8453048777385126, "201": 0.8463778409804674, "203": 0.921999206994456, "207": 0.8837485174457766, "219": 0.7646757269224965, "235": 0.6413911019625415, "237": 0.8591247380937741, "247": 0.9252433584349254, "215": 0.8192778384406973, "218": 0.6013506347590544, "223": 0.6443955829734422, "233": 0.9335934621781633, "243": 0.9304763003992487}