{"0": 0.6260072594908512, "1": 0.605840532100246, "2": 0.691751106621022, "3": 0.8732750368331976, "4": 0.8333468763597425, "5": 0.7961828634653116, "6": 0.9021221516449848, "7": 0.8938772884269843, "8": 0.7719865239233111, "9": 0.8727104168106703, "10": 0.7866875579257706, "11": 0.6179465443434478, "12": 0.869170515593214, "13": 0.7647374990419398, "14": 0.5247123185998133, "15": 0.5896092488634156, "16": 0.9109242775708097, "17": 0.4183847681953678, "18": 0.48113657271127597, "19": 0.6526061874683491, "20": 0.0882759782354223, "21": 0.5685866553822061, "22": 0.8016408203693159, "23": 0.9006714259588862, "24": 0.8642616605705435, "25": 0.008933585226377671, "26": 0.12215931071775238, "27": 0.6821030813261982, "28": 0.7782912029730289, "29": 0.7564453112762356, "30": 0.9054561241861967, "31": 0.545388822930969, "32": -0.1752464829013728, "33": 0.7010120954522201, "34": 0.8311229959955457, "35": 0.14449678458109552, "36": 0.9141130735845608, "37": 0.6491935015945167, "38": 0.35380294580398075, "40": 0.831353635284674, "41": 0.8297293738737348, "43": 0.8463778409804674, "44": 0.6258554352216742, "45": 0.921999206994456, "46": 0.639062295487238, "47": 0.9949767420272078, "48": 0.9712097172582024, "49": 0.7427994050811209, "50": 0.9983737266052923, "51": 0.8720945545738419, "52": 0.8340581570219698, "59": 0.799615023321244, "61": 0.9432447077790973, "62": 0.9983737266052923, "64": 0.9217586009312606, "66": 0.9865001752117635, "70": 0.9711625608873772, "71": 0.31585477867645906, "72": 0.8756754309304606, "73": 0.7637396974633953, "76": 0.8438756745070317, "77": 0.7075546733458378, "78": 0.35895401932536003, "81": 0.5292378121730696, "89": 0.9704631291335517, "92": 0.3112820529430176, "93": 0.6082976936329352, "94": 0.9700371969819471, "96": 0.9157957284855488, "98": 0.8128551965592921, "99": 0.34384838052099814, "39": 0.9442464244826696, "42": 0.9709483288034012, "55": 0.48113657271127597, "56": 0.660673913766087, "57": 0.25917053223486763, "58": 0.8333468763597425, "60": 0.757604564146452, "63": 0.6240807603741816, "65": 0.9949767420272078, "69": 0.7010120954522201, "74": 0.8216912714609571, "79": 0.7232766754355233, "83": 0.6258554352216742, "86": 0.8089277649997813, "91": 0.38582423574507096, "80": 0.832860782860757, "82": 0.9141130735845608, "87": -0.0947404194997906, "88": 0.6013506347590544, "90": 0.9712097172582024, "97": 0.6472125053108531, "53": 0.872110658966011, "68": 0.8216912714609571, "84": 0.6678093024213296, "85": 0.6821030813261982, "75": 0.9074541861500449, "54": 0.3259173685316173, "67": 0.8016408203693159, "95": 0.8454698261244565, "103": 0.7709655471410095, "108": 0.9713595535558777, "126": 0.8396372841917765, "138": 0.18168131915734786, "140": 0.8601391183990965, "141": 0.8455117632990026, "143": 0.9157957284855488, "146": 0.9656330289232972, "147": 0.7116043175588809, "148": 0.6739808271819189, "111": 0.7010120954522201, "112": 0.8720945545738419, "113": 0.9709483288034012, "114": 0.9181169426857589, "128": 0.6082976936329352, "136": 0.7116043175588809, "139": 0.9709483288034012, "142": 0.7910066852120582, "102": 0.16671988941425248, "116": 0.7425417598060612, "119": 0.7648038598581672, "121": 0.5320489077677621, "122": 0.802176815427363, "123": 0.9114128703941509, "124": 0.9096911896636037, "104": 0.6196188954656859, "107": -0.03156587147432149, "134": 0.6487520872752499, "100": 0.6733559840239098, "101": 0.20719309844180892, "129": 0.9713595535558777, "130": 0.5120501550986825, "105": 0.34384838052099814, "110": 0.48084516537488614, "118": 0.9096911896636037, "125": 0.9700371969819471, "144": 0.2830268622747144, "109": 0.9476023808238805, "127": 0.8292426892435174, "132": 0.9754846259278245, "115": 0.32084236499177765, "137": 0.8188773417294917, "106": 0.5350990871777538, "135": 0.9129039455580766, "120": 0.684961249623832, "131": 0.9114128703941509, "117": 0.9700371969819471, "133": 0.8318281728909652, "145": 0.8546179968153367, "156": 0.9573363750671867, "163": 0.9865001752117635, "179": 0.920017648857659, "184": 0.8213445434803914, "186": 0.9892581571897634, "178": 0.9949767420272078, "181": 0.8213445434803914, "182": 0.8978997239936704, "183": 0.9865001752117635, "193": 0.8983851212872435, "158": 0.9713595535558777, "165": 0.8688965644538921, "166": 0.8830833783478265, "168": 0.981232131685918, "190": 0.8533643694982009, "196": 0.9140329995531735, "164": 0.9865001752117635, "169": 0.9573363750671867, "174": 0.9988882682104072, "185": 0.3885201854651707, "157": 0.9983737266052923, "173": 0.9865001752117635, "192": 0.9472676651898911, "151": 0.9830954797357201, "180": 0.9074541861500449, "159": 0.9949767420272078, "161": 0.9140329995531735, "162": 0.8794961698328488, "170": 0.981232131685918, "172": 0.9983737266052923, "177": 0.9709483288034012, "187": 0.9335934621781633, "194": 0.8446352867590317, "198": 0.9687175705183642, "150": 0.7787939383162538, "188": 0.9672702438730358, "197": 0.9983737266052923, "153": 0.8446352867590317, "189": 0.23032766890594292, "195": 0.9472676651898911, "154": 0.8463778409804674, "191": 0.9140329995531735, "171": -0.0475896289864841, "212": 0.9865001752117635, "228": 0.9000543078507882, "230": 0.9687175705183642, "210": 0.8980219409923789, "246": 0.8720945545738419, "248": 0.9335934621781633, "202": 0.9091726585479631, "236": 0.614315707939549, "206": 0.7955272601359307, "221": 0.9949767420272078, "231": 0.9667771893756375, "232": 0.14449678458109552, "244": 0.5830765794498906, "224": 0.9477068043036703, "225": 0.9006714259588862, "241": 0.9865001752117635, "242": 0.7002029063388291, "226": 0.9090796779337953, "229": 0.7818255438676718, "249": 0.8311229959955457, "214": 0.8720945545738419, "220": -0.14932931480824793, "222": 0.9988882682104072, "209": 0.9901079757944491, "227": 0.9713595535558777, "200": 0.9901079757944491, "286": 0.9013207959089523, "282": 0.7955272601359307, "259": 0.9006714259588862, "252": 0.8311229959955457, "274": 0.8794961698328488, "279": 0.8311229959955457, "149": 0.8715285584530765, "294": 0.8794961698328488, "254": 0.6526061874683491, "264": 0.9648177708588577, "256": 0.9988882682104072, "261": 0.9453520912576178, "167": 0.8311229959955457, "155": 0.3690962936014758, "152": 0.6082976936329352, "312": 0.523868503082112, "314": 0.9573363750671867, "160": 0.9983737266052923, "366": 0.9884989516004242}