{"0": 0.45050101992544417, "1": 0.7715438118576358, "2": 0.6380141922942106, "3": 0.41247311771951933, "4": 0.8708502803560052, "5": 0.5513144173319915, "6": 0.7932201284454569, "7": 0.8720945545738419, "8": 0.5509321997381238, "9": 0.6258554352216742, "10": 0.7139982306358827, "11": 0.9686171275658811, "12": 0.7422266608075454, "13": 0.6342451481925557, "14": 0.8261204300060645, "15": 0.8225994953136562, "16": 0.6180032137120303, "17": 0.5591363272781282, "18": 0.967905757640733, "19": 0.6690981267032541, "20": 0.5103323062225136, "21": 0.932553946205136, "22": 0.5198685220641122, "23": 0.6487520872752499, "24": 0.6733213007476928, "25": 0.8546179968153367, "26": 0.9949767420272078, "27": 0.48113657271127597, "28": 0.9949767420272078, "29": 0.9084268957876814, "30": 0.566796580381719, "31": 0.26136390952185357, "32": 0.1946988782974051, "33": 0.978789337755493, "34": 0.8271071972701016, "35": 0.22206711500910667, "36": 0.9711625608873772, "37": 0.9865001752117635, "38": 0.6337824494886037, "40": 0.9433642068933878, "41": 0.660673913766087, "43": 0.8921792184433653, "44": 0.5908582029656699, "45": 0.8216912714609571, "46": 0.37540567929468754, "47": 0.8024254564957732, "48": 0.8531425049652261, "49": 0.9711625608873772, "50": 0.7082919663745837, "51": 0.8646846833957632, "52": 0.3778574483795422, "59": 0.9983737266052923, "61": 0.6082976936329352, "62": 0.1864354156823636, "64": 0.5453052173669288, "66": 0.5358827365043197, "70": 0.8070834178164799, "71": 0.9983737266052923, "72": 0.146496758185714, "73": 0.981232131685918, "76": 0.8756754309304606, "77": 0.8655817455287372, "78": 0.9476023808238805, "81": 0.9114128703941509, "89": 0.8178413482602938, "92": 0.6196188954656859, "93": 0.9472676651898911, "94": 0.9335934621781633, "96": 0.6772580672516828, "98": 0.9335934621781633, "99": 0.9488360901438864, "39": 0.4602767107115099, "42": 0.9292231992606019, "55": 0.574031499518063, "56": 0.8755225610321277, "57": 0.5410752967980765, "58": 0.13773360621513703, "60": 0.8128551965592921, "63": 0.9006714259588862, "65": 0.921999206994456, "69": 0.8366841729045951, "74": 0.9488360901438864, "79": 0.9700371969819471, "83": 0.8720945545738419, "86": 0.832860782860757, "91": 0.9713595535558777, "80": 0.9129039455580766, "82": 0.981232131685918, "87": 0.34384838052099814, "88": 0.9700371969819471, "90": 0.8756754309304606, "97": 0.9476023808238805, "53": 0.557010402473584, "54": 0.7051300887732296, "67": 0.9687175705183642, "68": 0.943959991281367, "75": 0.6685812721607511, "84": 0.9335934621781633, "85": 0.981232131685918, "95": 0.8463778409804674, "103": 0.6821030813261982, "108": 0.5915505937594772, "126": 0.8475814908605418, "138": 0.8809396244696035, "140": 0.9013207959089523, "141": 0.9090796779337953, "143": 0.7923975123858403, "146": 0.691751106621022, "147": 0.1975043325266742, "148": 0.7913794987626188, "111": 0.6151344729446679, "112": 0.5044229031674773, "113": 0.8830281235644627, "114": 0.16671988941425248, "128": 0.9635051318471994, "136": 0.9196762676827337, "139": 0.9865001752117635, "142": 0.6397620421540968, "102": 0.5455528393699206, "116": 0.6196188954656859, "119": 0.7010120954522201, "121": 0.811264852580479, "122": 0.8316076253923786, "123": 0.3956403970145097, "124": 0.6733559840239098, "104": 0.5292378121730696, "107": 0.8543475528055253, "134": 0.8873457166913381, "100": 0.7010120954522201, "101": 0.14449678458109552, "129": 0.684961249623832, "130": 0.9713595535558777, "105": 0.9652197466936353, "110": 0.7466890867450248, "118": 0.6094012913532996, "125": 0.9141130735845608, "144": 0.5968611232684455, "109": 0.6061367038825813, "127": 0.9700371969819471, "132": 0.7402944782615307, "115": 0.757604564146452, "137": 0.799615023321244, "106": 0.03905905308852222, "135": 0.6443955829734422, "120": 0.34384838052099814, "131": 0.9830954797357201, "117": 0.8546179968153367, "133": 0.9347016370923099, "145": 0.3131409282952844, "156": 0.9573363750671867, "163": 0.8928144447523121, "179": -0.03156587147432149, "184": 0.8213445434803914, "186": 0.9892581571897634, "178": 0.9093223456592029, "181": 0.981232131685918, "182": 0.32493250446393024, "183": 0.8937292646683588, "193": 0.7928351940018543, "158": 0.5808446707006777, "165": 0.8277602821401775, "166": 0.9021221516449848, "168": 0.9675356747888334, "190": 0.36116048122407557, "196": 0.9315684879650371, "164": 0.9865001752117635, "169": 0.8334722281402369, "174": 0.8331087363663148, "185": 0.7200057796356469, "157": 0.9983737266052923, "173": 0.9711625608873772, "192": 0.8642616605705435, "151": 0.8216912714609571, "180": 0.5247123185998133, "159": 0.9949767420272078, "161": 0.6072912080202607, "162": -0.27496486801528375, "170": 0.981232131685918, "172": 0.8646846833957632, "177": 0.684961249623832, "187": 0.8128551965592921, "194": 0.8453048777385126, "198": 0.607632134666684, "150": 0.6013506347590544, "188": 0.3926925160356013, "197": 0.3432757300249589, "153": 0.901748777249892, "189": 0.6260072594908512, "195": 0.9046912510537195, "154": 0.7634150330236524, "191": 0.6692430371893076, "171": 0.8128551965592921, "212": 0.9865001752117635, "228": 0.9000543078507882, "230": 0.9687175705183642, "210": 0.8980219409923789, "246": 0.8720945545738419, "248": 0.9335934621781633, "202": 0.9091726585479631, "236": 0.614315707939549, "206": 0.7955272601359307, "221": 0.9949767420272078, "231": 0.9667771893756375, "232": 0.14449678458109552, "244": 0.5830765794498906, "224": 0.9477068043036703, "225": 0.9006714259588862, "241": 0.9865001752117635, "242": 0.7002029063388291, "226": 0.9090796779337953, "229": 0.7818255438676718, "249": 0.8311229959955457, "214": 0.8720945545738419, "220": -0.14932931480824793, "222": 0.9988882682104072, "209": 0.9901079757944491, "227": 0.9713595535558777, "200": 0.9901079757944491, "286": 0.9013207959089523, "282": 0.7955272601359307, "259": 0.9006714259588862, "252": 0.8311229959955457, "274": 0.8794961698328488, "279": 0.8311229959955457, "149": 0.8953599538075763, "294": 0.8794961698328488, "254": 0.6526061874683491, "264": 0.9648177708588577, "256": 0.9988882682104072, "261": 0.9453520912576178, "167": 0.8311229959955457, "155": 0.3690962936014758, "152": 0.9043006236444636, "312": 0.523868503082112, "314": 0.9573363750671867, "160": 0.9983737266052923, "366": 0.9884989516004242, "175": 0.5292378121730696, "176": 0.8720945545738419, "199": 0.7782912029730289}