{"0": 0.7437328602714011, "1": 0.9052528729059672, "2": 0.8168449663316402, "3": 0.7141588583608788, "4": 0.5447982067373522, "5": 0.7048906940200077, "6": 0.9811139814201031, "7": 0.43630621520808116, "8": 0.6335425290632055, "9": 0.8456938319969669, "10": 0.9988882682104072, "11": 0.9830954797357201, "12": 0.9949767420272078, "13": 0.7804052692028776, "14": 0.9865001752117635, "15": 0.7466890867450248, "16": 0.9865001752117635, "17": 0.8261204300060645, "18": 0.6327886529648938, "19": 0.9691939465332382, "20": -0.0475896289864841, "21": 0.6487191447383625, "22": 0.4881303022101726, "23": 0.9472676651898911, "24": -0.18019987315208102, "25": 0.9713595535558777, "26": 0.8192778384406973, "27": 0.9865001752117635, "28": 0.9204854370161487, "29": 0.8333468763597425, "30": 0.8192778384406973, "31": 0.9289398008831502, "32": 0.9775695665762671, "33": 0.9983737266052923, "34": 0.7169114046972325, "35": 0.9630144304215023, "36": 0.5625549231129263, "37": 0.8366841729045951, "38": 0.7466890867450248, "40": 0.9949767420272078, "41": 0.9884989516004242, "43": 0.8280814828306626, "44": 0.4409332562501549, "45": 0.967905757640733, "46": 0.9983737266052923, "47": 0.8070834178164799, "48": 0.43630621520808116, "49": 0.942923417458683, "50": 0.513813475465354, "51": 0.44297274503827183, "52": 0.9304763003992487, "59": 0.9983737266052923, "61": 0.9865001752117635, "62": 0.7365398254287008, "64": 0.9013207959089523, "66": 0.981232131685918, "70": 0.6082976936329352, "71": 0.97033373234178, "72": 0.981232131685918, "73": 0.9335934621781633, "76": 0.6284436739232024, "77": 0.8311229959955457, "78": 0.9983737266052923, "81": 0.9983737266052923, "89": 0.8779003613755184, "92": 0.5116270937672289, "93": 0.8655817455287372, "94": 0.877014203153015, "96": 0.9304763003992487, "98": 0.6196188954656859, "99": 0.9559398348927166, "39": 0.9711625608873772, "42": 0.942923417458683, "55": 0.8070834178164799, "56": 0.9988882682104072, "57": 0.8246873033740565, "58": 0.7010120954522201, "60": 0.8333468763597425, "63": -0.14932931480824793, "65": 0.8720945545738419, "69": 0.9988882682104072, "74": 0.8655817455287372, "79": 0.8272030732920543, "83": 0.9840880345802636, "86": 0.8188773417294917, "91": 0.9983737266052923, "80": 0.9061104814689838, "82": 0.8720945545738419, "87": 0.832860782860757, "88": 0.9213548555104247, "90": 0.9988882682104072, "97": 0.9949767420272078, "53": 0.9983737266052923, "68": 0.918808853544332, "84": 0.727060058575365, "85": 0.9592332369017739, "75": 0.7669301099235952, "54": 0.9006714259588862, "67": 0.6082976936329352, "95": 0.9488360901438864, "103": 0.6082976936329352, "108": 0.6739728099126892, "126": 0.9472676651898911, "138": 0.5808446707006777, "140": 0.9006714259588862, "141": 0.8720945545738419, "143": 0.9090796779337953, "146": 0.8261204300060645, "147": 0.6078891241821858, "148": 0.8830833783478265, "111": 0.9777812587919528, "112": 0.8953357204137226, "113": 0.9687175705183642, "114": 0.4187743679913709, "128": 0.43543070142023454, "136": 0.9015414606362093, "139": 0.9687175705183642, "142": 0.14644603093131614, "102": 0.9949767420272078, "116": 0.4280530752142929, "119": 0.9129039455580766, "121": 0.9181169426857589, "122": 0.9472676651898911, "123": 0.8720945545738419, "124": 0.8794961698328488, "104": 0.9129039455580766, "107": 0.9687175705183642, "134": 0.9129039455580766, "100": 0.9488360901438864, "101": 0.9335934621781633, "129": 0.9493540059122985, "130": 0.9181169426857589, "105": 0.9335934621781633, "110": 0.9140329995531735, "118": 0.9687175705183642, "125": 0.9988882682104072, "144": 0.9327349011946073, "109": 0.8105367397294103, "127": 0.9586919378087284, "132": 0.1975043325266742, "115": 0.9140329995531735, "137": 0.7010120954522201, "106": 0.8830833783478265, "135": 0.8366841729045951, "120": 0.981232131685918, "131": 0.7398746342160886, "117": 0.9687175705183642, "133": 0.7816386235745061, "145": 0.8720945545738419, "156": 0.9129039455580766, "163": 0.8615112575471175, "179": 0.847699212433793, "184": 0.5913452005762347, "186": 0.93645678358723, "178": 0.9884989516004242, "181": 0.9493540059122985, "182": 0.7608528783887835, "183": 0.8060306735913068, "193": 0.9586919378087284, "158": 0.9335934621781633, "165": 0.4100431994763632, "166": 0.9047378481994306, "168": 0.9691939465332382, "190": 0.8470305800996609, "196": 0.866535739942897, "164": 0.6593315186139259, "169": 0.9830954797357201, "174": 0.4096984002208053, "185": 0.8213445434803914, "157": 0.5944751700135673, "173": 0.9830954797357201, "192": 0.9884989516004242, "151": 0.832860782860757, "180": 0.6061367038825813, "159": 0.9687175705183642, "161": 0.6221959113137245, "162": 0.6061367038825813, "170": 0.8711994502463034, "172": 0.9304763003992487, "177": 0.1975043325266742, "187": 0.5944751700135673, "194": 0.9830954797357201, "198": 0.7824962939969589, "150": 0.8937195715368036, "188": 0.9140329995531735, "197": 0.8720945545738419, "153": 0.24708181221358244, "189": 0.9327349011946073, "195": 0.8188763159117212, "154": 0.6272535262206933, "191": 0.9140329995531735, "171": 0.653230763337544, "212": 0.6082976936329352, "228": 0.5808446707006777, "230": 0.8922760164158616, "210": 0.834834426754641, "246": 0.920017648857659, "248": 0.8272030732920543, "202": 0.9884989516004242, "236": 0.9713595535558777, "206": 0.6235028039995473, "221": 0.9830954797357201, "231": 0.9006714259588862, "232": 0.9645586061073994, "244": 0.8311229959955457, "224": 0.9074541861500449, "225": 0.6703785647893232, "241": 0.9140329995531735, "242": 0.8830833783478265, "226": 0.3885201854651707, "229": 0.7787939383162538, "249": 0.9988882682104072, "214": 0.2384189976928957, "220": 0.9000543078507882, "222": 0.9453520912576178, "209": 0.9884989516004242, "227": 0.9453520912576178, "200": 0.8720945545738419, "286": 0.7461974109132876, "282": 0.8892478898633576, "259": 0.9691939465332382, "252": 0.7787939383162538, "274": 0.8749101974796007, "279": 0.25146295316959444, "149": 0.981232131685918, "294": 0.6281311285309359, "254": 0.8794961698328488, "264": 0.523868503082112, "256": 0.9713595535558777, "261": 0.8978997239936704, "167": 0.8830833783478265, "155": 0.9713595535558777, "152": 0.9573363750671867, "312": 0.3885201854651707, "314": 0.9249524416875297, "160": 0.981232131685918, "366": 0.9884989516004242, "176": 0.13865812256397686, "199": 0.9726470427282614, "175": 0.09655450030317503, "208": 0.8883698333434726, "217": 0.8853452579064365, "243": 0.9691939465332382, "245": 0.5665553067893024, "201": 0.9884989516004242, "207": 0.9830954797357201, "235": 0.9249524416875297, "211": -0.4106204816379031, "240": 0.6703785647893232, "247": 0.9592332369017739, "213": 0.9493540059122985, "223": 0.9636589083754621, "234": 0.8615112575471175, "239": 0.6284436739232024, "216": 0.9304763003992487, "238": 0.941544463957757, "204": 0.932001340188775, "215": 0.9335934621781633, "205": 0.7451525819373325, "219": 0.8870192884221564, "237": 0.055162342896324865, "203": 0.9189796994070691, "218": 0.8070834178164799, "257": 0.7878969237776184, "281": 0.8384519689542054, "285": 0.9573363750671867, "290": 0.523868503082112, "250": 0.6699169828465423, "268": 0.6335425290632055, "273": 0.8537752833436424, "278": 0.16115794841067493, "291": 0.8416734109912063, "298": 0.6335425290632055, "269": 0.9672145785527155, "283": 0.9691939465332382, "296": 0.9779848608639259, "297": 0.6487191447383625, "255": 0.8974691924436693, "263": 0.832860782860757, "276": 0.5808446707006777, "295": 0.9509518987775469, "266": 0.9642811283825925, "251": 0.8944640113474871, "271": 0.4543517618316325, "253": 0.9710685701243187, "275": 0.722919605033341, "272": 0.8668199192651688, "287": 0.8995238736482618, "262": 0.9691939465332382, "265": 0.718286056213555, "277": -0.27496486801528375, "233": 0.7941893966993767, "293": 0.3885201854651707, "270": 0.5808446707006777, "258": 0.6030266444015107, "289": 0.8316076253923786, "292": 0.4865376241939008, "260": 0.9415328181544287, "267": 0.8277602821401775, "299": 0.9691939465332382,