{"0": 0.8720945545738419, "1": 0.5776917833937958, "2": 0.851122211273245, "3": 0.7666895751392557, "4": 0.9133467604173694, "5": 0.5786232597120047, "6": 0.34932805915194176, "7": 0.16761387651803947, "8": 0.791436508930389, "9": 0.7856312790148056, "10": 0.8720945545738419, "11": 0.6894578908915058, "12": 0.8434573291798984, "13": 0.7321098415154598, "14": 0.1160917766672106, "15": 0.779809357206565, "16": 0.9709483288034012, "17": 0.7233347450595491, "18": 0.33257712933668604, "19": 0.8979740666540073, "20": 0.3127986876936096, "21": 0.5499315773230327, "22": 0.7139088202169807, "23": 0.34384838052099814, "24": 0.598774630505598, "25": 0.41334782742471154, "26": 0.44271851852803473, "27": 0.6260072594908512, "28": 0.8746108526529051, "29": 0.7276009216604347, "30": 0.08753688818673482, "31": 0.7127301950855451, "32": 0.8452701926364774, "33": 0.9711625608873772, "34": 0.7831581017980025, "35": 0.20641358651095307, "36": 0.9217586009312606, "37": 0.9949767420272078, "38": 0.4451291729114255, "40": 0.481693595443906, "41": 0.4726230361296644, "43": 0.7330094384803911, "44": -0.14858425455286, "45": 0.9462769360884645, "46": 0.9865001752117635, "47": 0.30781728487668114, "48": 0.7279846663786773, "49": 0.9539519567428785, "50": 0.41844084302723317, "51": 0.8334639534656043, "52": 0.773385548465316, "59": 0.5328788171691847, "61": 0.9687370516063287, "62": 0.9771451713702621, "64": 0.4025462498972985, "66": 0.9235158889153189, "70": 0.45638704518319195, "71": 0.4836951549518522, "72": 0.5633752427841641, "73": 0.5472147803544244, "76": 0.13792441461151933, "77": 0.9539519567428785, "78": 0.6814252731877313, "81": 0.7957390314156751, "89": 0.5257683686451634, "92": 0.819108662297412, "93": 0.7831581017980025, "94": 0.5509321997381238, "96": 0.8395590204139527, "98": 0.5920931757809508, "99": 0.2907337648300151, "39": 0.9949767420272078, "42": 0.7639534472649829, "55": 0.39559556768184057, "56": 0.5350092587588449, "57": 0.9983737266052923, "58": 0.850863424452259, "60": 0.6540982249970537, "63": 0.5293390117771954, "65": 0.9901079757944491, "69": 0.9180753773976005, "74": 0.43595643343320434, "79": 0.980133147923703, "83": 0.757604564146452, "86": 0.736055290647058, "91": 0.978789337755493, "80": 0.8756754309304606, "82": 0.8128551965592921, "87": 0.7391854879314328, "88": 0.7831581017980025, "90": 0.6487520872752499, "97": 0.841832887969435, "53": 0.7350175740056812, "54": 0.9711625608873772, "67": 0.8830833783478265, "68": 0.9983737266052923, "75": 0.8317442829483289, "84": 0.9711625608873772, "85": 0.4100212176237697, "95": 0.921999206994456, "103": 0.9988882682104072, "108": 0.9098698567125048, "126": 0.9750826465612488, "138": 0.9988882682104072, "140": 0.9304763003992487, "141": 0.8903720116851059, "143": 0.1975043325266742, "146": 0.8794961698328488, "147": 0.9750826465612488, "148": 0.9573363750671867, "111": 0.9304763003992487, "112": 0.9335934621781633, "113": 0.920017648857659, "114": 0.9654973448254043, "128": 0.9713595535558777, "136": 0.8794961698328488, "139": 0.9361488673595424, "142": 0.9884989516004242, "102": 0.9072409240804903, "116": 0.9691939465332382, "119": 0.6082976936329352, "121": 0.8794961698328488, "122": 0.8830833783478265, "123": 0.5609849854360007, "124": 0.9865001752117635, "104": 0.7141588583608788, "107": 0.9865001752117635, "134": 0.8830833783478265, "100": 0.9691939465332382, "101": 0.9988882682104072, "129": 0.7365398254287008, "130": 0.9687175705183642, "105": 0.9865001752117635, "110": 0.9988882682104072, "118": 0.9140329995531735, "125": 0.8720945545738419, "144": -0.14932931480824793, "109": 0.6082976936329352, "127": -0.0475896289864841, "132": 0.9006714259588862, "115": 0.8188763159117212, "137": 0.8794961698328488, "106": 0.8720945545738419, "135": 0.9865001752117635, "120": 0.3690962936014758, "131": 0.8775265032524076, "117": 0.9493540059122985, "133": 0.9304763003992487, "145": 0.9509518987775469, "156": 0.9573363750671867, "163": 0.9865001752117635, "179": 0.920017648857659, "184": 0.8213445434803914, "186": 0.9892581571897634, "178": 0.9949767420272078, "181": 0.8213445434803914, "182": 0.8978997239936704, "183": 0.9865001752117635, "193": 0.8983851212872435, "158": 0.9713595535558777, "165": 0.8688965644538921, "166": 0.8830833783478265, "168": 0.981232131685918, "190": 0.8533643694982009, "196": 0.9140329995531735, "164": 0.9865001752117635, "169": 0.9573363750671867, "174": 0.9988882682104072, "185": 0.3885201854651707, "157": 0.9983737266052923, "173": 0.9865001752117635, "192": 0.9472676651898911, "151": 0.9830954797357201, "180": 0.9074541861500449, "159": 0.9949767420272078, "161": 0.9140329995531735, "162": 0.8794961698328488, "170": 0.981232131685918, "172": 0.9983737266052923, "177": 0.9709483288034012, "187": 0.9335934621781633, "194": 0.8446352867590317, "198": 0.9687175705183642, "150": 0.7787939383162538, "188": 0.9672702438730358, "197": 0.9983737266052923, "153": 0.8446352867590317, "189": 0.23032766890594292, "195": 0.9472676651898911, "154": 0.8463778409804674, "191": 0.9140329995531735, "171": -0.0475896289864841, "212": 0.9865001752117635, "228": 0.9000543078507882, "230": 0.9687175705183642, "210": 0.8980219409923789, "246": 0.8720945545738419, "248": 0.9335934621781633, "202": 0.9091726585479631, "236": 0.614315707939549, "206": 0.7955272601359307, "221": 0.9949767420272078, "231": 0.9667771893756375, "232": 0.14449678458109552, "244": 0.5830765794498906, "224": 0.9477068043036703, "225": 0.9006714259588862, "241": 0.9865001752117635, "242": 0.7002029063388291, "226": 0.9090796779337953, "229": 0.7818255438676718, "249": 0.8311229959955457, "214": 0.8720945545738419, "220": -0.14932931480824793, "222": 0.9988882682104072, "209": 0.9901079757944491, "227": 0.9713595535558777, "200": 0.9901079757944491, "286": 0.9013207959089523, "282": 0.7955272601359307, "259": 0.9006714259588862, "252": 0.8311229959955457, "274": 0.8794961698328488, "279": 0.8311229959955457, "149": 0.9559398348927166, "294": 0.8794961698328488, "254": 0.6526061874683491, "264": 0.9648177708588577, "256": 0.9988882682104072, "261": 0.9453520912576178, "167": 0.8311229959955457, "155": 0.3690962936014758, "152": 0.6082976936329352, "312": 0.523868503082112, "314": 0.9573363750671867, "160": 0.9983737266052923, "366": 0.9884989516004242}