{"0": 0.6685812721607511, "1": 0.7036495585102586, "2": 0.6733213007476928, "3": 0.8721513869184037, "4": 0.460617047479152, "5": 0.6415467385950658, "6": 0.2576813905059312, "7": 0.8192778384406973, "8": 0.8937292646683588, "9": 0.5247123185998133, "10": 0.8957653152867879, "11": 0.5968611232684455, "12": 0.8229848270258664, "13": 0.9712097172582024, "14": 0.6260072594908512, "15": -0.27496486801528375, "16": 0.6249476661641837, "17": 0.9021221516449848, "18": 0.8318281728909652, "19": 0.5627118208353508, "20": 0.48113657271127597, "21": 0.7849634154001839, "22": 0.4183847681953678, "23": 0.9093223456592029, "24": 0.48113657271127597, "25": 0.5246136140799351, "26": 0.8444621505000198, "27": 0.7128054437693416, "28": 0.8216912714609571, "29": 0.8444621505000198, "30": 0.8809396244696035, "31": 0.5292378121730696, "32": 0.6685812721607511, "33": 0.9217586009312606, "34": 0.6929508776081219, "35": 0.13167049757728638, "36": 0.9711625608873772, "37": 0.9949767420272078, "38": 0.5685866553822061, "40": 0.9472676651898911, "41": 0.8016408203693159, "43": 0.6258554352216742, "44": 0.8271072745261993, "45": 0.730393459622743, "46": 0.9217586009312606, "47": 0.20719309844180892, "48": 0.9983737266052923, "49": 0.841052342484782, "50": 0.4100212176237697, "51": 0.844205869665169, "52": 0.8809396244696035, "59": 0.9315684879650371, "61": 0.8756754309304606, "62": 0.5571774282145698, "64": 0.8700618058965404, "66": 0.921999206994456, "70": 0.7967258269006603, "71": 0.8333468763597425, "72": 0.7010120954522201, "73": 0.5220569662425524, "76": 0.6526061874683491, "77": 0.9865001752117635, "78": 0.21943692874030063, "81": 0.9141130735845608, "89": 0.8697134878509117, "92": 0.7637396974633953, "93": 0.8128551965592921, "94": 0.7782912029730289, "96": 0.9713595535558777, "98": 0.7710100228940336, "99": 0.6196188954656859, "39": 0.32893364296232114, "42": 0.9830954797357201, "55": 0.3268827360888771, "56": 0.9096911896636037, "57": 0.7866875579257706, "58": 0.7075546733458378, "60": 0.8646846833957632, "63": 0.981232131685918, "65": 0.9711625608873772, "69": 0.3641110015527814, "74": 0.8426196429045021, "79": 0.8756754309304606, "83": 0.7425417598060612, "86": 0.9129039455580766, "91": 0.9137548109842273, "80": 0.981232131685918, "82": 0.9700371969819471, "87": -0.1752464829013728, "88": 0.7075546733458378, "90": 0.34164750922334475, "97": 0.34384838052099814, "53": 0.757604564146452, "68": 0.8928144447523121, "84": 0.8444621505000198, "85": 0.48607992823877844, "75": 0.8216912714609571, "54": 0.5198685220641122, "67": 0.16671988941425248, "95": 0.9700371969819471, "103": 0.8720945545738419, "108": 0.8655817455287372, "126": 0.9002262866027808, "138": 0.8546179968153367, "140": 0.38582423574507096, "141": 0.16110166512763208, "143": 0.7481709589129852, "146": 0.8855582933308288, "147": 0.9252433584349254, "148": 0.5320489077677621, "111": -0.0947404194997906, "112": 0.5120501550986825, "113": 0.6487520872752499, "114": 0.467538775210794, "128": 0.9754846259278245, "136": 0.980133147923703, "139": 0.5974664708849231, "142": 0.6678093024213296, "102": 0.9114128703941509, "116": 0.9442464244826696, "119": 0.7815419290314123, "121": 0.9114128703941509, "122": 0.6733559840239098, "123": -0.02721635446212879, "124": 0.605840532100246, "104": 0.8178413482602938, "107": 0.9476023808238805, "134": 0.9573146345238671, "100": 0.2978730291604892, "101": 0.1563713269096391, "129": 0.6925129919569897, "130": 0.9709483288034012, "105": 0.8646846833957632, "110": 0.684961249623832, "118": 0.09003138774367489, "125": 0.716356944202799, "144": 0.9713595535558777, "109": 0.6821030813261982, "127": 0.5358827365043197, "132": 0.1160917766672106, "115": -0.0947404194997906, "137": 0.6678093024213296, "106": 0.6686109149132414, "135": 0.8798222729324074, "120": 0.980133147923703, "131": 0.9335934621781633, "117": 0.7229534570939476, "133": 0.26242612893149053, "145": 0.6196188954656859, "156": 0.9573363750671867, "163": 0.9865001752117635, "179": 0.920017648857659, "184": 0.8213445434803914, "186": 0.9892581571897634, "178": 0.9949767420272078, "181": 0.8213445434803914, "182": 0.8978997239936704, "183": 0.9865001752117635, "193": 0.8983851212872435, "158": 0.9713595535558777, "165": 0.8688965644538921, "166": 0.8830833783478265, "168": 0.981232131685918, "190": 0.8533643694982009, "196": 0.9140329995531735, "164": 0.9865001752117635, "169": 0.9573363750671867, "174": 0.9988882682104072, "185": 0.3885201854651707, "157": 0.9983737266052923, "173": 0.9865001752117635, "192": 0.9472676651898911, "151": 0.9830954797357201, "180": 0.9074541861500449, "159": 0.9949767420272078, "161": 0.9140329995531735, "162": 0.8794961698328488, "170": 0.981232131685918, "172": 0.9983737266052923, "177": 0.9709483288034012, "187": 0.9335934621781633, "194": 0.8446352867590317, "198": 0.9687175705183642, "150": 0.7787939383162538, "188": 0.9672702438730358, "197": 0.9983737266052923, "153": 0.8446352867590317, "189": 0.23032766890594292, "195": 0.9472676651898911, "154": 0.8463778409804674, "191": 0.9140329995531735, "171": -0.0475896289864841, "212": 0.9865001752117635, "228": 0.9000543078507882, "230": 0.9687175705183642, "210": 0.8980219409923789, "246": 0.8720945545738419, "248": 0.9335934621781633, "202": 0.9091726585479631, "236": 0.614315707939549, "206": 0.7955272601359307, "221": 0.9949767420272078, "231": 0.9667771893756375, "232": 0.14449678458109552, "244": 0.5830765794498906, "224": 0.9477068043036703, "225": 0.9006714259588862, "241": 0.9865001752117635, "242": 0.7002029063388291, "226": 0.9090796779337953, "229": 0.7818255438676718, "249": 0.8311229959955457, "214": 0.8720945545738419, "220": -0.14932931480824793, "222": 0.9988882682104072, "209": 0.9901079757944491, "227": 0.9713595535558777, "200": 0.9901079757944491, "286": 0.9013207959089523, "282": 0.7955272601359307, "259": 0.9006714259588862, "252": 0.8311229959955457, "274": 0.8794961698328488, "279": 0.8311229959955457, "149": 0.5710752585811706, "294": 0.8794961698328488, "254": 0.6526061874683491, "264": 0.9648177708588577, "256": 0.9988882682104072, "261": 0.9453520912576178, "167": 0.8311229959955457, "155": 0.3690962936014758, "152": 0.6082976936329352, "312": 0.523868503082112, "314": 0.9573363750671867, "160": 0.9983737266052923, "366": 0.9884989516004242}