{"0": 0.7106557252126027, "1": 0.5249178923300859, "2": 0.6307326844843872, "3": 0.5230925949042787, "4": 0.9022849741896078, "5": 0.6597970622883387, "6": 0.5447982067373522, "7": 0.5766463715032777, "8": 0.8411286739195638, "9": 0.8136844527933935, "10": 0.7868771075873717, "11": 0.5061889368209236, "12": 0.9204330867250647, "13": 0.48113657271127597, "14": 0.7545919666972282, "15": 0.8366841729045951, "16": 0.9949767420272078, "17": 0.9713595535558777, "18": 0.800361072025644, "19": 0.6649430807089585, "20": 0.45340869332230543, "21": 0.943959991281367, "22": 0.7792115426664714, "23": 0.9296543773349182, "24": 0.9983737266052923, "25": 0.9709483288034012, "26": 0.5954166143449846, "27": 0.9217586009312606, "28": 0.4705073248055722, "29": 0.9180753773976005, "30": 0.6260072594908512, "31": 0.3539945585428872, "32": 0.7658701887411197, "33": 0.7632987744659052, "34": 0.5358827365043197, "35": 0.1401311778649024, "36": 0.9124227382089506, "37": 0.6252476728117862, "38": 0.7237480833182686, "40": 0.6830788192248078, "41": 0.6098420430407687, "43": 0.5410752967980765, "44": 0.5241478553875311, "45": 0.3778574483795422, "46": 0.6186798779767757, "47": 0.6506939762701978, "48": 0.9217586009312606, "49": 0.618974699147145, "50": 0.8216912714609571, "51": 0.7051300887732296, "52": 0.49182028951398943, "59": 0.9711625608873772, "61": 0.8260537685819712, "62": 0.8953599538075763, "64": 0.47215462571658573, "66": 0.5988894944412775, "70": 0.786713539817176, "71": 0.6117880079322333, "72": 0.9114128703941509, "73": 0.9865001752117635, "76": 0.7873897911526725, "77": 0.7851000622617565, "78": 0.9983737266052923, "81": 0.9700371969819471, "89": 0.3037389981619259, "92": 0.7712809573969976, "93": 0.9006714259588862, "94": 0.8720945545738419, "96": 0.9901079757944491, "98": 0.4367189864087119, "99": 0.4056023986366302, "39": 0.9865001752117635, "42": 0.9157957284855488, "55": 0.5959854251806675, "56": 0.921999206994456, "57": 0.5685866553822061, "58": 0.6994775842207477, "60": 0.980133147923703, "63": 0.5003041746613264, "65": 0.7634150330236524, "69": 0.9180753773976005, "74": 0.9408607105339857, "79": 0.34384838052099814, "83": 0.6821030813261982, "86": 0.7995386525976855, "91": 0.981232131685918, "80": 0.981232131685918, "82": 0.8720945545738419, "87": 0.8132803932024162, "88": 0.7330734647896471, "90": 0.8855337795628653, "97": 0.9983737266052923, "53": 0.3692427302069556, "54": 0.8952635008702641, "67": 0.8128551965592921, "68": 0.6352799783024625, "75": 0.9129039455580766, "84": 0.7328887417864776, "85": 0.46504520737861577, "95": 0.22836495007375895, "103": 0.9988882682104072, "108": 0.9098698567125048, "126": 0.9750826465612488, "138": 0.9988882682104072, "140": 0.9304763003992487, "141": 0.8903720116851059, "143": 0.1975043325266742, "146": 0.8794961698328488, "147": 0.9750826465612488, "148": 0.9573363750671867, "111": 0.9304763003992487, "112": 0.9335934621781633, "113": 0.920017648857659, "114": 0.9654973448254043, "128": 0.9713595535558777, "136": 0.8794961698328488, "139": 0.9361488673595424, "142": 0.9884989516004242, "102": 0.9072409240804903, "116": 0.9691939465332382, "119": 0.6082976936329352, "121": 0.8794961698328488, "122": 0.8830833783478265, "123": 0.5609849854360007, "124": 0.9865001752117635, "104": 0.7141588583608788, "107": 0.9865001752117635, "134": 0.8830833783478265, "100": 0.9691939465332382, "101": 0.9988882682104072, "129": 0.7365398254287008, "130": 0.9687175705183642, "105": 0.9865001752117635, "110": 0.9988882682104072, "118": 0.9140329995531735, "125": 0.8720945545738419, "144": -0.14932931480824793, "109": 0.6082976936329352, "127": -0.0475896289864841, "132": 0.9006714259588862, "115": 0.8188763159117212, "137": 0.8794961698328488, "106": 0.8720945545738419, "135": 0.9865001752117635, "120": 0.3690962936014758, "131": 0.8775265032524076, "117": 0.9493540059122985, "133": 0.9304763003992487, "145": 0.9509518987775469, "156": 0.9573363750671867, "163": 0.9865001752117635, "179": 0.920017648857659, "184": 0.8213445434803914, "186": 0.9892581571897634, "178": 0.9949767420272078, "181": 0.8213445434803914, "182": 0.8978997239936704, "183": 0.9865001752117635, "193": 0.8983851212872435, "158": 0.9713595535558777, "165": 0.8688965644538921, "166": 0.8830833783478265, "168": 0.981232131685918, "190": 0.8533643694982009, "196": 0.9140329995531735, "164": 0.9865001752117635, "169": 0.9573363750671867, "174": 0.9988882682104072, "185": 0.3885201854651707, "157": 0.9983737266052923, "173": 0.9865001752117635, "192": 0.9472676651898911, "151": 0.9830954797357201, "180": 0.9074541861500449, "159": 0.9949767420272078, "161": 0.9140329995531735, "162": 0.8794961698328488, "170": 0.981232131685918, "172": 0.9983737266052923, "177": 0.9709483288034012, "187": 0.9335934621781633, "194": 0.8446352867590317, "198": 0.9687175705183642, "150": 0.7787939383162538, "188": 0.9672702438730358, "197": 0.9983737266052923, "153": 0.8446352867590317, "189": 0.23032766890594292, "195": 0.9472676651898911, "154": 0.8463778409804674, "191": 0.9140329995531735, "171": -0.0475896289864841, "212": 0.9865001752117635, "228": 0.9000543078507882, "230": 0.9687175705183642, "210": 0.8980219409923789, "246": 0.8720945545738419, "248": 0.9335934621781633, "202": 0.9091726585479631, "236": 0.614315707939549, "206": 0.7955272601359307, "221": 0.9949767420272078, "231": 0.9667771893756375, "232": 0.14449678458109552, "244": 0.5830765794498906, "224": 0.9477068043036703, "225": 0.9006714259588862, "241": 0.9865001752117635, "242": 0.7002029063388291, "226": 0.9090796779337953, "229": 0.7818255438676718, "249": 0.8311229959955457, "214": 0.8720945545738419, "220": -0.14932931480824793, "222": 0.9988882682104072, "209": 0.9901079757944491, "227": 0.9713595535558777, "200": 0.9901079757944491, "286": 0.9013207959089523, "282": 0.7955272601359307, "259": 0.9006714259588862, "252": 0.8311229959955457, "274": 0.8794961698328488, "279": 0.8311229959955457, "149": 0.9559398348927166, "294": 0.8794961698328488, "254": 0.6526061874683491, "264": 0.9648177708588577, "256": 0.9988882682104072, "261": 0.9453520912576178, "167": 0.8311229959955457, "155": 0.3690962936014758, "152": 0.6082976936329352, "312": 0.523868503082112, "314": 0.9573363750671867, "160": 0.9983737266052923, "366": 0.9884989516004242}