{"0": 0.46290194339157675, "1": 0.8813445872824865, "2": 0.7674427913213469, "3": 0.49310624273766146, "4": 0.3826079811287446, "5": 0.008973126238788917, "6": 0.4044371419839921, "7": 0.981232131685918, "8": 0.533628744761113, "9": 0.981232131685918, "10": 0.8203591673202482, "11": 0.824010323744627, "12": 0.8566296791941953, "13": 0.6082976936329352, "14": 0.7158455148614016, "15": 0.23373543767431684, "16": 0.43628549115762644, "17": 0.9473892126416081, "18": 0.9573146345238671, "19": 0.8036399958711453, "20": 0.844053043618636, "21": 0.9217586009312606, "22": 0.9949767420272078, "23": 0.6097693913724529, "24": 0.967905757640733, "25": 0.6472125053108531, "26": 0.7640205501251616, "27": 0.861748649968975, "28": 0.7336565076444184, "29": 0.6696899368976912, "30": 0.9604526003642835, "31": 0.5985419891387063, "32": 0.4962307210492293, "33": 0.8203591673202482, "34": 0.9157957284855488, "35": 0.9709483288034012, "36": 0.08753688818673482, "37": 0.617344620811948, "38": 0.5358827365043197, "40": 0.8434993723000387, "41": 0.8756754309304606, "43": 0.9217586009312606, "44": 0.8546179968153367, "45": 0.9771451713702621, "46": 0.9983737266052923, "47": 0.9865001752117635, "48": 0.5241478553875311, "49": 0.9949767420272078, "50": 0.48113657271127597, "51": 0.5013943957596722, "52": 0.6774506021333373, "59": 0.716356944202799, "61": 0.7116043175588809, "62": 0.4294989981651546, "64": 0.8354404778517883, "66": 0.9901079757944491, "70": 0.9983737266052923, "71": 0.7247064569105793, "72": 0.8366841729045951, "73": 0.980133147923703, "76": 0.5826371925090046, "77": 0.5881196993127609, "78": 0.5629081431771499, "81": 0.9865001752117635, "89": 0.9204330867250647, "92": 0.7824648600659275, "93": 0.8070834178164799, "94": 0.9013207959089523, "96": 0.9181169426857589, "98": 0.8316076253923786, "99": 0.9356155407207811, "39": 0.9306717778743876, "42": 0.9437911317136115, "55": 0.9472676651898911, "56": 0.7491275319485726, "57": 0.8291811375193812, "58": 0.757604564146452, "60": 0.26651961635753824, "63": 0.8450927440218354, "65": 0.9587780833337113, "69": 0.8720945545738419, "74": 0.7598081008226356, "79": 0.5044543439888332, "83": 0.9488360901438864, "86": 0.716356944202799, "91": 0.981232131685918, "80": 0.8531182567595281, "82": 0.6647168180208943, "87": 0.7443065882412778, "88": 0.8279778839338023, "90": 0.9196762676827337, "97": 0.6487520872752499, "53": 0.6062130938969661, "54": 0.9488360901438864, "67": 0.672955225615088, "68": 0.8303275991356442, "75": 0.757604564146452, "84": 0.9180753773976005, "85": 0.921999206994456, "95": 0.6154673454600392, "103": 0.8830281235644627, "108": 0.7053250850897668, "126": 0.9712097172582024, "138": 0.7210842876371664, "140": 0.9157957284855488, "141": 0.4322320889322653, "143": 0.7010120954522201, "146": 0.6351154778354233, "147": 0.9422384203384251, "148": 0.4885347839899873, "111": 0.9335934621781633, "112": 0.6288473701422195, "113": 0.4661494398513112, "114": 0.7784944724888376, "128": 0.7979756133661735, "136": 0.7075546733458378, "139": 0.8463778409804674, "142": 0.5691501078220106, "102": 0.9865001752117635, "116": 0.3865413368988217, "119": 0.9476023808238805, "121": 0.53361542765685, "122": 0.9711625608873772, "123": 0.19636038889005966, "124": 0.8830833783478265, "104": 0.8020169379540742, "107": 0.5294447108015252, "134": 0.5525818942829822, "100": 0.8809396244696035, "101": 0.6315999247181018, "129": 0.8756754309304606, "130": 0.35269236272948823, "105": 0.7995937005332028, "110": 0.9374193455156212, "118": 0.6919477357832404, "125": 0.8756754309304606, "144": 0.5905357269786584, "109": 0.5483982320747937, "127": 0.2747143822881904, "132": 0.8496709861973555, "115": 0.8316076253923786, "137": 0.7350175740056812, "106": 0.8720945545738419, "135": 0.3302421286647689, "120": 0.9592332369017739, "131": 0.8720945545738419, "117": 0.4014744931725155, "133": 0.716356944202799, "145": 0.9687175705183642, "156": 0.9573363750671867, "163": 0.9865001752117635, "179": 0.920017648857659, "184": 0.8213445434803914, "186": 0.9892581571897634, "178": 0.9949767420272078, "181": 0.8213445434803914, "182": 0.8978997239936704, "183": 0.9865001752117635, "193": 0.8983851212872435, "158": 0.9713595535558777, "165": 0.8688965644538921, "166": 0.8830833783478265, "168": 0.981232131685918, "190": 0.8533643694982009, "196": 0.9140329995531735, "164": 0.9865001752117635, "169": 0.9573363750671867, "174": 0.9988882682104072, "185": 0.3885201854651707, "157": 0.9983737266052923, "173": 0.9865001752117635, "192": 0.9472676651898911, "151": 0.9830954797357201, "180": 0.9074541861500449, "159": 0.9949767420272078, "161": 0.9140329995531735, "162": 0.8794961698328488, "170": 0.981232131685918, "172": 0.9983737266052923, "177": 0.9709483288034012, "187": 0.9335934621781633, "194": 0.8446352867590317, "198": 0.9687175705183642, "150": 0.7787939383162538, "188": 0.9672702438730358, "197": 0.9983737266052923, "153": 0.8446352867590317, "189": 0.23032766890594292, "195": 0.9472676651898911, "154": 0.8463778409804674, "191": 0.9140329995531735, "171": -0.0475896289864841, "212": 0.9865001752117635, "228": 0.9000543078507882, "230": 0.9687175705183642, "210": 0.8980219409923789, "246": 0.8720945545738419, "248": 0.9335934621781633, "202": 0.9091726585479631, "236": 0.614315707939549, "206": 0.7955272601359307, "221": 0.9949767420272078, "231": 0.9667771893756375, "232": 0.14449678458109552, "244": 0.5830765794498906, "224": 0.9477068043036703, "225": 0.9006714259588862, "241": 0.9865001752117635, "242": 0.7002029063388291, "226": 0.9090796779337953, "229": 0.7818255438676718, "249": 0.8311229959955457, "214": 0.8720945545738419, "220": -0.14932931480824793, "222": 0.9988882682104072, "209": 0.9901079757944491, "227": 0.9713595535558777, "200": 0.9901079757944491, "286": 0.9013207959089523, "282": 0.7955272601359307, "259": 0.9006714259588862, "252": 0.8311229959955457, "274": 0.8794961698328488, "279": 0.8311229959955457, "149": 0.9559398348927166, "294": 0.8794961698328488, "254": 0.6526061874683491, "264": 0.9648177708588577, "256": 0.9988882682104072, "261": 0.9453520912576178, "167": 0.8311229959955457, "155": 0.3690962936014758, "152": 0.6082976936329352, "312": 0.523868503082112, "314": 0.9573363750671867, "160": 0.9983737266052923, "366": 0.9884989516004242}