{"0": 0.7093816825109669, "1": 0.4218308046635722, "2": 0.9691939465332382, "3": 0.8722173954815311, "4": 0.5049190560186714, "5": 0.7254874153625533, "6": 0.9072409240804903, "7": 0.6067086230551971, "8": 0.9129039455580766, "9": 0.9377351518846617, "10": 0.9830954797357201, "11": 0.8311229959955457, "12": 0.9147382082097946, "13": 0.9988882682104072, "14": 0.8311229959955457, "15": 0.9865001752117635, "16": 0.9140329995531735, "17": 0.9988882682104072, "18": 0.9949767420272078, "19": 0.9335934621781633, "20": 0.523868503082112, "21": 0.9711625608873772, "22": 0.8192778384406973, "23": 0.9472676651898911, "24": 0.9865001752117635, "25": 0.9865001752117635, "26": 0.7328887417864776, "27": 0.9988882682104072, "28": 0.9949767420272078, "29": 0.705955880689394, "30": 0.5049190560186714, "31": 0.9304763003992487, "32": 0.6082976936329352, "33": 0.37560318342511245, "34": 0.9949767420272078, "35": 0.9074336942928223, "36": 0.6222521377646766, "37": 0.9061104814689838, "38": 0.9453520912576178, "40": 0.6082976936329352, "41": 0.9245793441786627, "43": 0.8463778409804674, "44": 0.967905757640733, "45": 0.9687175705183642, "46": 0.9865001752117635, "47": 0.9713595535558777, "48": 0.7466890867450248, "49": 0.9057952433661478, "50": 0.8809396244696035, "51": 0.7053995715266009, "52": 0.981232131685918, "59": 0.47066488472412527, "61": 0.9592332369017739, "62": 0.9573363750671867, "64": 0.6809290663567836, "66": 0.09383056561124058, "70": 0.8331759304346327, "71": 0.9983737266052923, "72": 0.881875322540995, "73": 0.9644804896774047, "76": 0.4687823652515746, "77": 0.9801948925335262, "78": 0.9081377569162026, "81": 0.9029411195711852, "89": 0.6082976936329352, "92": 0.621938970692971, "93": 0.4907379695117786, "94": 0.9472676651898911, "96": 0.8794961698328488, "98": 0.9949767420272078, "99": 0.8655817455287372, "39": 0.5090991786701287, "42": 0.7608528783887835, "55": 0.8366841729045951, "56": 0.9884989516004242, "57": 0.9801948925335262, "58": 0.5957664463738023, "60": 0.7122636184977501, "63": 0.9983737266052923, "65": 0.949197368722514, "69": 0.5372819131295028, "74": 0.8830833783478265, "79": 0.9865001752117635, "83": 0.5372819131295028, "86": 0.7010120954522201, "91": 0.5224319205307728, "80": 0.24905442823980847, "82": 0.8830833783478265, "87": 0.9073186922059451, "88": 0.9884989516004242, "90": 0.8720945545738419, "97": -0.2533528214200177, "53": 0.7680184240747967, "54": 0.9983737266052923, "67": 0.9983737266052923, "68": 0.1975043325266742, "75": 0.4409332562501549, "84": 0.9006714259588862, "85": 0.9884989516004242, "95": 0.9983737266052923, "103": 0.6082976936329352, "108": 0.3484906348568889, "126": 0.9181169426857589, "138": 0.9592332369017739, "140": 0.5968611232684455, "141": 0.7818255438676718, "143": 0.981232131685918, "146": 0.8474717402323714, "147": 0.9988882682104072, "148": 0.9090796779337953, "111": 0.9687175705183642, "112": 0.8213445434803914, "113": 0.981232131685918, "114": 0.9865001752117635, "128": 0.8655817455287372, "136": 0.8775265032524076, "139": 0.9687175705183642, "142": 0.8126609257453652, "102": 0.9687175705183642, "116": 0.8830833783478265, "119": 0.981232131685918, "121": 0.9840880345802636, "122": 0.5410752967980765, "123": 0.9687175705183642, "124": 0.9750826465612488, "104": 0.8720945545738419, "107": 0.8311229959955457, "134": 0.5560960332074883, "100": 0.8720945545738419, "101": 0.8188763159117212, "129": 0.9687175705183642, "130": 0.8830833783478265, "105": 0.9072409240804903, "110": 0.9988882682104072, "118": 0.981232131685918, "125": 0.8444621505000198, "144": 0.7681811675268843, "109": 0.8720945545738419, "127": 0.7010120954522201, "132": 0.8164440519992329, "115": 0.758082860961826, "137": 0.5090991786701287, "106": 0.8756754309304606, "135": 0.8720945545738419, "120": 0.8794961698328488, "131": 0.513813475465354, "117": 0.8316076253923786, "133": 0.8830833783478265, "145": 0.7608528783887835, "156": 0.7876873771180102, "163": 0.47019651633395976, "179": 0.30685047983091546, "184": 0.6707525024355232, "186": 0.3250068372694748, "178": 0.8447735445986473, "181": 0.8841669172681577, "182": 0.9485822131185805, "183": 0.7365398254287008, "193": 0.9907737289176031, "158": 0.9507422463744685, "165": 0.9687175705183642, "166": 0.7252103086064625, "168": 0.8978997239936704, "190": 0.8188773417294917, "196": 0.3638685171228976, "164": 0.9006714259588862, "169": 0.8463778409804674, "174": 0.901748777249892, "185": 0.9830954797357201, "157": 0.981232131685918, "173": 0.963944995920045, "192": 0.9425128577246487, "151": 0.9884989516004242, "180": 0.9988882682104072, "159": 0.9006714259588862, "161": 0.9140329995531735, "162": 0.9449277469107293, "170": 0.8116099358704894, "172": 0.6443955829734422, "177": 0.9361488673595424, "187": 0.5808446707006777, "194": 0.7463891963544116, "198": -0.0475896289864841, "150": 0.857573582155259, "188": 0.8633609943122329, "197": 0.9403846533518059, "153": 0.981232131685918, "189": 0.9687175705183642, "195": 0.7608528783887835, "154": 0.607632134666684, "191": 0.9513252633428169, "171": 0.6169382346452834, "212": 0.9704631291335517, "228": 0.9141130735845608, "230": 0.5808446707006777, "210": 0.9129039455580766, "246": 0.9573363750671867, "248": 0.755624396945163, "202": 0.9090796779337953, "236": 0.8188773417294917, "206": 0.8327478557377239, "221": 0.9406780617540247, "231": 0.9304763003992487, "232": 0.8581123213062767, "244": 0.21809268916272456, "224": 0.6082976936329352, "225": 0.4218308046635722, "241": 0.714638999485179, "242": 0.9327349011946073, "226": 0.6733559840239098, "229": 0.7937749024224716, "249": 0.9140329995531735, "214": 0.9140329995531735, "220": 0.9213548555104247, "222": 0.6258554352216742, "209": 0.8841669172681577, "227": 0.9691939465332382, "200": 0.7743060254438464, "286": 0.513813475465354, "282": 0.8950225771487155, "259": 0.7878969237776184, "252": 0.7787939383162538, "274": 0.8862374456360023, "279": 0.8615112575471175, "149": 0.9678668528384635, "294": 0.835973949185624, "254": 0.9830954797357201, "264": 0.9140329995531735, "256": -0.11730590849933413, "261": -0.21668102704971381, "167": 0.9304763003992487, "155": 0.8720945545738419, "152": 0.5292378121730696, "312": 0.9903820945691412, "314": 0.9573363750671867, "160": 0.8164440519992329, "366": 0.9884989516004242, "175": 0.07072481377475973, "176": 0.3885201854651707, "199": 0.2951984709814208, "205": 0.9140329995531735, "208": 0.9884989516004242, "238": 0.6779204832324099, "234": 0.6196188954656859, "239": 0.9830954797357201, "201": 0.9687175705183642, "203": 0.3638685171228976, "207": 0.7425417598060612, "219": 0.9140329995531735, "235": 0.9801948925335262, "237": 0.8326498605592623, "247": 0.9403846533518059, "215": 0.9140329995531735, "218": 0.9203831177928425, "223": 0.9830954797357201, "233": 0.9479841658368551, "243": 0.832860782860757, "211": 0.8809396244696035, "204": 0.8841669172681577, "213": 0.8645321962681458, "245": 0.9713595535558777, "240": 0.8841669172681577, "216": 0.37540567929468754, "217": 0.8720945545738419, "284": 0.7761627735909479, "287": 0.9335934621781633, "253": 0.9140329995531735, "258": 0.5247711758674, "272": 0.9189796994070691, "276": 0.6073028217056597, "255": 0.5544814135357017, "295": 0.9559398348927166, "298": 0.733402937629024, "257": 0.9691939465332382, "265": 0.7973563010853268, "271": 0.8311229959955457, "262": 0.6546197887357748, "263": 0.8818137220548452, "266": 0.5808446707006777, "288": 0.4324298269711546, "292": 0.8841669172681577, "275": 0.8766368960345676, "277": 0.8578743929671235, "285": 0.8311885415906948, "293": 0.1661445520226371, "299": 0.941952435588411, "250": 0.6526061874683491, "270": 0.8377884954101573, "260": 0.8866979708583935, "273": 0.40717453683084925, "280": 0.8794961698328488, "289": 0.9691939465332382, "281": 0.523868503082112, "267": 0.8775265032524076, "297": 0.828012640307674, "268": 0.8953357204137226, "251": 0.5808446707006777, "269": 0.8244851953009145, "278": 0.8365170505443663, "291": 0.9988882682104072,