{"0": 0.267437804007956, "2": 0.8688965644538921, "3": 0.7858624556673872, "4": 0.9198203348585381, "5": 0.5089254396339792, "6": 0.5071968208085333, "7": 0.6309932177959322, "8": 0.9363102851791325, "9": 0.8546179968153367, "12": 0.4371315328169939, "13": 0.689478458455967, "14": 0.6260072594908512, "15": 0.5287369054034647, "18": 0.6711733029222491, "22": 0.905853298347148, "23": 0.8743034803525781, "25": 0.9901079757944491, "27": 0.2670247672999029, "29": 0.9949767420272078, "32": 0.882809090276024, "34": 0.9217586009312606, "35": -0.026126152508454598, "36": 0.6900051025700354, "41": 0.716682951966982, "44": 0.20719309844180892, "45": 0.5358827365043197, "46": 0.8091664519169561, "47": 0.9488360901438864, "50": 0.9709483288034012, "51": 0.5996545791267378, "54": 0.9983737266052923, "56": 0.981232131685918, "58": 0.6487520872752499, "59": 0.757604564146452, "60": 0.9865001752117635, "62": 0.8169212044276225, "64": 0.9711625608873772, "65": 0.5516334688303963, "66": 0.8953599538075763, "67": 0.7233347450595491, "73": 0.770030838476662, "76": 0.6659615585744856, "77": 0.5013691004388277, "78": 0.9539519567428785, "80": 0.6678093024213296, "82": 0.8596952788794296, "84": 0.8806885332381765, "90": 0.9157957284855488, "93": 0.40787977242918916, "94": 0.9196762676827337, "96": 0.8316076253923786, "97": 0.9771451713702621, "99": 0.980133147923703}