{"0": 0.7075546733458378, "1": 0.8823327992575714, "2": 0.3521055588938016, "3": 0.9369124052061206, "4": 0.8708502803560052, "5": 0.7598216602874837, "6": 0.8812046880441409, "7": 0.8720945545738419, "8": 0.9988882682104072, "9": 0.6923175405903488, "10": 0.8575068782208501, "11": 0.7571342273296439, "12": 0.7264217744347315, "13": 0.7022133205581909, "14": 0.6021147217574676, "15": 0.8225994953136562, "16": 0.6392469588231122, "17": 0.9725010622313472, "18": 0.7401441468521883, "19": 0.9949767420272078, "20": 0.5103323062225136, "21": 0.46542460235772654, "22": 0.44225747462061704, "23": 0.8554097544325301, "24": 0.7877146292226742, "25": 0.8546179968153367, "26": 0.9949767420272078, "27": 0.9949767420272078, "28": 0.6526061874683491, "29": 0.9084268957876814, "30": 0.566796580381719, "31": 0.26136390952185357, "32": 0.1946988782974051, "33": 0.44381136407811134, "34": 0.8271071972701016, "35": 0.22206711500910667, "36": 0.8020104968629808, "37": 0.6774506021333373, "38": 0.901748777249892, "40": 0.9433642068933878, "41": 0.9865001752117635, "43": 0.8213445434803914, "44": 0.7221837384092362, "45": 0.8216912714609571, "46": 0.921999206994456, "47": 0.967905757640733, "48": 0.8367553543583417, "49": 0.9711625608873772, "50": 0.7082919663745837, "51": 0.8646846833957632, "52": 0.9217586009312606, "59": 0.9642811283825925, "61": 0.7198068114232363, "62": 0.9865001752117635, "64": 0.5453052173669288, "66": 0.5358827365043197, "70": 0.8070834178164799, "71": 0.25065733664893874, "72": 0.19656059405019172, "73": -0.4007883145254267, "76": 0.8601559216708694, "77": 0.8261204300060645, "78": 0.8251599375915066, "81": 0.6196188954656859, "89": 0.5695557677317018, "92": 0.8212620253726655, "93": -0.0947404194997906, "94": 0.9335934621781633, "96": 0.6772580672516828, "98": 0.8366841729045951, "99": 0.9488360901438864, "39": 0.8089277649997813, "42": 0.967905757640733, "55": 0.8756754309304606, "56": 0.8271072745261993, "57": 0.8383958443123748, "58": 0.13773360621513703, "60": 0.8128551965592921, "63": 0.978789337755493, "65": 0.7065151874689213, "69": 0.9983737266052923, "74": 0.8123156187470999, "79": 0.8720945545738419, "83": 0.7075546733458378, "86": 0.684961249623832, "91": 0.8720945545738419, "80": 0.768312659874588, "82": 0.23797461824741764, "87": 0.8316076253923786, "88": 0.9700371969819471, "90": 0.9592332369017739, "97": 0.9476023808238805, "53": 0.8946708982650449, "54": 0.4910405054508383, "67": 0.7831581017980025, "68": 0.8531977554647312, "75": 0.6336316405697484, "84": 0.6685812721607511, "85": 0.981232131685918, "95": 0.8463778409804674, "103": 0.6821030813261982, "108": 0.7585834838611545, "126": 0.45168620078593547, "138": 0.5120501550986825, "140": 0.9013207959089523, "141": 0.9090796779337953, "143": 0.9055122579192303, "146": 0.8382546850425348, "147": 0.5608977334933727, "148": 0.9573146345238671, "111": 0.9129039455580766, "112": 0.5044229031674773, "113": 0.8830281235644627, "114": 0.6080825110291159, "128": 0.6459276870131425, "136": 0.9687175705183642, "139": 0.9642811283825925, "142": 0.22772718806562964, "102": 0.5455528393699206, "116": 0.6196188954656859, "119": 0.6487520872752499, "121": 0.8843497809749714, "122": 0.7637396974633953, "123": 0.5521783224350779, "124": 0.8316076253923786, "104": 0.5292378121730696, "107": 0.6299370568669529, "134": 0.8877088024305109, "100": 0.7010120954522201, "101": 0.14449678458109552, "129": 0.684961249623832, "130": 0.9713595535558777, "105": 0.8756754309304606, "110": 0.7466890867450248, "118": 0.8646270764312883, "125": 0.9196762676827337, "144": 0.3833553170332483, "109": 0.6061367038825813, "127": 0.9700371969819471, "132": 0.7402944782615307, "115": 0.9713595535558777, "137": 0.9604526003642835, "106": 0.03905905308852222, "135": 0.8720945545738419, "120": 0.34384838052099814, "131": 0.9830954797357201, "117": 0.8546179968153367, "133": 0.7010120954522201, "145": 0.7366732979637122, "156": 0.9573363750671867, "163": 0.5857510210481998, "179": 0.920017648857659, "184": 0.8213445434803914, "186": 0.9892581571897634, "178": 0.7116043175588809, "181": 0.981232131685918, "182": 0.8978997239936704, "183": 0.9865001752117635, "193": 0.7928351940018543, "158": 0.5808446707006777, "165": 0.8277602821401775, "166": 0.8830833783478265, "168": 0.9675356747888334, "190": 0.36116048122407557, "196": 0.9140329995531735, "164": 0.9865001752117635, "169": 0.8334722281402369, "174": 0.4001397641054273, "185": 0.8756754309304606, "157": 0.9983737266052923, "173": 0.2719262413355389, "192": 0.9472676651898911, "151": 0.9687175705183642, "180": 0.8565194556628082, "159": 0.9949767420272078, "161": 0.6072912080202607, "162": 0.8794961698328488, "170": 0.981232131685918, "172": 0.9983737266052923, "177": 0.9006714259588862, "187": -0.6839958387610735, "194": 0.8453048777385126, "198": 0.607632134666684, "150": 0.9140329995531735, "188": 0.9141130735845608, "197": 0.3432757300249589, "153": 0.8446352867590317, "189": 0.3275068726392072, "195": 0.9472676651898911, "154": 0.5313946680280488, "191": 0.8463778409804674, "171": 0.8128551965592921, "212": 0.9865001752117635, "228": 0.9000543078507882, "230": 0.9687175705183642, "210": 0.8980219409923789, "246": 0.8720945545738419, "248": 0.9335934621781633, "202": 0.9091726585479631, "236": 0.614315707939549, "206": 0.7955272601359307, "221": 0.9949767420272078, "231": 0.9667771893756375, "232": 0.14449678458109552, "244": 0.5830765794498906, "224": 0.9477068043036703, "225": 0.9006714259588862, "241": 0.9865001752117635, "242": 0.7002029063388291, "226": 0.9090796779337953, "229": 0.7818255438676718, "249": 0.8311229959955457, "214": 0.8720945545738419, "220": -0.14932931480824793, "222": 0.9988882682104072, "209": 0.9901079757944491, "227": 0.9713595535558777, "200": 0.9901079757944491, "286": 0.9013207959089523, "282": 0.7955272601359307, "259": 0.9006714259588862, "252": 0.8311229959955457, "274": 0.8794961698328488, "279": 0.8311229959955457, "149": 0.8953599538075763, "294": 0.8794961698328488, "254": 0.6526061874683491, "264": 0.9648177708588577, "256": 0.9988882682104072, "261": 0.9453520912576178, "167": 0.8311229959955457, "155": 0.3690962936014758, "152": 0.9043006236444636, "312": 0.523868503082112, "314": 0.9573363750671867, "160": 0.9983737266052923, "366": 0.9884989516004242}