{"0": 0.2534042289534208, "1": 0.6615045854516584, "2": 0.6117325327389305, "3": 0.5446022520678064, "4": 0.761578043883786, "5": 0.5001504920796276, "6": 0.7728155826392601, "7": 0.9949767420272078, "8": 0.8809442046948613, "9": 0.6278219202969287, "10": 0.7866875579257706, "11": 0.8358804134228709, "12": 0.6413911019625415, "13": 0.9592332369017739, "14": 0.5484900419034284, "15": 0.9865001752117635, "16": 0.24415026819796812, "17": 0.978789337755493, "18": 0.5718553709296677, "19": 0.6460455118224662, "20": 0.8023762776550901, "21": 0.8251599375915066, "22": 0.9949767420272078, "23": 0.9449277469107293, "24": 0.921498007949856, "25": 0.9709483288034012, "26": 0.12215931071775238, "27": 0.6821030813261982, "28": 0.9312278760414561, "29": 0.7564453112762356, "30": 0.227796754140718, "31": 0.545388822930969, "32": -0.1752464829013728, "33": 0.7758195112174127, "34": 0.9433177599151553, "35": 0.5358827365043197, "36": 0.981232131685918, "37": 0.8688965644538921, "38": 0.6682099717656567, "40": 0.831353635284674, "41": 0.8297293738737348, "43": 0.8463778409804674, "44": 0.6258554352216742, "45": 0.5611022967235983, "46": 0.9592332369017739, "47": 0.9217586009312606, "48": 0.5362007987519135, "49": 0.850733798609967, "50": 0.6233299273377655, "51": 0.8347529133904941, "52": 0.9865001752117635, "59": 0.5668489509891596, "61": 0.9025442674599715, "62": 0.9983737266052923, "64": 0.9217586009312606, "66": 0.8316076253923786, "70": 0.9711625608873772, "71": 0.31585477867645906, "72": 0.6277384267953001, "73": 0.7637396974633953, "76": 0.8366841729045951, "77": 0.7075546733458378, "78": 0.35895401932536003, "81": 0.5292378121730696, "89": 0.7755744352970206, "92": 0.3112820529430176, "93": 0.6082976936329352, "94": 0.9865001752117635, "96": 0.8288506015077566, "98": 0.8128551965592921, "99": 0.34384838052099814, "39": 0.3293658334978729, "42": 0.7404829767554941, "55": 0.48113657271127597, "56": 0.660673913766087, "57": 0.6293972598139801, "58": 0.8333468763597425, "60": 0.8860123134002156, "63": 0.6240807603741816, "65": 0.9949767420272078, "69": 0.7336565076444184, "74": 0.8623993159226857, "79": 0.7232766754355233, "83": 0.8070834178164799, "86": 0.3231217982458446, "91": 0.9142951613245062, "80": 0.9983737266052923, "82": 0.9141130735845608, "87": -0.0947404194997906, "88": 0.6013506347590544, "90": 0.9712097172582024, "97": 0.6472125053108531, "53": 0.3280308738677462, "68": 0.8216912714609571, "84": 0.6826247230826494, "85": 0.8382546850425348, "75": 0.6774506021333373, "54": 0.3259173685316173, "67": 0.8192217898519648, "95": 0.9983737266052923, "103": 0.7709655471410095, "108": 0.37273433962711594, "126": 0.33807816183279826, "138": 0.18168131915734786, "140": 0.7366732979637122, "141": 0.8455117632990026, "143": 0.8830833783478265, "146": 0.9656330289232972, "147": 0.978789337755493, "148": 0.7010120954522201, "111": 0.5857510210481998, "112": 0.8953599538075763, "113": 0.7569536847721546, "114": 0.9181169426857589, "128": 0.6082976936329352, "136": 0.9035564895735866, "139": 0.7782912029730289, "142": 0.7910066852120582, "102": 0.16671988941425248, "116": 0.8720945545738419, "119": 0.7648038598581672, "121": 0.5320489077677621, "122": 0.802176815427363, "123": 0.6487520872752499, "124": 0.9096911896636037, "104": 0.8377884954101573, "107": 0.8213445434803914, "134": 0.9687175705183642, "100": 0.5509321997381238, "101": 0.525027673004182, "129": 0.978789337755493, "130": 0.5120501550986825, "105": 0.8704780969480569, "110": 0.7789106268579697, "118": 0.6578214786098125, "125": 0.9149068217490111, "144": 0.7604755292429785, "109": 0.5253644048411124, "127": 0.8292426892435174, "132": 0.7260287547211197, "115": 0.9090796779337953, "137": 0.8326096743259999, "106": 0.5350990871777538, "135": 0.9129039455580766, "120": 0.9141130735845608, "131": 0.7010120954522201, "117": 0.9700371969819471, "133": 0.7669301099235952, "145": 0.8743312861852184, "156": 0.9573363750671867, "163": 0.5400983997411765, "179": 0.9830954797357201, "184": 0.8213445434803914, "186": 0.8953599538075763, "178": 0.9949767420272078, "181": 0.9573146345238671, "182": 0.8978997239936704, "183": 0.49376421836332324, "193": 0.4070217268810712, "158": 0.862511364683826, "165": 0.8688965644538921, "166": 0.8756754309304606, "168": 0.8463778409804674, "190": 0.981232131685918, "196": 0.9140329995531735, "164": 0.9865001752117635, "169": 0.9573363750671867, "174": 0.9988882682104072, "185": 0.3885201854651707, "157": 0.43321835342004533, "173": 0.9472676651898911, "192": -0.2721503593908512, "151": 0.9830954797357201, "180": 0.9074541861500449, "159": 0.43016947644837683, "161": 0.25423935513645846, "162": 0.8794961698328488, "170": 0.981232131685918, "172": 0.638470376884394, "177": 0.9141130735845608, "187": 0.22772718806562964, "194": 0.8446352867590317, "198": 0.20641358651095307, "150": 0.9988882682104072, "188": 0.9672702438730358, "197": 0.9983737266052923, "153": 0.8446352867590317, "189": 0.9573363750671867, "195": 0.9472676651898911, "154": 0.8463778409804674, "191": 0.9700371969819471, "171": -0.0475896289864841, "212": 0.9865001752117635, "228": 0.9000543078507882, "230": 0.9687175705183642, "210": 0.8980219409923789, "246": 0.8720945545738419, "248": 0.9335934621781633, "202": 0.9091726585479631, "236": 0.614315707939549, "206": 0.7955272601359307, "221": 0.9949767420272078, "231": 0.9667771893756375, "232": 0.14449678458109552, "244": 0.5830765794498906, "224": 0.9477068043036703, "225": 0.9006714259588862, "241": 0.9865001752117635, "242": 0.7002029063388291, "226": 0.9090796779337953, "229": 0.7818255438676718, "249": 0.8311229959955457, "214": 0.8720945545738419, "220": -0.14932931480824793, "222": 0.9988882682104072, "209": 0.9901079757944491, "227": 0.9713595535558777, "200": 0.9901079757944491, "286": 0.9013207959089523, "282": 0.7955272601359307, "259": 0.9006714259588862, "252": 0.8311229959955457, "274": 0.8794961698328488, "279": 0.8311229959955457, "149": 0.8715285584530765, "294": 0.8794961698328488, "254": 0.6526061874683491, "264": 0.9648177708588577, "256": 0.9988882682104072, "261": 0.9453520912576178, "167": 0.7282229385929331, "155": 0.3690962936014758, "152": -0.6839958387610735, "312": 0.523868503082112, "314": 0.9573363750671867, "160": 0.9140329995531735, "366": 0.9884989516004242, "176": 0.7035213147029769, "199": 0.8277602821401775}