{"0": 0.7831581017980025, "1": 0.5120038509544595, "2": 0.8546179968153367, "3": 0.6696767175493242, "4": 0.5396413473254917, "5": 0.8274534318887151, "6": 0.9711625608873772, "7": 0.5846793185557463, "8": 0.9644804896774047, "9": 0.8266968420723062, "10": 0.3846493895584937, "11": 0.8849379177271766, "12": 0.5721007126047513, "13": 0.6260072594908512, "14": 0.692258329258231, "15": 0.39157759473872944, "16": 0.980133147923703, "17": 0.5007181139729744, "18": 0.6583503228620409, "19": 0.9704631291335517, "20": 0.47833010243763857, "21": 0.9949767420272078, "22": 0.9949767420272078, "23": 0.9204330867250647, "24": 0.9217586009312606, "25": 0.5507750360056443, "26": 0.5358827365043197, "27": 0.8938772884269843, "28": 0.91973696338273, "29": 0.6106894768772115, "30": 0.3891946188589992, "31": 0.9865001752117635, "32": 0.9901079757944491, "33": 0.42646693859560836, "34": 0.816270436803537, "35": -0.028515373660662067, "36": 0.7991437719188091, "37": 0.6451319466072196, "38": 0.6260072594908512, "40": 0.7559745408500453, "41": 0.9711625608873772, "43": 0.9472676651898911, "44": 0.9983737266052923, "45": 0.1572425106307705, "46": 0.757604564146452, "47": 0.8938772884269843, "48": 0.9865001752117635, "49": 0.5907025075235541, "50": 0.9409180973655387, "51": 0.8377884954101573, "52": 0.6097693913724529, "59": 0.4382493689206844, "61": 0.7866875579257706, "62": 0.967905757640733, "64": 0.8251599375915066, "66": 0.8366841729045951, "70": 0.8420786987995936, "71": 0.8921282619199455, "72": 0.8316076253923786, "73": 0.7791613971509741, "76": 0.8603992055360329, "77": 0.6886440616536545, "78": 0.34384838052099814, "81": 0.9180753773976005, "89": 0.3014277915473468, "92": 0.9983737266052923, "93": 0.8938772884269843, "94": 0.7717794769824893, "96": 0.9642811283825925, "98": 0.39817410287209953, "99": 0.6032313383547419, "39": 0.5874847873110628, "42": 0.847501702933243, "55": 0.7782912029730289, "56": 0.4927108093646227, "57": 0.9306717778743876, "58": 0.9442464244826696, "60": 0.5509321997381238, "63": 0.8021923264667223, "65": 0.19395068682633732, "69": 0.757604564146452, "74": 0.41358744241131695, "79": 0.1296168950068498, "83": 0.9901079757944491, "86": 0.8813757932458062, "91": 0.7896789767566742, "80": 0.9710685701243187, "82": 0.8947230545358664, "87": 0.981232131685918, "88": 0.980133147923703, "90": 0.7709655471410095, "97": 0.5634526653716951, "53": 0.9983737266052923, "68": 0.9420883591387001, "84": 0.20719309844180892, "85": 0.5807491517114851, "75": 0.981232131685918, "54": 0.6472125053108531, "67": 0.8985444694064063, "95": 0.3014277915473468, "103": 0.9988882682104072, "108": 0.2536898073038335, "126": 0.9296056853049698, "138": 0.7336565076444184, "140": 0.9006714259588862, "141": 0.9196762676827337, "143": 0.9635051318471994, "146": 0.9830954797357201, "147": 0.8308239821551775, "148": 0.8233785818459912, "111": 0.9901079757944491, "112": 0.7697260742928163, "113": 0.6944969252135587, "114": 0.8689425722569364, "128": 0.9488360901438864, "136": -0.6839958387610735, "139": 0.9361488673595424, "142": 0.8739450406691072, "102": 0.53361542765685, "116": 0.34185982123115277, "119": 0.08753688818673482, "121": 0.684961249623832, "122": 0.8830833783478265, "123": 0.8720945545738419, "124": 0.7569536847721546, "104": 0.8830833783478265, "107": 0.9013207959089523, "134": 0.6705346123853475, "100": 0.7512516806286568, "101": 0.8405407644692295, "129": 0.7216597150738794, "130": 0.8902155816030437, "105": 0.9686171275658811, "110": 0.7663804670551821, "118": 0.43328391038108616, "125": 0.981232131685918, "144": 0.6796756543690005, "109": 0.4654234218588927, "127": -0.0475896289864841, "132": 0.9006714259588862, "115": 0.9488360901438864, "137": 0.14449678458109552, "106": 0.7010120954522201, "135": 0.3481767917250045, "120": 0.5881578926636244, "131": 0.49597666656300005, "117": 0.14449678458109552, "133": 0.8830833783478265, "145": 0.9086455689491694, "156": 0.9573363750671867, "163": 0.9865001752117635, "179": 0.920017648857659, "184": 0.8213445434803914, "186": 0.9892581571897634, "178": 0.9949767420272078, "181": 0.8213445434803914, "182": 0.8978997239936704, "183": 0.9865001752117635, "193": 0.8983851212872435, "158": 0.9713595535558777, "165": 0.8688965644538921, "166": 0.8830833783478265, "168": 0.981232131685918, "190": 0.8533643694982009, "196": 0.9140329995531735, "164": 0.9865001752117635, "169": 0.9573363750671867, "174": 0.9988882682104072, "185": 0.3885201854651707, "157": 0.9983737266052923, "173": 0.9865001752117635, "192": 0.9472676651898911, "151": 0.9830954797357201, "180": 0.9074541861500449, "159": 0.9949767420272078, "161": 0.9140329995531735, "162": 0.8794961698328488, "170": 0.981232131685918, "172": 0.9983737266052923, "177": 0.9709483288034012, "187": 0.9335934621781633, "194": 0.8446352867590317, "198": 0.9687175705183642, "150": 0.7787939383162538, "188": 0.9672702438730358, "197": 0.9983737266052923, "153": 0.8446352867590317, "189": 0.23032766890594292, "195": 0.9472676651898911, "154": 0.8463778409804674, "191": 0.9140329995531735, "171": -0.0475896289864841, "212": 0.9865001752117635, "228": 0.9000543078507882, "230": 0.9687175705183642, "210": 0.8980219409923789, "246": 0.8720945545738419, "248": 0.9335934621781633, "202": 0.9091726585479631, "236": 0.614315707939549, "206": 0.7955272601359307, "221": 0.9949767420272078, "231": 0.9667771893756375, "232": 0.14449678458109552, "244": 0.5830765794498906, "224": 0.9477068043036703, "225": 0.9006714259588862, "241": 0.9865001752117635, "242": 0.7002029063388291, "226": 0.9090796779337953, "229": 0.7818255438676718, "249": 0.8311229959955457, "214": 0.8720945545738419, "220": -0.14932931480824793, "222": 0.9988882682104072, "209": 0.9901079757944491, "227": 0.9713595535558777, "200": 0.9901079757944491, "286": 0.9013207959089523, "282": 0.7955272601359307, "259": 0.9006714259588862, "252": 0.8311229959955457, "274": 0.8794961698328488, "279": 0.8311229959955457, "149": 0.9559398348927166, "294": 0.8794961698328488, "254": 0.6526061874683491, "264": 0.9648177708588577, "256": 0.9988882682104072, "261": 0.9453520912576178, "167": 0.8311229959955457, "155": 0.3690962936014758, "152": 0.6082976936329352, "312": 0.523868503082112, "314": 0.9573363750671867, "160": 0.9983737266052923, "366": 0.9884989516004242}