{"1": 0.4154512915887426, "2": 0.8475814908605418, "3": 0.7036495585102586, "4": 0.5247123185998133, "5": 0.6351154778354233, "6": 0.5785165284346809, "7": 0.869170515593214, "8": 0.5138570525851376, "9": 0.9093223456592029, "10": 0.5968611232684455, "11": 0.9021221516449848, "12": 0.7401295868269684, "13": 0.6260072594908512, "15": 0.6685812721607511, "16": 0.26136390952185357, "18": 0.5265771223362505, "19": 0.4183847681953678, "20": 0.3778574483795422, "21": 0.7146389994851791, "22": 0.6821030813261982, "23": 0.5150382918426691, "24": 0.6491935015945167, "25": 0.6733213007476928, "26": 0.8938772884269843, "27": 0.8646846833957632, "29": 0.9191446185650216, "30": 0.8444621505000198, "31": 0.6258554352216742, "32": 0.48113657271127597, "33": 0.27361805570435394, "34": 0.8441468299321851, "35": 0.6526061874683491, "36": 0.943959991281367, "37": 0.8377884954101573, "38": 0.20270924568334603, "39": 0.8216912714609571, "40": 0.5513144173319915, "41": 0.9367269048304978, "42": 0.9983737266052923, "43": 0.6296986366778965, "44": 0.8016408203693159, "45": 0.9865001752117635, "46": 0.7849634154001839, "47": 0.5685866553822061, "49": 0.9053622125320325, "50": 0.9217586009312606, "51": 0.8928144447523121, "53": 0.8720945545738419, "55": 0.6598909481939857, "56": 0.9711625608873772, "57": 0.6249476661641837, "58": 0.4485152654207301, "59": 0.7415876203277245, "60": 0.8190139110390371, "62": 0.5760747526276142, "63": 0.9573146345238671, "64": 0.45730309682529446, "66": 0.2667876912297211, "67": 0.9141130735845608, "68": 0.7541937271731274, "69": 0.9476023808238805, "70": 0.7075546733458378, "71": 0.921999206994456, "75": 0.9315684879650371, "76": 0.6095664446458031, "77": -0.09602212689656447, "78": 0.981232131685918, "80": 0.5292378121730696, "82": 0.9700371969819471, "83": 0.8128551965592921, "85": 0.7553235167961867, "86": 0.9114128703941509, "87": 0.7634150330236524, "88": 0.41247311771951933, "91": 0.37540567929468754, "92": 0.6624692207649989, "94": 0.38688080834605404, "95": 0.7868894769676309, "96": 0.6196188954656859, "97": 0.6154870367320417, "99": 0.34384838052099814}