{"0": 0.8192778384406973, "1": 0.37560318342511245, "2": 0.7743060254438464, "3": 0.5894869790125996, "4": 0.23032766890594292, "5": 0.874369604996573, "6": 0.9061104814689838, "7": 0.8569287472943754, "8": 0.634198891804221, "9": 0.291239005811534, "10": 0.9644804896774047, "11": 0.9329969579507573, "12": 0.09383056561124058, "13": 0.055162342896324865, "14": 0.757604564146452, "15": 0.9830954797357201, "16": 0.8720945545738419, "17": 0.8272030732920543, "18": 0.9140329995531735, "19": 0.9710685701243187, "20": 0.5760084908318843, "21": 0.9006714259588862, "22": 0.9335934621781633, "23": 0.8711994502463034, "24": 0.9314833740175863, "25": 0.9074336942928223, "26": 0.6627679739338634, "27": 0.9949767420272078, "28": 0.13865812256397686, "29": 0.6000432700056655, "30": 0.6061367038825813, "31": 0.9710685701243187, "32": 0.9488360901438864, "33": 0.9865001752117635, "34": 0.9983737266052923, "35": 0.9726470427282614, "36": 0.7451525819373325, "37": 0.8691584233589473, "38": 0.609225864488296, "40": 0.901748777249892, "41": 0.8615112575471175, "43": 0.9335934621781633, "44": 0.8384519689542054, "45": 0.8311229959955457, "46": 0.9988882682104072, "47": 0.981232131685918, "48": 0.8311229959955457, "49": 0.9472676651898911, "50": 0.8636599425886533, "51": 0.9189796994070691, "52": 0.9573363750671867, "59": 0.829375850902746, "61": 0.8261204300060645, "62": 0.652157166328143, "64": 0.9983737266052923, "66": 0.6082976936329352, "70": 0.38816980958117053, "71": 0.9983737266052923, "72": 0.9983737266052923, "73": 0.6082976936329352, "76": 0.9777812587919528, "77": 0.9687175705183642, "78": 0.9449277469107293, "81": 0.7862921683106591, "89": 0.9884989516004242, "92": 0.9713595535558777, "93": 0.8794961698328488, "94": 0.6737412398746478, "96": 0.740901287710282, "98": 0.7010120954522201, "99": 0.29741741076280337, "39": 0.9592332369017739, "42": 0.7122636184977501, "55": 0.9949767420272078, "56": 0.9884989516004242, "57": 0.9013207959089523, "58": 0.9983737266052923, "60": 0.6137183794469678, "63": -0.2533528214200177, "65": 0.8830833783478265, "69": 0.832860782860757, "74": 0.888367791813524, "79": 0.981232131685918, "83": 0.8756754309304606, "86": 0.9559398348927166, "91": 0.7010120954522201, "80": 0.3481767917250045, "82": 0.7313639358544975, "87": 0.34798782986239263, "88": 0.9238708015326764, "90": 0.6317442154719127, "97": 0.967905757640733, "53": 0.9865001752117635, "68": 0.9801948925335262, "84": 0.9472676651898911, "85": 0.904455383433035, "75": 0.9884989516004242, "54": 0.9573363750671867, "67": 0.967905757640733, "95": 0.6413911019625415, "103": 0.9687175705183642, "108": 0.8901044923753956, "126": 0.9830954797357201, "138": 0.9434835816386433, "140": 0.5962008628253901, "141": 0.8720945545738419, "143": 0.9713595535558777, "146": 0.9687175705183642, "147": 0.881875322540995, "148": 0.5272247911567276, "111": 0.7461974109132876, "112": 0.9949767420272078, "113": 0.8801072526177327, "114": 0.8645321962681458, "128": 0.9590995066198915, "136": 0.9687175705183642, "139": 0.9691939465332382, "142": 0.6082976936329352, "102": 0.8830833783478265, "116": 0.3702217257773508, "119": 0.7010120954522201, "121": 0.9726470427282614, "122": 0.25146295316959444, "123": 0.8495818343982631, "124": 0.9884989516004242, "104": 0.8720977720763801, "107": 0.8775265032524076, "134": 0.7116043175588809, "100": 0.9687175705183642, "101": 0.9672145785527155, "129": 0.9884989516004242, "130": 0.9687175705183642, "105": 0.9590995066198915, "110": 0.5372819131295028, "118": 0.9472676651898911, "125": 0.8524668330362317, "144": 0.8720945545738419, "109": 0.9129039455580766, "127": 0.8830833783478265, "132": 0.9335934621781633, "115": 0.8316076253923786, "137": 0.9573363750671867, "106": 0.8720945545738419, "135": 0.2011426332164294, "120": 0.9687175705183642, "131": 0.7035429966592748, "117": 0.9087732864468079, "133": 0.8720945545738419, "145": 0.9687175705183642, "156": 0.9988882682104072, "163": 0.981232131685918, "179": 0.8980219409923789, "184": 0.8328633707883992, "186": 0.32837139928141595, "178": 0.963944995920045, "181": 0.9304763003992487, "182": 0.21581502297308688, "183": 0.828507570283525, "193": 0.1975043325266742, "158": 0.9061104814689838, "165": 0.1838621533899384, "166": 0.3885201854651707, "168": 0.9830954797357201, "190": 0.8312485438773476, "196": 0.3150362057477557, "164": 0.7085741501381739, "169": 0.8280814828306626, "174": 0.9141130735845608, "185": 0.8377884954101573, "157": 0.8794961698328488, "173": 0.9116196992012426, "192": 0.8438869146341692, "151": 0.9072870930875043, "180": 0.7893000010516336, "159": 0.5986829170813355, "161": 0.8830833783478265, "162": 0.9672145785527155, "170": 0.9361488673595424, "172": 0.5808446707006777, "177": 0.9644804896774047, "187": 0.7466890867450248, "194": 0.5372819131295028, "198": 0.9335934621781633, "150": 0.9642811283825925, "188": 0.8188763159117212, "197": 0.828507570283525, "153": 0.8794961698328488, "189": 0.6842440698002539, "195": 0.9592332369017739, "154": 0.8280814828306626, "191": 0.9140329995531735, "171": 0.9335934621781633, "212": 0.27527690547079575, "228": 0.4218308046635722, "230": 0.832860782860757, "210": 0.15610744958402697, "246": 0.9129039455580766, "248": 0.9830954797357201, "202": -0.026940629455782773, "236": 0.9140329995531735, "206": 0.8280814828306626, "221": 0.9485822131185805, "231": 0.32959806296095184, "232": 0.9304763003992487, "244": 0.7961884402317682, "224": 0.9140329995531735, "225": 0.7608528783887835, "241": 0.7466890867450248, "242": 0.8122203720052767, "226": 0.7787834256387594, "229": 0.9988882682104072, "249": 0.5808446707006777, "214": 0.8188763159117212, "220": 0.4409332562501549, "222": 0.9304763003992487, "209": 0.831315809318495, "227": 0.832860782860757, "200": 0.7519062573341051, "286": 0.7878969237776184, "282": 0.941952435588411, "259": 0.9327349011946073, "252": 0.9830954797357201, "274": 0.7424284396583245, "279": 0.9090796779337953, "149": 0.8452913567067001, "294": 0.8995238736482618, "254": 0.9140329995531735, "264": 0.30942352609037094, "256": 0.39302274430686235, "261": 0.9687175705183642, "167": 0.8601391183990965, "155": 0.9884989516004242, "152": 0.8720977720763801, "312": 0.8978997239936704, "314": 0.9403846533518059, "160": 0.29283976205989626, "366": 0.9884989516004242, "175": 0.8615112575471175, "199": 0.6082976936329352, "176": 0.8506684030584353, "211": 0.941544463957757, "223": -0.01905783966061286, "234": 0.14330406080314267, "247": -0.004926965144109313, "208": 0.799215998555449, "237": 0.5090991786701287, "235": 0.9513252633428169, "205": 0.32100587624461396, "233": 0.7669301099235952, "243": 0.9691939465332382, "204": 0.8794961698328488, "238": 0.9217455898854673, "201": 0.9335934621781633, "215": 0.3885201854651707, "217": 0.14449678458109552, "216": 0.9573363750671867, "245": 0.9304763003992487, "203": 0.7608528783887835, "207": 0.3690962936014758, "218": 0.9642811283825925, "219": 0.39808550507307694, "240": 0.9695810728088854, "239": 0.9140329995531735, "251": 0.6073028217056597, "262": 0.6487111246053656, "278": 0.8757464117156971, "284": 0.9988882682104072, "291": 0.4409332562501549, "295": 0.8775265032524076, "213": 0.1975043325266742, "267": 0.9252433584349254, "268": 0.9573363750671867, "272": 0.5695264520167094, "298": 0.9509518987775469, "253": 0.9304763003992487, "266": 0.9157702478172108, "281": 0.9532023633053024, "293": 0.5808446707006777, "250": 0.8645321962681458, "257": 0.9691939465332382, "287": 0.1975043325266742, "297": 0.5624598718109821, "275": 0.8446352867590317, "299": 0.9441981666461794, "270": 0.9903820945691412, "288": 0.8213445434803914, "265": 0.733402937629024, "296": 0.2316964550958146, "255": 0.3702217257773508, "292": 0.8515136182280251, "260": 0.8213445434803914, "263": 0.9656890760347442, "277": 0.8711994502463034, "280": 0.8213445434803914, "285": -0.0475896289864841, "283": 0.9830954797357201, "290": 0.14449678458109552, "269": 0.8978997239936704, "305": 0.9691939465332382, "316": 0.828507570283525,