{"0": 0.7923975123858403, "1": 0.8475814908605418, "2": 0.6082976936329352, "3": 0.5443430367161408, "4": 0.6710171039516435, "5": 0.9021221516449848, "6": 0.5968611232684455, "7": 0.20270924568334603, "8": -0.1752464829013728, "9": 0.43218426128788046, "10": 0.6821030813261982, "11": 0.008973126238788917, "12": 0.8773368069598443, "13": 0.8192778384406973, "14": 0.9901079757944491, "15": 0.9686171275658811, "16": 0.891848606308612, "17": 0.5921071972552718, "18": 0.5874033193323135, "19": 0.9338192966385738, "20": 0.5571774282145698, "21": 0.9006714259588862, "22": 0.2667876912297211, "23": 0.901748777249892, "24": 0.8030700092363727, "25": 0.5070644983107764, "26": 0.5382721410537995, "27": 0.5198685220641122, "28": 0.8297293738737348, "29": 0.9422384203384251, "30": 0.000722957805710489, "31": 0.8857862660216616, "32": 0.921999206994456, "33": 0.8309304959867635, "34": 0.8830833783478265, "35": 0.757604564146452, "36": 0.44260974064371894, "37": 0.9573146345238671, "38": 0.48113657271127597, "40": 0.8809396244696035, "41": 0.9093223456592029, "43": 0.967905757640733, "44": 0.9141130735845608, "45": 0.8396372841917765, "46": 0.7010120954522201, "47": 0.9777812587919528, "48": -0.028515373660662067, "49": 0.6963771897821527, "50": 0.7646757269224965, "51": 0.7909358414504506, "52": 0.9335934621781633, "59": 0.9983737266052923, "61": 0.9711625608873772, "62": 0.9983737266052923, "64": 0.9476023808238805, "66": 0.9315684879650371, "70": 0.8128551965592921, "71": 0.7075546733458378, "72": 0.7260287547211197, "73": 0.9488360901438864, "76": 0.19656059405019172, "77": 0.2939401509447677, "78": 0.8756754309304606, "81": 0.7669301099235952, "89": 0.981232131685918, "92": 0.48607992823877844, "93": 0.8030679480846094, "94": 0.664107235335692, "96": 0.8601559216708694, "98": 0.9700371969819471, "99": 0.23032766890594292, "39": 0.8573514772568388, "42": 0.7258420653129816, "55": 0.9949767420272078, "56": 0.8316460733171938, "57": 0.8122493739852138, "58": -0.03156587147432149, "60": 0.9687175705183642, "63": 0.8720945545738419, "65": 0.13094961594978277, "69": 0.6526061874683491, "74": 0.981232131685918, "79": 0.9865001752117635, "83": 0.6013506347590544, "86": 0.9432447077790973, "91": 0.7425417598060612, "80": 0.34384838052099814, "82": 0.8947230545358664, "87": 0.9476023808238805, "88": 0.9472676651898911, "90": 0.9865001752117635, "97": -0.14932931480824793, "53": 0.767120613631048, "54": 0.6685812721607511, "67": 0.9335934621781633, "68": 0.8333468763597425, "75": 0.8311229959955457, "84": 0.9983737266052923, "85": 0.6196188954656859, "95": 0.9204330867250647, "103": 0.832860782860757, "108": 0.6197774681689118, "126": 0.684961249623832, "138": -0.27496486801528375, "140": 0.8205350534008642, "141": 0.9019467013852844, "143": 0.8554141200088352, "146": 0.39035766113942616, "147": 0.1975043325266742, "148": 0.5483982320747937, "111": 0.9087508783739897, "112": 0.9710685701243187, "113": 0.9114128703941509, "114": 0.8382546850425348, "128": -0.14932931480824793, "136": 0.7570745990904548, "139": 0.9687175705183642, "142": 0.6597170736231901, "102": 0.9068431250642413, "116": 0.8366841729045951, "119": 0.8192217898519648, "121": 0.9713595535558777, "122": 0.839959919104204, "123": 0.8292426892435174, "124": 0.26799195653254043, "104": 0.8655817455287372, "107": 0.9129039455580766, "134": 0.8756754309304606, "100": 0.8867671675853371, "101": 0.9983737266052923, "129": 0.5563769845434114, "130": 0.757604564146452, "105": 0.9652197466936353, "110": 0.9771451713702621, "118": 0.9180753773976005, "125": -0.0947404194997906, "144": 0.8311229959955457, "109": 0.7629575778936948, "127": 0.199179363817578, "132": 0.684961249623832, "115": 0.758395798805382, "137": 0.8316076253923786, "106": 0.5120501550986825, "135": 0.9013207959089523, "120": 0.9488360901438864, "131": 0.47792328816995877, "117": 0.428475922718237, "133": 0.9006714259588862, "145": 0.6487520872752499, "156": 0.24629622076075364, "163": 0.8830833783478265, "179": 0.6166770921673854, "184": 0.980133147923703, "186": 0.8759628854295645, "178": 0.7608528783887835, "181": 0.981232131685918, "182": 0.32493250446393024, "183": 0.7258631306408903, "193": 0.45456346725821545, "158": 0.6757514758563474, "165": 0.8031888154399565, "166": 0.48728286948954747, "168": 0.6637773908939087, "190": 0.8249613834950777, "196": 0.978789337755493, "164": 0.8463778409804674, "169": 0.8334722281402369, "174": 0.9127185068768378, "185": 0.5355456875995361, "157": 0.9141130735845608, "173": 0.5514970680674418, "192": 0.978789337755493, "151": 0.9488360901438864, "180": 0.9687175705183642, "159": 0.7116043175588809, "161": 0.8877088024305109, "162": -0.27496486801528375, "170": 0.7350175740056812, "172": 0.7782912029730289, "177": 0.684961249623832, "187": 0.8695956417446438, "194": 0.9140329995531735, "198": 0.6844275921277261, "150": 0.6013506347590544, "188": 0.3926925160356013, "197": 0.9252433584349254, "153": 0.5808446707006777, "189": 0.8759478562685492, "195": 0.9825033311030087, "154": 0.893866331992238, "191": 0.9488360901438864, "171": 0.7971639817061996, "212": 0.9865001752117635, "228": 0.9000543078507882, "230": 0.9687175705183642, "210": 0.8980219409923789, "246": 0.8720945545738419, "248": 0.9335934621781633, "202": 0.9091726585479631, "236": 0.614315707939549, "206": 0.7955272601359307, "221": 0.9949767420272078, "231": 0.9667771893756375, "232": 0.14449678458109552, "244": 0.5830765794498906, "224": 0.9477068043036703, "225": 0.9006714259588862, "241": 0.9865001752117635, "242": 0.7002029063388291, "226": 0.9090796779337953, "229": 0.7818255438676718, "249": 0.8311229959955457, "214": 0.8720945545738419, "220": -0.14932931480824793, "222": 0.9988882682104072, "209": 0.9901079757944491, "227": 0.9713595535558777, "200": 0.9901079757944491, "286": 0.9013207959089523, "282": 0.7955272601359307, "259": 0.9006714259588862, "252": 0.8311229959955457, "274": 0.8794961698328488, "279": 0.8311229959955457, "149": 0.716356944202799, "294": 0.8794961698328488, "254": 0.6526061874683491, "264": 0.9648177708588577, "256": 0.9988882682104072, "261": 0.9453520912576178, "167": 0.8513690470248128, "155": 0.61468006592553, "152": 0.7783771775052716, "312": 0.523868503082112, "314": 0.9573363750671867, "160": 0.525027673004182, "366": 0.9884989516004242, "175": 0.7048110710342754, "176": 0.14449678458109552, "199": 0.525027673004182}