{"0": 0.9217586009312606, "1": -0.19613380541214437, "2": 0.8434275268358451, "3": 0.9246801249222159, "4": 0.752335875849788, "5": 0.9074541861500449, "6": 0.13332306466456645, "7": 0.855043432697763, "8": 0.8830833783478265, "9": -0.09139718386449758, "10": 0.8311229959955457, "11": 0.8217202130726271, "12": 0.502137358126349, "13": 0.9315684879650371, "14": 0.736055290647058, "15": 0.35163192016290795, "16": 0.4637226310989762, "17": 0.9476023808238805, "18": 0.588306461719587, "19": 0.6260072594908512, "20": 0.9472676651898911, "21": 0.9949767420272078, "22": 0.7040814540796158, "23": 0.6097693913724529, "24": 0.9949767420272078, "25": 0.3879314802376561, "26": 0.9711625608873772, "27": 0.8217714804911442, "28": 0.9144491133266515, "29": 0.30212985782796836, "30": 0.3793195084843229, "31": 0.6830788192248078, "32": 0.8371201592176072, "33": 0.5341283354868887, "34": 0.9157957284855488, "35": 0.8121523036321869, "36": 0.512854065882931, "37": 0.9865001752117635, "38": 0.48113657271127597, "40": 0.9442464244826696, "41": 0.757604564146452, "43": 0.8688965644538921, "44": 0.736055290647058, "45": 0.9635051318471994, "46": 0.9983737266052923, "47": 0.4063803444927976, "48": 0.5241478553875311, "49": 0.48437027735924354, "50": 0.7829164184396329, "51": 0.4131512998327693, "52": 0.6774506021333373, "59": 0.980133147923703, "61": 0.7116043175588809, "62": 0.4294989981651546, "64": 0.2497754032652254, "66": 0.7258420653129816, "70": 0.9488360901438864, "71": 0.7247064569105793, "72": 0.8366841729045951, "73": 0.980133147923703, "76": 0.7075546733458378, "77": 0.5881196993127609, "78": 0.8809396244696035, "81": 0.5398215156981478, "89": 0.9204330867250647, "92": 0.7824648600659275, "93": 0.14449678458109552, "94": 0.9013207959089523, "96": 0.9181169426857589, "98": 0.6433950991485282, "99": 0.7658701887411197, "39": 0.7921137836879089, "42": 0.6260072594908512, "55": 0.9472676651898911, "56": 0.9983737266052923, "57": 0.8291811375193812, "58": 0.20805775521668576, "60": 0.3014277915473468, "63": 0.981232131685918, "65": 0.14449678458109552, "69": 0.7784944724888376, "74": 0.6841842060168638, "79": 0.9604526003642835, "83": 0.8756754309304606, "86": 0.5483982320747937, "91": 0.3582640127769794, "80": 0.5039245069832413, "82": 0.6647168180208943, "87": 0.9712097172582024, "88": 0.30096418460716745, "90": 0.24427880458326123, "97": 0.9013207959089523, "53": 0.12249633937071452, "54": 0.7914981220620045, "67": 0.8255335542746467, "68": 0.8303275991356442, "75": 0.30190308269731425, "84": 0.6491935015945167, "85": 0.921999206994456, "95": 0.8773368069598443, "103": 0.8546179968153367, "108": 0.7053250850897668, "126": 0.8720945545738419, "138": 0.7815419290314123, "140": 0.9157957284855488, "141": 0.871345083371611, "143": 0.9180753773976005, "146": 0.6351154778354233, "147": 0.9141130735845608, "148": 0.4885347839899873, "111": 0.7849001521249795, "112": 0.6288473701422195, "113": 0.4661494398513112, "114": 0.7784944724888376, "128": 0.7979756133661735, "136": 0.9252433584349254, "139": 0.8463778409804674, "142": 0.9472676651898911, "102": 0.9865001752117635, "116": 0.8645809088665148, "119": 0.6226519061856078, "121": 0.53361542765685, "122": 0.9711625608873772, "123": 0.19636038889005966, "124": 0.9710685701243187, "104": 0.8020169379540742, "107": 0.5294447108015252, "134": 0.5525818942829822, "100": 0.9449277469107293, "101": 0.6315999247181018, "129": 0.9488360901438864, "130": 0.7782912029730289, "105": 0.7144178282369993, "110": 0.5638555862947048, "118": 0.6919477357832404, "125": 0.8756754309304606, "144": 0.5905357269786584, "109": 0.5483982320747937, "127": 0.2747143822881904, "132": 0.8496709861973555, "115": 0.8316076253923786, "137": 0.9687175705183642, "106": 0.3532938509873891, "135": 0.8261204300060645, "120": 0.9592332369017739, "131": 0.8720945545738419, "117": 0.5109984598273246, "133": 0.9726470427282614, "145": 0.8585042283484113, "156": 0.9573363750671867, "163": 0.9865001752117635, "179": 0.920017648857659, "184": 0.8213445434803914, "186": 0.9892581571897634, "178": 0.9949767420272078, "181": 0.8213445434803914, "182": 0.8978997239936704, "183": 0.9865001752117635, "193": 0.8983851212872435, "158": 0.9713595535558777, "165": 0.8688965644538921, "166": 0.8830833783478265, "168": 0.981232131685918, "190": 0.8533643694982009, "196": 0.9140329995531735, "164": 0.9865001752117635, "169": 0.9573363750671867, "174": 0.9988882682104072, "185": 0.3885201854651707, "157": 0.9983737266052923, "173": 0.9865001752117635, "192": 0.9472676651898911, "151": 0.9830954797357201, "180": 0.9074541861500449, "159": 0.9949767420272078, "161": 0.9140329995531735, "162": 0.8794961698328488, "170": 0.981232131685918, "172": 0.9983737266052923, "177": 0.9709483288034012, "187": 0.9335934621781633, "194": 0.8446352867590317, "198": 0.9687175705183642, "150": 0.7787939383162538, "188": 0.9672702438730358, "197": 0.9983737266052923, "153": 0.8446352867590317, "189": 0.23032766890594292, "195": 0.9472676651898911, "154": 0.8463778409804674, "191": 0.9140329995531735, "171": -0.0475896289864841, "212": 0.9865001752117635, "228": 0.9000543078507882, "230": 0.9687175705183642, "210": 0.8980219409923789, "246": 0.8720945545738419, "248": 0.9335934621781633, "202": 0.9091726585479631, "236": 0.614315707939549, "206": 0.7955272601359307, "221": 0.9949767420272078, "231": 0.9667771893756375, "232": 0.14449678458109552, "244": 0.5830765794498906, "224": 0.9477068043036703, "225": 0.9006714259588862, "241": 0.9865001752117635, "242": 0.7002029063388291, "226": 0.9090796779337953, "229": 0.7818255438676718, "249": 0.8311229959955457, "214": 0.8720945545738419, "220": -0.14932931480824793, "222": 0.9988882682104072, "209": 0.9901079757944491, "227": 0.9713595535558777, "200": 0.9901079757944491, "286": 0.9013207959089523, "282": 0.7955272601359307, "259": 0.9006714259588862, "252": 0.8311229959955457, "274": 0.8794961698328488, "279": 0.8311229959955457, "149": 0.9559398348927166, "294": 0.8794961698328488, "254": 0.6526061874683491, "264": 0.9648177708588577, "256": 0.9988882682104072, "261": 0.9453520912576178, "167": 0.8311229959955457, "155": 0.3690962936014758, "152": 0.6082976936329352, "312": 0.523868503082112, "314": 0.9573363750671867, "160": 0.9983737266052923, "366": 0.9884989516004242}