{"0": -0.0947404194997906, "1": 0.8809396244696035, "2": 0.5198685220641122, "3": 0.008933585226377671, "4": 0.707708886299415, "5": 0.7036495585102586, "6": 0.23032766890594292, "7": 0.8937292646683588, "8": 0.6260072594908512, "9": 0.8192778384406973, "10": 0.5968611232684455, "11": 0.8192778384406973, "12": 0.7128054437693416, "13": 0.7716108712645868, "14": 0.9573146345238671, "15": 0.6487520872752499, "16": 0.8720977720763801, "17": 0.8444621505000198, "18": 0.9983737266052923, "19": 0.6236955654053149, "20": -0.1752464829013728, "21": 0.9217586009312606, "22": 0.8016408203693159, "23": 0.48113657271127597, "24": 0.24399981448481795, "25": 0.9275127850095358, "26": 0.9901079757944491, "27": 0.5247123185998133, "28": 0.8646846833957632, "29": 0.9711625608873772, "30": 0.6685812721607511, "31": 0.763170073977818, "32": 0.9711625608873772, "33": 0.8545885282580425, "34": 0.11661037297160878, "35": 0.6526061874683491, "36": 0.901748777249892, "37": 0.3704862501212974, "38": 0.8311229959955457, "40": 0.8727104168106703, "41": 0.9432447077790973, "43": 0.6258554352216742, "44": 0.0788222912445069, "45": 0.901748777249892, "46": 0.9129039455580766, "47": 0.8333468763597425, "48": 0.9865001752117635, "49": 0.3014277915473468, "50": 0.8663412539970857, "51": 0.9949767420272078, "52": 0.9141130735845608, "59": 0.921999206994456, "61": 0.37841538486259707, "62": 0.8463778409804674, "64": 0.9865001752117635, "66": 0.9141130735845608, "70": 0.9315684879650371, "71": 0.5571774282145698, "72": 0.9093223456592029, "73": 0.9114128703941509, "76": 0.7425417598060612, "77": 0.8128551965592921, "78": 0.9472676651898911, "81": 0.7010120954522201, "89": 0.8756754309304606, "92": 0.9687175705183642, "93": 0.839959919104204, "94": 0.9335934621781633, "96": 0.5120501550986825, "98": 0.9335934621781633, "99": 0.832860782860757, "39": 0.7075546733458378, "42": 0.27588447550323913, "55": 0.7999711046129251, "56": 0.981232131685918, "57": 0.839959919104204, "58": -0.2533528214200177, "60": 0.8216912714609571, "63": 0.07452505849146097, "65": 0.757604564146452, "69": 0.6841842060168638, "74": 0.9476023808238805, "79": 0.9488360901438864, "83": 0.8756754309304606, "86": 0.6082976936329352, "91": 0.7010120954522201, "80": 0.7637396974633953, "82": 0.921999206994456, "87": 0.684961249623832, "88": 0.9340071081722181, "90": 0.48607992823877844, "97": 0.8331087363663148, "53": 0.9096911896636037, "54": 0.7849634154001839, "67": 0.5292378121730696, "68": 0.6196188954656859, "75": 0.9700371969819471, "84": 0.9476023808238805, "85": 0.9129039455580766, "95": 0.8331087363663148, "103": 0.8261204300060645, "108": 0.8318281728909652, "126": 0.9700371969819471, "138": -0.27496486801528375, "140": 0.8794961698328488, "141": 0.9754846259278245, "143": 0.832860782860757, "146": 0.6487520872752499, "147": 0.9709483288034012, "148": 0.5483982320747937, "111": 0.9087508783739897, "112": 0.20719309844180892, "113": 0.7229534570939476, "114": 0.8720945545738419, "128": 0.6723491595009656, "136": 0.6196188954656859, "139": 0.8655817455287372, "142": 0.5320489077677621, "102": 0.9068431250642413, "116": 0.8366841729045951, "119": 0.7010120954522201, "121": 0.9713595535558777, "122": 0.5294447108015252, "123": 0.8292426892435174, "124": 0.26799195653254043, "104": 0.6196188954656859, "107": -0.03156587147432149, "134": 0.9771451713702621, "100": 0.8867671675853371, "101": 0.9754846259278245, "129": 0.5905357269786584, "130": 0.757604564146452, "105": 0.8737673884645086, "110": 0.8113985520796767, "118": 0.5656239013279367, "125": 0.6686109149132414, "144": 0.980133147923703, "109": 0.7629575778936948, "127": 0.48439430641901293, "132": 0.9713595535558777, "115": 0.8688965644538921, "137": 0.9472676651898911, "106": 0.799615023321244, "135": 0.9687175705183642, "120": 0.7449588556572684, "131": 0.7116043175588809, "117": 0.5120501550986825, "133": 0.9006714259588862, "145": 0.967905757640733, "156": 0.8292426892435174, "163": 0.14389750736612367, "179": 0.9013207959089523, "184": 0.5920931757809508, "186": 0.8546179968153367, "178": 0.8292426892435174, "181": 0.981232131685918, "182": 0.778013293012892, "183": 0.9239777041182415, "193": 0.7669301099235952, "158": 0.6757514758563474, "165": 0.9129039455580766, "166": 0.9988882682104072, "168": 0.8044243546166845, "190": 0.8249613834950777, "196": 0.6793597297003892, "164": 0.8027138195874133, "169": 0.8398150627193783, "174": 0.8601391183990965, "185": 0.8746157888542179, "157": 0.9141130735845608, "173": 0.5514970680674418, "192": 0.978789337755493, "151": 0.9488360901438864, "180": 0.9687175705183642, "159": 0.8133811288603457, "161": 0.3706714316151726, "162": 0.2830268622747144, "170": 0.8861672337679616, "172": 0.43550405304087314, "177": 0.684961249623832, "187": 0.922744768583531, "194": 0.5294447108015252, "198": 0.9488360901438864, "150": 0.6739808271819189, "188": 0.3926925160356013, "197": 0.9019858038855033, "153": 0.7407872295122774, "189": 0.6774506021333373, "195": 0.8062843276951492, "154": 0.9145322830238507, "191": 0.935087924335195, "171": 0.7971639817061996, "212": 0.9865001752117635, "228": 0.9000543078507882, "230": 0.9687175705183642, "210": 0.8980219409923789, "246": 0.8720945545738419, "248": 0.9335934621781633, "202": 0.9091726585479631, "236": 0.614315707939549, "206": 0.7955272601359307, "221": 0.9949767420272078, "231": 0.9667771893756375, "232": 0.14449678458109552, "244": 0.5830765794498906, "224": 0.9477068043036703, "225": 0.9006714259588862, "241": 0.9865001752117635, "242": 0.7002029063388291, "226": 0.9090796779337953, "229": 0.7818255438676718, "249": 0.8311229959955457, "214": 0.8720945545738419, "220": -0.14932931480824793, "222": 0.9988882682104072, "209": 0.9901079757944491, "227": 0.9713595535558777, "200": 0.9901079757944491, "286": 0.9013207959089523, "282": 0.7955272601359307, "259": 0.9006714259588862, "252": 0.8311229959955457, "274": 0.8794961698328488, "279": 0.8311229959955457, "149": 0.000722957805710489, "294": 0.8794961698328488, "254": 0.6526061874683491, "264": 0.9648177708588577, "256": 0.9988882682104072, "261": 0.9453520912576178, "167": 0.9114128703941509, "155": 0.61468006592553, "152": 0.7783771775052716, "312": 0.523868503082112, "314": 0.9573363750671867, "160": 0.525027673004182, "366": 0.9884989516004242, "175": 0.8463778409804674, "176": 0.8261204300060645, "199": 0.980133147923703}