{"0": 0.9259351976497951, "1": 0.9472676651898911, "2": 0.9013207959089523, "3": 0.8345696413080547, "4": 0.5560960332074883, "5": 0.5808446707006777, "6": 0.8192778384406973, "7": 0.9713595535558777, "8": 0.9949767420272078, "9": 0.5894869790125996, "10": 0.7253754747734686, "11": 0.8720945545738419, "12": 0.19400061170167474, "13": 0.8555364444457623, "14": 0.9830954797357201, "15": 0.9395006754717649, "16": 0.6988427614379447, "17": 0.8942472192073345, "18": 0.9472676651898911, "19": 0.9865001752117635, "20": 0.9217586009312606, "21": 0.733402937629024, "22": 0.8295098584140064, "23": 0.9490615228462083, "24": 0.9021221516449848, "25": 0.9642811283825925, "26": 0.7600663717637399, "27": 0.9217586009312606, "28": 0.8066805029479174, "29": 0.9865001752117635, "30": 0.7437328602714011, "31": 0.8480974863077997, "32": 0.9865001752117635, "33": 0.5553229392580852, "34": 0.6258899032273295, "35": 0.8261204300060645, "36": 0.1975043325266742, "37": 0.8809396244696035, "38": 0.939972389658009, "40": 0.8446352867590317, "41": 0.8978997239936704, "43": 0.8213445434803914, "44": 0.566542751732656, "45": 0.6842171575326432, "46": 0.4411566724451794, "47": 0.9711625608873772, "48": 0.832860782860757, "49": 0.8316076253923786, "50": 0.843733662634768, "51": 0.5980084337551699, "52": 0.887165389288749, "59": 0.857209295739242, "61": 0.8697134878509117, "62": 0.4830311878373708, "64": 0.6964668498674011, "66": 0.3321389273946973, "70": 0.7466890867450248, "71": 0.9983737266052923, "72": 0.4409332562501549, "73": 0.9586919378087284, "76": 0.13427834754490484, "77": 0.9129039455580766, "78": 0.9472676651898911, "81": 0.9769249143605937, "89": 0.9335934621781633, "92": 0.9286455651739627, "93": 0.48607992823877844, "94": 0.9771451713702621, "96": 0.9304763003992487, "98": 0.9687175705183642, "99": 0.750448427818833, "39": 0.9573363750671867, "42": 0.5346984354193256, "55": 0.9592332369017739, "56": 0.9949767420272078, "57": 0.49241561886366936, "58": 0.9061104814689838, "60": 0.8311229959955457, "63": 0.9784727753093396, "65": 0.7466890867450248, "69": 0.9177778432333028, "74": 0.25146295316959444, "79": 0.857209295739242, "83": 0.7010120954522201, "86": 0.8756754309304606, "91": 0.9983737266052923, "80": 0.9090796779337953, "82": 0.8959506830135902, "87": 0.9884989516004242, "88": 0.9019858038855033, "90": 0.9713595535558777, "97": 0.8060474861071133, "53": 0.9567829039574652, "68": 0.5906854330510226, "84": 0.981232131685918, "85": 0.981232131685918, "75": 0.7669301099235952, "54": 0.5489178660760383, "67": 0.9006714259588862, "95": 0.9983737266052923, "103": 0.9687175705183642, "108": 0.9477068043036703, "126": 0.6059903718554975, "138": 0.26799195653254043, "140": 0.981232131685918, "141": 0.9449277469107293, "143": 0.9573363750671867, "146": 0.6196188954656859, "147": 0.7782912029730289, "148": 0.8830833783478265, "111": 0.8720945545738419, "112": 0.6082976936329352, "113": 0.8720945545738419, "114": 0.9559398348927166, "128": 0.7491408731883944, "136": 0.9129039455580766, "139": 0.9140329995531735, "142": 0.14644603093131614, "102": 0.8655817455287372, "116": 0.14644603093131614, "119": 0.8261204300060645, "121": 0.8697134878509117, "122": 0.9691939465332382, "123": 0.9370260754986792, "124": 0.9216100146884108, "104": 0.9129039455580766, "107": 0.981232131685918, "134": 0.9013207959089523, "100": 0.9488360901438864, "101": 0.9335934621781633, "129": 0.6413911019625415, "130": 0.26329259385261056, "105": 0.9777812587919528, "110": -0.2533528214200177, "118": 0.664259695461678, "125": 0.9061104814689838, "144": 0.8720945545738419, "109": 0.9713595535558777, "127": 0.7010120954522201, "132": 0.6137183794469678, "115": 0.48607992823877844, "137": 0.5008711290557287, "106": 0.491995222637351, "135": 0.42505355784011345, "120": 0.7010120954522201, "131": 0.9713595535558777, "117": 0.8655817455287372, "133": 0.8946286244119788, "145": 0.9335934621781633, "156": 0.9453520912576178, "163": 0.1975043325266742, "179": 0.8688965644538921, "184": 0.5913452005762347, "186": 0.9901079757944491, "178": 0.9140329995531735, "181": 0.9988882682104072, "182": 0.4269452430459335, "183": 0.7669301099235952, "193": 0.8799328852451433, "158": 0.7782912029730289, "165": 0.8720945545738419, "166": 0.8830833783478265, "168": 0.5071952261701613, "190": 0.9335934621781633, "196": 0.866535739942897, "164": 0.8720945545738419, "169": 0.5941437583531144, "174": 0.1975043325266742, "185": 0.5230044591358521, "157": 0.8697209640629799, "173": 0.8463778409804674, "192": 0.9884989516004242, "151": 0.9472676651898911, "180": 0.9830954797357201, "159": 0.3431187303073333, "161": 0.8070834178164799, "162": 0.8956930581605103, "170": 0.7823088615005145, "172": 0.47066488472412527, "177": 0.8980219409923789, "187": 0.5372819131295028, "194": 0.9687175705183642, "198": 0.8912663949925073, "150": 0.5120501550986825, "188": 0.9090796779337953, "197": 0.5090991786701287, "153": 0.7449588556572684, "189": 0.9425128577246487, "195": 0.8670503769609645, "154": 0.1838621533899384, "191": 0.9884989516004242, "171": 0.9988882682104072, "212": 0.6082976936329352, "228": 0.5808446707006777, "230": -0.026940629455782773, "210": 0.9282092094984904, "246": 0.9072721105355721, "248": 0.7451525819373325, "202": 0.941544463957757, "236": 0.609225864488296, "206": 0.9884989516004242, "221": 0.9391800928814085, "231": 0.9140329995531735, "232": 0.9000543078507882, "244": 0.8995238736482618, "224": 0.5172920858213403, "225": 0.4865376241939008, "241": 0.44098115763402845, "242": 0.9140329995531735, "226": 0.978789337755493, "229": 0.7849001521249795, "249": 0.48377266320223156, "214": 0.8164440519992329, "220": 0.8830833783478265, "222": 0.19712452894342494, "209": 0.8352441535944656, "227": 0.9988882682104072, "200": 0.9710685701243187, "286": 0.832860782860757, "282": 0.9335934621781633, "259": 0.24128927881658857, "252": 0.8613022518530968, "274": 0.47019651633395976, "279": 0.9140329995531735, "149": 0.9366755439742833, "294": 0.9691939465332382, "254": 0.9304763003992487, "264": 0.9016627608838315, "256": 0.5808446707006777, "261": 0.9830954797357201, "167": 0.8261204300060645, "155": 0.8213445434803914, "152": 0.9090796779337953, "312": 0.523868503082112, "314": 0.9573363750671867, "160": 0.2011426332164294, "366": 0.9884989516004242, "176": 0.9830954797357201, "199": 0.9672145785527155, "175": 0.9576444674854349, "208": 0.831285201806796, "217": -0.27496486801528375, "243": 0.8537599583759073, "245": 0.6133047155306988, "201": 0.7010120954522201, "207": 0.9830954797357201, "235": 0.6284436739232024, "211": -0.4106204816379031, "240": 0.9140329995531735, "247": 0.11245997999190274, "213": 0.5808446707006777, "223": 0.5901868528829355, "234": 0.07194598186281233, "239": 0.6284436739232024, "216": 0.9830954797357201, "238": 0.9217455898854673, "204": 0.9140329995531735, "215": 0.6221959113137245, "205": 0.7787939383162538, "219": 0.980133147923703, "237": 0.7122636184977501, "203": 0.4865376241939008, "218": 0.980133147923703, "257": 0.5659285638320148, "281": 0.9576792667987334, "285": 0.9453520912576178, "290": -0.27496486801528375, "250": 0.5520770790786272, "268": 0.8338039374787547, "273": -0.27496486801528375, "278": 0.8443727045078806, "291": 0.9907737289176031, "298": 0.26350603602612926, "269": 0.7807773054616817, "283": 0.9477068043036703, "296": 0.3096375798953373, "297": 0.6487191447383625, "255": 0.8974691924436693, "263": 0.34437847063398264, "276": 0.9007335708197761, "295": 0.6335425290632055, "266": 0.9642811283825925, "251": 0.8188773417294917, "271": 0.4543517618316325, "253": 0.9237997359653143, "275": 0.9213548555104247, "272": 0.9691939465332382, "287": 0.48771932999233114, "262": 0.8615555957814991, "265": 0.718286056213555, "277": 0.519285756464138, "233": 0.9830954797357201, "293": 0.9114644625959997, "270": 0.9090796779337953, "258": 0.9710685701243187, "289": -0.010586685867360663, "292": 0.7222407775572902, "260": 0.9403846533518059, "267": 0.8922760164158616, "299": 0.7669301099235952,