{"0": 0.981232131685918, "1": 0.9237997359653143, "2": 0.8771810848218768, "3": 0.9213548555104247, "4": 0.6313862700783235, "5": 0.9314833740175863, "6": 0.2509832456547018, "7": 0.6258554633767097, "8": 0.8824221199629612, "9": 0.9592332369017739, "10": 0.4510201368448544, "11": 0.932001340188775, "12": 0.6958226520547486, "13": 0.7169325205302683, "14": 0.7511546166812364, "15": 0.9949767420272078, "16": 0.40010138333929524, "17": 0.9709483288034012, "18": 0.6046612580989115, "19": 0.6000432700056655, "20": 0.9830954797357201, "21": 0.8188763159117212, "22": 0.6180516645836457, "23": 0.6061367038825813, "24": 0.9865001752117635, "25": 0.9949767420272078, "26": 0.6356576000086103, "27": 0.7158316922876482, "28": 0.8188763159117212, "29": 0.9949767420272078, "30": 0.9949767420272078, "31": 0.708132126923392, "32": 0.9865001752117635, "33": 0.7010120954522201, "34": 0.9316966264562736, "35": 0.6252474100125827, "36": 0.42339415305034134, "37": 0.853182746358577, "38": 0.6821030813261982, "40": 0.967905757640733, "41": 0.8232716540566754, "43": 0.9013207959089523, "44": 0.7145690992262819, "45": 0.9691939465332382, "46": 0.9592332369017739, "47": 0.967905757640733, "48": 0.9654374707004462, "49": 0.8213445434803914, "50": 0.6061367038825813, "51": 0.5917212489562487, "52": 0.8809396244696035, "59": 0.705955880689394, "61": 0.7437328602714011, "62": 0.757604564146452, "64": 0.881875322540995, "66": 0.8188763159117212, "70": 0.8213445434803914, "71": 0.778013293012892, "72": 0.8366841729045951, "73": 0.7748112759279444, "76": 0.981232131685918, "77": 0.6390810215853723, "78": 0.9335934621781633, "81": 0.9983737266052923, "89": 0.1975043325266742, "92": -0.03156587147432149, "93": 0.40385012601046444, "94": 0.6082976936329352, "96": 0.7818255438676718, "98": 0.8128551965592921, "99": 0.5358827365043197, "39": 0.9983737266052923, "42": 0.828507570283525, "55": 0.8995238736482618, "56": 0.9865001752117635, "57": 0.9472676651898911, "58": 0.7016430386802859, "60": 0.9983737266052923, "63": 0.6999991717466785, "65": 0.9765485267282645, "69": 0.981232131685918, "74": 0.8070834178164799, "79": 0.978789337755493, "83": 0.9403846533518059, "86": 0.5581948937908527, "91": 0.9096911896636037, "80": 0.6306734390010811, "82": 0.607632134666684, "87": 0.9476023808238805, "88": 0.7588971848174093, "90": 0.8720945545738419, "97": 0.8292426892435174, "53": 0.31151445700115776, "68": 0.9983737266052923, "84": 0.9022856669750476, "85": 0.7723550713067353, "75": 0.9006714259588862, "54": 0.1478250271940076, "67": 0.9865001752117635, "95": 0.9488360901438864, "103": 0.981232131685918, "108": 0.6082976936329352, "126": 0.93691907860927, "138": 0.9830954797357201, "140": 0.832860782860757, "141": 0.8720945545738419, "143": 0.9006714259588862, "146": 0.981232131685918, "147": 0.8316076253923786, "148": 0.3702217257773508, "111": 0.9687175705183642, "112": 0.8384519689542054, "113": 0.8830833783478265, "114": 0.9488360901438864, "128": 0.826978145742863, "136": 0.9687175705183642, "139": 0.9304763003992487, "142": 0.9700371969819471, "102": 0.9988882682104072, "116": 0.5611022967235983, "119": -0.27496486801528375, "121": 0.5220569662425524, "122": 0.5808446707006777, "123": 0.8316076253923786, "124": 0.9771451713702621, "104": 0.8953599538075763, "107": 0.9713595535558777, "134": 0.8860123134002156, "100": 0.31689609869338903, "101": 0.949197368722514, "129": 0.8513347527719635, "130": 0.8872428903130216, "105": 0.9488360901438864, "110": 0.5905357269786584, "118": 0.8366841729045951, "125": 0.9180753773976005, "144": 0.9830954797357201, "109": 0.769978933230921, "127": 0.8756754309304606, "132": 0.8998062392572328, "115": 0.34384838052099814, "137": 0.4511331284230483, "106": 0.7010120954522201, "135": 0.6284436739232024, "120": 0.8316076253923786, "131": 0.8650225725476519, "117": 0.8830833783478265, "133": 0.9488360901438864, "145": 0.8830833783478265, "156": 0.7130109798835393, "163": 0.8312752892901987, "179": 0.9081377569162026, "184": 0.9304763003992487, "186": 0.5099200401850535, "178": 0.9140329995531735, "181": 0.4292082074465166, "182": 0.9652197466936353, "183": 0.9687175705183642, "193": 0.7782912029730289, "158": 0.8282394478824568, "165": 0.8463778409804674, "166": 0.9090796779337953, "168": 0.6381460889283319, "190": 0.9090796779337953, "196": 0.7010120954522201, "164": 0.8711994502463034, "169": 0.9019858038855033, "174": 0.8737673884645086, "185": 0.9141130735845608, "157": 0.657525869929417, "173": 0.8720945545738419, "192": 0.7787939383162538, "151": 0.9304763003992487, "180": 0.9884989516004242, "159": 0.7782912029730289, "161": 0.9713595535558777, "162": 0.8311229959955457, "170": 0.8720945545738419, "172": 0.658986350624343, "177": 0.8261204300060645, "187": 0.9140329995531735, "194": 0.9587780833337113, "198": 0.9141130735845608, "150": 0.9006714259588862, "188": 0.607632134666684, "197": 0.8989680666907127, "153": 0.9449277469107293, "189": 0.9642811283825925, "195": 0.9415328181544287, "154": 0.1838621533899384, "191": 0.7610858963837368, "171": 0.8615555957814991, "212": 0.4218308046635722, "228": 0.5599470002327123, "230": 0.875628989642719, "210": 0.9140329995531735, "246": 0.9217455898854673, "248": 0.7168071503936716, "202": 0.7855103889606665, "236": 0.7744749744302012, "206": 0.8830833783478265, "221": 0.851365899104036, "231": 0.8188773417294917, "232": 0.9300887168309432, "244": 0.42949368802484167, "224": 0.9141130735845608, "225": 0.9097043845728758, "241": 0.7466890867450248, "242": 0.8188773417294917, "226": 0.9472676651898911, "229": 0.9516956831276682, "249": 0.9140329995531735, "214": 0.5853134452823323, "220": 0.9090796779337953, "222": 0.8213445434803914, "209": 0.7093816825109669, "227": 0.9576792667987334, "200": 0.9335934621781633, "286": 0.9013207959089523, "282": 0.9314833740175863, "259": 0.832860782860757, "252": 0.9830954797357201, "274": 0.9140329995531735, "279": 0.8311229959955457, "149": 0.9884989516004242, "294": 0.8794961698328488, "254": 0.48543551194910384, "264": 0.9648177708588577, "256": 0.8980219409923789, "261": 0.9453520912576178, "167": 0.8601391183990965, "155": 0.8830833783478265, "152": 0.7002029063388291, "312": 0.523868503082112, "314": 0.9573363750671867, "160": 0.607632134666684, "366": 0.9884989516004242, "175": 0.7245788707859357, "199": 0.949197368722514, "176": 0.8805558672433613, "211": 0.9573363750671867, "223": 0.8615555957814991, "234": 0.5720238556174683, "247": 0.9884989516004242, "208": 0.3431187303073333, "237": 0.12630378245484197, "235": 0.8711994502463034, "205": 0.5808446707006777, "233": 0.9477068043036703, "243": 0.9642811283825925, "204": -0.27496486801528375, "238": 0.7101960089345128, "201": 0.8830833783478265, "215": 0.382522580810992, "217": 0.9626765078662243, "216": 0.1975043325266742, "245": 0.942923417458683, "203": 0.7010120954522201, "207": 0.8703516266290993, "218": 0.3288380754660751, "219": 0.6487111246053656, "240": 0.9884989516004242, "239": 0.9456500726951311, "251": 0.9192976330989, "262": 0.9432447077790973, "278": 0.9406780617540247, "284": 0.25962587460702247, "291": 0.7862921683106591, "295": 0.9559398348927166, "213": 0.5659285638320148, "267": 0.6082976936329352, "268": 0.5679754239264299, "272": 0.5808446707006777, "298": 0.5808446707006777, "253": 0.9090796779337953, "266": 0.9713595535558777, "281": 0.9468306201969393, "293": 0.359290823181459, "250": 0.7390305774385937, "257": 0.5309768330984235, "287": 0.8229380206418369, "297": 0.8711994502463034, "275": 0.9252433584349254, "299": 0.7423997049689197, "270": 0.9140329995531735, "288": 0.9573363750671867}