{"0": 0.8756754309304606, "1": 0.6085559877840117, "2": 0.660673913766087, "3": 0.8542667156511321, "4": 0.36806161337201504, "5": 0.8331087363663148, "6": 0.5896092488634156, "7": 0.25917053223486763, "8": 0.7933356502289579, "9": 0.13167049757728638, "10": 0.9093223456592029, "11": 0.9093223456592029, "12": 0.869170515593214, "13": 0.757604564146452, "14": 0.863768341471901, "15": 0.9315684879650371, "16": 0.7232766754355233, "17": 0.5531728460311762, "18": 0.8475814908605418, "19": 0.48113657271127597, "20": 0.980133147923703, "21": 0.6653534822950975, "22": 0.9704814302099272, "23": 0.26136390952185357, "24": 0.8192778384406973, "25": 0.6491935015945167, "26": 0.24399981448481795, "27": 0.9217586009312606, "28": 0.5246136140799351, "29": 0.9711625608873772, "30": 0.5443430367161408, "31": 0.757604564146452, "32": 0.8016408203693159, "33": 0.749850712666641, "34": 0.9949767420272078, "35": 0.7774095451524285, "36": 0.5198685220641122, "37": 0.6845028040895658, "38": 0.8727104168106703, "40": 0.8216912714609571, "41": 0.32893364296232114, "43": 0.8333468763597425, "44": 0.8720945545738419, "45": 0.2667876912297211, "46": 0.6733559840239098, "47": 0.9021221516449848, "48": 0.2576813905059312, "49": 0.6685812721607511, "50": 0.8938772884269843, "51": 0.6526061874683491, "52": 0.8333468763597425, "59": 0.8463778409804674, "61": 0.9141130735845608, "62": 0.8974755961461934, "64": 0.5948871305522241, "66": 0.6685812721607511, "70": 0.7331552650568469, "71": 0.9476023808238805, "72": 0.23032766890594292, "73": 0.8843497809749714, "76": 0.7144217109511222, "77": 0.7634150330236524, "78": 0.44260974064371894, "81": 0.9140329995531735, "89": 0.8697134878509117, "92": 0.9432447077790973, "93": 0.8331087363663148, "94": 0.981232131685918, "96": 0.839959919104204, "98": 0.9114128703941509, "99": 0.8126874765373676, "39": 0.9021221516449848, "42": 0.9983737266052923, "55": 0.9865001752117635, "56": 0.8646846833957632, "57": 0.7128054437693416, "58": 0.8128551965592921, "60": 0.691751106621022, "63": 0.8444621505000198, "65": 0.8809396244696035, "69": 0.6821030813261982, "74": 0.7221307275584754, "79": 0.5590755786185421, "83": 0.8566543753557061, "86": 0.9700371969819471, "91": 0.34384838052099814, "80": 0.8720945545738419, "82": 0.7425417598060612, "87": 0.9488360901438864, "88": 0.7010120954522201, "90": 0.34925759347273605, "97": 0.9472676651898911, "53": 0.9983737266052923, "68": 0.32084236499177765, "84": 0.799615023321244, "85": 0.7622455899458798, "75": 0.7075546733458378, "54": 0.921999206994456, "67": 0.9711625608873772, "95": 0.9700371969819471, "103": -0.0947404194997906, "108": 0.5120501550986825, "126": 0.9777812587919528, "138": 0.832860782860757, "140": 0.18168131915734786, "141": 0.16110166512763208, "143": 0.9204330867250647, "146": 0.601262043035328, "147": 0.7224614597509658, "148": 0.7669301099235952, "111": 0.8377180469580459, "112": 0.9129039455580766, "113": 0.5245946815183198, "114": 0.832860782860757, "128": 0.9754846259278245, "136": 0.6082976936329352, "139": 0.7466890867450248, "142": 0.9275979296429275, "102": 0.684961249623832, "116": 0.9573146345238671, "119": 0.9754846259278245, "121": 0.684961249623832, "122": 0.8581659739125456, "123": 0.9713595535558777, "124": 0.9275979296429275, "104": 0.9096911896636037, "107": 0.9476023808238805, "134": 0.7782912029730289, "100": 0.9298097197394065, "101": 0.9335934621781633, "129": 0.8271072745261993, "130": 0.8128551965592921, "105": 0.8646846833957632, "110": 0.1160917766672106, "118": 0.6196188954656859, "125": 0.716356944202799, "144": 0.9713595535558777, "109": 0.6196188954656859, "127": 0.16903300381315559, "132": 0.7010120954522201, "115": 0.20719309844180892, "137": 0.8655817455287372, "106": 0.8188900965732564, "135": 0.5320489077677621, "120": 0.8756754309304606, "131": 0.9129039455580766, "117": 0.5335887385941153, "133": 0.980133147923703, "145": 0.6196188954656859, "156": 0.9573363750671867, "163": 0.9865001752117635, "179": 0.920017648857659, "184": 0.8213445434803914, "186": 0.9892581571897634, "178": 0.9949767420272078, "181": 0.8213445434803914, "182": 0.8978997239936704, "183": 0.9865001752117635, "193": 0.8983851212872435, "158": 0.9713595535558777, "165": 0.8688965644538921, "166": 0.8830833783478265, "168": 0.981232131685918, "190": 0.8533643694982009, "196": 0.9140329995531735, "164": 0.9865001752117635, "169": 0.9573363750671867, "174": 0.9988882682104072, "185": 0.3885201854651707, "157": 0.9983737266052923, "173": 0.9865001752117635, "192": 0.9472676651898911, "151": 0.9830954797357201, "180": 0.9074541861500449, "159": 0.9949767420272078, "161": 0.9140329995531735, "162": 0.8794961698328488, "170": 0.981232131685918, "172": 0.9983737266052923, "177": 0.9709483288034012, "187": 0.9335934621781633, "194": 0.8446352867590317, "198": 0.9687175705183642, "150": 0.7787939383162538, "188": 0.9672702438730358, "197": 0.9983737266052923, "153": 0.8446352867590317, "189": 0.23032766890594292, "195": 0.9472676651898911, "154": 0.8463778409804674, "191": 0.9140329995531735, "171": -0.0475896289864841, "212": 0.9865001752117635, "228": 0.9000543078507882, "230": 0.9687175705183642, "210": 0.8980219409923789, "246": 0.8720945545738419, "248": 0.9335934621781633, "202": 0.9091726585479631, "236": 0.614315707939549, "206": 0.7955272601359307, "221": 0.9949767420272078, "231": 0.9667771893756375, "232": 0.14449678458109552, "244": 0.5830765794498906, "224": 0.9477068043036703, "225": 0.9006714259588862, "241": 0.9865001752117635, "242": 0.7002029063388291, "226": 0.9090796779337953, "229": 0.7818255438676718, "249": 0.8311229959955457, "214": 0.8720945545738419, "220": -0.14932931480824793, "222": 0.9988882682104072, "209": 0.9901079757944491, "227": 0.9713595535558777, "200": 0.9901079757944491, "286": 0.9013207959089523, "282": 0.7955272601359307, "259": 0.9006714259588862, "252": 0.8311229959955457, "274": 0.8794961698328488, "279": 0.8311229959955457, "149": 0.45259029916408794, "294": 0.8794961698328488, "254": 0.6526061874683491, "264": 0.9648177708588577, "256": 0.9988882682104072, "261": 0.9453520912576178, "167": 0.8311229959955457, "155": 0.3690962936014758, "152": 0.6082976936329352, "312": 0.523868503082112, "314": 0.9573363750671867, "160": 0.9983737266052923, "366": 0.9884989516004242}