{"0": 0.6260072594908512, "1": 0.26136390952185357, "2": 0.2667876912297211, "3": 0.7021984130733375, "4": 0.5968611232684455, "5": 0.660673913766087, "6": 0.5239982504952567, "7": 0.5555654606838931, "8": 0.424062593700137, "9": 0.9021221516449848, "10": 0.6733213007476928, "11": 0.9217586009312606, "12": 0.45867568931371994, "13": 0.27361805570435394, "14": 0.7320375535676165, "15": 0.6340430440545783, "16": 0.46912644829314326, "17": 0.7849634154001839, "18": 0.7561288339028189, "19": 0.7750054133812562, "20": 0.9472676651898911, "21": 0.8475814908605418, "22": 0.5513144173319915, "23": 0.9711625608873772, "24": 0.8444621505000198, "25": 0.8333468763597425, "26": 0.20270924568334603, "27": 0.943959991281367, "28": 0.8128551965592921, "29": 0.0882759782354223, "30": 0.6526061874683491, "31": 0.8937292646683588, "32": 0.9053622125320325, "33": 0.8545885282580425, "34": 0.6685812721607511, "35": 0.6258554352216742, "36": 0.9983737266052923, "37": 0.943959991281367, "38": 0.5316003492649699, "40": 0.7425417598060612, "41": 0.9949767420272078, "43": 0.9118226267696934, "44": 0.09323321998798931, "45": 0.730393459622743, "46": 0.7866875579257706, "47": 0.7637396974633953, "48": 0.9539519567428785, "49": 0.9476023808238805, "50": 0.4311004489841008, "51": 0.6733559840239098, "52": 0.8216912714609571, "59": 0.981232131685918, "61": 0.9488360901438864, "62": 0.9983737266052923, "64": 0.5292378121730696, "66": 0.7864235613444532, "70": 0.9141130735845608, "71": 0.4850785925102088, "72": 0.799615023321244, "73": 0.563536994449088, "76": 0.7010120954522201, "77": 0.6397620421540968, "78": 0.7075546733458378, "81": 0.9335934621781633, "89": 0.34384838052099814, "92": 0.9476023808238805, "93": 0.5320489077677621, "94": 0.8756754309304606, "96": 0.7010120954522201, "98": 0.9754846259278245, "99": 0.000722957805710489, "39": 0.757604564146452, "42": 0.8809396244696035, "55": 0.9949767420272078, "56": 0.48113657271127597, "57": 0.921999206994456, "58": 0.7905656216233836, "60": 0.8646846833957632, "63": 0.6624692207649989, "65": 0.9315684879650371, "69": 0.30817201682038886, "74": 0.8128551965592921, "79": 0.6402017302044994, "83": 0.8756754309304606, "86": 0.6258554352216742, "91": 0.684961249623832, "80": 0.23032766890594292, "82": 0.23032766890594292, "87": 0.18168131915734786, "88": 0.9472676651898911, "90": 0.48607992823877844, "97": 0.8720945545738419, "53": 0.9865001752117635, "68": 0.5685866553822061, "84": 0.9709483288034012, "85": 0.6491935015945167, "75": 0.5220569662425524, "54": 0.9053622125320325, "67": 0.9315684879650371, "95": 0.7950571195827062, "103": 0.9988882682104072, "108": 0.9098698567125048, "126": 0.9750826465612488, "138": 0.9988882682104072, "140": 0.9304763003992487, "141": 0.8903720116851059, "143": 0.1975043325266742, "146": 0.8794961698328488, "147": 0.9750826465612488, "148": 0.9573363750671867, "111": 0.9304763003992487, "112": 0.9335934621781633, "113": 0.920017648857659, "114": 0.9654973448254043, "128": 0.9713595535558777, "136": 0.8794961698328488, "139": 0.9361488673595424, "142": 0.9884989516004242, "102": 0.9072409240804903, "116": 0.9691939465332382, "119": 0.6082976936329352, "121": 0.8794961698328488, "122": 0.8830833783478265, "123": 0.5609849854360007, "124": 0.9865001752117635, "104": 0.7141588583608788, "107": 0.9865001752117635, "134": 0.8830833783478265, "100": 0.9691939465332382, "101": 0.9988882682104072, "129": 0.7365398254287008, "130": 0.9687175705183642, "105": 0.9865001752117635, "110": 0.9988882682104072, "118": 0.9140329995531735, "125": 0.8720945545738419, "144": -0.14932931480824793, "109": 0.6082976936329352, "127": -0.0475896289864841, "132": 0.9006714259588862, "115": 0.8188763159117212, "137": 0.8794961698328488, "106": 0.8720945545738419, "135": 0.9865001752117635, "120": 0.3690962936014758, "131": 0.8775265032524076, "117": 0.9493540059122985, "133": 0.9304763003992487, "145": 0.9509518987775469, "156": 0.9573363750671867, "163": 0.9865001752117635, "179": 0.920017648857659, "184": 0.8213445434803914, "186": 0.9892581571897634, "178": 0.9949767420272078, "181": 0.8213445434803914, "182": 0.8978997239936704, "183": 0.9865001752117635, "193": 0.8983851212872435, "158": 0.9713595535558777, "165": 0.8688965644538921, "166": 0.8830833783478265, "168": 0.981232131685918, "190": 0.8533643694982009, "196": 0.9140329995531735, "164": 0.9865001752117635, "169": 0.9573363750671867, "174": 0.9988882682104072, "185": 0.3885201854651707, "157": 0.9983737266052923, "173": 0.9865001752117635, "192": 0.9472676651898911, "151": 0.9830954797357201, "180": 0.9074541861500449, "159": 0.9949767420272078, "161": 0.9140329995531735, "162": 0.8794961698328488, "170": 0.981232131685918, "172": 0.9983737266052923, "177": 0.9709483288034012, "187": 0.9335934621781633, "194": 0.8446352867590317, "198": 0.9687175705183642, "150": 0.7787939383162538, "188": 0.9672702438730358, "197": 0.9983737266052923, "153": 0.8446352867590317, "189": 0.23032766890594292, "195": 0.9472676651898911, "154": 0.8463778409804674, "191": 0.9140329995531735, "171": -0.0475896289864841, "212": 0.9865001752117635, "228": 0.9000543078507882, "230": 0.9687175705183642, "210": 0.8980219409923789, "246": 0.8720945545738419, "248": 0.9335934621781633, "202": 0.9091726585479631, "236": 0.614315707939549, "206": 0.7955272601359307, "221": 0.9949767420272078, "231": 0.9667771893756375, "232": 0.14449678458109552, "244": 0.5830765794498906, "224": 0.9477068043036703, "225": 0.9006714259588862, "241": 0.9865001752117635, "242": 0.7002029063388291, "226": 0.9090796779337953, "229": 0.7818255438676718, "249": 0.8311229959955457, "214": 0.8720945545738419, "220": -0.14932931480824793, "222": 0.9988882682104072, "209": 0.9901079757944491, "227": 0.9713595535558777, "200": 0.9901079757944491, "286": 0.9013207959089523, "282": 0.7955272601359307, "259": 0.9006714259588862, "252": 0.8311229959955457, "274": 0.8794961698328488, "279": 0.8311229959955457, "149": 0.9559398348927166, "294": 0.8794961698328488, "254": 0.6526061874683491, "264": 0.9648177708588577, "256": 0.9988882682104072, "261": 0.9453520912576178, "167": 0.8311229959955457, "155": 0.3690962936014758, "152": 0.6082976936329352, "312": 0.523868503082112, "314": 0.9573363750671867, "160": 0.9983737266052923, "366": 0.9884989516004242}