{"1": 0.40814530360743795, "2": 0.5244792151317134, "3": 0.9267926291607891, "4": 0.7619980946319385, "5": 0.8371490100418553, "6": 0.4534825620862508, "7": 0.8596952788794296, "8": 0.6918957514955393, "9": 0.6502298341056745, "10": 0.38118191239556176, "11": 0.1061396021127011, "12": 0.6690862897054928, "13": 0.7533631551464579, "16": 0.577735007908366, "17": 0.814126633086709, "18": 0.2809396839926577, "19": 0.6993910017120153, "22": 0.5570221160859135, "23": 0.9709483288034012, "24": -0.47299928278374553, "25": 0.9949767420272078, "26": 0.45116942625994993, "28": 0.8088890005544492, "29": 0.8705389945550446, "34": 0.7149665826704013, "38": 0.5943511330883167, "40": 0.9983737266052923, "43": 0.9865001752117635, "45": 0.7844218474393585, "46": 0.8546179968153367, "49": 0.623397592863144, "50": 0.15087777541074793, "51": 0.5358827365043197, "52": 0.6678748170779468, "54": 0.5231734008589495, "59": 0.4682491392015586, "61": 0.2190367095274019, "69": 0.7116043175588809, "71": 0.8743034803525781, "73": 0.493214680738536, "75": 0.8830833783478265, "76": 0.6662383148548445, "77": -0.12434774437793022, "78": 0.8846827137153999, "79": 0.9239777041182415, "80": 0.6260072594908512, "81": 0.981232131685918, "82": 0.6852443605191594, "84": 0.9195150489427821, "85": 0.789696206359168, "88": 0.8362979100437096, "94": 0.6478383279301759}