{"0": 0.5719236507294853, "1": 0.7796104119028057, "2": 0.8910177617945494, "3": 0.7752394654253845, "4": 0.3696440618053626, "5": 0.9140329995531735, "6": 0.12249633937071452, "7": 0.9409180973655387, "8": 0.733402937629024, "9": 0.6109835480548984, "10": 0.751198997598729, "11": 0.832860782860757, "12": 0.5478563086809856, "13": 0.3561732698760603, "14": 0.9709483288034012, "15": 0.586232653074211, "16": 0.6977848988935161, "17": 0.6774506021333373, "18": 0.47231226306597107, "19": 0.7336565076444184, "20": 0.5623881116862823, "21": 0.4044400407367794, "22": 0.1608901567845835, "23": 0.5639967673076488, "24": 0.217377347936606, "25": 0.6772695254885894, "26": 0.7478449727913714, "27": 0.3637049733672413, "28": 0.8921792184433653, "29": 0.727368749134322, "30": 0.9217586009312606, "31": 0.7831581017980025, "32": 0.8216912714609571, "33": 0.8080373896898151, "34": 0.9420883591387001, "35": 0.9442464244826696, "36": 0.9672364309982049, "37": 0.9160257515367474, "38": 0.9865001752117635, "40": 0.8434993723000387, "41": 0.9269334320954483, "43": 0.9217586009312606, "44": 0.5212871499376053, "45": 0.9865001752117635, "46": 0.42336735849223384, "47": 0.8128551965592921, "48": 0.9711625608873772, "49": 0.9949767420272078, "50": 0.8813757932458062, "51": 0.48113657271127597, "52": 0.8928144447523121, "59": 0.47546373878235726, "61": 0.8953599538075763, "62": 0.9316966264562736, "64": 0.8912853394485831, "66": 0.8366841729045951, "70": 0.9983737266052923, "71": 0.8365219088792932, "72": 0.8366841729045951, "73": 0.4788892899842032, "76": 0.9901079757944491, "77": 0.8309304959867635, "78": 0.5629081431771499, "81": 0.9865001752117635, "89": 0.5509321997381238, "92": 0.8316076253923786, "93": 0.9204330867250647, "94": 0.9013207959089523, "96": 0.30624158554172143, "98": 0.8316076253923786, "99": 0.9356155407207811, "39": 0.9306717778743876, "42": 0.9437911317136115, "55": 0.8778352368607258, "56": 0.7491275319485726, "57": 0.23032766890594292, "58": 0.921999206994456, "60": 0.9983737266052923, "63": 0.8450927440218354, "65": 0.9983737266052923, "69": 0.8720945545738419, "74": 0.9590747732637708, "79": 0.8773311639005689, "83": 0.9711625608873772, "86": 0.22435534503239696, "91": 0.8820515494364376, "80": 0.6916737862563861, "82": 0.8546179968153367, "87": 0.6569847333452887, "88": 0.7233347450595491, "90": 0.5032968452209263, "97": 0.9204330867250647, "53": 0.8605233511537933, "54": 0.7127301950855451, "67": 0.519316353382574, "68": 0.5483982320747937, "75": 0.757604564146452, "84": 0.9710685701243187, "85": 0.21231882820141712, "95": 0.980133147923703, "103": 0.8855337795628653, "108": 0.9476023808238805, "126": 0.9712097172582024, "138": 0.684961249623832, "140": 0.921999206994456, "141": 0.4322320889322653, "143": 0.6333502625397462, "146": 0.6351154778354233, "147": 0.8207527421027161, "148": 0.9196762676827337, "111": 0.5412703501872008, "112": 0.6288473701422195, "113": 0.4661494398513112, "114": 0.5363299100661831, "128": 0.7521271765279889, "136": 0.7075546733458378, "139": 0.7897420977065569, "142": 0.5691501078220106, "102": 0.5527945102353982, "116": 0.978789337755493, "119": 0.5685866553822061, "121": 0.53361542765685, "122": 0.4234463593322537, "123": 0.19636038889005966, "124": 0.8830833783478265, "104": 0.5358827365043197, "107": 0.8756754309304606, "134": 0.5525818942829822, "100": 0.8809396244696035, "101": 0.9988882682104072, "129": 0.901748777249892, "130": 0.5920931757809508, "105": 0.981232131685918, "110": 0.841832887969435, "118": 0.9157957284855488, "125": 0.8756754309304606, "144": 0.660673913766087, "109": 0.8720945545738419, "127": 0.2951584426296331, "132": 0.8496709861973555, "115": 0.6487520872752499, "137": 0.9013207959089523, "106": 0.8720945545738419, "135": 0.9180753773976005, "120": 0.6547206574524147, "131": 0.9488360901438864, "117": 0.4014744931725155, "133": 0.716356944202799, "145": 0.981232131685918, "156": 0.9573363750671867, "163": 0.9865001752117635, "179": 0.920017648857659, "184": 0.8213445434803914, "186": 0.9892581571897634, "178": 0.9949767420272078, "181": 0.8213445434803914, "182": 0.8978997239936704, "183": 0.9865001752117635, "193": 0.8983851212872435, "158": 0.9713595535558777, "165": 0.8688965644538921, "166": 0.8830833783478265, "168": 0.981232131685918, "190": 0.8533643694982009, "196": 0.9140329995531735, "164": 0.9865001752117635, "169": 0.9573363750671867, "174": 0.9988882682104072, "185": 0.3885201854651707, "157": 0.9983737266052923, "173": 0.9865001752117635, "192": 0.9472676651898911, "151": 0.9830954797357201, "180": 0.9074541861500449, "159": 0.9949767420272078, "161": 0.9140329995531735, "162": 0.8794961698328488, "170": 0.981232131685918, "172": 0.9983737266052923, "177": 0.9709483288034012, "187": 0.9335934621781633, "194": 0.8446352867590317, "198": 0.9687175705183642, "150": 0.7787939383162538, "188": 0.9672702438730358, "197": 0.9983737266052923, "153": 0.8446352867590317, "189": 0.23032766890594292, "195": 0.9472676651898911, "154": 0.8463778409804674, "191": 0.9140329995531735, "171": -0.0475896289864841, "212": 0.9865001752117635, "228": 0.9000543078507882, "230": 0.9687175705183642, "210": 0.8980219409923789, "246": 0.8720945545738419, "248": 0.9335934621781633, "202": 0.9091726585479631, "236": 0.614315707939549, "206": 0.7955272601359307, "221": 0.9949767420272078, "231": 0.9667771893756375, "232": 0.14449678458109552, "244": 0.5830765794498906, "224": 0.9477068043036703, "225": 0.9006714259588862, "241": 0.9865001752117635, "242": 0.7002029063388291, "226": 0.9090796779337953, "229": 0.7818255438676718, "249": 0.8311229959955457, "214": 0.8720945545738419, "220": -0.14932931480824793, "222": 0.9988882682104072, "209": 0.9901079757944491, "227": 0.9713595535558777, "200": 0.9901079757944491, "286": 0.9013207959089523, "282": 0.7955272601359307, "259": 0.9006714259588862, "252": 0.8311229959955457, "274": 0.8794961698328488, "279": 0.8311229959955457, "149": 0.9559398348927166, "294": 0.8794961698328488, "254": 0.6526061874683491, "264": 0.9648177708588577, "256": 0.9988882682104072, "261": 0.9453520912576178, "167": 0.8311229959955457, "155": 0.3690962936014758, "152": 0.6082976936329352, "312": 0.523868503082112, "314": 0.9573363750671867, "160": 0.9983737266052923, "366": 0.9884989516004242}