{"0": 0.6733213007476928, "1": 0.41006826713541383, "2": 0.8322572914088767, "3": 0.3777280300477013, "4": 0.691751106621022, "5": 0.7010120954522201, "6": 0.5896092488634156, "7": 0.943959991281367, "8": 0.9472676651898911, "9": 0.6685812721607511, "10": 0.020147251561369116, "11": 0.5941437583531144, "12": 0.5376896087548106, "13": 0.7782912029730289, "14": 0.5685866553822061, "15": 0.48113657271127597, "16": 0.49378914091299353, "17": 0.243372446956048, "18": 0.7496293598194063, "19": 0.6491935015945167, "22": 0.7703619798904482, "23": 0.4075485855612869, "24": 0.9949767420272078, "25": 0.48652483919001444, "26": 0.8016408203693159, "27": 0.8937292646683588, "29": 0.757604564146452, "30": 0.017581498289859186, "31": 0.8684827535567756, "32": 0.38706322480533295, "33": 0.5247123185998133, "34": 0.660673913766087, "35": 0.8809396244696035, "36": 0.4897495397357674, "37": 0.9315684879650371, "38": 0.9217586009312606, "39": 0.921999206994456, "40": 0.6260072594908512, "41": 0.4295644123806337, "43": 0.7510653435407106, "44": 0.6258554352216742, "45": 0.5513144173319915, "46": 0.7349242095543838, "47": 0.6526061874683491, "48": 0.7544160875548228, "49": 0.9539519567428785, "51": 0.9093223456592029, "52": 0.981232131685918, "54": 0.7075546733458378, "55": 0.9865001752117635, "56": 0.1834031264398699, "58": 0.8216912714609571, "62": 0.46964992064577676, "64": 0.20719309844180892, "66": 0.8663412539970857, "68": 0.7933356502289579, "69": 0.7874540924124255, "70": 0.8813757932458062, "71": 0.9025340174766787, "72": 0.34384838052099814, "73": -0.0947404194997906, "74": 0.6838086789780493, "75": 0.9709483288034012, "77": 0.7986831465968145, "79": 0.9432447077790973, "80": 0.6085092665882474, "81": 0.9711625608873772, "82": 0.7425417598060612, "83": 0.639062295487238, "84": 0.8598745407811598, "85": 0.8359579514350155, "87": 0.8333468763597425, "88": 0.8720945545738419, "89": 0.7350562872489526, "92": 0.7637396974633953, "93": -0.21663253992098172, "95": 0.9335934621781633, "97": 0.7273776453312861, "98": 0.8128551965592921, "99": 0.9141130735845608}