{"0": 0.8280814828306626, "1": 0.942923417458683, "2": 0.963944995920045, "3": 0.887165389288749, "4": 0.523868503082112, "5": 0.7403430007381616, "6": 0.9573363750671867, "7": 0.524271813595985, "8": 0.9713595535558777, "9": 0.8213445434803914, "10": 0.9672702438730358, "11": 0.5010353160382878, "12": 0.8645321962681458, "13": 0.8456938319969669, "14": 0.9323752314045052, "15": 0.9592332369017739, "16": 0.9865001752117635, "17": 0.9801948925335262, "18": 0.7787939383162538, "19": 0.9061104814689838, "20": 0.8739478606871105, "21": 0.9949767420272078, "22": 0.6082976936329352, "23": 0.8978997239936704, "24": -0.0475896289864841, "25": 0.6277455860263852, "26": 0.6658704621269667, "27": 0.593363096818365, "28": 0.8192778384406973, "29": 0.554187705620073, "30": 0.8333468763597425, "31": 0.942923417458683, "32": 0.9477068043036703, "33": 0.6335425290632055, "34": 0.9472676651898911, "35": 0.8500320858251136, "36": 0.9949767420272078, "37": 0.9949767420272078, "38": 0.981232131685918, "40": 0.8311229959955457, "41": 0.4409332562501549, "43": 0.9865001752117635, "44": 0.43630621520808116, "45": 0.9280576991606293, "46": 0.5957664463738023, "47": 0.9988882682104072, "48": 0.9573363750671867, "49": 0.832860782860757, "50": 0.9437858630591689, "51": 0.7313639358544975, "52": 0.9983737266052923, "59": 0.9988882682104072, "61": 0.8261204300060645, "62": 0.9884989516004242, "64": 0.8311229959955457, "66": 0.9750826465612488, "70": 0.5090991786701287, "71": 0.9983737266052923, "72": 0.9006714259588862, "73": 0.8364093787619186, "76": 0.9061104814689838, "77": 0.942923417458683, "78": 0.9488360901438864, "81": 0.7862921683106591, "89": 0.9096911896636037, "92": 0.9983737266052923, "93": 0.9432447077790973, "94": 0.6737412398746478, "96": 0.1975043325266742, "98": 0.9249524416875297, "99": 0.9687175705183642, "39": -0.14932931480824793, "42": 0.8328633707883992, "55": 0.9865001752117635, "56": 0.6260927642888132, "57": 0.7791147817526702, "58": 0.95288435379575, "60": 0.9983737266052923, "63": 0.8830833783478265, "65": 0.8794961698328488, "69": 0.5556752338550852, "74": 0.9801948925335262, "79": 0.9983737266052923, "83": 0.3431187303073333, "86": 0.9687175705183642, "91": 0.8192778384406973, "80": 0.920017648857659, "82": 0.9592332369017739, "87": 0.9573363750671867, "88": 0.9988882682104072, "90": 0.48607992823877844, "97": 0.9750826465612488, "53": 0.9983737266052923, "68": 0.9691939465332382, "84": 0.6938230769044524, "85": 0.8615112575471175, "75": 0.9586919378087284, "54": 0.8720945545738419, "67": 0.9072409240804903, "95": 0.3702217257773508, "103": 0.8830833783478265, "108": 0.9988882682104072, "126": 0.9713595535558777, "138": 0.3885201854651707, "140": 0.5962008628253901, "141": 0.9140329995531735, "143": 0.9830954797357201, "146": 0.9710685701243187, "147": 0.9672702438730358, "148": 0.5272247911567276, "111": 0.981232131685918, "112": 0.981232131685918, "113": 0.904455383433035, "114": 0.8615112575471175, "128": 0.9590995066198915, "136": 0.8978997239936704, "139": 0.8463778409804674, "142": 0.9855536974533013, "102": 0.8370111369171979, "116": 0.3702217257773508, "119": 0.1975043325266742, "121": 0.9726470427282614, "122": 0.942923417458683, "123": 0.9687175705183642, "124": 0.9884989516004242, "104": 0.832860782860757, "107": 0.981232131685918, "134": -0.0475896289864841, "100": 0.9687175705183642, "101": 0.981232131685918, "129": 0.9432151547278886, "130": 0.4684555276951824, "105": 0.8311229959955457, "110": 0.9573363750671867, "118": 0.9830954797357201, "125": 0.8502640996424996, "144": 0.8720945545738419, "109": 0.8615112575471175, "127": 0.9335934621781633, "132": 0.8456938319969669, "115": 0.5861247254690691, "137": 0.9573363750671867, "106": 0.9590995066198915, "135": 0.8311229959955457, "120": 0.8003553165623937, "131": 0.9691939465332382, "117": 0.48447517378709287, "133": 0.43382953876679736, "145": 0.8775265032524076, "156": 0.8720945545738419, "163": 0.8794961698328488, "179": 0.8980219409923789, "184": 0.8328633707883992, "186": 0.9285578602471012, "178": 0.963944995920045, "181": 0.8794961698328488, "182": 0.7026619694935846, "183": 0.9295867414709335, "193": 0.1975043325266742, "158": 0.9061104814689838, "165": 0.1838621533899384, "166": 0.8691872707105253, "168": 0.953211483519156, "190": 0.9830954797357201, "196": 0.7833145592966051, "164": -0.0475896289864841, "169": 0.5638645156997231, "174": 0.9212696731928448, "185": -0.18019987315208102, "157": 0.9559398348927166, "173": 0.8546179968153367, "192": 0.8438869146341692, "151": 0.9072870930875043, "180": 0.7893000010516336, "159": 0.5986829170813355, "161": 0.9538248705880938, "162": 0.9129039455580766, "170": 0.9361488673595424, "172": 0.6221959113137245, "177": 0.1767561018272008, "187": 0.7466890867450248, "194": 0.941544463957757, "198": 0.9335934621781633, "150": 0.9642811283825925, "188": 0.8188763159117212, "197": 0.828507570283525, "153": -0.14932931480824793, "189": 0.6059903718554975, "195": 0.9592332369017739, "154": 0.9884989516004242, "191": 0.8950225771487155, "171": 0.9830954797357201, "212": 0.27527690547079575, "228": 0.9249524416875297, "230": 0.8280814828306626, "210": 0.15610744958402697, "246": 0.887165389288749, "248": 0.6099101359366296, "202": 0.9140329995531735, "236": 0.9140329995531735, "206": 0.8280814828306626, "221": 0.28594774556769176, "231": 0.9129039455580766, "232": 0.9304763003992487, "244": 0.7961884402317682, "224": 0.8697209640629799, "225": 0.7608528783887835, "241": 0.9304763003992487, "242": 0.8213445434803914, "226": 0.9830954797357201, "229": 0.8932572280915279, "249": 0.8446352867590317, "214": -0.0475896289864841, "220": 0.4409332562501549, "222": 0.8794961698328488, "209": 0.831315809318495, "227": 0.9000543078507882, "200": 0.9129039455580766, "286": 0.9485822131185805, "282": 0.523868503082112, "259": 0.6078891241821858, "252": 0.9453520912576178, "274": 0.9750826465612488, "279": 0.8213445434803914, "149": 0.8452913567067001, "294": 0.8995238736482618, "254": 0.920017648857659, "264": 0.30942352609037094, "256": 0.9453520912576178, "261": 0.7922489164452652, "167": 0.6260927642888132, "155": 0.6082976936329352, "152": 0.8720945545738419, "312": 0.2384189976928957, "314": 0.5808446707006777, "160": 0.8263412774779552, "366": 0.9884989516004242, "175": 0.9750826465612488, "199": 0.9304763003992487, "176": 0.9559398348927166, "211": 0.9884989516004242, "223": 0.9592332369017739, "234": 0.8073380415605234, "247": 0.9453520912576178, "208": 0.7365398254287008, "237": 0.9025302222459619, "235": 0.3521896362170718, "205": 0.9249524416875297, "233": 0.9988882682104072, "243": 0.31334218706051065, "204": 0.9884989516004242, "238": 0.8990338733006693, "201": 0.8830833783478265, "215": 0.942699523539489, "217": 0.7682129822589971, "216": 0.8711994502463034, "245": 0.9074541861500449, "203": 0.9140329995531735, "207": 0.8720945545738419, "218": 0.9642811283825925, "219": 0.9830954797357201, "240": 0.9695810728088854, "239": 0.9140329995531735, "251": 0.9000543078507882, "262": 0.9884989516004242, "278": 0.9140329995531735, "284": 0.9988882682104072, "291": 0.4409332562501549, "295": 0.8775265032524076, "213": 0.7816386235745061, "267": 0.9691939465332382, "268": 0.9061104814689838, "272": 0.5695264520167094, "298": 0.9249524416875297, "253": 0.9691939465332382, "266": 0.9713595535558777, "281": 0.935887289163369, "293": 0.5808446707006777, "250": 0.8105367397294103, "257": 0.5947134742976985, "287": 0.1975043325266742, "297": 0.5624598718109821, "275": 0.8446352867590317, "299": 0.8645321962681458, "270": 0.9713595535558777, "288": 0.8213445434803914, "265": 0.8280814828306626, "296": 0.9140329995531735, "255": 0.3702217257773508, "292": 0.9140329995531735, "260": 0.8213445434803914, "263": 0.9830954797357201, "277": 0.8711994502463034, "280": 0.9356657607132645, "285": -0.0475896289864841, "283": 0.9830954797357201, "290": 0.7545600133957786, "269": 0.8978997239936704, "305": 0.9691939465332382, "316": 0.9114644625959997,