{"1": 0.4066847837684028, "2": 0.5198685220641122, "3": 0.8937292646683588, "4": 0.8176833359964917, "5": 0.8278479298912622, "6": 0.660673913766087, "7": 0.5972749902576625, "8": 0.9217586009312606, "9": 0.8192778384406973, "10": 0.8475814908605418, "11": 0.5513144173319915, "12": 0.424062593700137, "13": 0.26136390952185357, "15": 0.7489038725198287, "16": 0.5150382918426691, "17": 0.48113657271127597, "18": 0.23252516680730928, "19": 0.6733213007476928, "20": 0.9709483288034012, "21": 0.7051300887732297, "22": 0.8016408203693159, "23": 0.654067553166424, "24": 0.691751106621022, "25": 0.7003914555383759, "26": 0.5226357162698628, "27": 0.3282139246540079, "29": 0.8444621505000198, "30": 0.5881544241072802, "31": 0.921999206994456, "32": 0.8809396244696035, "34": 0.9093223456592029, "36": 0.6260072594908512, "38": 0.943959991281367, "39": -0.0020026099042433354, "40": 0.981232131685918, "41": 0.9141130735845608, "42": 0.6526061874683491, "43": 0.24399981448481795, "44": 0.6134898289396189, "45": 0.9315684879650371, "46": 0.3778574483795422, "47": 0.9053622125320325, "48": 0.9711625608873772, "49": 0.7923975123858403, "50": 0.6685812721607511, "51": 0.8126874765373676, "54": 0.8720945545738419, "56": 0.7634150330236524, "57": 0.8333468763597425, "58": 0.9949767420272078, "59": 0.6397620421540968, "60": 0.8646846833957632, "62": 0.9539519567428785, "63": 0.6258554352216742, "64": 0.7671162413448676, "65": 0.6138370114692531, "66": 0.6068908456422287, "67": 0.799615023321244, "68": 0.8216912714609571, "69": 0.8331087363663148, "70": 0.3539945585428872, "71": 0.8642616605705435, "72": 0.34384838052099814, "73": 0.4896976959342637, "74": 0.8938772884269843, "75": 0.16671988941425248, "76": 0.5325858431063735, "77": 0.7646757269224965, "78": 0.8756754309304606, "79": 0.41247311771951933, "80": 0.8311229959955457, "81": 0.5685866553822061, "83": 0.9335934621781633, "85": 0.7637396974633953, "86": 0.49200100851566253, "87": 0.9114128703941509, "88": 0.9713595535558777, "90": 0.6733559840239098, "93": 0.7425417598060612, "95": 0.8122493739852138, "96": 0.47446645848400376, "97": 0.9700371969819471, "98": 0.9560844492866002}