{"0": 0.7782912029730289, "1": 0.7466890867450248, "2": 0.8117823156968187, "3": 0.9316966264562736, "4": 0.30212985782796836, "5": 0.5073180736366277, "6": 0.8830833783478265, "7": 0.5172236351500555, "8": 0.9687175705183642, "9": 0.7213960804664422, "10": 0.7805079398058918, "11": 0.7830693236845216, "12": 0.5042274171023492, "13": 0.967905757640733, "14": 0.517761703596874, "15": 0.9686171275658811, "16": 0.6793597297003892, "17": 0.9949767420272078, "18": 0.9687370516063287, "19": 0.9691939465332382, "20": 0.3429772574525024, "21": 0.6433950991485282, "22": 0.8756754309304606, "23": 0.8648354777868312, "24": 0.48113657271127597, "25": 0.9711625608873772, "26": 0.43609372482142555, "27": 0.6743207414346608, "28": 0.5149058008426404, "29": 0.9422384203384251, "30": 0.9114644625959997, "31": 0.3484906348568889, "32": 0.8720945545738419, "33": 0.9472676651898911, "34": 0.8687009108726572, "35": 0.7469014940059397, "36": 0.8365010422857702, "37": 0.5294447108015252, "38": 0.9449631198162337, "40": 0.7578963702693509, "41": 0.5478076176797295, "43": 0.7336565076444184, "44": 0.6082976936329352, "45": 0.8813757932458062, "46": 0.9865001752117635, "47": 0.8116487970910728, "48": 0.757604564146452, "49": 0.9196762676827337, "50": 0.9726470427282614, "51": 0.7782912029730289, "52": 0.9090796779337953, "59": 0.9949767420272078, "61": 0.9711625608873772, "62": 0.981232131685918, "64": 0.5796255649994557, "66": 0.7741585045122732, "70": 0.34467490015464014, "71": 0.5625734535820281, "72": 0.7315790815129048, "73": 0.8631612828993875, "76": 0.19557555838019106, "77": 0.7979756133661735, "78": 0.9304763003992487, "81": 0.7669301099235952, "89": 0.9018273416700457, "92": 0.6487520872752499, "93": 0.7127301950855451, "94": 0.664107235335692, "96": 0.7960962752967378, "98": 0.9335934621781633, "99": 0.8209061494836398, "39": 0.9180753773976005, "42": 0.9983737266052923, "55": 0.5923285797917767, "56": 0.23351657617948965, "57": 0.7170142209606934, "58": 0.861748649968975, "60": 0.6694045235238948, "63": 0.9865001752117635, "65": 0.13094961594978277, "69": 0.9642811283825925, "74": 0.788826002262532, "79": 0.7359110749159218, "83": 0.9129134328070494, "86": 0.08660450886371723, "91": 0.8124465791272606, "80": 0.7196890862049685, "82": 0.8947230545358664, "87": 0.9488360901438864, "88": 0.9488360901438864, "90": 0.8330589751014723, "97": -0.14932931480824793, "53": 0.9374193455156212, "54": 0.5761385373981732, "67": 0.9711625608873772, "68": 0.7249335067965346, "75": 0.9983737266052923, "84": 0.08753688818673482, "85": 0.7466890867450248, "95": 0.9204330867250647, "103": 0.8809396244696035, "108": 0.9138405057538572, "126": 0.8809396244696035, "138": -0.27496486801528375, "140": 0.8205350534008642, "141": 0.9019467013852844, "143": 0.8554141200088352, "146": 0.42399054218756427, "147": 0.1975043325266742, "148": 0.5483982320747937, "111": 0.9087508783739897, "112": 0.5358827365043197, "113": 0.8720945545738419, "114": 0.8382546850425348, "128": -0.14932931480824793, "136": 0.9006714259588862, "139": 0.9687175705183642, "142": 0.5990585953108357, "102": 0.5455528393699206, "116": 0.7216597150738794, "119": 0.025208973159693428, "121": 0.05855069496224256, "122": 0.8998608695186467, "123": 0.9712097172582024, "124": 0.8720977720763801, "104": 0.5292378121730696, "107": 0.9587780833337113, "134": 0.7010120954522201, "100": 0.08566177823379231, "101": 0.9983737266052923, "129": 0.5563769845434114, "130": 0.9710685701243187, "105": 0.9652197466936353, "110": 0.7240934602680082, "118": 0.8316076253923786, "125": 0.9141130735845608, "144": 0.8813445872824865, "109": 0.8383221403527752, "127": 0.199179363817578, "132": 0.981232131685918, "115": 0.8756754309304606, "137": 0.5204802251726164, "106": 0.9275979296429275, "135": 0.9013207959089523, "120": 0.9488360901438864, "131": 0.47792328816995877, "117": 0.9013207959089523, "133": 0.8239283139676681, "145": 0.6487520872752499, "156": 0.8302051050303796, "163": 0.8928144447523121, "179": 0.6166770921673854, "184": 0.7849001521249795, "186": 0.8759628854295645, "178": 0.9090796779337953, "181": 0.981232131685918, "182": 0.32493250446393024, "183": 0.3484906348568889, "193": 0.45456346725821545, "158": 0.6757514758563474, "165": 0.7010120954522201, "166": 0.09900782347466988, "168": 0.7459154378713146, "190": 0.8249613834950777, "196": 0.9140329995531735, "164": 0.8463778409804674, "169": 0.8334722281402369, "174": 0.9141130735845608, "185": 0.9672145785527155, "157": 0.9141130735845608, "173": 0.5514970680674418, "192": 0.3014277915473468, "151": 0.9488360901438864, "180": 0.9687175705183642, "159": 0.7116043175588809, "161": 0.8877088024305109, "162": -0.27496486801528375, "170": 0.7350175740056812, "172": 0.37251525054174006, "177": 0.684961249623832, "187": 0.8128551965592921, "194": 0.5808446707006777, "198": 0.6787440256633583, "150": 0.6013506347590544, "188": 0.3926925160356013, "197": 0.3432757300249589, "153": 0.9687175705183642, "189": 0.7782912029730289, "195": 0.9825033311030087, "154": 0.7634150330236524, "191": 0.9488360901438864, "171": 0.7971639817061996, "212": 0.9865001752117635, "228": 0.9000543078507882, "230": 0.9687175705183642, "210": 0.8980219409923789, "246": 0.8720945545738419, "248": 0.9335934621781633, "202": 0.9091726585479631, "236": 0.614315707939549, "206": 0.7955272601359307, "221": 0.9949767420272078, "231": 0.9667771893756375, "232": 0.14449678458109552, "244": 0.5830765794498906, "224": 0.9477068043036703, "225": 0.9006714259588862, "241": 0.9865001752117635, "242": 0.7002029063388291, "226": 0.9090796779337953, "229": 0.7818255438676718, "249": 0.8311229959955457, "214": 0.8720945545738419, "220": -0.14932931480824793, "222": 0.9988882682104072, "209": 0.9901079757944491, "227": 0.9713595535558777, "200": 0.9901079757944491, "286": 0.9013207959089523, "282": 0.7955272601359307, "259": 0.9006714259588862, "252": 0.8311229959955457, "274": 0.8794961698328488, "279": 0.8311229959955457, "149": 0.6948313626394109, "294": 0.8794961698328488, "254": 0.6526061874683491, "264": 0.9648177708588577, "256": 0.9988882682104072, "261": 0.9453520912576178, "167": 0.2875152490985235, "155": 0.61468006592553, "152": 0.1975043325266742, "312": 0.523868503082112, "314": 0.9573363750671867, "160": 0.9304763003992487, "366": 0.9884989516004242, "175": 0.7048110710342754, "176": 0.14449678458109552, "199": 0.525027673004182}