{"0": 0.9710685701243187, "1": 0.7563078333883351, "2": 0.8805558672433613, "3": 0.9825033311030087, "4": -0.09139718386449758, "5": 0.9335934621781633, "6": 0.9865001752117635, "7": 0.9988882682104072, "8": 0.9949767420272078, "9": 0.8688965644538921, "10": 0.4794837933493884, "11": 0.6864078265257952, "12": 0.7670897353668438, "13": 0.5246832398183718, "14": 0.8897174050931459, "15": 0.3561555570194069, "16": 0.7487642799845184, "17": 0.6565787319184593, "18": 0.6340430440545783, "19": 0.6249432921573588, "20": 0.6061367038825813, "21": 0.6080070702997944, "22": 0.7151644233996444, "23": 0.9983737266052923, "24": 0.22802441922181224, "25": 0.4503528971643097, "26": 0.6031606792045457, "27": 0.48113657271127597, "28": 0.9949767420272078, "29": 0.9472676651898911, "30": 0.8362157543352884, "31": 0.8453048777385126, "32": 0.967905757640733, "33": 0.5985834289992822, "34": 0.8213445434803914, "35": 0.8867671675853371, "36": 0.9442464244826696, "37": 0.5246136140799351, "38": 0.29542639465187137, "40": 0.22163867306803264, "41": 0.9949767420272078, "43": 0.7122636184977501, "44": 0.5483530321369203, "45": 0.6837944635846098, "46": 0.8830833783478265, "47": 0.8366841729045951, "48": 0.8756754309304606, "49": 0.871186728809294, "50": 0.8568448091188681, "51": 0.8394885437480385, "52": 0.9472676651898911, "59": 0.6451319466072196, "61": 0.9488360901438864, "62": 0.7849634154001839, "64": 0.9865001752117635, "66": 0.9592332369017739, "70": 0.7122636184977501, "71": 0.9687175705183642, "72": 0.8756754309304606, "73": 0.8972049744536172, "76": 0.5773858176634932, "77": 0.9687175705183642, "78": 0.921999206994456, "81": 0.9488360901438864, "89": 0.40045826962623454, "92": 0.5459073750846877, "93": 0.8288524424919177, "94": 0.8720945545738419, "96": 0.9711625608873772, "98": 0.8720945545738419, "99": 0.8601391183990965, "39": 0.46391898512361124, "42": 0.8679251610276782, "55": 0.5984265419142265, "56": 0.9865001752117635, "57": 0.6066282607055882, "58": 0.8070834178164799, "60": 0.7075546733458378, "63": 0.9432447077790973, "65": -0.27496486801528375, "69": 0.3680344695988417, "74": 0.9096911896636037, "79": 0.981232131685918, "83": 0.9157957284855488, "86": 0.9141130735845608, "91": 0.8363588571126339, "80": 0.6370198055395607, "82": 0.4157019282120913, "87": 0.7168071503936716, "88": 0.972978462289204, "90": 0.9476023808238805, "97": 0.9006714259588862, "53": 0.7197483412444251, "68": 0.39841680683183134, "84": 0.6998558850361772, "85": 0.8192778384406973, "75": 0.757604564146452, "54": 0.9476023808238805, "67": 0.9687175705183642, "95": 0.6356317056570246, "103": 0.9983737266052923, "108": 0.8455117632990026, "126": 0.9713595535558777, "138": 0.7260287547211197, "140": 0.5967447581926505, "141": 0.8953599538075763, "143": 0.981232131685918, "146": 0.9180753773976005, "147": 0.9177778432333028, "148": 0.6196188954656859, "111": 0.9700371969819471, "112": 0.6378114633874238, "113": 0.9142951613245062, "114": 0.9114128703941509, "128": 0.9114128703941509, "136": 0.9687175705183642, "139": 0.981232131685918, "142": 0.8938772884269843, "102": 0.8202249468607106, "116": 0.7584003266537438, "119": 0.981232131685918, "121": 0.9433929888477555, "122": 0.34798782986239263, "123": 0.6603774178007162, "124": 0.8830833783478265, "104": 0.981232131685918, "107": 0.8720945545738419, "134": 0.22713163900934336, "100": 0.9316966264562736, "101": 0.756152121418471, "129": 0.8126874765373676, "130": 0.7437328602714011, "105": 0.8756754309304606, "110": 0.9449277469107293, "118": 0.7449588556572684, "125": 0.8476294235424494, "144": -0.07310790845330156, "109": 0.8720945545738419, "127": 0.1975043325266742, "132": 0.3567078951375602, "115": 0.8316076253923786, "137": 0.5063832861709248, "106": -0.0947404194997906, "135": 0.5647164262965698, "120": 0.8440388082005676, "131": 0.9306717778743876, "117": 0.9298097197394065, "133": 0.9096911896636037, "145": 0.981232131685918, "156": 0.9592332369017739, "163": 0.980133147923703, "179": 0.761696369676651, "184": 0.7782912029730289, "186": 0.8666290768872845, "178": 0.7010120954522201, "181": 0.9140329995531735, "182": 0.8601391183990965, "183": 0.9412340596558337, "193": 0.14449678458109552, "158": 0.8398138682617144, "165": 0.9573146345238671, "166": 0.8841669172681577, "168": 0.4286952217874857, "190": 0.9771451713702621, "196": 0.9642811283825925, "164": 0.47066488472412527, "169": 0.9090796779337953, "174": 0.8764501918629852, "185": 0.6073028217056597, "157": 0.7674305938762481, "173": 0.9830954797357201, "192": 0.8953599538075763, "151": 0.832860782860757, "180": 0.9644804896774047, "159": 0.2163605162771698, "161": 0.9488360901438864, "162": 0.1975043325266742, "170": 0.6082976936329352, "172": 0.9006714259588862, "177": 0.146496758185714, "187": 0.9214941663381312, "194": 0.8463778409804674, "198": 0.5812157410303584, "150": 0.5120501550986825, "188": 0.34640503225766095, "197": 0.8406743313786884, "153": 0.45462302888041795, "189": 0.9157957284855488, "195": 0.684961249623832, "154": 0.6293972598139801, "191": 0.5862366567067023, "171": 0.8261204300060645, "212": 0.9865001752117635, "228": 0.8953599538075763, "230": 0.9687175705183642, "210": 0.8980219409923789, "246": 0.3373988137013927, "248": 0.9335934621781633, "202": 0.9091726585479631, "236": 0.8771683045617829, "206": 0.7451525819373325, "221": 0.9830954797357201, "231": 0.32058058471146805, "232": 0.14449678458109552, "244": 0.5830765794498906, "224": 0.9477068043036703, "225": 0.9006714259588862, "241": 0.5948871305522241, "242": 0.7002029063388291, "226": 0.9335934621781633, "229": 0.7818255438676718, "249": 0.9187017507929494, "214": 0.9141130735845608, "220": -0.14932931480824793, "222": 0.9304763003992487, "209": -0.27496486801528375, "227": 0.2873209832392579, "200": 0.9901079757944491, "286": 0.9013207959089523, "282": 0.7955272601359307, "259": 0.9006714259588862, "252": 0.8311229959955457, "274": 0.8794961698328488, "279": 0.8311229959955457, "149": 0.5453052173669288, "294": 0.8794961698328488, "254": 0.6526061874683491, "264": 0.9648177708588577, "256": 0.9988882682104072, "261": 0.9453520912576178, "167": 0.8292426892435174, "155": 0.9687175705183642, "152": 0.9488360901438864, "312": 0.523868503082112, "314": 0.9573363750671867, "160": 0.5808446707006777, "366": 0.9884989516004242, "175": -0.2533528214200177, "199": 0.39467583264028283, "176": 0.7782912029730289, "211": 0.5808446707006777, "223": 0.9713595535558777, "234": 0.9477068043036703, "247": 0.5808446707006777, "208": 0.9140329995531735, "237": 0.8453048777385126, "235": 0.8277602821401775, "205": 0.8311229959955457, "233": 0.8377884954101573, "243": 0.6284436739232024}