{"0": 0.49426757356099793, "1": 0.6443955829734422, "2": 0.4154512915887426, "3": 0.5247123185998133, "4": 0.424062593700137, "5": 0.5513144173319915, "6": 0.5968611232684455, "7": 0.714638999485179, "8": 0.27361805570435394, "9": 0.2613639095218535, "10": 0.8475814908605418, "11": 0.5195850373691461, "12": 0.5198685220641122, "13": 0.691751106621022, "14": 0.5292378121730696, "15": 0.8937292646683588, "16": 0.19636038889005966, "17": 0.6733213007476928, "18": 0.8016408203693158, "19": 0.7923975123858403, "20": 0.29830921354618783, "21": 0.660673913766087, "22": 0.557010402473584, "23": 0.41247311771951933, "24": 0.7849634154001839, "25": 0.9021221516449848, "26": 0.7051300887732296, "27": 0.8642616605705435, "28": 0.7646757269224965, "29": 0.8444621505000198, "30": 0.6258554352216742, "31": 0.8928144447523121, "32": 0.9217586009312606, "33": 0.943959991281367, "34": 0.6260072594908512, "35": 0.3778574483795422, "36": 0.9053622125320326, "37": 0.8646846833957632, "38": 0.48113657271127597, "39": 0.8333468763597427, "40": 0.0882759782354223, "41": 0.37540567929468754, "42": 0.6685812721607511, "43": 0.5410752967980765, "44": 0.8192778384406973, "45": 0.6526061874683491, "46": 0.8809396244696035, "47": 0.7637396974633953, "48": 0.8755225610321277, "49": 0.6733559840239098, "50": 0.9315684879650371, "51": 0.7634150330236524, "52": 0.9093223456592029, "53": 0.9141130735845608, "54": 0.5685866553822061, "55": 0.901748777249892, "56": 0.6397620421540968, "57": 0.921999206994456, "58": 0.3641110015527814, "59": 0.8128551965592921, "60": 0.6013506347590544, "61": 0.7425417598060612, "62": 0.8311229959955457, "63": 0.8216912714609571, "64": -0.03156587147432149, "65": 0.23032766890594292, "66": 0.6821030813261982, "67": 0.9700371969819471, "68": 0.8756754309304606, "69": 0.981232131685918, "70": 0.8331087363663148, "71": 0.1864354156823636, "72": 0.9711625608873772, "73": 0.16671988941425248, "74": 0.8655817455287372, "75": 0.8126874765373676, "76": 0.9865001752117635, "77": -0.0947404194997906, "78": 0.8720945545738419, "79": 0.6196188954656859, "80": 0.832860782860757, "81": 0.799615023321244, "82": 0.34384838052099814, "83": 0.9129039455580766, "84": 0.684961249623832, "86": 0.9114128703941509, "87": 0.6082976936329352, "88": 0.8178413482602938, "89": 0.9983737266052923, "90": 0.9713595535558777, "91": 0.9335934621781633, "92": 0.9476023808238805}