{"0": 0.9472676651898911, "1": 0.5968611232684455, "2": 0.6236955654053149, "3": 0.8546179968153367, "4": 0.8454698261244565, "5": 0.901748777249892, "6": 0.7466890867450248, "7": 0.9109242775708097, "8": 0.35488402748644965, "9": 0.9021221516449848, "10": 0.980133147923703, "11": 0.9001262029523083, "12": 0.20719309844180892, "13": 0.8697134878509117, "14": 0.9093223456592029, "15": 0.841121674857908, "16": 0.8192778384406973, "17": 0.9949767420272078, "18": 0.5247123185998133, "19": 0.980133147923703, "20": 0.47918103140431006, "21": 0.8333468763597425, "22": 0.8314000659599659, "23": 0.8311229959955457, "24": 0.8727104168106703, "25": 0.3431187303073333, "26": 0.9949767420272078, "27": 0.9711625608873772, "28": 0.9141130735845608, "29": 0.5358827365043197, "30": 0.8727104168106703, "31": 0.11661037297160878, "32": 0.2926714706602051, "33": 0.9180753773976005, "34": 0.9196103769215027, "35": 0.14449678458109552, "36": 0.8366841729045951, "37": 0.6685812721607511, "38": 0.9472676651898911, "40": 0.5358827365043197, "41": 0.9129039455580766, "43": 0.9712097172582024, "44": 0.9988882682104072, "45": 0.6260072594908512, "46": 0.8192778384406973, "47": 0.9865001752117635, "48": 0.6058103655050147, "49": 0.757604564146452, "50": 0.9983737266052923, "51": 0.5917212489562487, "52": 0.8809396244696035, "59": 0.48607992823877844, "61": 0.9488360901438864, "62": 0.5980084337551699, "64": 0.6755574303944358, "66": 0.9983737266052923, "70": 0.8261204300060645, "71": 0.7449588556572684, "72": 0.8463778409804674, "73": -0.0475896289864841, "76": 0.981232131685918, "77": 0.44260974064371894, "78": 0.9335934621781633, "81": 0.9983737266052923, "89": 0.7684849226889559, "92": -0.03156587147432149, "93": 0.8655817455287372, "94": 0.6082976936329352, "96": 0.6774506021333373, "98": 0.9335934621781633, "99": 0.9687175705183642, "39": 0.8756754309304606, "42": 0.684961249623832, "55": 0.8720945545738419, "56": 0.9488360901438864, "57": -0.14932931480824793, "58": 0.6526061874683491, "60": 0.8128551965592921, "63": 0.9141130735845608, "65": 0.981232131685918, "69": 0.9488360901438864, "74": 0.8720945545738419, "79": 0.9096911896636037, "83": 0.2286235572418726, "86": 0.9709483288034012, "91": 0.9096911896636037, "80": 0.5509321997381238, "82": 0.9713595535558777, "87": 0.9476023808238805, "88": 0.6196188954656859, "90": 0.7010120954522201, "97": 0.8292426892435174, "53": 0.7437328602714011, "68": 0.8646846833957632, "84": 0.9129039455580766, "85": 0.7723550713067353, "75": 0.9687175705183642, "54": 0.20641358651095307, "67": 0.841121674857908, "95": 0.832860782860757, "103": 0.901557766682243, "108": 0.6841842060168638, "126": 0.000722957805710489, "138": 0.8474040320691958, "140": 0.832860782860757, "141": 0.9477068043036703, "143": 0.9449277469107293, "146": 0.967905757640733, "147": 0.8316076253923786, "148": 0.7931276706095458, "111": -0.03156587147432149, "112": 0.9713595535558777, "113": 0.2810560184723132, "114": 0.7002029063388291, "128": 0.733402937629024, "136": 0.8463778409804674, "139": 0.730353793914522, "142": 0.5808446707006777, "102": 0.48607992823877844, "116": 0.8720945545738419, "119": 0.9687175705183642, "121": 0.841121674857908, "122": 0.5808446707006777, "123": 0.8601391183990965, "124": 0.13865812256397686, "104": 0.981232131685918, "107": 0.7608528783887835, "134": 0.8386443644739268, "100": 0.832860782860757, "101": 0.9656330289232972, "129": 0.6196188954656859, "130": 0.8872428903130216, "105": 0.9713595535558777, "110": 0.8720945545738419, "118": 0.24629622076075364, "125": 0.684961249623832, "144": -0.07310790845330156, "109": 0.8756754309304606, "127": 0.7010120954522201, "132": 0.9114128703941509, "115": 0.34384838052099814, "137": 0.9476023808238805, "106": 0.981232131685918, "135": 0.6082976936329352, "120": 0.9700371969819471, "131": 0.9476023808238805, "117": 0.5120501550986825, "133": 0.684961249623832, "145": 0.981232131685918, "156": 0.6196188954656859, "163": 0.6774506021333373, "179": 0.761696369676651, "184": 0.684961249623832, "186": 0.5099200401850535, "178": 0.9140329995531735, "181": 0.4292082074465166, "182": -0.27496486801528375, "183": 0.9140329995531735, "193": 0.7782912029730289, "158": 0.9215069846318639, "165": 0.8463778409804674, "166": 0.263755577319145, "168": 0.4286952217874857, "190": 0.9335934621781633, "196": 0.7010120954522201, "164": 0.8711994502463034, "169": -0.27496486801528375, "174": 0.8737673884645086, "185": 0.9141130735845608, "157": 0.657525869929417, "173": 0.7706541904344153, "192": 0.9074541861500449, "151": 0.9988882682104072, "180": 0.8830833783478265, "159": 0.7782912029730289, "161": 0.9713595535558777, "162": 0.9901079757944491, "170": 0.9777812587919528, "172": 0.35430940951272544, "177": 0.8261204300060645, "187": 0.9140329995531735, "194": 0.9587780833337113, "198": 0.9141130735845608, "150": 0.9006714259588862, "188": 0.9074541861500449, "197": 0.665763638821959, "153": 0.9072409240804903, "189": 0.9825033311030087, "195": 0.9415328181544287, "154": 0.1975043325266742, "191": 0.8756754309304606, "171": 0.8261204300060645, "212": 0.9830954797357201, "228": 0.5599470002327123, "230": 0.967905757640733, "210": 0.9140329995531735, "246": 0.9217455898854673, "248": 0.5280103684251121, "202": 0.8634972012844142, "236": 0.7744749744302012, "206": 0.8830833783478265, "221": 0.851365899104036, "231": 0.8188773417294917, "232": 0.7260287547211197, "244": 0.42949368802484167, "224": 0.9765485267282645, "225": 0.9097043845728758, "241": 0.831353635284674, "242": 0.8188773417294917, "226": 0.7782912029730289, "229": 0.66911029691058, "249": 0.9140329995531735, "214": 0.28594774556769176, "220": 0.967905757640733, "222": 0.8213445434803914, "209": 0.36654332392293926, "227": 0.9576792667987334, "200": 0.7782912029730289, "286": 0.9013207959089523, "282": 0.7955272601359307, "259": 0.9006714259588862, "252": 0.8311229959955457, "274": 0.8794961698328488, "279": 0.8311229959955457, "149": 0.9777812587919528, "294": 0.8794961698328488, "254": 0.6526061874683491, "264": 0.9648177708588577, "256": 0.9988882682104072, "261": 0.9453520912576178, "167": 0.8794961698328488, "155": 0.5346984354193256, "152": 0.5509321997381238, "312": 0.523868503082112, "314": 0.9573363750671867, "160": 0.29064563727233195, "366": 0.9884989516004242, "175": 0.43550405304087314, "199": 0.9907737289176031, "176": 0.8805558672433613, "211": 0.5901359248278917, "223": 0.8615555957814991, "234": 0.3833553170332483, "247": 0.9884989516004242, "208": 0.382522580810992, "237": 0.12630378245484197, "235": 0.7824962939969589, "205": 0.9488360901438864, "233": 0.8377884954101573, "243": 0.9090796779337953, "204": 0.43704881345189384, "238": 0.7101960089345128, "201": 0.8830833783478265, "215": 0.7450329859311479, "217": 0.9626765078662243, "216": 0.1975043325266742, "245": 0.9642811283825925, "203": 0.5920931757809508, "207": 0.9140329995531735, "218": 0.3288380754660751, "219": 0.6487111246053656, "240": 0.9573146345238671, "239": 0.9456500726951311}