{"0": 0.8463778409804674, "1": 0.5112483832798869, "2": 0.34766675186211826, "3": 0.9420883591387001, "4": 0.8877088024305109, "5": 0.6019010557982349, "6": 0.8299277137756509, "7": 0.9754846259278245, "8": 0.6487520872752499, "9": 0.9141130735845608, "10": 0.5070407947331272, "11": 0.5853607357094317, "12": 0.5211016644455154, "13": 0.21410076080976922, "14": 0.9108064267773857, "15": 0.9949767420272078, "16": 0.8907066920709366, "17": 0.853999572365411, "18": 0.1975043325266742, "19": 0.48113657271127597, "20": 0.9217586009312606, "21": 0.8460020030583584, "22": 0.7979756133661735, "23": 0.9903820945691412, "24": 0.9476023808238805, "25": 0.9129039455580766, "26": -0.8246591395887497, "27": 0.9422384203384251, "28": 0.9949767420272078, "29": 0.8316460733171938, "30": 0.12249633937071452, "31": 0.8720945545738419, "32": 0.6593509441995389, "33": 0.24629622076075364, "34": 0.8447468631173678, "35": 0.26941044593599295, "36": 0.9006714259588862, "37": 0.5294447108015252, "38": 0.5976027978574558, "40": 0.830782504766046, "41": 0.7917933497515188, "43": 0.9983737266052923, "44": 0.981232131685918, "45": 0.8239283139676681, "46": 0.7692002610958342, "47": 0.9204330867250647, "48": 0.7656810751646559, "49": 0.757604564146452, "50": 0.6062130938969661, "51": 0.2926714706602051, "52": 0.9217586009312606, "59": 0.5149058008426404, "61": 0.7533511082573936, "62": 0.5739507307472136, "64": 0.9217586009312606, "66": 0.5808446707006777, "70": 0.7979756133661735, "71": 0.696107718511853, "72": 0.7743625349946217, "73": 0.18293795068874083, "76": 0.7891336108874722, "77": 0.8830833783478265, "78": 0.8744754982697787, "81": 0.8366841729045951, "89": 0.831028870640479, "92": 0.7912124534639593, "93": 0.9711625608873772, "94": 0.8720945545738419, "96": 0.3833253033637922, "98": 0.1459838346281237, "99": 0.9180753773976005, "39": 0.9865001752117635, "42": 0.9672364309982049, "55": -0.27496486801528375, "56": 0.7466890867450248, "57": 0.483364597214891, "58": 0.5728643611160487, "60": 0.9217586009312606, "63": 0.5611925142068894, "65": 0.981232131685918, "69": 0.8773368069598443, "74": 0.9476023808238805, "79": 0.9472676651898911, "83": 0.6685836768275273, "86": 0.9488360901438864, "91": 0.9830954797357201, "80": 0.757604564146452, "82": 0.4754960567892639, "87": 0.3339497676344301, "88": 0.8711994502463034, "90": 0.1975043325266742, "97": 0.7010120954522201, "53": 0.9472676651898911, "68": 0.2886975191650046, "84": 0.8588622865052522, "85": 0.9488360901438864, "75": 0.980133147923703, "54": 0.9472676651898911, "67": 0.9727827329965694, "95": 0.8704023195015669, "103": 0.967905757640733, "108": 0.9488360901438864, "126": 0.7843756115166614, "138": 0.981232131685918, "140": 0.9488360901438864, "141": 0.921999206994456, "143": 0.8551666933742761, "146": 0.9901079757944491, "147": 0.8563758837099089, "148": 0.23751441866574657, "111": 0.8316076253923786, "112": 0.26306686635995324, "113": 0.9687175705183642, "114": 0.9180753773976005, "128": 0.8366841729045951, "136": 0.7010120954522201, "139": 0.8624183632005795, "142": 0.8316076253923786, "102": 0.8043442118213778, "116": 0.8756754309304606, "119": 0.9488360901438864, "121": 0.5320489077677621, "122": 0.8756754309304606, "123": 0.8261204300060645, "124": 0.8720945545738419, "104": 0.9488360901438864, "107": 0.3014277915473468, "134": 0.9687175705183642, "100": 0.4891209829630541, "101": 0.5676441731023765, "129": 0.6315999247181018, "130": 0.7239571071269477, "105": 0.9644804896774047, "110": 0.7789106268579697, "118": 0.9013207959089523, "125": 0.9477068043036703, "144": 0.9210822539726788, "109": 0.6082976936329352, "127": 0.9901079757944491, "132": 0.8073524827130789, "115": 0.9180753773976005, "137": 0.9592332369017739, "106": 0.684961249623832, "135": 0.9422384203384251, "120": 0.8756754309304606, "131": 0.8911632903733131, "117": 0.7247703653725033, "133": 0.2766104727276304, "145": 0.8126663064387858, "156": 0.17406179725007304, "163": 0.8070834178164799, "179": 0.5859972416326419, "184": 0.8213445434803914, "186": 0.8316076253923786, "178": 0.9949767420272078, "181": 0.9687175705183642, "182": 0.9592332369017739, "183": 0.9006714259588862, "193": 0.8434008597076282, "158": 0.6472125053108531, "165": 0.16059246515513667, "166": 0.8756754309304606, "168": 0.9652197466936353, "190": 0.8820515494364376, "196": 0.6844275921277261, "164": 0.9830954797357201, "169": 0.5676057079526842, "174": 0.545706878385076, "185": 0.14449678458109552, "157": 0.7216597150738794, "173": -0.6839958387610735, "192": 0.8732750368331976, "151": 0.6617562981920593, "180": 0.28296557984432374, "159": 0.9656330289232972, "161": 0.9830954797357201, "162": 0.7007155261307334, "170": 0.48771932999233114, "172": 0.7010120954522201, "177": 0.9316966264562736, "187": 0.684961249623832, "194": 0.9037624449431414, "198": 0.9656330289232972, "150": 0.525027673004182, "188": 0.9304763003992487, "197": 0.9194832481391102, "153": 0.5826371925090046, "189": 0.7782912029730289, "195": 0.9830954797357201, "154": 0.9090796779337953, "191": 0.7216597150738794, "171": 0.978789337755493, "212": 0.9865001752117635, "228": 0.9000543078507882, "230": 0.9687175705183642, "210": 0.8980219409923789, "246": 0.8720945545738419, "248": 0.9335934621781633, "202": 0.9091726585479631, "236": 0.614315707939549, "206": 0.7955272601359307, "221": 0.9949767420272078, "231": 0.9667771893756375, "232": 0.14449678458109552, "244": 0.5830765794498906, "224": 0.9477068043036703, "225": 0.9006714259588862, "241": 0.9865001752117635, "242": 0.7002029063388291, "226": 0.9090796779337953, "229": 0.7818255438676718, "249": 0.8311229959955457, "214": 0.8720945545738419, "220": -0.14932931480824793, "222": 0.9988882682104072, "209": 0.9901079757944491, "227": 0.9713595535558777, "200": 0.9901079757944491, "286": 0.9013207959089523, "282": 0.7955272601359307, "259": 0.9006714259588862, "252": 0.8311229959955457, "274": 0.8794961698328488, "279": 0.8311229959955457, "149": 0.7010120954522201, "294": 0.8794961698328488, "254": 0.6526061874683491, "264": 0.9648177708588577, "256": 0.9988882682104072, "261": 0.9453520912576178, "167": 0.8316076253923786, "155": 0.30624158554172143, "152": -0.6839958387610735, "312": 0.523868503082112, "314": 0.9573363750671867, "160": 0.2603552959480602, "366": 0.9884989516004242, "176": 0.3014277915473468, "199": 0.9642811283825925, "175": 0.9335934621781633}