{"0": 0.8331087363663148, "1": 0.23032766890594292, "2": 0.901748777249892, "3": 0.9021221516449848, "4": 0.6733213007476928, "5": 0.869170515593214, "6": 0.5513144173319915, "7": 0.48113657271127597, "8": 0.6491935015945167, "9": 0.6795369910146609, "10": 0.37913947202698584, "11": 0.9093223456592029, "12": -0.0020026099042433354, "13": 0.27361805570435394, "14": 0.8192778384406973, "15": 0.11661037297160878, "16": 0.6260072594908512, "17": 0.5968611232684455, "18": 0.8475814908605418, "19": 0.5198685220641122, "20": 0.7330987249464977, "21": 0.6013506347590544, "22": 0.980133147923703, "23": 0.8192778384406973, "24": 0.9472676651898911, "25": 0.7036495585102586, "26": 0.9771451713702621, "27": 0.8663412539970857, "28": 0.9865001752117635, "29": 0.8424427274500111, "30": 0.26136390952185357, "31": 0.6685812721607511, "32": 0.2667876912297211, "33": 0.5198685220641122, "34": 0.7849634154001839, "35": 0.8545885282580425, "36": 0.5190261319183183, "37": 0.9217586009312606, "38": 0.8646846833957632, "40": 0.6821030813261982, "41": 0.757604564146452, "43": 0.9949767420272078, "44": 0.9355283419584952, "45": 0.5685866553822061, "46": 0.832860782860757, "47": 0.8891737214146265, "48": 0.34384838052099814, "49": 0.9711625608873772, "50": 0.9432447077790973, "51": 0.12166981927533663, "52": 0.8333468763597425, "59": 0.7637396974633953, "61": 0.23032766890594292, "62": 0.7341373282659742, "64": 0.8697134878509117, "66": 0.9865001752117635, "70": 0.684961249623832, "71": 0.9367269048304978, "72": 0.9983737266052923, "73": 0.1909910687715558, "76": 0.6526061874683491, "77": 0.8261204300060645, "78": 0.605840532100246, "81": 0.6196188954656859, "89": 0.9711625608873772, "92": 0.7010120954522201, "93": 0.7010120954522201, "94": 0.036632719121081576, "96": -0.03156587147432149, "98": 0.9114128703941509, "99": 0.7658701887411197, "39": 0.7767105016024336, "42": 0.8727104168106703, "55": 0.8756754309304606, "56": 0.8271072745261993, "57": 0.8158767083442671, "58": 0.9983737266052923, "60": 0.8128551965592921, "63": 0.921999206994456, "65": 0.8333468763597425, "69": 0.9335934621781633, "74": 0.9735118549837684, "79": 0.784017252417081, "83": 0.7604629486437602, "86": 0.799615023321244, "91": 0.9129039455580766, "80": 0.9709483288034012, "82": 0.23797461824741764, "87": 0.5685866553822061, "88": 0.9700371969819471, "90": 0.9754846259278245, "97": 0.9476023808238805, "53": 0.9141130735845608, "54": 0.44260974064371894, "67": 0.6733559840239098, "68": 0.7425417598060612, "75": 0.8720945545738419, "84": 0.921999206994456, "85": 0.7075546733458378, "95": 0.6196188954656859, "103": 0.9298097197394065, "108": 0.9335934621781633, "126": 0.684961249623832, "138": 0.5120501550986825, "140": 0.9713595535558777, "141": 0.9709483288034012, "143": 0.9055122579192303, "146": 0.6083236993266841, "147": 0.9141130735845608, "148": 0.9589096676097786, "111": 0.5247123185998133, "112": 0.9180753773976005, "113": 0.8128551965592921, "114": 0.8126874765373676, "128": 0.9096911896636037, "136": 0.8389093422016816, "139": 0.9114128703941509, "142": 0.9735118549837684, "102": 0.18168131915734786, "116": 0.9129039455580766, "119": 0.7002029063388291, "121": 0.8843497809749714, "122": 0.9713595535558777, "123": -0.0947404194997906, "124": 0.8720945545738419, "104": 0.6082976936329352, "107": 0.5320489077677621, "134": 0.7624445995266373, "100": 0.8720945545738419, "101": 0.8216912714609571, "129": -0.03156587147432149, "130": 0.9713595535558777, "105": 0.8756754309304606, "110": 0.1077806181958469, "118": 0.6919477357832404, "125": 0.9754846259278245, "144": 0.3833553170332483, "109": 0.16671988941425248, "127": -0.1752464829013728, "132": 0.6045765665799226, "115": 0.8655817455287372, "137": 0.9604526003642835, "106": 0.5045588321637767, "135": 0.9275127850095358, "120": 0.684961249623832, "131": 0.7658701887411197, "117": 0.8546179968153367, "133": 0.6963771897821527, "145": 0.9687175705183642, "156": 0.9573363750671867, "163": 0.9865001752117635, "179": 0.920017648857659, "184": 0.8213445434803914, "186": 0.9892581571897634, "178": 0.9949767420272078, "181": 0.8213445434803914, "182": 0.8978997239936704, "183": 0.9865001752117635, "193": 0.8983851212872435, "158": 0.9713595535558777, "165": 0.8688965644538921, "166": 0.8830833783478265, "168": 0.981232131685918, "190": 0.8533643694982009, "196": 0.9140329995531735, "164": 0.9865001752117635, "169": 0.9573363750671867, "174": 0.9988882682104072, "185": 0.3885201854651707, "157": 0.9983737266052923, "173": 0.9865001752117635, "192": 0.9472676651898911, "151": 0.9830954797357201, "180": 0.9074541861500449, "159": 0.9949767420272078, "161": 0.9140329995531735, "162": 0.8794961698328488, "170": 0.981232131685918, "172": 0.9983737266052923, "177": 0.9709483288034012, "187": 0.9335934621781633, "194": 0.8446352867590317, "198": 0.9687175705183642, "150": 0.7787939383162538, "188": 0.9672702438730358, "197": 0.9983737266052923, "153": 0.8446352867590317, "189": 0.23032766890594292, "195": 0.9472676651898911, "154": 0.8463778409804674, "191": 0.9140329995531735, "171": -0.0475896289864841, "212": 0.9865001752117635, "228": 0.9000543078507882, "230": 0.9687175705183642, "210": 0.8980219409923789, "246": 0.8720945545738419, "248": 0.9335934621781633, "202": 0.9091726585479631, "236": 0.614315707939549, "206": 0.7955272601359307, "221": 0.9949767420272078, "231": 0.9667771893756375, "232": 0.14449678458109552, "244": 0.5830765794498906, "224": 0.9477068043036703, "225": 0.9006714259588862, "241": 0.9865001752117635, "242": 0.7002029063388291, "226": 0.9090796779337953, "229": 0.7818255438676718, "249": 0.8311229959955457, "214": 0.8720945545738419, "220": -0.14932931480824793, "222": 0.9988882682104072, "209": 0.9901079757944491, "227": 0.9713595535558777, "200": 0.9901079757944491, "286": 0.9013207959089523, "282": 0.7955272601359307, "259": 0.9006714259588862, "252": 0.8311229959955457, "274": 0.8794961698328488, "279": 0.8311229959955457, "149": 0.7323791081306441, "294": 0.8794961698328488, "254": 0.6526061874683491, "264": 0.9648177708588577, "256": 0.9988882682104072, "261": 0.9453520912576178, "167": 0.8311229959955457, "155": 0.3690962936014758, "152": 0.6082976936329352, "312": 0.523868503082112, "314": 0.9573363750671867, "160": 0.9983737266052923, "366": 0.9884989516004242}