{"0": 0.9140329995531735, "1": 0.4789519369834201, "2": 0.3837680876528047, "3": 0.5207177322239649, "4": 0.8910177617945494, "5": 0.217377347936606, "6": 0.832860782860757, "7": 0.6156622202193837, "8": 0.6131870975141346, "9": 0.8116761558597236, "10": 0.6770320426542933, "11": 0.4363111592967368, "12": 0.9709483288034012, "13": 0.5246136140799351, "14": 0.7881675578630427, "15": 0.8983463601088227, "16": 0.24752186339555415, "17": 0.9204330867250647, "18": 0.3482138605219307, "19": 0.48113657271127597, "20": 0.8619542941991082, "21": 0.9949767420272078, "22": 0.7258420653129816, "23": 0.5111266360904942, "24": 0.41093811114888945, "25": 0.8128551965592921, "26": 0.6260072594908512, "27": 0.9157957284855488, "28": 0.7010120954522201, "29": 0.7747386091992334, "30": 0.9442464244826696, "31": 0.7271401704394795, "32": 0.8254988486734921, "33": 0.9711625608873772, "34": 0.816270436803537, "35": 0.7831581017980025, "36": 0.8233378272451217, "37": 0.6451319466072196, "38": 0.7569885934507092, "40": 0.8238581718076301, "41": 0.8250488487227128, "43": 0.5449196140592707, "44": 0.9983737266052923, "45": 0.7260287547211197, "46": 0.9217586009312606, "47": 0.7127301950855451, "48": 0.654304067001488, "49": 0.9472676651898911, "50": 0.8407693308317126, "51": 0.9865001752117635, "52": 0.9592332369017739, "59": 0.8933491304844663, "61": 0.852279079366884, "62": 0.9488360901438864, "64": 0.8251599375915066, "66": 0.5676441731023765, "70": 0.8420786987995936, "71": 0.8921282619199455, "72": 0.7459154378713146, "73": 0.7782912029730289, "76": 0.9865001752117635, "77": 0.6886440616536545, "78": 0.34384838052099814, "81": 0.9180753773976005, "89": 0.3014277915473468, "92": 0.3638635148014181, "93": 0.8938772884269843, "94": 0.6288473701422195, "96": 0.9642811283825925, "98": 0.2604839900946496, "99": 0.9687175705183642, "39": 0.5874847873110628, "42": 0.8386508790095224, "55": 0.18742208052071746, "56": 0.9901079757944491, "57": 0.5679596534133955, "58": 0.8001426607777367, "60": 0.8953599538075763, "63": 0.8021923264667223, "65": 0.19395068682633732, "69": 0.27669094956796647, "74": 0.7441413475856093, "79": 0.1296168950068498, "83": 0.8756754309304606, "86": 0.8813757932458062, "91": 0.7896789767566742, "80": 0.9710685701243187, "82": 0.410653188179646, "87": 0.8366841729045951, "88": 0.7502100026158902, "90": 0.9180753773976005, "97": 0.612560195093728, "53": 0.9983737266052923, "68": 0.9983737266052923, "84": 0.20719309844180892, "85": 0.5807491517114851, "75": 0.8452701926364774, "54": 0.804452863827992, "67": 0.9053622125320325, "95": 0.3014277915473468, "103": 0.33576824896005153, "108": 0.9196762676827337, "126": 0.8935615923305564, "138": 0.7336565076444184, "140": 0.7075546733458378, "141": 0.6017735393995904, "143": 0.967905757640733, "146": 0.9830954797357201, "147": 0.8308239821551775, "148": 0.8233785818459912, "111": 0.9901079757944491, "112": 0.7697260742928163, "113": 0.6944969252135587, "114": 0.8704784461589856, "128": 0.9488360901438864, "136": 0.6569847333452887, "139": 0.9361488673595424, "142": 0.8739450406691072, "102": 0.53361542765685, "116": 0.6805693877472758, "119": 0.08753688818673482, "121": 0.684961249623832, "122": 0.8830833783478265, "123": 0.7782912029730289, "124": 0.7569536847721546, "104": 0.8720945545738419, "107": 0.5874343959391126, "134": 0.6705346123853475, "100": 0.525027673004182, "101": 0.8405407644692295, "129": 0.6487520872752499, "130": 0.8720945545738419, "105": 0.9686171275658811, "110": 0.7663804670551821, "118": 0.43328391038108616, "125": 0.981232131685918, "144": 0.6796756543690005, "109": 0.4654234218588927, "127": -0.0475896289864841, "132": 0.9006714259588862, "115": 0.827282561875899, "137": 0.9687175705183642, "106": 0.7010120954522201, "135": 0.981232131685918, "120": 0.5881578926636244, "131": 0.49597666656300005, "117": 0.6842440698002539, "133": 0.978789337755493, "145": 0.49142699466513073, "156": 0.9573363750671867, "163": 0.9865001752117635, "179": 0.920017648857659, "184": 0.8213445434803914, "186": 0.9892581571897634, "178": 0.9949767420272078, "181": 0.8213445434803914, "182": 0.8978997239936704, "183": 0.9865001752117635, "193": 0.8983851212872435, "158": 0.9713595535558777, "165": 0.8688965644538921, "166": 0.8830833783478265, "168": 0.981232131685918, "190": 0.8533643694982009, "196": 0.9140329995531735, "164": 0.9865001752117635, "169": 0.9573363750671867, "174": 0.9988882682104072, "185": 0.3885201854651707, "157": 0.9983737266052923, "173": 0.9865001752117635, "192": 0.9472676651898911, "151": 0.9830954797357201, "180": 0.9074541861500449, "159": 0.9949767420272078, "161": 0.9140329995531735, "162": 0.8794961698328488, "170": 0.981232131685918, "172": 0.9983737266052923, "177": 0.9709483288034012, "187": 0.9335934621781633, "194": 0.8446352867590317, "198": 0.9687175705183642, "150": 0.7787939383162538, "188": 0.9672702438730358, "197": 0.9983737266052923, "153": 0.8446352867590317, "189": 0.23032766890594292, "195": 0.9472676651898911, "154": 0.8463778409804674, "191": 0.9140329995531735, "171": -0.0475896289864841, "212": 0.9865001752117635, "228": 0.9000543078507882, "230": 0.9687175705183642, "210": 0.8980219409923789, "246": 0.8720945545738419, "248": 0.9335934621781633, "202": 0.9091726585479631, "236": 0.614315707939549, "206": 0.7955272601359307, "221": 0.9949767420272078, "231": 0.9667771893756375, "232": 0.14449678458109552, "244": 0.5830765794498906, "224": 0.9477068043036703, "225": 0.9006714259588862, "241": 0.9865001752117635, "242": 0.7002029063388291, "226": 0.9090796779337953, "229": 0.7818255438676718, "249": 0.8311229959955457, "214": 0.8720945545738419, "220": -0.14932931480824793, "222": 0.9988882682104072, "209": 0.9901079757944491, "227": 0.9713595535558777, "200": 0.9901079757944491, "286": 0.9013207959089523, "282": 0.7955272601359307, "259": 0.9006714259588862, "252": 0.8311229959955457, "274": 0.8794961698328488, "279": 0.8311229959955457, "149": 0.6682493754069185, "294": 0.8794961698328488, "254": 0.6526061874683491, "264": 0.9648177708588577, "256": 0.9988882682104072, "261": 0.9453520912576178, "167": 0.8311229959955457, "155": 0.3690962936014758, "152": 0.6082976936329352, "312": 0.523868503082112, "314": 0.9573363750671867, "160": 0.9983737266052923, "366": 0.9884989516004242}