{"0": 0.22972631955948664, "1": 0.3554271894037299, "2": 0.8203786080344411, "3": 0.9335934621781633, "4": 0.9490615228462083, "5": 0.9006714259588862, "6": 0.9356155407207811, "7": 0.8720945545738419, "8": 0.9125249009341821, "9": 0.4105452645597064, "10": 0.9518462812236099, "11": 0.6405815822416132, "12": 0.967905757640733, "13": 0.3575508046590984, "14": 0.8688965644538921, "15": 0.7010120954522201, "16": 0.8813757932458062, "17": 0.4059895454878515, "18": 0.6934803371938039, "19": 0.33644150563776626, "20": 0.9204330867250647, "21": 0.342361825567857, "22": 0.7937358642281429, "23": 0.15579101434495163, "24": 0.9652258575357737, "25": 0.6258554633767097, "26": 0.21807182070845554, "27": 0.978789337755493, "28": 0.7979756133661735, "29": 0.9949767420272078, "30": 0.8261204300060645, "31": 0.9865001752117635, "32": 0.9983737266052923, "33": 0.7466890867450248, "34": 0.9949767420272078, "35": 0.9442464244826696, "36": 0.6181763504578457, "37": 0.8953357204137226, "38": 0.8567362863972622, "40": 0.12249633937071452, "41": 0.7753083610876186, "43": 0.7258420653129816, "44": 0.8366841729045951, "45": 0.54537954129048, "46": 0.8921792184433653, "47": 0.8331843931538587, "48": 0.7093999187407606, "49": 0.9988882682104072, "50": 0.44546153143805456, "51": 0.4789285228096523, "52": 0.9983737266052923, "59": 0.7546283448610362, "61": 0.607632134666684, "62": 0.9983737266052923, "64": 0.9213548555104247, "66": 0.8679534731620147, "70": 0.8414123908184008, "71": 0.18771312898199888, "72": 0.8230865631329155, "73": 0.8830833783478265, "76": 0.16761387651803947, "77": 0.7634150330236524, "78": 0.88022253334417, "81": 0.6811988698789258, "89": 0.5790870233773533, "92": 0.013534463182910517, "93": 0.4852794412535927, "94": 0.9213548555104247, "96": 0.9711625608873772, "98": 0.981232131685918, "99": 0.7669301099235952, "39": 0.7933288423275344, "42": 0.6519273635236518, "55": 0.8809396244696035, "56": 0.48113657271127597, "57": 0.7260287547211197, "58": 0.5250155087416442, "60": 0.691751106621022, "63": 0.8444621505000198, "65": 0.8877798928865539, "69": 0.8896646908062511, "74": 0.9865001752117635, "79": 0.9204330867250647, "83": 0.4012252990772667, "86": 0.8910177617945494, "91": 0.8688965644538921, "80": 0.7336565076444184, "82": 0.19656059405019172, "87": 0.6938230769044524, "88": 0.978789337755493, "90": 0.34925759347273605, "97": 0.5917097081547765, "53": 0.6578214786098125, "68": 0.8588622865052522, "84": 0.799615023321244, "85": 0.7832415845423211, "75": 0.9196762676827337, "54": 0.8660605644604398, "67": 0.2604839900946496, "95": 0.7849001521249795, "103": 0.7174527187764418, "108": 0.7636034827416363, "126": 0.9988882682104072, "138": 0.794776585680275, "140": 0.7116043175588809, "141": 0.9644804896774047, "143": 0.9687175705183642, "146": 0.9472676651898911, "147": 0.7224614597509658, "148": 0.8679251610276782, "111": 0.9180753773976005, "112": 0.7010120954522201, "113": 0.9196762676827337, "114": 0.980133147923703, "128": 0.8720945545738419, "136": 0.39272569881070774, "139": 0.981232131685918, "142": 0.9275979296429275, "102": 0.8855337795628653, "116": 0.9884989516004242, "119": 0.7767297985970232, "121": 0.8316076253923786, "122": 0.8720945545738419, "123": 0.9713595535558777, "124": 0.8830833783478265, "104": 0.981232131685918, "107": 0.8117823156968187, "134": 0.981232131685918, "100": 0.7363235205463128, "101": 0.9335934621781633, "129": 0.9449277469107293, "130": 0.9488360901438864, "105": 0.5865493564423532, "110": 0.921999206994456, "118": 0.7922922652948766, "125": 0.716356944202799, "144": 0.8860465812167931, "109": 0.9013207959089523, "127": 0.9252433584349254, "132": 0.9687175705183642, "115": 0.7669301099235952, "137": 0.8358402932472024, "106": 0.9090796779337953, "135": 0.5320489077677621, "120": 0.7782912029730289, "131": 0.6118890333584028, "117": 0.716356944202799, "133": 0.9687175705183642, "145": 0.8147783194782252, "156": 0.9635051318471994, "163": 0.9865001752117635, "179": 0.920017648857659, "184": 0.7010120954522201, "186": 0.4275054659476264, "178": 0.7093816825109669, "181": 0.7297776690248152, "182": 0.47708520050579395, "183": 0.9865001752117635, "193": 0.5808446707006777, "158": 0.7844309628805703, "165": 0.9141130735845608, "166": 0.8830833783478265, "168": 0.981232131685918, "190": 0.9592332369017739, "196": 0.9257020524575003, "164": 0.9865001752117635, "169": 0.9201700234275214, "174": 0.9090796779337953, "185": 0.841832887969435, "157": 0.9983737266052923, "173": 0.684961249623832, "192": 0.9472676651898911, "151": 0.9247973727072252, "180": 0.2136550912785677, "159": 0.9652197466936353, "161": 0.9710685701243187, "162": 0.8794961698328488, "170": 0.9488360901438864, "172": 0.9983737266052923, "177": 0.8152910315062034, "187": 0.9214941663381312, "194": 0.921498007949856, "198": 0.8251599375915066, "150": 0.8394885437480385, "188": 0.9672702438730358, "197": 0.6552342640185442, "153": 0.8242123280917873, "189": 0.03375786136993137, "195": 0.89944571787745, "154": 0.8463778409804674, "191": 0.5862366567067023, "171": 0.7540808601525041, "212": 0.9865001752117635, "228": 0.9000543078507882, "230": 0.9687175705183642, "210": 0.8980219409923789, "246": 0.8720945545738419, "248": 0.9335934621781633, "202": 0.9091726585479631, "236": 0.614315707939549, "206": 0.7955272601359307, "221": 0.9949767420272078, "231": 0.9667771893756375, "232": 0.14449678458109552, "244": 0.5830765794498906, "224": 0.9477068043036703, "225": 0.9006714259588862, "241": 0.9865001752117635, "242": 0.7002029063388291, "226": 0.9090796779337953, "229": 0.7818255438676718, "249": 0.8311229959955457, "214": 0.8720945545738419, "220": -0.14932931480824793, "222": 0.9988882682104072, "209": 0.9901079757944491, "227": 0.9713595535558777, "200": 0.9901079757944491, "286": 0.9013207959089523, "282": 0.7955272601359307, "259": 0.9006714259588862, "252": 0.8311229959955457, "274": 0.8794961698328488, "279": 0.8311229959955457, "149": 0.6528908092686931, "294": 0.8794961698328488, "254": 0.6526061874683491, "264": 0.9648177708588577, "256": 0.9988882682104072, "261": 0.9453520912576178, "167": 0.6261618361665573, "155": 0.48771932999233114, "152": 0.8756754309304606, "312": 0.523868503082112, "314": 0.9573363750671867, "160": 0.9488360901438864, "366": 0.9884989516004242, "175": 0.9090796779337953, "199": 0.5659285638320148}