{"0": 0.8333468763597425, "1": 0.6058103655050147, "2": 0.029618091260230885, "3": 0.6685812721607511, "4": 0.832860782860757, "5": 0.8815986591591685, "6": 0.5896092488634156, "7": 0.8475814908605418, "8": 0.146496758185714, "9": 0.9188127376597343, "10": 0.691751106621022, "11": 0.8546179968153367, "12": 0.6526061874683491, "13": 0.866535739942897, "14": 0.3561555570194069, "15": 0.6236955654053149, "16": 0.1416938655417028, "17": 0.1416938655417028, "18": 0.9432447077790973, "19": 0.3014277915473468, "20": 0.8830833783478265, "21": -0.03156587147432149, "22": 0.841121674857908, "23": 0.7010120954522201, "24": 0.6897782779610693, "25": 0.5358827365043197, "26": 0.9710685701243187, "27": 0.857209295739242, "28": 0.8062843276951492, "29": 0.7782912029730289, "30": 0.9189842035837485, "31": 0.5509321997381238, "32": 0.9204330867250647, "33": 0.8192778384406973, "34": 0.8192778384406973, "35": 0.9021221516449848, "36": 0.5808446707006777, "37": 0.7466890867450248, "38": 0.9021221516449848, "40": 0.981232131685918, "41": 0.5247123185998133, "43": 0.9013207959089523, "44": 0.9472676651898911, "45": 0.9141130735845608, "46": 0.9656330289232972, "47": 0.8809396244696035, "48": 0.47375041638672777, "49": 0.9865001752117635, "50": 0.9711625608873772, "51": 0.7637396974633953, "52": 0.901748777249892, "59": 0.5980084337551699, "61": 0.5905357269786584, "62": 0.5350990871777538, "64": 0.8333468763597425, "66": 0.8823835282062946, "70": 0.6082976936329352, "71": -0.03156587147432149, "72": 0.8463778409804674, "73": 0.9006714259588862, "76": 0.9096911896636037, "77": 0.9013207959089523, "78": -0.0475896289864841, "81": 0.9983737266052923, "89": 0.9700371969819471, "92": 0.6821030813261982, "93": -0.0475896289864841, "94": 0.8980757237031942, "96": 0.1416938655417028, "98": 0.8756754309304606, "99": 0.9771451713702621, "39": 0.9949767420272078, "42": 0.8311229959955457, "55": 0.9096911896636037, "56": 0.8311229959955457, "57": 0.8720945545738419, "58": 0.8271072745261993, "60": 0.8756754309304606, "63": 0.9490615228462083, "65": 0.9093223456592029, "69": 0.9983737266052923, "74": 0.34798782986239263, "79": 0.8720945545738419, "83": 0.9687175705183642, "86": 0.684961249623832, "91": 0.9129039455580766, "80": 0.832860782860757, "82": 0.8655817455287372, "87": 0.981232131685918, "88": 0.7451525819373325, "90": 0.7437328602714011, "97": 0.7010120954522201, "53": 0.23032766890594292, "54": 0.7637396974633953, "67": 0.967905757640733, "68": 0.8394074838025692, "75": 0.8756754309304606, "84": 0.9777812587919528, "85": 0.9713595535558777, "95": 0.7010120954522201, "103": 0.48607992823877844, "108": 0.8697134878509117, "126": 0.5966738237920806, "138": 0.7782912029730289, "140": 0.8060194200022409, "141": 0.980133147923703, "143": 0.6082976936329352, "146": 0.6196188954656859, "147": 0.7002029063388291, "148": 0.5812670872069942, "111": -0.14167133689226313, "112": 0.7782912029730289, "113": 0.9771451713702621, "114": 0.7010120954522201, "128": 0.7909358414504506, "136": 0.9687175705183642, "139": 0.556000964508923, "142": 0.9687175705183642, "102": 0.9493540059122985, "116": 0.9488360901438864, "119": 0.8070834178164799, "121": 0.8463778409804674, "122": 0.9335934621781633, "123": 0.769174091523317, "124": 0.7437328602714011, "104": 0.9713595535558777, "107": 0.9476023808238805, "134": 0.8261204300060645, "100": 0.8720977720763801, "101": 0.8299467328804395, "129": 0.9488360901438864, "130": 0.531910650201581, "105": 0.9309065637866576, "110": 0.6955019234460835, "118": 0.757604564146452, "125": 0.214399480532646, "144": 0.9590995066198915, "109": 0.4815945903399375, "127": 0.978789337755493, "132": 0.7075546733458378, "115": 0.841121674857908, "137": 0.9129039455580766, "106": 0.3014277915473468, "135": 0.3851175990717133, "120": -0.0947404194997906, "131": 0.8316076253923786, "117": 0.48607992823877844, "133": 0.146496758185714, "145": 0.18991645461406698, "156": 0.8261204300060645, "163": 0.9830954797357201, "179": 0.6284436739232024, "184": 0.8292426892435174, "186": 0.9830954797357201, "178": 0.5509321997381238, "181": 0.9477068043036703, "182": 0.9077358750553168, "183": 0.9652197466936353, "193": 0.7010120954522201, "158": 0.9472676651898911, "165": 0.8809389516283095, "166": 0.9217455898854673, "168": 0.9160671221351466, "190": 0.8386443644739268, "196": 0.7634150330236524, "164": 0.8261204300060645, "169": 0.8601391183990965, "174": 0.9074541861500449, "185": 0.5808446707006777, "157": 0.9053063904673835, "173": 0.49281774027427117, "192": 0.657525869929417, "151": -0.027144066241102993, "180": 0.5355456875995361, "159": 0.7669301099235952, "161": 0.8705595318762438, "162": 0.8384411035876512, "170": 0.5120501550986825, "172": 0.9335934621781633, "177": 0.8830833783478265, "187": 0.9090796779337953, "194": 0.9988882682104072, "198": 0.9686171275658811, "150": 0.7039858364543273, "188": 0.9830954797357201, "197": 0.28513373283687415, "153": 0.9141130735845608, "189": 0.8261204300060645, "195": 0.4269452430459335, "154": 0.9109242775708097, "191": 0.9204330867250647, "171": 0.9140329995531735, "212": 0.43550405304087314, "228": 0.8555364444457623, "230": 0.24396959644417837, "210": 0.7837520275698541, "246": 0.6975997234153776, "248": 0.9642811283825925, "202": 0.9074541861500449, "236": 0.14449678458109552, "206": 0.27651093854946196, "221": 0.523868503082112, "231": 0.25110148918381286, "232": 0.9090796779337953, "244": 0.9140329995531735, "224": 0.8094125813583768, "225": 0.9215069846318639, "241": 0.9074541861500449, "242": 0.8719271460165274, "226": 0.6063829534534999, "229": 0.6919477357832404, "249": 0.3637049733672413, "214": 0.8720945545738419, "220": -0.27496486801528375, "222": 0.9006714259588862, "209": 0.5659285638320148, "227": 0.5941437583531144, "200": 0.14449678458109552, "286": 0.9013207959089523, "282": 0.7955272601359307, "259": 0.9006714259588862, "252": 0.8311229959955457, "274": 0.8794961698328488, "279": 0.8311229959955457, "149": 0.9713595535558777, "294": 0.8794961698328488, "254": 0.6526061874683491, "264": 0.9648177708588577, "256": 0.9988882682104072, "261": 0.9453520912576178, "167": 0.9472676651898911, "155": 0.9140329995531735, "152": 0.9140329995531735, "312": 0.523868503082112, "314": 0.9573363750671867, "160": 0.9777812587919528, "366": 0.9884989516004242, "175": 0.9884989516004242, "176": 0.8261204300060645, "199": 0.8794961698328488, "205": 0.4983469910851129, "208": 0.8688965644538921, "238": 0.5550045090805424, "234": 0.6487111246053656, "239": 0.2011426332164294, "201": 0.7669301099235952, "203": 0.21809268916272456, "207": 0.537835062692781, "219": 0.6796756543690005, "235": 0.47149359929240386, "237": 0.8591247380937741, "247": 0.43704881345189384, "215": 0.5053438553202069, "218": 0.9592332369017739, "223": 0.942923417458683, "233": 0.13865812256397686, "243": 0.8463778409804674, "211": 0.3839454542936762, "204": 0.9713595535558777, "213": 0.8830833783478265, "245": 0.9477068043036703, "240": 0.652157166328143, "216": 0.826978145742863, "217": 0.9830954797357201}