{"0": 0.6149455842494634, "1": 0.6931708787226292, "2": 0.7154445681346266, "3": 0.743299877833786, "4": 0.9802987116697166, "5": 0.585586251779141, "6": 0.6365810511470711, "7": -0.15031556202259014, "8": 0.9949767420272078, "9": 0.7056472277510961, "10": 0.9204330867250647, "11": 0.6876179882201765, "12": 0.6735782915365496, "13": 0.5793706867046948, "14": 0.7817392181952088, "15": 0.6656066629156794, "16": 0.5320489077677621, "17": 0.8952635008702641, "18": 0.54003238427019, "19": 0.7912124534639593, "20": 0.19423447438909675, "21": 0.34134147125194636, "22": 0.3751876849467031, "23": 0.7041024934982236, "24": 0.9587780833337113, "25": 0.687927841768917, "26": 0.9949767420272078, "27": 0.7174630342668853, "28": 0.393873281306424, "29": 0.9709483288034012, "30": 0.438491458685178, "31": 0.4401763518675087, "32": 0.7416640637960858, "33": 0.03422586520722773, "34": 0.07798350368676599, "35": 0.5302901696822193, "36": 0.2706595861074507, "37": 0.8404461023348363, "38": 0.3405217516111892, "40": 0.786733698340724, "41": 0.6098420430407687, "43": 0.8320901845012879, "44": 0.9217586009312606, "45": 0.6139961670765683, "46": 0.860760505423685, "47": 0.6686109149132414, "48": 0.9442464244826696, "49": 0.7350175740056812, "50": 0.5358827365043197, "51": 0.9983737266052923, "52": 0.9539519567428785, "59": 0.5133215569640045, "61": 0.9687370516063287, "62": 0.8953599538075763, "64": 0.980133147923703, "66": 0.6768160915393464, "70": 0.45638704518319195, "71": 0.6117880079322333, "72": 0.7669301099235952, "73": 0.7909358414504506, "76": 0.7060281018781779, "77": 0.8813757932458062, "78": 0.6814252731877313, "81": 0.7957390314156751, "89": 0.7713681088565273, "92": 0.35858060987027596, "93": 0.9180753773976005, "94": 0.877167540121377, "96": 0.331939288326793, "98": 0.7028893158258074, "99": 0.9204330867250647, "39": 0.9217586009312606, "42": 0.9949767420272078, "55": 0.39559556768184057, "56": 0.3070787775146243, "57": 0.8756754309304606, "58": 0.6994775842207477, "60": 0.6540982249970537, "63": 0.448985439249058, "65": 0.7634150330236524, "69": 0.9180753773976005, "74": 0.34384838052099814, "79": 0.9983737266052923, "83": 0.757604564146452, "86": 0.2926714706602051, "91": 0.7343785613179589, "80": 0.3243089636675903, "82": 0.36176754556553603, "87": 0.6345900579021699, "88": 0.7792673511855288, "90": 0.8405576722715699, "97": 0.9983737266052923, "53": 0.7389820198058921, "54": 0.9367269048304978, "67": -0.15345094145548951, "68": 0.729975899645642, "75": 0.8546179968153367, "84": 0.981232131685918, "85": 0.8366841729045951, "95": 0.7041655571778778, "103": 0.9988882682104072, "108": 0.9098698567125048, "126": 0.9750826465612488, "138": 0.9988882682104072, "140": 0.9304763003992487, "141": 0.8903720116851059, "143": 0.1975043325266742, "146": 0.8794961698328488, "147": 0.9750826465612488, "148": 0.9573363750671867, "111": 0.9304763003992487, "112": 0.9335934621781633, "113": 0.920017648857659, "114": 0.9654973448254043, "128": 0.9713595535558777, "136": 0.8794961698328488, "139": 0.9361488673595424, "142": 0.9884989516004242, "102": 0.9072409240804903, "116": 0.9691939465332382, "119": 0.6082976936329352, "121": 0.8794961698328488, "122": 0.8830833783478265, "123": 0.5609849854360007, "124": 0.9865001752117635, "104": 0.7141588583608788, "107": 0.9865001752117635, "134": 0.8830833783478265, "100": 0.9691939465332382, "101": 0.9988882682104072, "129": 0.7365398254287008, "130": 0.9687175705183642, "105": 0.9865001752117635, "110": 0.9988882682104072, "118": 0.9140329995531735, "125": 0.8720945545738419, "144": -0.14932931480824793, "109": 0.6082976936329352, "127": -0.0475896289864841, "132": 0.9006714259588862, "115": 0.8188763159117212, "137": 0.8794961698328488, "106": 0.8720945545738419, "135": 0.9865001752117635, "120": 0.3690962936014758, "131": 0.8775265032524076, "117": 0.9493540059122985, "133": 0.9304763003992487, "145": 0.9509518987775469, "156": 0.9573363750671867, "163": 0.9865001752117635, "179": 0.920017648857659, "184": 0.8213445434803914, "186": 0.9892581571897634, "178": 0.9949767420272078, "181": 0.8213445434803914, "182": 0.8978997239936704, "183": 0.9865001752117635, "193": 0.8983851212872435, "158": 0.9713595535558777, "165": 0.8688965644538921, "166": 0.8830833783478265, "168": 0.981232131685918, "190": 0.8533643694982009, "196": 0.9140329995531735, "164": 0.9865001752117635, "169": 0.9573363750671867, "174": 0.9988882682104072, "185": 0.3885201854651707, "157": 0.9983737266052923, "173": 0.9865001752117635, "192": 0.9472676651898911, "151": 0.9830954797357201, "180": 0.9074541861500449, "159": 0.9949767420272078, "161": 0.9140329995531735, "162": 0.8794961698328488, "170": 0.981232131685918, "172": 0.9983737266052923, "177": 0.9709483288034012, "187": 0.9335934621781633, "194": 0.8446352867590317, "198": 0.9687175705183642, "150": 0.7787939383162538, "188": 0.9672702438730358, "197": 0.9983737266052923, "153": 0.8446352867590317, "189": 0.23032766890594292, "195": 0.9472676651898911, "154": 0.8463778409804674, "191": 0.9140329995531735, "171": -0.0475896289864841, "212": 0.9865001752117635, "228": 0.9000543078507882, "230": 0.9687175705183642, "210": 0.8980219409923789, "246": 0.8720945545738419, "248": 0.9335934621781633, "202": 0.9091726585479631, "236": 0.614315707939549, "206": 0.7955272601359307, "221": 0.9949767420272078, "231": 0.9667771893756375, "232": 0.14449678458109552, "244": 0.5830765794498906, "224": 0.9477068043036703, "225": 0.9006714259588862, "241": 0.9865001752117635, "242": 0.7002029063388291, "226": 0.9090796779337953, "229": 0.7818255438676718, "249": 0.8311229959955457, "214": 0.8720945545738419, "220": -0.14932931480824793, "222": 0.9988882682104072, "209": 0.9901079757944491, "227": 0.9713595535558777, "200": 0.9901079757944491, "286": 0.9013207959089523, "282": 0.7955272601359307, "259": 0.9006714259588862, "252": 0.8311229959955457, "274": 0.8794961698328488, "279": 0.8311229959955457, "149": 0.9559398348927166, "294": 0.8794961698328488, "254": 0.6526061874683491, "264": 0.9648177708588577, "256": 0.9988882682104072, "261": 0.9453520912576178, "167": 0.8311229959955457, "155": 0.3690962936014758, "152": 0.6082976936329352, "312": 0.523868503082112, "314": 0.9573363750671867, "160": 0.9983737266052923, "366": 0.9884989516004242}