{"0": 0.981232131685918, "1": 0.9237997359653143, "2": 0.5317684788741601, "3": 0.08025990607840923, "4": 0.6373061064082148, "5": 0.27655321067251715, "6": 0.752229462055999, "7": 0.9949767420272078, "8": 0.9687175705183642, "9": 0.9221622381568981, "10": 0.7093816825109669, "11": 0.6033229221637435, "12": 0.8316076253923786, "13": 0.7563688918781488, "14": 0.7947239594064365, "15": 0.3478558877362885, "16": 0.4952528876412239, "17": 0.9472676651898911, "18": 0.7787939383162538, "19": 0.2766104727276304, "20": 0.5623139758210218, "21": 0.8365170505443663, "22": 0.9392781343727664, "23": 0.8192778384406973, "24": 0.9604526003642835, "25": 0.8946708982650449, "26": 0.5986829170813355, "27": 0.6034894170974108, "28": 0.8720945545738419, "29": 0.7868196267911413, "30": 0.7074856642221141, "31": 0.8942472192073345, "32": 0.9406780617540247, "33": 0.9477068043036703, "34": 0.8327981909721512, "35": 0.8070834178164799, "36": 0.8395420366746683, "37": 0.9703889040133444, "38": 0.4023583845300799, "40": 0.5359964068690384, "41": 0.9949767420272078, "43": 0.9983737266052923, "44": 0.8062843276951492, "45": 0.8192778384406973, "46": 0.8897498184680724, "47": 0.9573363750671867, "48": 0.9865001752117635, "49": 0.8070704929281436, "50": 0.7950571195827062, "51": 0.7870072749384418, "52": 0.39841680683183134, "59": 0.981232131685918, "61": 0.949197368722514, "62": 0.8530040100972406, "64": 0.8128551965592921, "66": 0.5983314567731919, "70": 0.8691872707105253, "71": 0.8809396244696035, "72": 0.8249746550597714, "73": 0.841121674857908, "76": 0.981232131685918, "77": 0.5636677311855927, "78": 0.23300813848416443, "81": 0.9476023808238805, "89": 0.8292426892435174, "92": 0.981232131685918, "93": 0.8756754309304606, "94": 0.7336565076444184, "96": 0.9358469902546382, "98": 0.8366841729045951, "99": 0.9771451713702621, "39": 0.8841669172681577, "42": 0.8213445434803914, "55": 0.9983737266052923, "56": 0.8124465791272606, "57": 0.5980084337551699, "58": 0.7002029063388291, "60": 0.8610007790659149, "63": 0.9687175705183642, "65": 0.6526061874683491, "69": 0.9865001752117635, "74": 0.8809396244696035, "79": 0.729530830634914, "83": 0.33807816183279826, "86": 0.9488360901438864, "91": 0.8070834178164799, "80": 0.9488360901438864, "82": 0.579277026761041, "87": 0.981232131685918, "88": 0.7451525819373325, "90": 0.9687175705183642, "97": 0.6082976936329352, "53": 0.8333468763597425, "54": 0.7687266732545497, "67": 0.26350603602612926, "68": 0.832860782860757, "75": 0.8756754309304606, "84": 0.7328887417864776, "85": 0.6015948265512312, "95": 0.6166171489629666, "103": 0.48607992823877844, "108": 0.684961249623832, "126": 0.832860782860757, "138": 0.7782912029730289, "140": 0.9988882682104072, "141": 0.2011426332164294, "143": 0.8720945545738419, "146": 0.9687175705183642, "147": 0.7002029063388291, "148": 0.43164915495830813, "111": 0.39940716060681336, "112": 0.9713595535558777, "113": 0.9771451713702621, "114": 0.23032766890594292, "128": 0.684961249623832, "136": 0.5120501550986825, "139": 0.8147895908175931, "142": 0.9988882682104072, "102": 0.8231910663231381, "116": 0.6196188954656859, "119": 0.9129039455580766, "121": 0.8622073344390461, "122": 0.9642811283825925, "123": 0.9013207959089523, "124": 0.7437328602714011, "104": 0.901748777249892, "107": 0.6678093024213296, "134": 0.8261204300060645, "100": 0.8311229959955457, "101": 0.9592332369017739, "129": 0.42624125466833984, "130": 0.9771451713702621, "105": -0.2533528214200177, "110": 0.1975043325266742, "118": 0.8188763159117212, "125": 0.9830954797357201, "144": 0.8949211271494089, "109": 0.48607992823877844, "127": 0.9432447077790973, "132": 0.9335934621781633, "115": 0.7449588556572684, "137": 0.9713595535558777, "106": 0.3014277915473468, "135": 0.8188763159117212, "120": 0.7245788707859357, "131": 0.7010120954522201, "117": 0.48607992823877844, "133": 0.9865001752117635, "145": 0.8720945545738419, "156": 0.9710685701243187, "163": 0.6196188954656859, "179": 0.8463778409804674, "184": 0.8366841729045951, "186": 0.9652197466936353, "178": 0.5509321997381238, "181": 0.9477068043036703, "182": 0.9077358750553168, "183": 0.8891908864944287, "193": 0.8775265032524076, "158": 0.5509321997381238, "165": 0.5153973197400625, "166": 0.9217455898854673, "168": 0.9006714259588862, "190": 0.7937358642281429, "196": 0.7634150330236524, "164": 0.8261204300060645, "169": 0.7782912029730289, "174": 0.7848282212922729, "185": 0.9509518987775469, "157": 0.9053063904673835, "173": 0.7782912029730289, "192": 0.657525869929417, "151": 0.9777812587919528, "180": 0.7064838289458171, "159": 0.9687175705183642, "161": 0.8893648405821538, "162": 0.8463778409804674, "170": 0.5453052173669288, "172": 0.9335934621781633, "177": 0.9830954797357201, "187": 0.9090796779337953, "194": 0.7168071503936716, "198": 0.9686171275658811, "150": 0.7039858364543273, "188": 0.9830954797357201, "197": 0.28513373283687415, "153": 0.9141130735845608, "189": 0.980133147923703, "195": 0.4269452430459335, "154": 0.8031888154399565, "191": 0.6236955654053149, "171": 0.5033368068216524, "212": 0.43550405304087314, "228": 0.8555364444457623, "230": 0.24396959644417837, "210": 0.4754373823158723, "246": 0.6975997234153776, "248": 0.9006714259588862, "202": 0.9090796779337953, "236": 0.9691939465332382, "206": 0.9149068217490111, "221": 0.7915566846805993, "231": 0.25110148918381286, "232": 0.6824031949374525, "244": 0.9140329995531735, "224": 0.8094125813583768, "225": 0.9215069846318639, "241": 0.9074541861500449, "242": 0.6190373563490934, "226": 0.24629622076075364, "229": 0.5808446707006777, "249": 0.4409332562501549, "214": 0.8720945545738419, "220": 0.5546434165291765, "222": 0.9830954797357201, "209": 0.9140329995531735, "227": 0.980133147923703, "200": 0.14449678458109552, "286": 0.9013207959089523, "282": 0.9314833740175863, "259": 0.9006714259588862, "252": 0.8311229959955457, "274": 0.8862374456360023, "279": 0.8311229959955457, "149": 0.9493540059122985, "294": 0.835973949185624, "254": 0.6526061874683491, "264": 0.47492665617610963, "256": 0.9988882682104072, "261": 0.958814519421314, "167": 0.607632134666684, "155": 0.2810560184723132, "152": 0.2873209832392579, "312": 0.523868503082112, "314": 0.9573363750671867, "160": 0.7466890867450248, "366": 0.9884989516004242, "175": 0.6967298251361915, "176": 0.8261204300060645, "199": 0.8615555957814991, "205": 0.9559398348927166, "208": 0.8841669172681577, "238": 0.5550045090805424, "234": 0.3301270103714487, "239": 0.2011426332164294, "201": 0.7669301099235952, "203": 0.9449277469107293, "207": 0.9327349011946073, "219": 0.8615112575471175, "235": 0.47149359929240386, "237": 0.8591247380937741, "247": 0.9340071081722181, "215": 0.7197104814141624, "218": 0.9592332369017739, "223": 0.942923417458683, "233": 0.12630378245484197, "243": 0.8463778409804674, "211": 0.9592332369017739, "204": 0.828543519837134, "213": 0.9592332369017739, "245": 0.9477068043036703, "240": 0.652157166328143, "216": 0.826978145742863, "217": 0.9907737289176031, "284": 0.9335934621781633, "287": 0.9691939465332382, "253": 0.9282092094984904, "258": 0.5979411981704359, "272": 0.9000543078507882, "276": 0.33060858409000715, "255": 0.8277602821401775, "295": 0.9713595535558777, "298": 0.5808446707006777}