{"0": 0.9327349011946073, "1": 0.48964249595919046, "2": 0.9801948925335262, "3": 0.9691939465332382, "4": 0.6667605661755773, "5": 0.8623360721705868, "6": 0.9592332369017739, "7": 0.46419203036787565, "8": 0.41022751274368774, "9": 0.5761385373981732, "10": 0.9000543078507882, "11": 0.513813475465354, "12": 0.5187773916306693, "13": 0.9711625608873772, "14": 0.24850693671866686, "15": 0.7389926360062722, "16": 0.7862921683106591, "17": 0.74450528604845, "18": 0.8213445434803914, "19": 0.49502172060244265, "20": 0.9013207959089523, "21": 0.9592332369017739, "22": 0.5139119101428755, "23": 0.9949767420272078, "24": 0.7328887417864776, "25": 0.8070834178164799, "26": 0.8959506830135902, "27": 0.8249746550597714, "28": 0.9472676651898911, "29": 0.9949767420272078, "30": 0.9586919378087284, "31": 0.8331981128014844, "32": 0.6210664867716069, "33": 0.6381460889283319, "34": 0.6082976936329352, "35": 0.8841702055667628, "36": 0.9949767420272078, "37": 0.7183954030464319, "38": 0.9865001752117635, "40": 0.9472676651898911, "41": 0.967905757640733, "43": 0.6236955654053149, "44": 0.5788843069796188, "45": 0.9949767420272078, "46": 0.712831214936943, "47": 0.8711994502463034, "48": 0.9983737266052923, "49": 0.9983737266052923, "50": 0.9654374707004462, "51": 0.9884989516004242, "52": 0.9907737289176031, "59": 0.5215347704907529, "61": 0.981232131685918, "62": 0.9573363750671867, "64": 0.9389317900104532, "66": 0.4170036908105299, "70": 0.7782912029730289, "71": 0.924359473501971, "72": 0.836585437085434, "73": 0.23032766890594292, "76": 0.607632134666684, "77": 0.981232131685918, "78": 0.5331592632238147, "81": 0.9154708898617174, "89": 0.9713595535558777, "92": 0.8907066920709366, "93": 0.646203326888917, "94": 0.614546529787422, "96": 0.9335934621781633, "98": 0.6061367038825813, "99": 0.7035429966592748, "39": 0.8261204300060645, "42": 0.6335357121142486, "55": 0.6815799757626786, "56": 0.8775090557992211, "57": 0.9949767420272078, "58": 0.981232131685918, "60": 0.9213548555104247, "63": 0.6061367038825813, "65": 0.9865001752117635, "69": 0.7223536591635843, "74": 0.6349817162181675, "79": 0.3276128511127841, "83": 0.9432447077790973, "86": 0.8756754309304606, "91": 0.8720945545738419, "80": 0.806096050308855, "82": 0.8463778409804674, "87": 0.9687175705183642, "88": 0.7991437719188091, "90": 0.967905757640733, "97": 0.8979459823482292, "53": 0.9472676651898911, "68": 0.8664737594554823, "84": 0.3702217257773508, "85": 0.9983737266052923, "75": 0.4353790223169475, "54": 0.967905757640733, "67": 0.829267570653595, "95": 0.9090796779337953, "103": 0.6082976936329352, "108": 0.967905757640733, "126": 0.19923013700757308, "138": 0.9013207959089523, "140": 0.8830833783478265, "141": 0.832860782860757, "143": 0.8366841729045951, "146": 0.6196188954656859, "147": 0.041791283767412486, "148": 0.5509321997381238, "111": 0.9573146345238671, "112": 0.9141130735845608, "113": 0.9983737266052923, "114": 0.8720945545738419, "128": 0.7010120954522201, "136": 0.9006714259588862, "139": 0.867671466746236, "142": 0.8720945545738419, "102": 0.981232131685918, "116": 0.7269039239564163, "119": 0.6061367038825813, "121": 0.978789337755493, "122": 0.6151676297974078, "123": 0.9687175705183642, "124": 0.8830833783478265, "104": 0.8015605091861033, "107": 0.9006714259588862, "134": 0.9013207959089523, "100": 0.9141130735845608, "101": 0.8998062392572328, "129": 0.7010120954522201, "130": 0.8213445434803914, "105": 0.8841669172681577, "110": 0.9216100146884108, "118": 0.2281498683488753, "125": 0.8366841729045951, "144": 0.7010120954522201, "109": 0.9901079757944491, "127": -0.0947404194997906, "132": 0.8126609257453652, "115": 0.9472676651898911, "137": 0.9988882682104072, "106": 0.7748364778935144, "135": 0.7010120954522201, "120": 0.7365398254287008, "131": 0.9090796779337953, "117": 0.919277347240018, "133": 0.5453052173669288, "145": 0.8316076253923786, "156": 0.48607992823877844, "163": 0.8463778409804674, "179": 0.8688965644538921, "184": 0.6999636831160654, "186": 0.9830954797357201, "178": 0.7782912029730289, "181": 0.9488360901438864, "182": 0.832860782860757, "183": 0.3000983998457136, "193": 0.9644804896774047, "158": 0.4515665398840316, "165": 0.832860782860757, "166": 0.9830954797357201, "168": 0.9884989516004242, "190": 0.9335934621781633, "196": 0.9830954797357201, "164": 0.8645321962681458, "169": 0.8720945545738419, "174": 0.9316966264562736, "185": 0.9180753773976005, "157": 0.8720945545738419, "173": 0.8311229959955457, "192": 0.9006714259588862, "151": 0.9687175705183642, "180": 0.9687175705183642, "159": 0.1975043325266742, "161": 0.8830833783478265, "162": 0.8510486120203178, "170": 0.9141130735845608, "172": 0.9449277469107293, "177": 0.9304763003992487, "187": 0.189715774421225, "194": 0.9830954797357201, "198": 0.8614803323691871, "150": 0.7909358414504506, "188": 0.8830833783478265, "197": 0.861609922820866, "153": 0.8370569314040022, "189": 0.9425128577246487, "195": 0.8670503769609645, "154": 0.000722957805710489, "191": 0.9884989516004242, "171": 0.9771451713702621, "212": 0.6082976936329352, "228": 0.8351867929527144, "230": -0.27496486801528375, "210": 0.7010120954522201, "246": 0.778013293012892, "248": 0.8213445434803914, "202": 0.9988882682104072, "236": 0.9687175705183642, "206": 0.8980219409923789, "221": 0.7451525819373325, "231": 0.9140329995531735, "232": 0.9177778432333028, "244": 0.5431214271451874, "224": 0.5172920858213403, "225": 0.31334218706051065, "241": 0.44098115763402845, "242": 0.8522138360190168, "226": 0.22204631175398373, "229": 0.9074541861500449, "249": 0.9090796779337953, "214": 0.7451525819373325, "220": 0.9642811283825925, "222": 0.8070834178164799, "209": 0.896250594654551, "227": 0.6364749929951916, "200": 0.9212696731928448, "286": 0.9013207959089523, "282": 0.9335934621781633, "259": 0.5808446707006777, "252": 0.9576444674854349, "274": 0.8453048777385126, "279": 0.9988882682104072, "149": 0.9687175705183642, "294": 0.9691939465332382, "254": 0.6526061874683491, "264": 0.9006714259588862, "256": 0.9726470427282614, "261": 0.9453520912576178, "167": 0.9316966264562736, "155": 0.1975043325266742, "152": 0.9090796779337953, "312": 0.523868503082112, "314": 0.9573363750671867, "160": 0.9884989516004242, "366": 0.9884989516004242, "176": 0.7807773054616817, "199": 0.9672145785527155, "175": 0.9735118549837684, "208": 0.9140329995531735, "217": 0.9181169426857589, "243": 0.8537599583759073, "245": -0.27496486801528375, "201": 0.9830954797357201, "207": 0.9830954797357201, "235": 0.6284436739232024, "211": 0.5423844318823411, "240": 0.9691939465332382, "247": 0.5321501730028227, "213": 0.7490409196151773, "223": 0.9090796779337953, "234": 0.2011426332164294, "239": 0.9140329995531735, "216": 0.9335934621781633, "238": 0.10047556457296908, "204": 0.9830954797357201, "215": 0.7010120954522201, "205": 0.7390305774385937, "219": 0.8370011810290605, "237": 0.7122636184977501, "203": 0.9140329995531735, "218": 0.8188773417294917, "257": 0.9335934621781633, "281": 0.6450819217451216, "285": 0.8530040100972406, "290": 0.8370569314040022, "250": 0.9573363750671867, "268": 0.5995030975426605, "273": 0.5984882081394154, "278": 0.8443727045078806, "291": 0.5808446707006777, "298": 0.9652197466936353, "269": 0.9189796994070691, "283": 0.9213548555104247, "296": 0.3096375798953373, "297": 0.11245997999190274, "255": 0.36806161337201504, "263": 0.9140329995531735, "276": 0.4409332562501549, "295": 0.828507570283525, "266": 0.9642811283825925, "251": 0.5703945542091542, "271": 0.9713595535558777}