{"0": 0.7979756133661735, "1": 0.8057263274894069, "2": 0.883960878534453, "3": 0.9118598007337486, "4": 0.6309152521011229, "5": 0.7061971506234372, "6": 0.1720706464373993, "7": 0.7279846663786773, "8": 0.7298750408948977, "9": 0.4453730358301353, "10": 0.8216912714609571, "11": 0.897738363336651, "12": 0.7010120954522201, "13": 0.863547011667655, "14": 0.5071641985960144, "15": 0.9087508783739897, "16": 0.9141130735845608, "17": 0.7938989570177452, "18": 0.6414593545548871, "19": 0.6166770921673854, "20": 0.981232131685918, "21": 0.48113657271127597, "22": 0.7495135951978164, "23": 0.7174813276622595, "24": 0.8720945545738419, "25": 0.9949767420272078, "26": 0.791436508930389, "27": 0.8813757932458062, "28": 0.9420883591387001, "29": 0.9709483288034012, "30": 0.38760331019552174, "31": 0.967135551584275, "32": 0.627376200020261, "33": 0.555853566224635, "34": 0.6260072594908512, "35": 0.7658701887411197, "36": 0.7831581017980025, "37": 0.9217586009312606, "38": 0.6396537333041044, "40": 0.32630521486870356, "41": 0.8878011756923945, "43": -0.010909624139728326, "44": 0.9711625608873772, "45": 0.6442962344906399, "46": 0.9217586009312606, "47": 0.8321176453623331, "48": 0.9983737266052923, "49": 0.9830954797357201, "50": -0.09139718386449758, "51": 0.22780588866132478, "52": 0.8316076253923786, "59": 0.8720945545738419, "61": 0.7466890867450248, "62": 0.7776494649834338, "64": 0.5509321997381238, "66": 0.8255335542746467, "70": 0.8128551965592921, "71": 0.4158985613360686, "72": 0.9865001752117635, "73": 0.6487520872752499, "76": 0.8546179968153367, "77": 0.7829164184396329, "78": 0.7905783040941385, "81": 0.921999206994456, "89": 0.7016430386802859, "92": 0.981232131685918, "93": 0.47019651633395976, "94": 0.7075546733458378, "96": 0.8809396244696035, "98": 0.28846434869586896, "99": 0.4990254046253081, "39": 0.9472676651898911, "42": 0.5633752427841641, "55": 0.6527383214021293, "56": 0.7709655471410095, "57": 0.34384838052099814, "58": 0.48771932999233114, "60": 0.9157957284855488, "63": 0.7608191592017229, "65": 0.7044558405808279, "69": 0.7127301950855451, "74": 0.9476023808238805, "79": 0.2926714706602051, "83": 0.9180753773976005, "86": 0.8872734189235806, "91": 0.29134253995454784, "80": 0.9472676651898911, "82": 0.7782912029730289, "87": 0.44631691968334963, "88": 0.9217586009312606, "90": 0.7979756133661735, "97": 0.921999206994456, "53": 0.6491935015945167, "68": 0.981232131685918, "84": 0.9712097172582024, "85": 0.5241478553875311, "75": 0.9462769360884645, "54": 0.9865001752117635, "67": 0.24829918017215435, "95": 0.9687175705183642, "103": 0.7912124534639593, "108": 0.8530040100972406, "126": 0.757604564146452, "138": 0.7425417598060612, "140": 0.9252433584349254, "141": 0.8546179968153367, "143": 0.9700371969819471, "146": 0.9472676651898911, "147": 0.35269236272948823, "148": 0.8316076253923786, "111": 0.5920931757809508, "112": 0.8505949392722003, "113": 0.8192217898519648, "114": 0.6017735393995904, "128": 0.7247738367745771, "136": 0.9488360901438864, "139": 0.7260287547211197, "142": 0.5685866553822061, "102": 0.8855337795628653, "116": 0.980133147923703, "119": 0.9013207959089523, "121": 0.9316966264562736, "122": 0.8820515494364376, "123": 0.3956403970145097, "124": 0.9712097172582024, "104": 0.5853607357094317, "107": 0.5980084337551699, "134": 0.7216597150738794, "100": 0.9363102851791325, "101": 0.7053250850897668, "129": 0.5619661924945494, "130": 0.3146609447107383, "105": 0.6080825110291159, "110": 0.9687175705183642, "118": 0.9140329995531735, "125": 0.716356944202799, "144": 0.7138505591216038, "109": 0.6628812303530356, "127": 0.8860465812167931, "132": 0.3967336641280661, "115": 0.30624158554172143, "137": 0.14449678458109552, "106": 0.9488360901438864, "135": 0.8798222729324074, "120": 0.31688577729922074, "131": 0.7860905399769399, "117": 0.8756754309304606, "133": 0.9252433584349254, "145": 0.7782912029730289, "156": 0.9573363750671867, "163": 0.9865001752117635, "179": 0.920017648857659, "184": 0.8213445434803914, "186": 0.9892581571897634, "178": 0.9949767420272078, "181": 0.8213445434803914, "182": 0.8978997239936704, "183": 0.9865001752117635, "193": 0.8983851212872435, "158": 0.9713595535558777, "165": 0.8688965644538921, "166": 0.8830833783478265, "168": 0.981232131685918, "190": 0.8533643694982009, "196": 0.9140329995531735, "164": 0.9865001752117635, "169": 0.9573363750671867, "174": 0.9988882682104072, "185": 0.3885201854651707, "157": 0.9983737266052923, "173": 0.9865001752117635, "192": 0.9472676651898911, "151": 0.9830954797357201, "180": 0.9074541861500449, "159": 0.9949767420272078, "161": 0.9140329995531735, "162": 0.8794961698328488, "170": 0.981232131685918, "172": 0.9983737266052923, "177": 0.9709483288034012, "187": 0.9335934621781633, "194": 0.8446352867590317, "198": 0.9687175705183642, "150": 0.7787939383162538, "188": 0.9672702438730358, "197": 0.9983737266052923, "153": 0.8446352867590317, "189": 0.23032766890594292, "195": 0.9472676651898911, "154": 0.8463778409804674, "191": 0.9140329995531735, "171": -0.0475896289864841, "212": 0.9865001752117635, "228": 0.9000543078507882, "230": 0.9687175705183642, "210": 0.8980219409923789, "246": 0.8720945545738419, "248": 0.9335934621781633, "202": 0.9091726585479631, "236": 0.614315707939549, "206": 0.7955272601359307, "221": 0.9949767420272078, "231": 0.9667771893756375, "232": 0.14449678458109552, "244": 0.5830765794498906, "224": 0.9477068043036703, "225": 0.9006714259588862, "241": 0.9865001752117635, "242": 0.7002029063388291, "226": 0.9090796779337953, "229": 0.7818255438676718, "249": 0.8311229959955457, "214": 0.8720945545738419, "220": -0.14932931480824793, "222": 0.9988882682104072, "209": 0.9901079757944491, "227": 0.9713595535558777, "200": 0.9901079757944491, "286": 0.9013207959089523, "282": 0.7955272601359307, "259": 0.9006714259588862, "252": 0.8311229959955457, "274": 0.8794961698328488, "279": 0.8311229959955457, "149": 0.5710752585811706, "294": 0.8794961698328488, "254": 0.6526061874683491, "264": 0.9648177708588577, "256": 0.9988882682104072, "261": 0.9453520912576178, "167": 0.8311229959955457, "155": 0.3690962936014758, "152": 0.6082976936329352, "312": 0.523868503082112, "314": 0.9573363750671867, "160": 0.9983737266052923, "366": 0.9884989516004242}