{"0": 0.9625700517036602, "1": 0.8953599538075763, "2": 0.7196182030376441, "3": 0.5638555862947048, "4": 0.9644804896774047, "5": 0.9472676651898911, "6": 0.17701882824091913, "7": 0.9476718328721578, "8": 0.4961888451840507, "9": 0.5358827365043197, "10": 0.806971628043814, "11": 0.9422384203384251, "12": 0.5230044591358521, "13": 0.9402583688148918, "14": 0.8830833783478265, "15": 0.9711625608873772, "16": 0.6815660531926984, "17": 0.8247502182858499, "18": 0.5379412487179522, "19": 0.9217586009312606, "20": 0.8366841729045951, "21": 0.2011426332164294, "22": 0.9672702438730358, "23": 0.9432447077790973, "24": 0.18441469765746812, "25": 0.7277393101022782, "26": 0.42045658840120614, "27": 0.6842440698002539, "28": 0.9865001752117635, "29": 0.967905757640733, "30": 0.9189842035837485, "31": 0.5942767602074022, "32": 0.9983737266052923, "33": 0.9949767420272078, "34": 0.2011426332164294, "35": 0.7010120954522201, "36": 0.8720945545738419, "37": 0.5895896390554834, "38": 0.7608528783887835, "40": 0.4068627483413719, "41": 0.7449334470914104, "43": 0.3431187303073333, "44": 0.7466890867450248, "45": 0.6962121059988966, "46": 0.5808446707006777, "47": 0.8117823156968187, "48": 0.9865001752117635, "49": 0.9316966264562736, "50": 0.9709483288034012, "51": 0.9949767420272078, "52": 0.35430940951272544, "59": 0.5218204607123316, "61": 0.8864566488738711, "62": 0.6247832318015012, "64": 0.5358827365043197, "66": 0.9592332369017739, "70": 0.07633951268953647, "71": 0.43638333501248405, "72": 0.6413911019625415, "73": 0.8830833783478265, "76": 0.8132803932024162, "77": 0.6790385852091951, "78": 0.8453048777385126, "81": 0.8133680992160988, "89": 0.8688965644538921, "92": 0.8366841729045951, "93": 0.8548839782440353, "94": 0.5515817801473177, "96": 0.519316353382574, "98": 0.9335934621781633, "99": 0.5110517885037026, "39": 0.9983737266052923, "42": 0.967905757640733, "55": 0.9335934621781633, "56": 0.9642811283825925, "57": 0.8311229959955457, "58": 0.9140329995531735, "60": 0.8070834178164799, "63": 0.3431187303073333, "65": 0.9726470427282614, "69": 0.8546179968153367, "74": 0.1975043325266742, "79": 0.7010120954522201, "83": 0.2926714706602051, "86": 0.9687175705183642, "91": 0.9983737266052923, "80": 0.8366841729045951, "82": 0.9472676651898911, "87": 0.8316076253923786, "88": 0.7216597150738794, "90": 0.9488360901438864, "97": 0.7010120954522201, "53": 0.8720945545738419, "54": 0.2926714706602051, "67": 0.7669301099235952, "68": 0.8132803932024162, "75": 0.8316076253923786, "84": 0.9988882682104072, "85": 0.9316966264562736, "95": 0.8311229959955457, "103": 0.981232131685918, "108": 0.96706302647472, "126": 0.14449678458109552, "138": 0.7782912029730289, "140": 0.8756754309304606, "141": 0.981232131685918, "143": 0.6082976936329352, "146": 0.8213445434803914, "147": 0.7932646592074911, "148": 0.6791852138514036, "111": 0.9300887168309432, "112": 0.7782912029730289, "113": 0.820662874091461, "114": 0.8830833783478265, "128": 0.7909358414504506, "136": 0.8743068194514108, "139": 0.8107370734696572, "142": 0.9687175705183642, "102": 0.9493540059122985, "116": 0.9488360901438864, "119": 0.8070834178164799, "121": 0.8756754309304606, "122": 0.6938230769044524, "123": 0.769174091523317, "124": 0.6463442241072261, "104": 0.9687175705183642, "107": 0.432849665100872, "134": 0.9090796779337953, "100": 0.8071363181032795, "101": 0.8299467328804395, "129": 0.255373365339177, "130": 0.9157840809325861, "105": 0.9488360901438864, "110": 0.757604564146452, "118": 0.9687175705183642, "125": 0.7328887417864776, "144": 0.8720945545738419, "109": 0.4815945903399375, "127": 0.978789337755493, "132": 0.7075546733458378, "115": 0.557010402473584, "137": 0.4529968712310437, "106": 0.8675095865691089, "135": 0.3851175990717133, "120": 0.9304763003992487, "131": 0.8316076253923786, "117": 0.8775265032524076, "133": 0.9642811283825925, "145": 0.8720945545738419, "156": 0.8261204300060645, "163": 0.9830954797357201, "179": 0.405528903364313, "184": 0.7116043175588809, "186": 0.9830954797357201, "178": 0.8651037410156577, "181": 0.9592332369017739, "182": 0.9642811283825925, "183": 0.832860782860757, "193": 0.7010120954522201, "158": 0.8382546850425348, "165": 0.5107945683338581, "166": -0.27496486801528375, "168": 0.7849001521249795, "190": 0.8386443644739268, "196": 0.7634150330236524, "164": 0.09604835621386855, "169": 0.8953599538075763, "174": 0.981232131685918, "185": 0.5808446707006777, "157": 0.9053063904673835, "173": 0.49281774027427117, "192": 0.7782912029730289, "151": -0.027144066241102993, "180": 0.5355456875995361, "159": 0.8070834178164799, "161": 0.8705595318762438, "162": 0.8384411035876512, "170": 0.5659285638320148, "172": 0.9335934621781633, "177": 0.9006714259588862, "187": 0.9090796779337953, "194": 0.716356944202799, "198": 0.7449632940069839, "150": 0.7039858364543273, "188": 0.9830954797357201, "197": 0.28513373283687415, "153": 0.9141130735845608, "189": 0.7116043175588809, "195": 0.4269452430459335, "154": 0.7260287547211197, "191": 0.45024367652157316, "171": 0.9726470427282614, "212": 0.5956072075928681, "228": 0.8555364444457623, "230": 0.24396959644417837, "210": 0.7837520275698541, "246": 0.6975997234153776, "248": 0.9642811283825925, "202": 0.1838621533899384, "236": 0.14449678458109552, "206": 0.9988882682104072, "221": 0.523868503082112, "231": 0.9667771893756375, "232": 0.9090796779337953, "244": 0.9140329995531735, "224": 0.8094125813583768, "225": 0.9141130735845608, "241": 0.9140329995531735, "242": 0.9691939465332382, "226": 0.6063829534534999, "229": 0.6919477357832404, "249": 0.8233785818459912, "214": 0.8720945545738419, "220": -0.27496486801528375, "222": 0.6260072594908512, "209": 0.9072409240804903, "227": 0.5941437583531144, "200": 0.14449678458109552, "286": 0.9013207959089523, "282": 0.7955272601359307, "259": 0.9006714259588862, "252": 0.8311229959955457, "274": 0.8794961698328488, "279": 0.8311229959955457, "149": 0.6980579129044038, "294": 0.8794961698328488, "254": 0.6526061874683491, "264": 0.9648177708588577, "256": 0.9988882682104072, "261": 0.9453520912576178, "167": 0.8962613633298666, "155": 0.8756754309304606, "152": 0.8131277285467442, "312": 0.523868503082112, "314": 0.9573363750671867, "160": 0.8316076253923786, "366": 0.9884989516004242, "175": 0.9884989516004242, "176": 0.9252433584349254, "199": 0.3146609447107383, "205": 0.6097473182174455, "208": 0.8688965644538921, "238": 0.9141130735845608, "234": 0.4958517112353681, "239": 0.6046612580989115, "201": 0.7669301099235952, "203": 0.21809268916272456, "207": 0.7782912029730289, "219": 0.20641358651095307, "235": 0.47149359929240386, "237": 0.8591247380937741, "247": 0.9765485267282645, "215": 0.9488360901438864, "218": 0.9090796779337953, "223": 0.9691939465332382, "233": 0.8104065611182529, "243": 0.8463778409804674, "211": 0.9830954797357201, "204": 0.9713595535558777, "213": 0.2525201372902002, "245": 0.9252433584349254, "240": 0.652157166328143, "216": 0.826978145742863, "217": 0.9830954797357201}