{"0": 0.7389296594229778, "1": 0.539190869272171, "2": 0.5896092488634156, "3": 0.6881469138757345, "4": 0.6526061874683491, "5": 0.11791081709996983, "6": 0.943959991281367, "7": 0.6685812721607511, "8": 0.8667782773059283, "9": 0.2370241823853118, "10": 0.6296359259300834, "11": 0.9472676651898911, "12": 0.7330734647896471, "13": 0.9539519567428785, "14": 0.8937292646683588, "15": 0.5513144173319915, "16": 0.6733213007476928, "17": 0.4183847681953678, "18": 0.8684827535567756, "19": 0.8284284073575849, "20": 0.757604564146452, "21": 0.8663412539970857, "22": 0.749850712666641, "23": -0.27496486801528375, "24": 0.8016408203693159, "25": 0.6260072594908512, "26": 0.6929517111605159, "27": 0.8444621505000198, "28": 0.9217586009312606, "29": 0.5190261319183183, "30": 0.0882759782354223, "31": 0.6559329327182228, "32": 0.7866875579257706, "33": 0.549288928665294, "34": 0.48113657271127597, "35": 0.9709483288034012, "36": 0.5278911777624051, "37": 0.6095664446458031, "38": 0.8158767083442671, "40": 0.9865001752117635, "41": 0.8311229959955457, "43": 0.26136390952185357, "44": 0.9949767420272078, "45": 0.5921071972552718, "46": 0.8377884954101573, "47": 0.8642616605705435, "48": 0.7010120954522201, "49": 0.5198685220641122, "50": 0.8475814908605418, "51": 0.613286290382963, "52": 0.8813757932458062, "59": 0.9315684879650371, "61": 0.7637396974633953, "62": 0.9983737266052923, "64": 0.765793712892126, "66": 0.7910066852120582, "70": 0.34384838052099814, "71": 0.9053622125320325, "72": 0.5292378121730696, "73": 0.423902084340132, "76": 0.7634150330236524, "77": 0.921999206994456, "78": 0.2214999126783835, "81": 0.981232131685918, "89": 0.8216912714609571, "92": 0.8117823156968187, "93": 0.7425417598060612, "94": 0.36015407363629903, "96": 0.9109242775708097, "98": 0.6733559840239098, "99": 0.5200810348877716, "39": 0.8543475528055253, "42": 0.9053622125320325, "55": 0.730393459622743, "56": 0.6260072594908512, "57": 0.9711625608873772, "58": 0.6258554352216742, "60": 0.9711625608873772, "63": 0.6774506021333373, "65": 0.9315684879650371, "69": 0.37540567929468754, "74": 0.33340365533327, "79": 0.6740471733991785, "83": 0.34164750922334475, "86": 0.406492026638524, "91": 0.684961249623832, "80": 0.716038394372499, "82": 0.23032766890594292, "87": 0.9589096676097786, "88": 0.7075546733458378, "90": 0.48607992823877844, "97": 0.8720945545738419, "53": 0.6733559840239098, "68": 0.7646757269224965, "84": 0.6744577688022808, "85": 0.5063309603075451, "75": 0.9181169426857589, "54": 0.7146534890473241, "67": 0.9114128703941509, "95": 0.9476023808238805, "103": 0.9988882682104072, "108": 0.9098698567125048, "126": 0.9750826465612488, "138": 0.9988882682104072, "140": 0.9304763003992487, "141": 0.8903720116851059, "143": 0.1975043325266742, "146": 0.8794961698328488, "147": 0.9750826465612488, "148": 0.9573363750671867, "111": 0.9304763003992487, "112": 0.9335934621781633, "113": 0.920017648857659, "114": 0.9654973448254043, "128": 0.9713595535558777, "136": 0.8794961698328488, "139": 0.9361488673595424, "142": 0.9884989516004242, "102": 0.9072409240804903, "116": 0.9691939465332382, "119": 0.6082976936329352, "121": 0.8794961698328488, "122": 0.8830833783478265, "123": 0.5609849854360007, "124": 0.9865001752117635, "104": 0.7141588583608788, "107": 0.9865001752117635, "134": 0.8830833783478265, "100": 0.9691939465332382, "101": 0.9988882682104072, "129": 0.7365398254287008, "130": 0.9687175705183642, "105": 0.9865001752117635, "110": 0.9988882682104072, "118": 0.9140329995531735, "125": 0.8720945545738419, "144": -0.14932931480824793, "109": 0.6082976936329352, "127": -0.0475896289864841, "132": 0.9006714259588862, "115": 0.8188763159117212, "137": 0.8794961698328488, "106": 0.8720945545738419, "135": 0.9865001752117635, "120": 0.3690962936014758, "131": 0.8775265032524076, "117": 0.9493540059122985, "133": 0.9304763003992487, "145": 0.9509518987775469, "156": 0.9573363750671867, "163": 0.9865001752117635, "179": 0.920017648857659, "184": 0.8213445434803914, "186": 0.9892581571897634, "178": 0.9949767420272078, "181": 0.8213445434803914, "182": 0.8978997239936704, "183": 0.9865001752117635, "193": 0.8983851212872435, "158": 0.9713595535558777, "165": 0.8688965644538921, "166": 0.8830833783478265, "168": 0.981232131685918, "190": 0.8533643694982009, "196": 0.9140329995531735, "164": 0.9865001752117635, "169": 0.9573363750671867, "174": 0.9988882682104072, "185": 0.3885201854651707, "157": 0.9983737266052923, "173": 0.9865001752117635, "192": 0.9472676651898911, "151": 0.9830954797357201, "180": 0.9074541861500449, "159": 0.9949767420272078, "161": 0.9140329995531735, "162": 0.8794961698328488, "170": 0.981232131685918, "172": 0.9983737266052923, "177": 0.9709483288034012, "187": 0.9335934621781633, "194": 0.8446352867590317, "198": 0.9687175705183642, "150": 0.7787939383162538, "188": 0.9672702438730358, "197": 0.9983737266052923, "153": 0.8446352867590317, "189": 0.23032766890594292, "195": 0.9472676651898911, "154": 0.8463778409804674, "191": 0.9140329995531735, "171": -0.0475896289864841, "212": 0.9865001752117635, "228": 0.9000543078507882, "230": 0.9687175705183642, "210": 0.8980219409923789, "246": 0.8720945545738419, "248": 0.9335934621781633, "202": 0.9091726585479631, "236": 0.614315707939549, "206": 0.7955272601359307, "221": 0.9949767420272078, "231": 0.9667771893756375, "232": 0.14449678458109552, "244": 0.5830765794498906, "224": 0.9477068043036703, "225": 0.9006714259588862, "241": 0.9865001752117635, "242": 0.7002029063388291, "226": 0.9090796779337953, "229": 0.7818255438676718, "249": 0.8311229959955457, "214": 0.8720945545738419, "220": -0.14932931480824793, "222": 0.9988882682104072, "209": 0.9901079757944491, "227": 0.9713595535558777, "200": 0.9901079757944491, "286": 0.9013207959089523, "282": 0.7955272601359307, "259": 0.9006714259588862, "252": 0.8311229959955457, "274": 0.8794961698328488, "279": 0.8311229959955457, "149": 0.9559398348927166, "294": 0.8794961698328488, "254": 0.6526061874683491, "264": 0.9648177708588577, "256": 0.9988882682104072, "261": 0.9453520912576178, "167": 0.8311229959955457, "155": 0.3690962936014758, "152": 0.6082976936329352, "312": 0.523868503082112, "314": 0.9573363750671867, "160": 0.9983737266052923, "366": 0.9884989516004242}