{"0": 0.3526778619058749, "1": 0.9988882682104072, "2": 0.5345284046397402, "3": 0.887165389288749, "4": 0.9903820945691412, "5": 0.7010120954522201, "6": 0.1975043325266742, "7": 0.5894869790125996, "8": 0.9949767420272078, "9": 0.9021221516449848, "10": 0.6875776884374059, "11": 0.5530611722950496, "12": 0.9884989516004242, "13": 0.7169325205302683, "14": 0.14449678458109552, "15": 0.48652483919001444, "16": 0.808470323295807, "17": 0.8940481552052424, "18": 0.8555364444457623, "19": 0.8316076253923786, "20": 0.6289856264895619, "21": 0.8927827537980686, "22": 0.9006714259588862, "23": 0.9949767420272078, "24": 0.9949767420272078, "25": 0.8337419378555685, "26": 0.7466890867450248, "27": 0.9592332369017739, "28": 0.8188763159117212, "29": 0.1416938655417028, "30": 0.9710685701243187, "31": 0.8271072745261993, "32": 0.981232131685918, "33": 0.8636599425886533, "34": 0.9711625608873772, "35": 0.6252474100125827, "36": 0.42339415305034134, "37": 0.6685812721607511, "38": 0.6821030813261982, "40": 0.7665306916872099, "41": 0.9865001752117635, "43": 0.9013207959089523, "44": 0.7145690992262819, "45": 0.607632134666684, "46": 0.4047192218774053, "47": 0.949197368722514, "48": 0.9378816422970868, "49": 0.8213445434803914, "50": 0.9983737266052923, "51": 0.5917212489562487, "52": 0.8809396244696035, "59": 0.2893623277397426, "61": 0.7437328602714011, "62": 0.9485822131185805, "64": 0.7328887417864776, "66": 0.9983737266052923, "70": 0.8261204300060645, "71": 0.778013293012892, "72": 0.8366841729045951, "73": -0.0475896289864841, "76": 0.981232131685918, "77": 0.6390810215853723, "78": 0.9335934621781633, "81": 0.9687175705183642, "89": 0.9777812587919528, "92": -0.03156587147432149, "93": 0.8366841729045951, "94": 0.6082976936329352, "96": 0.6774506021333373, "98": 0.8128551965592921, "99": 0.5358827365043197, "39": 0.3690962936014758, "42": 0.8192778384406973, "55": 0.9983737266052923, "56": 0.9865001752117635, "57": 0.9983737266052923, "58": 0.757604564146452, "60": 0.941952435588411, "63": 0.8938772884269843, "65": 0.8720945545738419, "69": 0.981232131685918, "74": 0.9983737266052923, "79": 0.978789337755493, "83": 0.2286235572418726, "86": 0.9709483288034012, "91": 0.9096911896636037, "80": 0.7075546733458378, "82": 0.9713595535558777, "87": 0.9476023808238805, "88": 0.7588971848174093, "90": 0.7010120954522201, "97": 0.8292426892435174, "53": 0.6061367038825813, "68": 0.867984422871782, "84": 0.9022856669750476, "85": 0.7723550713067353, "75": 0.9687175705183642, "54": 0.841121674857908, "67": 0.8823835282062946, "95": 0.832860782860757, "103": 0.8756754309304606, "108": 0.6082976936329352, "126": 0.4374794047614121, "138": 0.9830954797357201, "140": 0.832860782860757, "141": 0.8720945545738419, "143": 0.9006714259588862, "146": 0.967905757640733, "147": 0.8316076253923786, "148": 0.7931276706095458, "111": 0.23032766890594292, "112": 0.8384519689542054, "113": 0.8830833783478265, "114": 0.7002029063388291, "128": 0.826978145742863, "136": 0.8463778409804674, "139": 0.730353793914522, "142": 0.9700371969819471, "102": 0.949197368722514, "116": 0.5611022967235983, "119": -0.27496486801528375, "121": 0.5220569662425524, "122": 0.5808446707006777, "123": 0.7149449914646144, "124": 0.9771451713702621, "104": 0.9032542924194478, "107": 0.9713595535558777, "134": 0.8860123134002156, "100": 0.31689609869338903, "101": 0.9403846533518059, "129": 0.684961249623832, "130": 0.8872428903130216, "105": 0.9713595535558777, "110": 0.5905357269786584, "118": 0.48607992823877844, "125": 0.9180753773976005, "144": -0.07310790845330156, "109": 0.769978933230921, "127": 0.6111222427398473, "132": 0.6852309177799163, "115": 0.34384838052099814, "137": 0.9687175705183642, "106": 0.9884989516004242, "135": 0.6082976936329352, "120": 0.4339688861927028, "131": 0.9476023808238805, "117": 0.5120501550986825, "133": 0.9488360901438864, "145": 0.981232131685918, "156": 0.7130109798835393, "163": 0.6774506021333373, "179": 0.9081377569162026, "184": 0.684961249623832, "186": 0.5099200401850535, "178": 0.9140329995531735, "181": 0.4292082074465166, "182": 0.9652197466936353, "183": 0.9687175705183642, "193": 0.7782912029730289, "158": 0.9215069846318639, "165": 0.8463778409804674, "166": 0.8257036264735691, "168": 0.4286952217874857, "190": 0.8292426892435174, "196": 0.7010120954522201, "164": 0.8711994502463034, "169": 0.9019858038855033, "174": 0.8737673884645086, "185": 0.9141130735845608, "157": 0.657525869929417, "173": 0.9140329995531735, "192": 0.9074541861500449, "151": 0.9988882682104072, "180": 0.6196188954656859, "159": 0.7782912029730289, "161": 0.9713595535558777, "162": 0.9901079757944491, "170": 0.29283976205989626, "172": 0.35430940951272544, "177": 0.8261204300060645, "187": 0.9140329995531735, "194": 0.9587780833337113, "198": 0.9141130735845608, "150": 0.9006714259588862, "188": 0.607632134666684, "197": 0.6373522482994016, "153": 0.9072409240804903, "189": 0.9642811283825925, "195": 0.9415328181544287, "154": 0.8530040100972406, "191": 0.4859589089513556, "171": 0.8615555957814991, "212": 0.9830954797357201, "228": 0.5599470002327123, "230": 0.967905757640733, "210": 0.9140329995531735, "246": 0.9217455898854673, "248": 0.5280103684251121, "202": 0.8634972012844142, "236": 0.7744749744302012, "206": 0.8830833783478265, "221": 0.851365899104036, "231": 0.8188773417294917, "232": 0.8370569314040022, "244": 0.42949368802484167, "224": 0.9141130735845608, "225": 0.9097043845728758, "241": 0.831353635284674, "242": 0.8188773417294917, "226": 0.7782912029730289, "229": 0.9516956831276682, "249": 0.9140329995531735, "214": 0.28594774556769176, "220": 0.967905757640733, "222": 0.8213445434803914, "209": 0.36654332392293926, "227": 0.9576792667987334, "200": 0.3484906348568889, "286": 0.9013207959089523, "282": 0.9314833740175863, "259": 0.9006714259588862, "252": 0.9830954797357201, "274": 0.958814519421314, "279": 0.8311229959955457, "149": 0.9449277469107293, "294": 0.8794961698328488, "254": 0.48543551194910384, "264": 0.9648177708588577, "256": 0.9988882682104072, "261": 0.9453520912576178, "167": 0.8601391183990965, "155": 0.5346984354193256, "152": 0.7002029063388291, "312": 0.523868503082112, "314": 0.9573363750671867, "160": 0.29064563727233195, "366": 0.9884989516004242, "175": 0.43550405304087314, "199": 0.832860782860757, "176": 0.8805558672433613, "211": 0.5901359248278917, "223": 0.8615555957814991, "234": 0.3833553170332483, "247": 0.9884989516004242, "208": 0.3431187303073333, "237": 0.12630378245484197, "235": 0.8711994502463034, "205": 0.9488360901438864, "233": 0.9477068043036703, "243": 0.9140329995531735, "204": 0.43704881345189384, "238": 0.7101960089345128, "201": 0.8830833783478265, "215": 0.382522580810992, "217": 0.9626765078662243, "216": 0.1975043325266742, "245": 0.609225864488296, "203": 0.5920931757809508, "207": 0.9140329995531735, "218": 0.3288380754660751, "219": 0.6487111246053656, "240": 0.9573146345238671, "239": 0.9456500726951311, "251": 0.9192976330989, "262": 0.9691939465332382, "278": 0.11365175790483309, "284": 0.25962587460702247, "291": 0.7862921683106591, "295": 0.9559398348927166, "213": 0.7676653557833595, "267": 0.6082976936329352, "268": 0.5679754239264299, "272": 0.8164440519992329, "298": 0.5808446707006777}