{"1": 0.4156538000308728, "4": 0.898442188510006, "5": 0.9315684879650371, "6": 0.29678895457439525, "7": 0.36019599274420355, "8": 0.9656330289232972, "9": 0.5786232597120047, "10": 0.6796756543690005, "11": 0.9865001752117635, "12": 0.338420442051034, "13": 0.8884936595040442, "14": 0.9382053980900551, "15": 0.7084189144795185, "16": 0.730491235526475, "17": 0.5493409340272288, "18": 0.4086935148982711, "19": 0.7024621265605537, "21": 0.8490444854038749, "23": 0.8037328054477272, "24": 0.6146270350063245, "26": 0.7608528783887835, "27": 0.7350175740056812, "28": 0.9949767420272078, "29": 0.4637226310989762, "30": 0.9217586009312606, "35": 0.6894578908915058, "36": 0.7791841536784287, "37": 0.7330094384803911, "40": -0.2810040922799176, "44": 0.3291445530224776, "45": 0.7831581017980025, "47": 0.5792223499638832, "48": 0.48113657271127597, "52": 0.4534857141245311, "55": 0.9539519567428785, "56": 0.7796145044514069, "57": 0.4457085722862003, "58": 0.9604526003642835, "59": 0.24427880458326123, "61": 0.9709483288034012, "63": 0.5294447108015252, "65": 0.9711625608873772, "66": 0.6491935015945167, "67": 0.7973539670631666, "68": 0.3391746876589852, "69": 0.5272505623549513, "70": 0.5211734295670476, "72": 0.8953599538075763, "75": 0.5102183544560837, "77": 0.9196762676827337, "79": 0.8756754309304606, "84": 0.9157957284855488, "94": 0.9476023808238805, "95": 0.9687175705183642, "96": 0.9983737266052923, "97": 0.8109952153588464, "98": 0.4600731356288874}