{"0": 0.5703945542091542, "1": 0.9830954797357201, "2": 0.8334310701530694, "3": 0.1767561018272008, "4": 0.8316076253923786, "5": 0.7193369430604821, "6": 0.9207331764570266, "7": 0.9259351976497951, "8": 0.8794961698328488, "9": 0.8192778384406973, "10": 0.9691939465332382, "11": 0.9453520912576178, "12": -0.14932931480824793, "13": 0.9988882682104072, "14": 0.9884989516004242, "15": 0.6073028217056597, "16": 0.9096911896636037, "17": 0.9983737266052923, "18": 0.9586919378087284, "19": 0.8615112575471175, "20": 0.8549476145020383, "21": 0.942923417458683, "22": 0.8365170505443663, "23": 0.9432447077790973, "24": 0.8213445434803914, "25": 0.3885201854651707, "26": 0.8105367397294103, "27": 0.9114644625959997, "28": 0.7816386235745061, "29": 0.8192778384406973, "30": 0.7787939383162538, "31": 0.8280814828306626, "32": 0.9949767420272078, "33": 0.7631536018745131, "34": 0.8932572280915279, "35": 0.9949767420272078, "36": 0.8720945545738419, "37": 0.9949767420272078, "38": 0.8615112575471175, "40": 0.9713595535558777, "41": 0.9573363750671867, "43": 0.9988882682104072, "44": 0.8338039374787547, "45": 0.9573363750671867, "46": 0.981232131685918, "47": 0.523868503082112, "48": 0.832860782860757, "49": 0.5198685220641122, "50": 0.858992756787277, "51": 0.9573363750671867, "52": 0.23032766890594292, "59": 0.9576444674854349, "61": 0.8311229959955457, "62": 0.9061104814689838, "64": 0.9795468084192223, "66": 0.6298135326246893, "70": 0.48447517378709287, "71": 0.9983737266052923, "72": 0.832860782860757, "73": 0.8615112575471175, "76": -0.0475896289864841, "77": 0.9140329995531735, "78": 0.9687175705183642, "81": 0.9983737266052923, "89": 0.981232131685918, "92": 0.5868691334681175, "93": 0.9713595535558777, "94": 0.9949767420272078, "96": 0.9335934621781633, "98": 0.9949767420272078, "99": 0.8280814828306626, "39": 0.831315809318495, "42": 0.8456938319969669, "55": 0.8311229959955457, "56": 0.8439472402787911, "57": 0.8549476145020383, "58": 0.9129039455580766, "60": 0.7833145592966051, "63": 0.9687175705183642, "65": -0.0475896289864841, "69": 0.9061104814689838, "74": 0.9865001752117635, "79": 0.953211483519156, "83": 0.6082976936329352, "86": 0.8720945545738419, "91": -0.18019987315208102, "80": 0.6082976936329352, "82": 0.9855536974533013, "87": 0.9335934621781633, "88": 0.9983737266052923, "90": 0.981232131685918, "97": 0.8524668330362317, "53": 0.9865001752117635, "54": 0.8999328978891317, "67": -0.04837920405163643, "68": 0.9304763003992487, "75": 0.8794961698328488, "84": 0.981232131685918, "85": 0.9983737266052923, "95": 0.6082976936329352, "103": 0.9687175705183642, "108": 0.8830833783478265, "126": 0.9713595535558777, "138": 0.942699523539489, "140": 0.963944995920045, "141": 0.9472676651898911, "143": 0.9691939465332382, "146": 0.9414662340393021, "147": 0.8280814828306626, "148": 0.9884989516004242, "111": 0.7466890867450248, "112": 0.9573363750671867, "113": 0.7146921396144852, "114": 0.8615112575471175, "128": 0.9830954797357201, "136": 0.9559398348927166, "139": 0.9096911896636037, "142": 0.9573363750671867, "102": 0.9129039455580766, "116": 0.9687175705183642, "119": 0.9335934621781633, "121": 0.8775265032524076, "122": 0.9129039455580766, "123": 0.3072038754712934, "124": 0.9884989516004242, "104": 0.8789142893562266, "107": 0.8272030732920543, "134": 0.9884989516004242, "100": 0.6692430371893076, "101": 0.9884989516004242, "129": 0.6082976936329352, "130": 0.557010402473584, "105": 0.6082976936329352, "110": 0.9476023808238805, "118": 0.9884989516004242, "125": 0.513813475465354, "144": 0.5195850373691461, "109": 0.9713595535558777, "127": 0.942923417458683, "132": 0.9129039455580766, "115": 0.9472676651898911, "137": 0.8853431112904293, "106": 0.9801948925335262, "135": 0.942923417458683, "120": 0.9249524416875297, "131": 0.8794961698328488, "117": 0.9884989516004242, "133": -0.14932931480824793, "145": 0.5635099240319552, "156": 0.8927373892128565, "163": 0.47019651633395976, "179": 0.8775265032524076, "184": 0.6707525024355232, "186": 0.9485822131185805, "178": 0.3690962936014758, "181": 0.8841669172681577, "182": 0.1975043325266742, "183": 0.9140329995531735, "193": 0.7454925300229488, "158": 0.9573363750671867, "165": 0.8311229959955457, "166": 0.7365398254287008, "168": 0.1975043325266742, "190": 0.9453520912576178, "196": 0.7365398254287008, "164": 0.5116270937672289, "169": 0.8463778409804674, "174": 0.9129039455580766, "185": 0.8277602821401775, "157": 0.1975043325266742, "173": 0.3702217257773508, "192": 0.9779848608639259, "151": 0.8352441535944656, "180": 0.9006714259588862, "159": 0.9760772097385936, "161": 0.9140329995531735, "162": 0.27361805570435394, "170": 0.8116099358704894, "172": 0.9140329995531735, "177": -0.0475896289864841, "187": 0.6685812721607511, "194": 0.5799811776941057, "198": 0.9830954797357201, "150": 0.9830954797357201, "188": 0.7425417598060612, "197": 0.8757464117156971, "153": 0.6260927642888132, "189": 0.3250068372694748, "195": 0.7313639358544975, "154": 0.9327349011946073, "191": 0.8333468763597427, "171": 0.3885201854651707, "212": 0.9750826465612488, "228": 0.3702217257773508, "230": 0.5431214271451874, "210": 0.9129039455580766, "246": 0.9713595535558777, "248": 0.9140329995531735, "202": 0.9090796779337953, "236": 0.5808446707006777, "206": 0.942923417458683, "221": 0.8569287472943754, "231": 0.9304763003992487, "232": 0.9140329995531735, "244": 0.9865001752117635, "224": 0.8950225771487155, "225": 0.1864354156823636, "241": 0.8338039374787547, "242": 0.523868503082112, "226": 0.8995238736482618, "229": 0.9140329995531735, "249": 0.8615112575471175, "214": 0.8711994502463034, "220": 0.9884989516004242, "222": 0.9140329995531735, "209": 0.9559398348927166, "227": 0.9750826465612488, "200": 0.9884989516004242, "286": 0.88829058360338, "282": 0.8950225771487155, "259": 0.9509518987775469, "252": 0.9414662340393021, "274": 0.9750826465612488, "279": 0.8615112575471175, "149": 0.9291875099416065, "294": 0.9327349011946073, "254": 0.7365398254287008, "264": 0.9892581571897634, "256": 0.941544463957757, "261": 0.9830954797357201, "167": 0.525342654848407, "155": 0.953211483519156, "152": 0.9592332369017739, "312": 0.7545026222604149, "314": 0.9327349011946073, "160": 0.8830833783478265, "366": 0.9884989516004242, "175": 0.2613639095218535, "176": 0.6073028217056597, "199": 0.9140329995531735, "205": 0.9884989516004242, "208": 0.938598859247602, "238": 0.6779204832324099, "234": 0.6196188954656859, "239": 0.9140329995531735, "201": 0.9830954797357201, "203": 0.9710685701243187, "207": 0.9830954797357201, "219": 0.9140329995531735, "235": 0.9437858630591689, "237": 0.7833145592966051, "247": 0.9485822131185805, "215": 0.9988882682104072, "218": 0.9140329995531735, "223": 0.9432151547278886, "233": 0.5808446707006777, "243": 0.8790877937304722, "211": 0.9304763003992487, "204": 0.8922760164158616, "213": 0.9713595535558777, "245": 0.8794961698328488, "240": 0.9830954797357201, "216": 0.37540567929468754, "217": 0.9140329995531735, "284": 0.9415328181544287, "287": 0.8978997239936704, "253": 0.9154708898617174, "258": 0.887165389288749, "272": 0.7646757269224965, "276": 0.3885201854651707, "255": 0.8841669172681577, "295": 0.9441981666461794, "298": 0.8615112575471175, "257": 0.3885201854651707, "265": 0.7593201782472505, "271": 0.8853431112904293, "262": 0.523868503082112, "263": 0.8615112575471175, "266": 0.8853431112904293, "288": 0.5090991786701287, "292": 0.9093223456592029, "275": 0.9000543078507882, "277": 0.9830954797357201, "285": 0.8311885415906948, "293": 0.1661445520226371, "299": 0.8380422427434016, "250": 0.8944640113474871, "270": 0.8213445434803914, "260": 0.9132525752046923, "273": 0.953211483519156, "280": 0.9090796779337953, "289": 0.9830954797357201, "281": 0.9000543078507882, "267": 0.866299782057011, "297": 0.9415328181544287, "268": 0.8280814828306626, "251": 0.8280814828306626, "269": 0.8244851953009145, "278": 0.8342579232792438, "291": 0.9713595535558777,