{"0": 0.7245895363259967, "1": 0.23351657617948965, "2": 0.8673327826961177, "3": 0.33570969364751324, "4": 0.8953599538075763, "5": 0.7931670630448308, "6": 0.08566177823379231, "7": 0.8938537025014468, "8": 0.18923848781478989, "9": 0.9316966264562736, "10": 0.8938680623291939, "11": -0.21663253992098172, "12": 0.7466890867450248, "13": 0.7061591025242245, "14": 0.9587026556617874, "15": 0.21449292647589172, "16": 0.7010120954522201, "17": 0.9365811484491842, "18": 0.5377357740865994, "19": 0.5294447108015252, "20": 0.8971277989018693, "21": 0.9049405865315722, "22": 0.5358827365043197, "23": 0.9357029951962041, "24": 0.8117340037324081, "25": 0.9949767420272078, "26": 0.9217586009312606, "27": 0.7453433617089511, "28": 0.7782912029730289, "29": 0.8302051050303796, "30": 0.40717453683084925, "31": 0.9316966264562736, "32": 0.9710685701243187, "33": 0.8953357204137226, "34": 0.9983737266052923, "35": 0.7219928007212897, "36": 0.9709483288034012, "37": 0.7578963702693509, "38": 0.8117823156968187, "40": 0.9642811283825925, "41": 0.5185238248508265, "43": 0.881954928211701, "44": 0.7937358642281429, "45": 0.5718603377894399, "46": 0.9363102851791325, "47": 0.8917573949778926, "48": 0.4163371975924006, "49": 0.8412715584598364, "50": 0.7782912029730289, "51": 0.9292231992606019, "52": 0.9865001752117635, "59": 0.6171678513373113, "61": 0.7533511082573936, "62": 0.5987456197062906, "64": 0.9217586009312606, "66": 0.5808446707006777, "70": 0.3601264080600782, "71": 0.696107718511853, "72": 0.5693923088058399, "73": 0.8830833783478265, "76": 0.3014277915473468, "77": 0.4955072602017645, "78": 0.48337217481133465, "81": 0.7336565076444184, "89": 0.8756754309304606, "92": 0.7912124534639593, "93": 0.4413079580211946, "94": 0.981232131685918, "96": 0.8288506015077566, "98": 0.1459838346281237, "99": 0.8720945545738419, "39": 0.6832273746823239, "42": 0.9672364309982049, "55": 0.8756754309304606, "56": 0.9587780833337113, "57": 0.9711625608873772, "58": 0.6897782779610693, "60": 0.8546179968153367, "63": 0.5611925142068894, "65": 0.981232131685918, "69": 0.9725010622313472, "74": 0.1975043325266742, "79": 0.7324207003423019, "83": 0.8070834178164799, "86": 0.5294447108015252, "91": 0.7608528783887835, "80": 0.8333468763597425, "82": 0.4754960567892639, "87": 0.3171915534080465, "88": 0.9865001752117635, "90": 0.1975043325266742, "97": 0.6495641856976502, "53": 0.9472676651898911, "68": 0.9217586009312606, "84": 0.525027673004182, "85": 0.9488360901438864, "75": 0.8128551965592921, "54": 0.9472676651898911, "67": 0.9573146345238671, "95": 0.7010120954522201, "103": 0.9194832481391102, "108": 0.37273433962711594, "126": 0.7843756115166614, "138": 0.7656795650334285, "140": 0.5022595442132906, "141": 0.9013207959089523, "143": 0.5483982320747937, "146": 0.02854000326247845, "147": 0.978789337755493, "148": 0.23751441866574657, "111": 0.8316076253923786, "112": 0.8953599538075763, "113": 0.9687175705183642, "114": 0.9180753773976005, "128": 0.8251599375915066, "136": 0.8830833783478265, "139": 0.9488360901438864, "142": 0.8083819959319256, "102": 0.8711994502463034, "116": 0.8720945545738419, "119": 0.5072227971089143, "121": 0.5320489077677621, "122": 0.8756754309304606, "123": 0.8720945545738419, "124": 0.8720945545738419, "104": 0.9488360901438864, "107": 0.5179729526637489, "134": 0.9687175705183642, "100": 0.9090796779337953, "101": 0.7724441203768695, "129": 0.6315999247181018, "130": 0.7239571071269477, "105": 0.7979756133661735, "110": 0.7789106268579697, "118": 0.9013207959089523, "125": 0.9988882682104072, "144": 0.7604755292429785, "109": 0.8366841729045951, "127": 0.7995937005332028, "132": 0.9096721969629312, "115": 0.9180753773976005, "137": 0.6774506021333373, "106": 0.3260044807109843, "135": 0.981232131685918, "120": 0.9335934621781633, "131": 0.9488360901438864, "117": 0.7247703653725033, "133": 0.665763638821959, "145": 0.28531931615525974, "156": 0.17406179725007304, "163": 0.8070834178164799, "179": 0.7782912029730289, "184": 0.8213445434803914, "186": 0.9573363750671867, "178": 0.9949767420272078, "181": 0.9488360901438864, "182": 0.9592332369017739, "183": 0.49376421836332324, "193": 0.5187242748325352, "158": 0.862511364683826, "165": 0.8386443644739268, "166": 0.8756754309304606, "168": 0.8463778409804674, "190": 0.27651093854946196, "196": 0.9140329995531735, "164": 0.9830954797357201, "169": 0.5676057079526842, "174": 0.7116043175588809, "185": 0.6166770921673854, "157": 0.7782912029730289, "173": -0.6839958387610735, "192": -0.2721503593908512, "151": 0.9830954797357201, "180": 0.9592332369017739, "159": 0.7116043175588809, "161": 0.9830954797357201, "162": 0.9830954797357201, "170": 0.48771932999233114, "172": 0.4752633052694406, "177": 0.9592332369017739, "187": 0.684961249623832, "194": 0.9037624449431414, "198": 0.20641358651095307, "150": 0.9300887168309432, "188": 0.9304763003992487, "197": 0.28964031876180263, "153": 0.5826371925090046, "189": 0.4527030763252563, "195": 0.8902155816030437, "154": 0.9472676651898911, "191": 0.7216597150738794, "171": 0.9090796779337953, "212": 0.9865001752117635, "228": 0.9000543078507882, "230": 0.9687175705183642, "210": 0.8980219409923789, "246": 0.8720945545738419, "248": 0.9335934621781633, "202": 0.9091726585479631, "236": 0.614315707939549, "206": 0.7955272601359307, "221": 0.9949767420272078, "231": 0.9667771893756375, "232": 0.14449678458109552, "244": 0.5830765794498906, "224": 0.9477068043036703, "225": 0.9006714259588862, "241": 0.9865001752117635, "242": 0.7002029063388291, "226": 0.9090796779337953, "229": 0.7818255438676718, "249": 0.8311229959955457, "214": 0.8720945545738419, "220": -0.14932931480824793, "222": 0.9988882682104072, "209": 0.9901079757944491, "227": 0.9713595535558777, "200": 0.9901079757944491, "286": 0.9013207959089523, "282": 0.7955272601359307, "259": 0.9006714259588862, "252": 0.8311229959955457, "274": 0.8794961698328488, "279": 0.8311229959955457, "149": 0.7010120954522201, "294": 0.8794961698328488, "254": 0.6526061874683491, "264": 0.9648177708588577, "256": 0.9988882682104072, "261": 0.9453520912576178, "167": 0.6258554633767097, "155": 0.9006714259588862, "152": -0.6839958387610735, "312": 0.523868503082112, "314": 0.9573363750671867, "160": 0.2603552959480602, "366": 0.9884989516004242, "176": 0.3014277915473468, "199": 0.8622086041923036, "175": 0.9335934621781633}