{"1": 0.43741564736825267, "2": 0.525027673004182, "3": 0.7743489878573169, "4": 0.5786232597120047, "5": 0.9363102851791325, "6": 0.875247011452132, "7": 0.8952635008702641, "8": 0.9217586009312606, "9": 0.3270039576906926, "10": 0.897527019209936, "11": 0.9903820945691412, "13": 0.12822831405880006, "14": 0.921999206994456, "17": 0.8363100595305545, "18": 0.740558652943835, "19": 0.48113657271127597, "20": 0.14389750736612367, "21": 0.5722050408834765, "22": 0.9949767420272078, "23": 0.4650870158884059, "24": 0.14507908404272082, "25": 0.5225481595979736, "26": 0.2926714706602051, "27": 0.8128551965592921, "28": 0.9709483288034012, "29": 0.3484906348568889, "31": 0.5516925405587787, "32": 0.8877088024305109, "33": 0.6972669194972124, "34": 0.8773368069598443, "36": 0.7013035893906048, "37": 0.9725010622313472, "38": 0.8395356144814445, "41": 0.8546179968153367, "42": 0.8790397429269197, "43": 0.5461982222253408, "44": 0.3988506064408437, "52": 0.7426128910340224, "53": 0.3486702682268352, "58": 0.4203647683127778, "59": 0.9157957284855488, "60": 0.5236006306032392, "62": 0.4515407220895862, "66": 0.9355283419584952, "68": 0.8231423328797803, "69": 0.6839899930954828, "70": 0.9865001752117635, "76": 0.6983952161286942, "78": 0.7909358414504506, "80": 0.9652258575357737, "81": 0.8316076253923786, "82": 0.7373404626869298, "86": 0.736055290647058, "87": 0.9317598837696073, "88": 0.9539519567428785, "89": 0.509627554246697, "91": 0.757604564146452, "92": 0.5209195051153621, "99": 0.7236883692307972}