{"0": 0.22972631955948664, "1": 0.4580492289941529, "2": 0.8355551449679534, "3": 0.5820954936466356, "4": 0.9217586009312606, "5": 0.861748649968975, "6": 0.9181169426857589, "7": 0.09900782347466988, "8": 0.3527497769775495, "9": 0.7979756133661735, "10": 0.7677854416259807, "11": 0.8169683714073805, "12": 0.6890922457406525, "13": 0.9398918811091679, "14": 0.5483982320747937, "15": 0.36496904838827, "16": 0.6927145738725065, "17": 0.7439038160581573, "18": 0.967905757640733, "19": 0.9949767420272078, "20": 0.9688062717829664, "21": 0.6455934796480165, "22": 0.6667605661755773, "23": 0.8756754309304606, "24": 0.9865001752117635, "25": 0.9865001752117635, "26": 0.9422384203384251, "27": 0.5322509015155918, "28": 0.6487520872752499, "29": 0.8094544065103921, "30": 0.8261204300060645, "31": 0.875247011452132, "32": 0.7950130333829855, "33": 0.604889907503739, "34": 0.9949767420272078, "35": 0.9713595535558777, "36": 0.3070370123298247, "37": 0.9901079757944491, "38": 0.7466890867450248, "40": 0.12249633937071452, "41": 0.7753083610876186, "43": 0.7258420653129816, "44": 0.12249633937071452, "45": 0.757604564146452, "46": 0.6695723986007074, "47": 0.8331843931538587, "48": 0.48113657271127597, "49": 0.2682972741279794, "50": 0.7500512839344433, "51": 0.6232114157388773, "52": 0.8299467328804395, "59": 0.7917933497515188, "61": 0.607632134666684, "62": 0.9587780833337113, "64": 0.23660328262172242, "66": 0.4096548910336816, "70": 0.8858908275361402, "71": 0.6688746548862551, "72": 0.7053250850897668, "73": 0.9252433584349254, "76": 0.9983737266052923, "77": 0.7634150330236524, "78": 0.967905757640733, "81": 0.8316076253923786, "89": 0.981232131685918, "92": 0.8149397608544743, "93": 0.8720945545738419, "94": 0.9213548555104247, "96": 0.9711625608873772, "98": 0.981232131685918, "99": 0.7669301099235952, "39": 0.9644804896774047, "42": 0.2926714706602051, "55": 0.9983737266052923, "56": 0.5119782345404145, "57": 0.9472676651898911, "58": 0.8366841729045951, "60": 0.8481227552067219, "63": 0.8444621505000198, "65": 0.8877798928865539, "69": 0.8166053302879723, "74": 0.5837545268338189, "79": 0.9204330867250647, "83": 0.9687175705183642, "86": 0.9711625608873772, "91": 0.8688965644538921, "80": 0.7336565076444184, "82": 0.5632043443896786, "87": 0.6938230769044524, "88": 0.790776088677438, "90": 0.533628744761113, "97": 0.5917097081547765, "53": 0.757604564146452, "68": 0.9652258575357737, "84": 0.799615023321244, "85": 0.7677333075995527, "75": 0.4405498924815457, "54": 0.9013207959089523, "67": 0.2604839900946496, "95": 0.7782912029730289, "103": 0.7174527187764418, "108": 0.21252742223347362, "126": 0.9988882682104072, "138": 0.9830954797357201, "140": 0.8971277989018693, "141": 0.8953599538075763, "143": 0.9488360901438864, "146": 0.9472676651898911, "147": 0.7010120954522201, "148": 0.8679251610276782, "111": 0.7116043175588809, "112": 0.9488360901438864, "113": 0.9196762676827337, "114": 0.8809396244696035, "128": 0.5297737298731026, "136": 0.39272569881070774, "139": 0.981232131685918, "142": 0.8943679502262056, "102": 0.8855337795628653, "116": 0.9884989516004242, "119": 0.8335772549130416, "121": 0.8316076253923786, "122": 0.8720945545738419, "123": 0.8374957311247626, "124": 0.8830833783478265, "104": 0.981232131685918, "107": 0.5922623250192276, "134": 0.5329104359240064, "100": 0.8239283139676681, "101": 0.9476023808238805, "129": 0.9449277469107293, "130": 0.9687175705183642, "105": 0.9180753773976005, "110": 0.921999206994456, "118": 0.9142951613245062, "125": 0.14449678458109552, "144": 0.7010120954522201, "109": 0.9633369395459532, "127": 0.981232131685918, "132": 0.5204802251726164, "115": 0.3748792385214547, "137": 0.9140329995531735, "106": 0.684961249623832, "135": 0.7239845404696812, "120": 0.7782912029730289, "131": 0.6118890333584028, "117": 0.716356944202799, "133": 0.8311229959955457, "145": 0.981232131685918, "156": 0.9635051318471994, "163": 0.9687175705183642, "179": 0.9338192966385738, "184": 0.7010120954522201, "186": 0.8666290768872845, "178": 0.45446372755454767, "181": 0.7116043175588809, "182": 0.47708520050579395, "183": 0.9865001752117635, "193": 0.5808446707006777, "158": 0.7844309628805703, "165": 0.733402937629024, "166": 0.8830833783478265, "168": 0.981232131685918, "190": 0.9771451713702621, "196": 0.3146609447107383, "164": 0.9204330867250647, "169": 0.9201700234275214, "174": 0.9090796779337953, "185": 0.8323762119458958, "157": 0.1975043325266742, "173": 0.6082976936329352, "192": 0.9141130735845608, "151": 0.9247973727072252, "180": 0.7782912029730289, "159": 0.4621725125744175, "161": 0.8386443644739268, "162": 0.8794961698328488, "170": 0.9488360901438864, "172": 0.7170142209606934, "177": 0.39228390996648943, "187": 0.9214941663381312, "194": 0.9488360901438864, "198": 0.5659285638320148, "150": 0.8394885437480385, "188": 0.8463778409804674, "197": 0.6552342640185442, "153": 0.5602318511925755, "189": 0.03375786136993137, "195": 0.89944571787745, "154": 0.3014277915473468, "191": 0.5862366567067023, "171": 0.7540808601525041, "212": 0.9865001752117635, "228": 0.9000543078507882, "230": 0.9687175705183642, "210": 0.8980219409923789, "246": 0.8720945545738419, "248": 0.9335934621781633, "202": 0.9091726585479631, "236": 0.614315707939549, "206": 0.7955272601359307, "221": 0.9949767420272078, "231": 0.9667771893756375, "232": 0.14449678458109552, "244": 0.5830765794498906, "224": 0.9477068043036703, "225": 0.9006714259588862, "241": 0.9865001752117635, "242": 0.7002029063388291, "226": 0.9090796779337953, "229": 0.7818255438676718, "249": 0.8311229959955457, "214": 0.8720945545738419, "220": -0.14932931480824793, "222": 0.9988882682104072, "209": 0.9901079757944491, "227": 0.9713595535558777, "200": 0.9901079757944491, "286": 0.9013207959089523, "282": 0.7955272601359307, "259": 0.9006714259588862, "252": 0.8311229959955457, "274": 0.8794961698328488, "279": 0.8311229959955457, "149": 0.6528908092686931, "294": 0.8794961698328488, "254": 0.6526061874683491, "264": 0.9648177708588577, "256": 0.9988882682104072, "261": 0.9453520912576178, "167": 0.8463990518992994, "155": 0.48771932999233114, "152": 0.8756754309304606, "312": 0.523868503082112, "314": 0.9573363750671867, "160": 0.9488360901438864, "366": 0.9884989516004242, "175": 0.9090796779337953, "199": 0.5659285638320148}