{"0": 0.9711625608873772, "1": 0.5244299661595344, "2": 0.39836284285892753, "3": 0.4596474315044593, "4": 0.4419288276025106, "5": 0.8327763816584954, "6": 0.6715625794833703, "8": 0.7385045615065253, "10": 0.8590198123278379, "12": 0.5024143592268357, "13": 0.6108102551819312, "15": 0.5671389370016583, "19": 0.9949767420272078, "20": 0.9709483288034012, "21": 0.8183894412388786, "25": 0.5808747930384146, "26": 0.9217586009312606, "27": 0.8078851971102202, "29": 0.0027683462894503956, "30": 0.9865001752117635, "31": 0.5525785912384518, "33": 0.891422992330843, "36": 0.655760438615816, "37": 0.670857619485631, "38": 0.9983737266052923, "40": 0.9644804896774047, "43": 0.757604564146452, "45": 0.6845978981736784, "48": 0.5294447108015252, "49": 0.5588514106680078, "52": 0.921999206994456, "54": 0.9901079757944491, "56": 0.8329199498342685, "58": 0.6688772355318893, "65": 0.8162317384614399, "66": 0.981232131685918, "69": 0.8160669981090436, "71": 0.9488360901438864, "72": 0.7618648895393327, "73": 0.7249129375416163, "77": 0.9152364347871991, "81": 0.6578214786098125, "82": 0.9204330867250647, "83": 0.18930741332409834, "85": 0.4384669268995637, "86": 0.6487520872752499, "89": 0.9771451713702621, "90": 0.8939259516279616, "91": 0.7127301950855451}