{"0": 0.6291927296814677, "1": 0.6559255610090171, "3": 0.5767963224019306, "4": 0.8743034803525781, "5": 0.42602218826003324, "6": 0.8487163292350483, "7": 0.6211116865169782, "8": 0.5653255547927436, "9": 0.8813757932458062, "10": 0.8462380317307245, "11": 0.9199088291821714, "12": 0.9949767420272078, "13": 0.6260072594908512, "14": 0.9374193455156212, "15": 0.4870330999781767, "17": 0.9217586009312606, "18": 0.8546179968153367, "19": 0.9612043766727009, "20": 0.48113657271127597, "21": -0.024945180994394255, "23": 0.9771451713702621, "24": 0.8301926374121831, "25": 0.9709483288034012, "28": 0.41043529654095945, "29": 0.7562967573021788, "30": 0.509908732224552, "33": 0.9983737266052923, "36": 0.8330156279542347, "42": 0.486175395210381, "48": 0.53361542765685, "50": 0.9227641550709345, "52": 0.7127301950855451, "55": 0.7442884718619025, "56": 0.9711625608873772, "57": 0.9488360901438864, "58": 0.43431338286381, "59": 0.6221015892499535, "62": 0.9149068217490111, "63": 0.4788293088732544, "65": 0.5363412308002833, "66": 0.716682951966982, "67": 0.905853298347148, "70": 0.6708181822479666, "73": 0.9901079757944491, "75": 0.733402937629024, "79": 0.3456289990494381, "80": 0.8083077969518161, "82": 0.9013207959089523, "86": 0.7979756133661735, "87": 0.8830833783478265, "91": 0.4690361596534205, "95": 0.7452502892895586, "96": 0.757604564146452, "97": 0.4706012431662774}