{"0": 0.8124465791272606, "1": 0.5612821251086133, "2": 0.9830954797357201, "3": 0.8949709796010099, "4": 0.6491935015945167, "5": 0.31986859712356724, "6": 0.8541908306100509, "7": 0.7355974003219803, "8": 0.6366870246140801, "9": 0.5358827365043197, "10": 0.5236459272448243, "11": 0.2285825407494134, "12": 0.7939220342315942, "13": 0.6809582000947624, "14": -0.0944253317851205, "15": 0.6301004348597385, "17": 0.9180753773976005, "18": 0.6124473384354303, "24": 0.24427880458326123, "29": 0.9865001752117635, "31": 0.9217586009312606, "34": 0.34384838052099814, "35": 0.9157957284855488, "36": 0.9949767420272078, "37": 0.9604526003642835, "42": 0.6260072594908512, "45": 0.4718205864094081, "46": 0.9687370516063287, "47": 0.8720945545738419, "49": 0.6733050763247711, "51": 0.8366841729045951, "52": 0.8546179968153367, "53": 0.9983737266052923, "55": 0.37129658465144344, "56": 0.7873897911526725, "57": 0.53361542765685, "58": 0.525027673004182, "59": 0.6458434177068595, "62": 0.9409180973655387, "64": 0.5031513800996104, "65": 0.6497929878720028, "67": 0.5724318877532426, "68": 0.757604564146452, "79": 0.9711625608873772, "82": 0.8756754309304606, "83": 0.8972048094229931, "88": 0.828925848269465, "89": 0.5729655487364105, "99": 0.981232131685918}