{"0": 0.7010120954522201, "1": 0.9402583688148918, "2": 0.7619398540858799, "3": -0.026940629455782773, "4": 0.432849665100872, "5": 0.5050188978935309, "6": 0.5637331327377301, "7": 0.7800248761664482, "8": 0.5867339586460945, "9": 0.9129039455580766, "10": 0.8466453819738444, "11": 0.8705725751942993, "12": 0.9140329995531735, "13": 0.6213080616687445, "14": 0.861748649968975, "15": 0.8366841729045951, "16": 0.9949767420272078, "17": 0.5242453334927352, "18": 0.7669301099235952, "19": 0.5315330376485885, "20": 0.5820954936466356, "21": 0.8323762119458958, "22": 0.9472676651898911, "23": 0.30624158554172143, "24": 0.9476023808238805, "25": 0.9473892126416081, "26": 0.6113583791344201, "27": 0.967905757640733, "28": 0.8591488675651155, "29": 0.6097473182174455, "30": 0.7215733954236854, "31": 0.7325646273371552, "32": 0.4325048387520898, "33": 0.9074541861500449, "34": 0.14449678458109552, "35": 0.967905757640733, "36": 0.981232131685918, "37": 0.7466890867450248, "38": 0.0718249901365785, "40": 0.9709483288034012, "41": 0.9642811283825925, "43": 0.21246368966931023, "44": 0.5358827365043197, "45": 0.9181169426857589, "46": 0.9983737266052923, "47": 0.7277686970265957, "48": 0.9009677127247322, "49": 0.9865001752117635, "50": 0.967905757640733, "51": 0.9983737266052923, "52": 0.19656059405019172, "59": 0.7669301099235952, "61": 0.9180753773976005, "62": 0.9304763003992487, "64": 0.8265446039950612, "66": 0.8434008597076282, "70": 0.7122636184977501, "71": 0.9217586009312606, "72": 0.8679251610276782, "73": 0.9865001752117635, "76": 0.3014277915473468, "77": 0.8756754309304606, "78": 0.696107718511853, "81": 0.4042101121360523, "89": 0.9687175705183642, "92": 0.981232131685918, "93": 0.8288524424919177, "94": 0.8486672031083711, "96": 0.8683200177918011, "98": 0.7116043175588809, "99": 0.7594673284275957, "39": 0.8381131340879733, "42": 0.7336565076444184, "55": 0.6155496004507601, "56": 0.9642897779324329, "57": 0.9488360901438864, "58": 0.8070834178164799, "60": 0.9090796779337953, "63": 0.2766104727276304, "65": 0.4121703061719453, "69": 0.5790870233773533, "74": 0.7761886584897074, "79": 0.9488360901438864, "83": 0.9711625608873772, "86": 0.9016935492510243, "91": 0.6236955654053149, "80": 0.6547206574524147, "82": 0.9687175705183642, "87": 0.43016947644837683, "88": 0.9090796779337953, "90": 0.6548568609134867, "97": 0.8830833783478265, "53": 0.8459104550384517, "68": 0.8366841729045951, "84": 0.9316966264562736, "85": 0.757604564146452, "75": 0.7466890867450248, "54": 0.8076196677913265, "67": 0.9320586310359537, "95": 0.6356317056570246, "103": 0.978789337755493, "108": 0.8455117632990026, "126": 0.6614248182985826, "138": 0.8756754309304606, "140": 0.9154708898617174, "141": 0.7658978732982171, "143": 0.9449277469107293, "146": 0.14523896648880408, "147": 0.8366841729045951, "148": 0.8830833783478265, "111": 0.9477068043036703, "112": 0.8830833783478265, "113": 0.8105367397294103, "114": 0.9711625608873772, "128": 0.733402937629024, "136": 0.8756754309304606, "139": 0.7207916428212102, "142": 0.981232131685918, "102": 0.53361542765685, "116": 0.7584003266537438, "119": 0.8467941652795377, "121": 0.9152549220018757, "122": 0.5808446707006777, "123": 0.4371132027490468, "124": 0.13922280753396396, "104": 0.981232131685918, "107": 0.9988882682104072, "134": 0.8386443644739268, "100": 0.9316966264562736, "101": 0.5984882081394154, "129": 0.7782912029730289, "130": 0.9586919378087284, "105": 0.3614855708268522, "110": 0.47447066104946295, "118": 0.9488360901438864, "125": 0.9013207959089523, "144": -0.07310790845330156, "109": 0.8830833783478265, "127": 0.8756754309304606, "132": 0.3567078951375602, "115": 0.8720945545738419, "137": 0.7010120954522201, "106": -0.0947404194997906, "135": 0.6062130938969661, "120": 0.9090796779337953, "131": 0.12249633937071452, "117": 0.9006714259588862, "133": 0.7891336108874722, "145": 0.981232131685918, "156": 0.9592332369017739, "163": 0.9687175705183642, "179": 0.761696369676651, "184": 0.684961249623832, "186": 0.27651093854946196, "178": 0.5808446707006777, "181": 0.9217455898854673, "182": 0.7587783445854559, "183": 0.7466890867450248, "193": 0.7782912029730289, "158": 0.8554141200088352, "165": 0.9573146345238671, "166": 0.8667995750785684, "168": 0.4286952217874857, "190": 0.9335934621781633, "196": 0.7010120954522201, "164": 0.8711994502463034, "169": -0.27496486801528375, "174": 0.8463778409804674, "185": 0.9141130735845608, "157": 0.7674305938762481, "173": 0.9830954797357201, "192": 0.9830954797357201, "151": 0.9006714259588862, "180": 0.9592332369017739, "159": 0.8131277285467442, "161": 0.8809396244696035, "162": 0.8316076253923786, "170": 0.6082976936329352, "172": 0.35430940951272544, "177": 0.9013207959089523, "187": 0.9140329995531735, "194": 0.981232131685918, "198": 0.9141130735845608, "150": 0.5120501550986825, "188": 0.9513637291336163, "197": 0.8070834178164799, "153": 0.9072409240804903, "189": 0.9825033311030087, "195": 0.9687175705183642, "154": 0.1975043325266742, "191": 0.8756754309304606, "171": 0.8316076253923786, "212": 0.9090796779337953, "228": 0.9988882682104072, "230": 0.9687175705183642, "210": 0.607632134666684, "246": 0.9713595535558777, "248": 0.5280103684251121, "202": 0.9091726585479631, "236": 0.44975195651059585, "206": 0.9304763003992487, "221": 0.9830954797357201, "231": 0.8711994502463034, "232": 0.14449678458109552, "244": 0.42949368802484167, "224": 0.9765485267282645, "225": 0.9252433584349254, "241": 0.9830954797357201, "242": 0.22108044845093178, "226": 0.2578949620193735, "229": 0.7818255438676718, "249": 0.9140329995531735, "214": 0.9141130735845608, "220": 0.8711994502463034, "222": 0.8453048777385126, "209": 0.36654332392293926, "227": 0.9140329995531735, "200": 0.8280814828306626, "286": 0.9013207959089523, "282": 0.7955272601359307, "259": 0.9006714259588862, "252": 0.8311229959955457, "274": 0.8794961698328488, "279": 0.8311229959955457, "149": 0.701581008808277, "294": 0.8794961698328488, "254": 0.6526061874683491, "264": 0.9648177708588577, "256": 0.9988882682104072, "261": 0.9453520912576178, "167": 0.7782912029730289, "155": 0.4696475633793965, "152": 0.703628973753385, "312": 0.523868503082112, "314": 0.9573363750671867, "160": 0.5808446707006777, "366": 0.9884989516004242, "175": 0.9422384203384251, "199": 0.9907737289176031, "176": 0.6082976936329352, "211": 0.6954084115861612, "223": 0.9830954797357201, "234": 0.8233785818459912, "247": 0.9576444674854349, "208": 0.7613693596770224, "237": 0.9642811283825925, "235": 0.9304763003992487, "205": 0.7999530624032671, "233": 0.8377884954101573, "243": 0.9090796779337953, "204": 0.8338039374787547, "238": 0.9304763003992487, "201": 0.5204802251726164, "215": 0.8188763159117212, "217": 0.8167289432306393, "216": 0.8382546850425348, "245": 0.7219928007212897, "203": 0.9687175705183642, "207": -0.01905783966061286}