{"0": -0.05266373431922933, "1": -0.6066251726812752, "2": 0.7490033834498799, "3": 0.8780893861406092, "4": 0.47546373878235726, "5": 0.6019010557982349, "6": 0.7608647994990856, "7": 0.8366841729045951, "8": 0.23024757515929414, "9": 0.9709483288034012, "10": 0.9316966264562736, "11": 0.6744617395558302, "12": 0.9472676651898911, "13": 0.8137434728601972, "14": 0.39039309542488854, "15": 0.6019010557982349, "16": 0.9949767420272078, "17": 0.2241465434422137, "18": 0.5688647017477064, "19": 0.43016408460410893, "20": 0.9217586009312606, "21": 0.8419630112195713, "22": 0.9217586009312606, "23": 0.8459914160286457, "24": 0.7116043175588809, "25": 0.6716295330170894, "26": 0.716682951966982, "27": 0.9604526003642835, "28": 0.13051981732887713, "29": 0.7040231863301317, "30": 0.5074656909858144, "31": 0.7913634682701709, "32": 0.42222823028159734, "33": 0.8154573128398424, "34": 0.9865001752117635, "35": 0.5509321997381238, "36": 0.616477941915504, "37": 0.5186393394802643, "38": 0.7016430386802859, "40": 0.8546179968153367, "41": 0.49066054072648585, "43": 0.5085609343716675, "44": 0.3322551804276054, "45": 0.5948871305522241, "46": 0.9983737266052923, "47": 0.8316076253923786, "48": 0.48749523498429354, "49": 0.9865001752117635, "50": 0.840678594685445, "51": 0.30781728487668114, "52": 0.22988377496403836, "59": 0.8302051050303796, "61": 0.8927264240816127, "62": 0.9642811283825925, "64": 0.7782912029730289, "66": 0.8056392571657651, "70": 0.6645511274365897, "71": 0.8047537985329251, "72": 0.8128551965592921, "73": 0.655536784400517, "76": 0.5632468819270096, "77": 0.9360092655269519, "78": 0.8438384769995706, "81": 0.6166770921673854, "89": 0.9711625608873772, "92": 0.8581152148297796, "93": 0.7804673377008462, "94": 0.6830788192248078, "96": 0.9488360901438864, "98": 0.9476023808238805, "99": 0.8720945545738419, "39": 0.5175718625135639, "42": 0.5509321997381238, "55": 0.981232131685918, "56": 0.921999206994456, "57": 0.7312531417748878, "58": 0.146496758185714, "60": 0.7909358414504506, "63": 0.8366841729045951, "65": 0.6203681981143148, "69": 0.3716638341211952, "74": 0.9472676651898911, "79": 0.8720945545738419, "83": 0.9180753773976005, "86": 0.8616180450604682, "91": 0.9152364347871991, "80": 0.2878342541048434, "82": 0.980133147923703, "87": 0.9983737266052923, "88": 0.42279387392564005, "90": 0.53361542765685, "97": 0.921999206994456, "53": 0.7336565076444184, "68": 0.9711625608873772, "84": 0.9712097172582024, "85": 0.980133147923703, "75": 0.771003949953108, "54": 0.9865001752117635, "67": 0.398545597348168, "95": 0.978789337755493, "103": 0.757604564146452, "108": 0.8720945545738419, "126": 0.9180753773976005, "138": 0.8873457166913381, "140": 0.980133147923703, "141": 0.9196762676827337, "143": 0.9472676651898911, "146": 0.6487520872752499, "147": 0.6246811784963128, "148": 0.8756754309304606, "111": 0.9672364309982049, "112": 0.9488360901438864, "113": 0.9196762676827337, "114": 0.980133147923703, "128": 0.620564581296107, "136": 0.9142951613245062, "139": 0.42466946703894093, "142": 0.8277602821401775, "102": 0.8855337795628653, "116": 0.980133147923703, "119": 0.3014277915473468, "121": 0.9316966264562736, "122": 0.9180753773976005, "123": 0.3956403970145097, "124": 0.5676441731023765, "104": 0.873278931427876, "107": 0.6032313383547419, "134": 0.981232131685918, "100": 0.7127301950855451, "101": 0.8316076253923786, "129": 0.3531607082104948, "130": 0.978789337755493, "105": 0.9275979296429275, "110": 0.981232131685918, "118": 0.6578214786098125, "125": 0.7075546733458378, "144": 0.7138505591216038, "109": 0.9204330867250647, "127": 0.8860465812167931, "132": 0.9071511065312315, "115": 0.30624158554172143, "137": 0.7010120954522201, "106": 0.9488360901438864, "135": 0.8798222729324074, "120": 0.5360576906024298, "131": 0.6370002213086277, "117": 0.8756754309304606, "133": 0.7459154378713146, "145": 0.716682951966982, "156": 0.9573363750671867, "163": 0.9865001752117635, "179": 0.920017648857659, "184": 0.8213445434803914, "186": 0.9892581571897634, "178": 0.9949767420272078, "181": 0.8213445434803914, "182": 0.8978997239936704, "183": 0.9865001752117635, "193": 0.8983851212872435, "158": 0.9713595535558777, "165": 0.8688965644538921, "166": 0.8830833783478265, "168": 0.981232131685918, "190": 0.8533643694982009, "196": 0.9140329995531735, "164": 0.9865001752117635, "169": 0.9573363750671867, "174": 0.9988882682104072, "185": 0.3885201854651707, "157": 0.9983737266052923, "173": 0.9865001752117635, "192": 0.9472676651898911, "151": 0.9830954797357201, "180": 0.9074541861500449, "159": 0.9949767420272078, "161": 0.9140329995531735, "162": 0.8794961698328488, "170": 0.981232131685918, "172": 0.9983737266052923, "177": 0.9709483288034012, "187": 0.9335934621781633, "194": 0.8446352867590317, "198": 0.9687175705183642, "150": 0.7787939383162538, "188": 0.9672702438730358, "197": 0.9983737266052923, "153": 0.8446352867590317, "189": 0.23032766890594292, "195": 0.9472676651898911, "154": 0.8463778409804674, "191": 0.9140329995531735, "171": -0.0475896289864841, "212": 0.9865001752117635, "228": 0.9000543078507882, "230": 0.9687175705183642, "210": 0.8980219409923789, "246": 0.8720945545738419, "248": 0.9335934621781633, "202": 0.9091726585479631, "236": 0.614315707939549, "206": 0.7955272601359307, "221": 0.9949767420272078, "231": 0.9667771893756375, "232": 0.14449678458109552, "244": 0.5830765794498906, "224": 0.9477068043036703, "225": 0.9006714259588862, "241": 0.9865001752117635, "242": 0.7002029063388291, "226": 0.9090796779337953, "229": 0.7818255438676718, "249": 0.8311229959955457, "214": 0.8720945545738419, "220": -0.14932931480824793, "222": 0.9988882682104072, "209": 0.9901079757944491, "227": 0.9713595535558777, "200": 0.9901079757944491, "286": 0.9013207959089523, "282": 0.7955272601359307, "259": 0.9006714259588862, "252": 0.8311229959955457, "274": 0.8794961698328488, "279": 0.8311229959955457, "149": 0.8756754309304606, "294": 0.8794961698328488, "254": 0.6526061874683491, "264": 0.9648177708588577, "256": 0.9988882682104072, "261": 0.9453520912576178, "167": 0.8311229959955457, "155": 0.3690962936014758, "152": 0.6082976936329352, "312": 0.523868503082112, "314": 0.9573363750671867, "160": 0.9983737266052923, "366": 0.9884989516004242}