{"0": 0.49625253128344493, "1": 0.7629026015023277, "2": 0.3272722050886665, "3": 0.7116043175588809, "4": 0.6139961670765683, "5": 0.9700371969819471, "6": 0.6489689911321204, "7": 0.7030331979159047, "8": 0.47104596979435254, "9": 0.585586251779141, "12": 0.8999581116689905, "13": 0.41886698200638306, "14": 0.4148739652690987, "15": 0.8596331207684091, "17": 0.6205097342542789, "19": 0.6297480614166091, "21": 0.5776374636765, "22": 0.4391637872884768, "23": 0.8806885332381765, "24": 0.8366841729045951, "25": 0.5907085268351053, "26": 0.5727153128422731, "29": 0.7323868264102453, "30": 0.7496293598194063, "31": 0.3693934545581825, "32": 0.9367269048304978, "37": 0.8123002186055324, "38": 0.7669301099235952, "39": 0.8038364458883767, "40": 0.664460447674969, "41": 0.9949767420272078, "42": -0.06108709950285492, "45": 0.7279550514823099, "47": 0.7782912029730289, "48": 0.9983737266052923, "51": 0.2893517484966786, "53": 0.8546179968153367, "54": 0.9687370516063287, "55": 0.4612123827409258, "58": 0.7658701887411197, "59": 0.6674539946876759, "60": 0.8491255803868574, "61": 0.29719923452089714, "64": 0.5294447108015252, "66": 0.820322777540101, "69": 0.4335339635007526, "71": 0.757604564146452, "74": 0.7391023076823742, "75": 0.8830281235644627, "77": 0.6549161613629122, "81": 0.9217586009312606, "83": 0.8731283810383683, "87": 0.3907756426926198, "89": 0.1527652301549561, "90": 0.981232131685918, "92": 0.6373438078467645, "95": 0.5581523094174494, "96": 0.4072700920187172, "98": 0.9462769360884645}