{"0": 0.8727104168106703, "1": -0.16838912818797858, "2": 0.7782912029730289, "3": 0.8333468763597425, "4": 0.869170515593214, "5": 0.4183847681953678, "6": 0.47918103140431006, "7": 0.7466890867450248, "8": 0.8020121717905242, "9": 0.8809396244696035, "10": 0.9093223456592029, "11": 0.24399981448481795, "12": 0.943959991281367, "13": 0.8016408203693159, "14": 0.8192778384406973, "15": 0.19636038889005966, "16": 0.9949767420272078, "17": 0.4966675985929013, "18": 0.8475814908605418, "19": 0.5247123185998133, "20": 0.5247123185998133, "21": 0.7849634154001839, "22": 0.6733213007476928, "23": 0.5968611232684455, "24": 0.6491935015945167, "25": 0.4214769469478127, "26": 0.6353668397275785, "27": 0.5952053625684905, "28": 0.921999206994456, "29": 0.48113657271127597, "30": -0.0020026099042433354, "31": 0.757604564146452, "32": 0.44123658792863535, "33": 0.9090796779337953, "34": 0.9709483288034012, "35": 0.7774095451524285, "36": 0.9949767420272078, "37": 0.44260974064371894, "38": 0.8727104168106703, "40": 0.8444621505000198, "41": 0.32893364296232114, "43": 0.9983737266052923, "44": 0.9617893046956509, "45": 0.9217586009312606, "46": 0.7010120954522201, "47": 0.9021221516449848, "48": 0.9983737266052923, "49": 0.6685812721607511, "50": 0.9865001752117635, "51": 0.6526061874683491, "52": 0.8333468763597425, "59": 0.5068262921424477, "61": 0.8646846833957632, "62": 0.8216912714609571, "64": 0.7637396974633953, "66": 0.2667876912297211, "70": 0.981232131685918, "71": 0.6733559840239098, "72": 0.23032766890594292, "73": 0.8843497809749714, "76": 0.7144217109511222, "77": 0.7634150330236524, "78": 0.9335934621781633, "81": 0.9140329995531735, "89": 0.8697134878509117, "92": 0.9713595535558777, "93": 0.8331087363663148, "94": 0.9476023808238805, "96": 0.839959919104204, "98": 0.9114128703941509, "99": 0.8126874765373676, "39": 0.7950992230378634, "42": 0.748744798893789, "55": 0.9539519567428785, "56": 0.5685866553822061, "57": 0.5999770416387948, "58": 0.8128551965592921, "60": 0.9432447077790973, "63": 0.8311229959955457, "65": 0.34384838052099814, "69": 0.6821030813261982, "74": 0.9573146345238671, "79": 0.5590755786185421, "83": 0.8566543753557061, "86": 0.9700371969819471, "91": 0.8697134878509117, "80": 0.8720945545738419, "82": 0.7425417598060612, "87": 0.5320489077677621, "88": 0.7634150330236524, "90": -0.03156587147432149, "97": 0.9472676651898911, "53": 0.9983737266052923, "68": 0.8928144447523121, "84": 0.799615023321244, "85": 0.7622455899458798, "75": 0.34384838052099814, "54": 0.5198685220641122, "67": 0.9711625608873772, "95": 0.9700371969819471, "103": 0.9432447077790973, "108": 0.5120501550986825, "126": 0.6082976936329352, "138": 0.832860782860757, "140": 0.18168131915734786, "141": 0.16110166512763208, "143": 0.9204330867250647, "146": 0.8855582933308288, "147": 0.7224614597509658, "148": 0.7669301099235952, "111": -0.0947404194997906, "112": 0.9129039455580766, "113": 0.9141130735845608, "114": 0.605840532100246, "128": 0.9754846259278245, "136": 0.6082976936329352, "139": 0.5974664708849231, "142": 0.8720945545738419, "102": 0.6739808271819189, "116": 0.6733559840239098, "119": 0.9106578105127724, "121": 0.684961249623832, "122": 0.8581659739125456, "123": 0.9713595535558777, "124": 0.9275979296429275, "104": 0.9096911896636037, "107": 0.9476023808238805, "134": 0.7782912029730289, "100": 0.9298097197394065, "101": 0.6013506347590544, "129": 0.5810024150801882, "130": 0.9709483288034012, "105": 0.8646846833957632, "110": 0.1160917766672106, "118": 0.6196188954656859, "125": 0.716356944202799, "144": 0.9713595535558777, "109": 0.9114128703941509, "127": 0.16903300381315559, "132": 0.7010120954522201, "115": 0.20719309844180892, "137": 0.6196188954656859, "106": 0.8188900965732564, "135": 0.8798222729324074, "120": 0.8756754309304606, "131": 0.9332929597232857, "117": 0.7229534570939476, "133": 0.980133147923703, "145": 0.6196188954656859, "156": 0.9573363750671867, "163": 0.9865001752117635, "179": 0.920017648857659, "184": 0.8213445434803914, "186": 0.9892581571897634, "178": 0.9949767420272078, "181": 0.8213445434803914, "182": 0.8978997239936704, "183": 0.9865001752117635, "193": 0.8983851212872435, "158": 0.9713595535558777, "165": 0.8688965644538921, "166": 0.8830833783478265, "168": 0.981232131685918, "190": 0.8533643694982009, "196": 0.9140329995531735, "164": 0.9865001752117635, "169": 0.9573363750671867, "174": 0.9988882682104072, "185": 0.3885201854651707, "157": 0.9983737266052923, "173": 0.9865001752117635, "192": 0.9472676651898911, "151": 0.9830954797357201, "180": 0.9074541861500449, "159": 0.9949767420272078, "161": 0.9140329995531735, "162": 0.8794961698328488, "170": 0.981232131685918, "172": 0.9983737266052923, "177": 0.9709483288034012, "187": 0.9335934621781633, "194": 0.8446352867590317, "198": 0.9687175705183642, "150": 0.7787939383162538, "188": 0.9672702438730358, "197": 0.9983737266052923, "153": 0.8446352867590317, "189": 0.23032766890594292, "195": 0.9472676651898911, "154": 0.8463778409804674, "191": 0.9140329995531735, "171": -0.0475896289864841, "212": 0.9865001752117635, "228": 0.9000543078507882, "230": 0.9687175705183642, "210": 0.8980219409923789, "246": 0.8720945545738419, "248": 0.9335934621781633, "202": 0.9091726585479631, "236": 0.614315707939549, "206": 0.7955272601359307, "221": 0.9949767420272078, "231": 0.9667771893756375, "232": 0.14449678458109552, "244": 0.5830765794498906, "224": 0.9477068043036703, "225": 0.9006714259588862, "241": 0.9865001752117635, "242": 0.7002029063388291, "226": 0.9090796779337953, "229": 0.7818255438676718, "249": 0.8311229959955457, "214": 0.8720945545738419, "220": -0.14932931480824793, "222": 0.9988882682104072, "209": 0.9901079757944491, "227": 0.9713595535558777, "200": 0.9901079757944491, "286": 0.9013207959089523, "282": 0.7955272601359307, "259": 0.9006714259588862, "252": 0.8311229959955457, "274": 0.8794961698328488, "279": 0.8311229959955457, "149": 0.5710752585811706, "294": 0.8794961698328488, "254": 0.6526061874683491, "264": 0.9648177708588577, "256": 0.9988882682104072, "261": 0.9453520912576178, "167": 0.8311229959955457, "155": 0.3690962936014758, "152": 0.6082976936329352, "312": 0.523868503082112, "314": 0.9573363750671867, "160": 0.9983737266052923, "366": 0.9884989516004242}