{"0": 0.8807731911490575, "1": 0.8029890641979753, "2": 0.6180032137120303, "3": 0.3955844904014054, "4": 0.8777795214080968, "5": 0.5786232597120047, "9": 0.550114193977612, "10": 0.6433019229297994, "11": 0.7979575173700935, "12": 0.4121564341153948, "13": 0.6943935026630867, "16": 0.558619455294671, "17": 0.581310979161867, "18": 0.16987107507573784, "19": 0.7618648895393327, "21": 0.828514898001752, "22": 0.6260072594908512, "23": 0.3393925013244343, "25": 0.9712097172582024, "26": 0.3732596242845325, "27": 0.2909588296745796, "29": 0.5685866553822061, "30": 0.4755685138333813, "31": 0.8773311639005689, "32": 0.6894578908915058, "36": 0.7596400300688111, "37": 0.9949767420272078, "40": 0.7831581017980025, "42": 0.6746438834564921, "43": 0.877167540121377, "45": 0.48113657271127597, "46": 0.8729085142076602, "47": 0.47594211745133436, "48": 0.46425767875127744, "49": 0.9865001752117635, "52": 0.9217586009312606, "53": 0.6034626717937, "55": 0.6236955654053149, "56": 0.5577154122030309, "57": 0.7075546733458378, "58": 0.7660571922507078, "61": 0.7479160031132637, "62": 0.8189614635569592, "64": -0.15345094145548951, "67": 0.8412358917413261, "70": 0.9090796779337953, "72": 0.6933942300175763, "74": 0.9711625608873772, "76": 0.9709483288034012, "80": 0.47292511049119035, "82": 0.830728790918666, "83": 0.8366841729045951, "84": 0.9442464244826696, "86": 0.33296025192136275, "89": 0.8907066920709366, "95": 0.716682951966982, "98": 0.26242612893149053}