{"0": 0.8216912714609571, "2": 0.8697678828098498, "3": 0.6172191659521973, "4": 0.32693231874846596, "5": 0.5446243767453742, "6": 0.16761387651803947, "7": 0.7797830493825177, "8": 0.6487520872752499, "9": 0.8304384033153729, "10": 0.5129597966789029, "11": 0.6796756543690005, "12": 0.5293445130114869, "13": 0.4625250307360627, "14": 0.6894578908915058, "15": 0.9356155407207811, "16": 0.4136529915436729, "17": 0.678616091864299, "18": 0.9442464244826696, "19": 0.8807731911490575, "20": 0.5125468480523608, "21": 0.5472147803544244, "22": 0.48113657271127597, "23": 0.6260072594908512, "24": 0.8957338129572621, "25": 0.5426222017912767, "26": 0.7230768605571031, "28": 0.26109333268065293, "30": 0.63047903635734, "32": 0.9949767420272078, "35": 0.2601987049146339, "36": 0.5599650199067417, "37": 0.8915973519223181, "39": 0.7825519389363484, "40": 0.12166981927533663, "41": 0.48468628319317086, "42": 0.3433759916498098, "43": 0.9196762676827337, "44": 0.6377955501573265, "45": 0.45864928190307575, "46": 0.9711625608873772, "48": 0.9709483288034012, "51": 0.6303768033715098, "53": 0.8124027466400274, "55": 0.7831581017980025, "59": 0.716682951966982, "61": 0.41653453265011786, "65": 0.24427880458326123, "67": 0.9865001752117635, "70": 0.9635051318471994, "72": 0.6216855848182917, "75": 0.9983737266052923, "78": 0.9712097172582024, "79": 0.19367869466622997, "88": 0.9022849741896078, "90": 0.7363235205463128, "93": 0.8813757932458062, "98": 0.8366841729045951}