{"0": 0.8188763159117212, "1": 0.7782912029730289, "2": 0.5096250225562642, "3": 0.9903820945691412, "4": -0.004926965144109313, "5": 0.7260287547211197, "6": 0.6335425290632055, "7": 0.8397801340794058, "8": 0.8217915402188226, "9": 0.9140329995531735, "10": 0.5376097340723438, "11": 0.9090796779337953, "12": 0.981232131685918, "13": 0.9713595535558777, "14": 0.9364577457160875, "15": 0.21608313922814987, "16": 0.9988882682104072, "17": 0.8366841729045951, "18": 0.9865001752117635, "19": 0.9983737266052923, "20": 0.9013207959089523, "21": 0.9045997992036547, "22": 0.9667486322023373, "23": 0.9432447077790973, "24": -0.09139718386449758, "25": 0.6325760027358256, "26": 0.7219928007212897, "27": 0.9949767420272078, "28": 0.9304763003992487, "29": 0.6061367038825813, "30": 0.9949767420272078, "31": 0.6815660531926984, "32": 0.8213445434803914, "33": 0.967905757640733, "34": 0.9072409240804903, "35": 0.25469957738934934, "36": 0.9949767420272078, "37": 0.7991437719188091, "38": 0.45788637025853524, "40": 0.9949767420272078, "41": 0.3503387252248584, "43": 0.8882777537247939, "44": 0.8521263439201758, "45": 0.9949767420272078, "46": 0.7949293787249737, "47": 0.7797237916215204, "48": 0.7608528783887835, "49": 0.6061367038825813, "50": 0.9865001752117635, "51": 0.7257980125835467, "52": 0.8205944583162954, "59": 0.7466890867450248, "61": 0.777224923072478, "62": 0.7010120954522201, "64": 0.8297892316676936, "66": 0.9865001752117635, "70": 0.7782912029730289, "71": 0.736525324134125, "72": 0.21809268916272456, "73": 0.23032766890594292, "76": 0.607632134666684, "77": 0.981232131685918, "78": 0.5331592632238147, "81": 0.9983737266052923, "89": 0.9713595535558777, "92": 0.8830833783478265, "93": 0.646203326888917, "94": 0.8274772844547673, "96": 0.9769249143605937, "98": 0.978789337755493, "99": 0.6682102691024869, "39": 0.5659285638320148, "42": 0.6335357121142486, "55": 0.8886020316081682, "56": 0.1975043325266742, "57": 0.9013207959089523, "58": 0.6999991717466785, "60": 0.6250626866048179, "63": 0.9422384203384251, "65": 0.9567829039574652, "69": 0.5358827365043197, "74": 0.9687175705183642, "79": 0.3276128511127841, "83": 0.9642811283825925, "86": 0.8756754309304606, "91": 0.7824293538683471, "80": 0.9592332369017739, "82": 0.9592332369017739, "87": 0.9687175705183642, "88": 0.967905757640733, "90": 0.967905757640733, "97": 0.8830833783478265, "53": 0.9665339791756968, "68": 0.8664737594554823, "84": 0.96706302647472, "85": 0.5984882081394154, "75": 0.9983737266052923, "54": 0.9592332369017739, "67": 0.9884989516004242, "95": 0.9472676651898911, "103": 0.9090796779337953, "108": 0.7053995715266009, "126": 0.9642811283825925, "138": 0.8070834178164799, "140": 0.8830833783478265, "141": 0.7390305774385937, "143": 0.8366841729045951, "146": 0.6196188954656859, "147": 0.7782912029730289, "148": 0.7010120954522201, "111": 0.6852309177799163, "112": 0.9141130735845608, "113": 0.9983737266052923, "114": 0.8720945545738419, "128": 0.2070745249305212, "136": 0.981232131685918, "139": 0.867671466746236, "142": 0.8720945545738419, "102": 0.981232131685918, "116": 0.8953357204137226, "119": 0.5505381195312222, "121": 0.978789337755493, "122": 0.8655817455287372, "123": 0.9687175705183642, "124": 0.4408079257507702, "104": 0.8316076253923786, "107": 0.46428209094831074, "134": 0.9013207959089523, "100": 0.9488360901438864, "101": 0.4186545559131349, "129": 0.9472676651898911, "130": 0.8331759304346327, "105": 0.9335934621781633, "110": 0.9216100146884108, "118": 0.6082976936329352, "125": 0.9573363750671867, "144": 0.7451525819373325, "109": 0.1975043325266742, "127": 0.9316966264562736, "132": 0.9687175705183642, "115": 0.757604564146452, "137": 0.8720945545738419, "106": 0.491995222637351, "135": 0.967905757640733, "120": 0.9006714259588862, "131": 0.9687175705183642, "117": 0.919277347240018, "133": 0.9988882682104072, "145": 0.5790870233773533, "156": 0.48607992823877844, "163": 0.9181169426857589, "179": 0.8688965644538921, "184": 0.8720945545738419, "186": 0.38344388490847015, "178": 0.5280103684251121, "181": 0.9488360901438864, "182": 0.9316966264562736, "183": 0.1975043325266742, "193": 0.9304763003992487, "158": 0.9006714259588862, "165": 0.8445700563244775, "166": 0.9830954797357201, "168": 0.8188763159117212, "190": 0.9335934621781633, "196": 0.9830954797357201, "164": 0.7743060254438464, "169": 0.8316076253923786, "174": 0.9316966264562736, "185": 0.9449277469107293, "157": 0.8720945545738419, "173": 0.8311229959955457, "192": 0.9830954797357201, "151": 0.8386443644739268, "180": 0.9687175705183642, "159": 0.8830833783478265, "161": 0.8070834178164799, "162": 0.8510486120203178, "170": 0.9141130735845608, "172": 0.6082976936329352, "177": 0.9304763003992487, "187": 0.9140329995531735, "194": 0.2011426332164294, "198": 0.8614803323691871, "150": 0.9884989516004242, "188": 0.6487520872752499, "197": 0.9576444674854349, "153": 0.5776265017266391, "189": 0.9425128577246487, "195": 0.8670503769609645, "154": 0.8756754309304606, "191": 0.9884989516004242, "171": 0.9771451713702621, "212": 0.6082976936329352, "228": 0.9830954797357201, "230": 0.9316966264562736, "210": 0.7010120954522201, "246": 0.5808446707006777, "248": 0.8213445434803914, "202": 0.9304763003992487, "236": 0.9687175705183642, "206": 0.8264191815762745, "221": 0.9391800928814085, "231": 0.9140329995531735, "232": 0.9177778432333028, "244": 0.5431214271451874, "224": 0.5172920858213403, "225": 0.831285201806796, "241": 0.44098115763402845, "242": 0.9140329995531735, "226": 0.9592332369017739, "229": 0.7849001521249795, "249": 0.9189842035837485, "214": 0.7451525819373325, "220": 0.9642811283825925, "222": 0.607632134666684, "209": 0.896250594654551, "227": 0.6364749929951916, "200": 0.12249633937071452, "286": 0.832860782860757, "282": 0.9335934621781633, "259": 0.5808446707006777, "252": 0.9691939465332382, "274": 0.47019651633395976, "279": 0.9140329995531735, "149": 0.9366755439742833, "294": 0.9691939465332382, "254": 0.6526061874683491, "264": 0.5808446707006777, "256": 0.9726470427282614, "261": 0.941544463957757, "167": 0.28509262668103347, "155": 0.8213445434803914, "152": 0.9090796779337953, "312": 0.523868503082112, "314": 0.9573363750671867, "160": 0.9884989516004242, "366": 0.9884989516004242, "176": 0.9830954797357201, "199": 0.9672145785527155, "175": 0.9576444674854349, "208": 0.831285201806796, "217": -0.27496486801528375, "243": 0.8537599583759073, "245": 0.9304763003992487, "201": 0.7010120954522201, "207": 0.9830954797357201, "235": 0.6284436739232024, "211": 0.5423844318823411, "240": 0.9691939465332382, "247": 0.5321501730028227, "213": 0.5808446707006777, "223": 0.5901868528829355, "234": 0.2011426332164294, "239": 0.9140329995531735, "216": 0.9477068043036703, "238": 0.8316076253923786, "204": 0.9710685701243187, "215": 0.8316076253923786, "205": 0.7390305774385937, "219": 0.8370011810290605, "237": 0.7122636184977501, "203": 0.8642743915411626, "218": 0.8188773417294917, "257": 0.9335934621781633, "281": 0.9252433584349254, "285": 0.8980219409923789, "290": 0.8615112575471175, "250": 0.9573363750671867, "268": 0.5995030975426605, "273": 0.9094594626893662, "278": 0.8443727045078806, "291": 0.8799328852451433, "298": 0.9652197466936353, "269": 0.8309473774548726, "283": 0.8105367397294103, "296": 0.3096375798953373, "297": 0.11245997999190274, "255": 0.36806161337201504, "263": 0.9140329995531735, "276": 0.9007335708197761, "295": 0.828507570283525, "266": 0.9642811283825925, "251": 0.5703945542091542, "271": 0.9713595535558777, "253": 0.733402937629024, "275": 0.9213548555104247, "272": 0.7563688918781488, "287": 0.8126609257453652, "262": 0.634198891804221, "265": 0.718286056213555, "277": 0.8227513197232752, "233": 0.6470048384473293, "293": 0.8794961698328488, "270": 0.9642811283825925}