{"0": 0.6166770921673854, "1": 0.6664874974561769, "2": 0.5411506472932133, "3": 0.7116043175588809, "4": 0.8756754309304606, "5": 0.7451525819373325, "6": 0.8377884954101573, "7": 0.5238767417635057, "8": -0.055999475481680064, "9": 0.9672702438730358, "10": 0.9316966264562736, "11": 0.7940112354128008, "12": 0.8711994502463034, "13": 0.7608528783887835, "14": 0.832860782860757, "15": 0.8907066920709366, "16": 0.9127305177723648, "17": 0.9472676651898911, "18": 0.7136698986702592, "19": 0.8316076253923786, "20": 0.9467390235934356, "21": 0.6815660531926984, "22": 0.12249633937071452, "23": 0.9316966264562736, "24": 0.9865001752117635, "25": 0.19574307772404625, "26": 0.9592332369017739, "27": 0.9217586009312606, "28": 0.7915566846805993, "29": 0.6340430440545783, "30": 0.8694666438526013, "31": 0.7338029349697746, "32": 0.8051488635914849, "33": 0.9983737266052923, "34": -0.33696330904393007, "35": 0.34866985701240627, "36": 0.7778644248551652, "37": 0.44544997808769593, "38": 0.9949767420272078, "40": 0.13094961594978277, "41": 0.981232131685918, "43": 0.3431187303073333, "44": 0.6061367038825813, "45": 0.9865001752117635, "46": 0.5637580881425983, "47": 0.9493540059122985, "48": 0.5198685220641122, "49": -0.31101596074070825, "50": 0.28830690890952515, "51": 0.922216602878257, "52": 0.8233785818459912, "59": 0.9093223456592029, "61": 0.981232131685918, "62": 0.9204330867250647, "64": 0.9013207959089523, "66": 0.9592332369017739, "70": 0.6791216122853688, "71": 0.9709483288034012, "72": 0.7909358414504506, "73": 0.9709483288034012, "76": 0.8756754309304606, "77": 0.6790385852091951, "78": 0.9687175705183642, "81": 0.15553622868397082, "89": 0.832860782860757, "92": 0.9141130735845608, "93": 0.3218633626765348, "94": 0.8830486760003968, "96": 0.1975043325266742, "98": 0.9335934621781633, "99": 0.8938772884269843, "39": 0.8188763159117212, "42": 0.7991437719188091, "55": 0.8070834178164799, "56": 0.9642811283825925, "57": 0.4279679923419598, "58": 0.9040463980775452, "60": 0.7466890867450248, "63": 0.5413708976883931, "65": 0.9432447077790973, "69": 0.967905757640733, "74": 0.46034750470562547, "79": 0.7010120954522201, "83": 0.3773901869743935, "86": 0.48607992823877844, "91": 0.8830833783478265, "80": 0.8366841729045951, "82": 0.9096911896636037, "87": 0.8002171772094822, "88": 0.7216597150738794, "90": 0.9592332369017739, "97": 0.7010120954522201, "53": 0.9181169426857589, "54": -0.27496486801528375, "67": 0.9488360901438864, "68": 0.8132803932024162, "75": 0.981232131685918, "84": 0.8720945545738419, "85": 0.6097938509845133, "95": 0.8830833783478265, "103": 0.8720945545738419, "108": 0.9711625608873772, "126": 0.14449678458109552, "138": 0.9335934621781633, "140": 0.8928144447523121, "141": 0.7787939383162538, "143": 0.9983737266052923, "146": 0.807184936211744, "147": 0.5198331880967108, "148": 0.6791852138514036, "111": 0.9013207959089523, "112": 0.20719309844180892, "113": 0.8324147032673351, "114": 0.5271761170234054, "128": 0.7909358414504506, "136": 0.7959039995255713, "139": 0.8107370734696572, "142": 0.9090796779337953, "102": 0.607632134666684, "116": 0.6692430371893076, "119": 0.9983737266052923, "121": 0.891257343444793, "122": 0.6938230769044524, "123": 0.5483982320747937, "124": 0.7010120954522201, "104": 0.5383327331910661, "107": 0.8720945545738419, "134": 0.9090796779337953, "100": 0.8071363181032795, "101": 0.627991012045094, "129": 0.284176306969427, "130": 0.9687175705183642, "105": 0.8444621505000198, "110": 0.757604564146452, "118": 0.7216597150738794, "125": 0.7328887417864776, "144": 0.9449277469107293, "109": 0.9488360901438864, "127": 0.978789337755493, "132": 0.7075546733458378, "115": 0.557010402473584, "137": 0.981232131685918, "106": 0.8122190836395363, "135": 0.3851175990717133, "120": 0.9642811283825925, "131": 0.6258554352216742, "117": 0.8316076253923786, "133": 0.23032766890594292, "145": 0.8720945545738419, "156": 0.8292426892435174, "163": 0.9830954797357201, "179": 0.8374600842866212, "184": 0.5920931757809508, "186": 0.9830954797357201, "178": 0.9006714259588862, "181": 0.9142951613245062, "182": 0.9642811283825925, "183": 0.7010120954522201, "193": 0.9472676651898911, "158": 0.9006714259588862, "165": 0.9129039455580766, "166": -0.27496486801528375, "168": 0.7849001521249795, "190": 0.832860782860757, "196": 0.7634150330236524, "164": 0.808470323295807, "169": 0.5410752967980765, "174": 0.607632134666684, "185": 0.5808446707006777, "157": 0.9013207959089523, "173": 0.49281774027427117, "192": 0.7451525819373325, "151": 0.9141130735845608, "180": 0.5355456875995361, "159": 0.14449678458109552, "161": 0.664874595552756, "162": 0.5808446707006777, "170": 0.8345696413080547, "172": 0.6845776955545131, "177": 0.9006714259588862, "187": 0.1975043325266742, "194": 0.716356944202799, "198": 0.9315684879650371, "150": 0.7039858364543273, "188": 0.3926925160356013, "197": 0.28513373283687415, "153": 0.7051300887732296, "189": 0.7116043175588809, "195": 0.24850693671866686, "154": 0.4742749811583538, "191": 0.1864354156823636, "171": 0.9726470427282614, "212": 0.9702856467160199, "228": 0.8555364444457623, "230": 0.24396959644417837, "210": 0.5808446707006777, "246": 0.6397620421540968, "248": 0.8642743915411626, "202": 0.1838621533899384, "236": 0.9140329995531735, "206": 0.8691872707105253, "221": 0.523868503082112, "231": 0.9667771893756375, "232": 0.7672086526428867, "244": 0.9140329995531735, "224": 0.9988882682104072, "225": 0.9006714259588862, "241": 0.9140329995531735, "242": 0.7002029063388291, "226": 0.6063829534534999, "229": 0.607632134666684, "249": 0.8642743915411626, "214": 0.8720945545738419, "220": 0.4409332562501549, "222": 0.6260072594908512, "209": 0.9329969579507573, "227": 0.5941437583531144, "200": 0.8646846833957632, "286": 0.9013207959089523, "282": 0.7955272601359307, "259": 0.9006714259588862, "252": 0.8311229959955457, "274": 0.8794961698328488, "279": 0.8311229959955457, "149": 0.6980579129044038, "294": 0.8794961698328488, "254": 0.6526061874683491, "264": 0.9648177708588577, "256": 0.9988882682104072, "261": 0.9453520912576178, "167": 0.9114128703941509, "155": 0.8756754309304606, "152": 0.6399905967021484, "312": 0.523868503082112, "314": 0.9573363750671867, "160": 0.8316076253923786, "366": 0.9884989516004242, "175": 0.9884989516004242, "176": 0.9053622125320326, "199": 0.691751106621022, "205": 0.40134218474763783, "208": 0.7425417598060612, "238": 0.9141130735845608, "234": 0.4958517112353681, "239": 0.9000543078507882, "201": 0.7669301099235952, "203": 0.921999206994456, "207": 0.9700371969819471, "219": 0.217377347936606, "235": 0.6413911019625415, "237": 0.8591247380937741, "247": 0.9252433584349254, "215": 0.697376072360129, "218": 0.6013506347590544, "223": 0.6443955829734422, "233": 0.9335934621781633, "243": 0.9304763003992487, "211": 0.9830954797357201, "204": 0.8791345947441729, "213": 0.9656330289232972, "245": 0.8128551965592921}