{"0": 0.9884989516004242, "1": 0.9140329995531735, "2": 0.8845646338989472, "3": 0.8316076253923786, "4": 0.9830954797357201, "5": 0.6354262095515145, "6": 0.8210090965079646, "7": 0.9865001752117635, "8": -0.004926965144109313, "9": 0.7451525819373325, "10": 0.8213445434803914, "11": 0.9713595535558777, "12": 0.5984882081394154, "13": 0.7822548768327109, "14": 0.6258554633767097, "15": 0.22981363947428926, "16": 0.8453048777385126, "17": 0.8805558672433613, "18": 0.665763638821959, "19": 0.48113657271127597, "20": 0.9949767420272078, "21": 0.5352157170666646, "22": 0.9949767420272078, "23": 0.8476294235424494, "24": 0.9713595535558777, "25": 0.9335934621781633, "26": 0.9327302611893519, "27": 0.9409180973655387, "28": 0.6271722601834384, "29": 0.7168071503936716, "30": 0.7626038798604573, "31": 0.6870897628512562, "32": 0.5941437583531144, "33": 0.8375026875682718, "34": 0.9949767420272078, "35": 0.9983737266052923, "36": 0.9983737266052923, "37": 0.9711625608873772, "38": 0.920901314478254, "40": 0.8748517567091141, "41": 0.8331759304346327, "43": 0.7849634154001839, "44": 0.5358827365043197, "45": 0.981232131685918, "46": 0.8184549828958364, "47": 0.757604564146452, "48": 0.9217586009312606, "49": 0.7336565076444184, "50": 0.40134218474763783, "51": 0.8647325169518429, "52": 0.423004014685347, "59": 0.9652258575357737, "61": 0.8688965644538921, "62": 0.2958568678588418, "64": 0.9178046024436839, "66": 0.39780729885567157, "70": 0.9700371969819471, "71": 0.8938772884269843, "72": 0.3690962936014758, "73": 0.832860782860757, "76": 0.562192904237089, "77": 0.9472676651898911, "78": 0.9316966264562736, "81": 0.8389324452058555, "89": 0.9013207959089523, "92": 0.6049764784642871, "93": 0.7416834841216055, "94": 0.8331087363663148, "96": 0.5048988655935256, "98": 0.45168620078593547, "99": 0.8809396244696035, "39": 0.6236955654053149, "42": 0.7451525819373325, "55": 0.5358827365043197, "56": 0.8070834178164799, "57": 0.6000432700056655, "58": 0.9592332369017739, "60": 0.9635051318471994, "63": 0.4375735397690754, "65": 0.967905757640733, "69": 0.7973539670631666, "74": 0.981232131685918, "79": 0.9710685701243187, "83": 0.8959506830135902, "86": 0.8561973288821916, "91": 0.981232131685918, "80": 0.7010120954522201, "82": 0.7849634154001839, "87": 0.9983737266052923, "88": 0.800175343109111, "90": 0.5563330167445841, "97": 0.7010120954522201, "53": 0.9949767420272078, "68": 0.9865001752117635, "84": 0.8809396244696035, "85": 0.9090796779337953, "75": 0.718427444873371, "54": -0.27496486801528375, "67": 0.5220814646430372, "95": 0.7678750846495601, "103": 0.9316966264562736, "108": 0.9006714259588862, "126": 0.9830954797357201, "138": 0.9488360901438864, "140": 0.548885690380878, "141": 0.8720945545738419, "143": 0.8153553407836193, "146": 0.9652197466936353, "147": 0.10047556457296908, "148": 0.5069000705034923, "111": 0.8756754309304606, "112": 0.25323873882730746, "113": 0.9644804896774047, "114": 0.7658701887411197, "128": 0.8938772884269843, "136": 0.9488360901438864, "139": 0.7010120954522201, "142": 0.9304763003992487, "102": 0.9865001752117635, "116": -0.27496486801528375, "119": 0.6510235177661268, "121": 0.19656059405019172, "122": 0.1975043325266742, "123": 0.9356155407207811, "124": 0.6645511274365897, "104": 0.978789337755493, "107": 0.8832458448010205, "134": 0.8902155816030437, "100": 0.8640633298162175, "101": 0.9140329995531735, "129": 0.7706541904344153, "130": 0.8316076253923786, "105": 0.9771451713702621, "110": 0.8366841729045951, "118": 0.7146661497674027, "125": 0.8830833783478265, "144": 0.9663968436099806, "109": 0.8546179968153367, "127": 0.9006714259588862, "132": 0.4318209076417254, "115": 0.9573146345238671, "137": 0.9488360901438864, "106": 0.7116043175588809, "135": 0.7505770611002403, "120": 0.18066909991104033, "131": 0.7876129141858889, "117": 0.2696270421551862, "133": 0.8406743313786884, "145": 0.8126663064387858, "156": 0.628405949388799, "163": 0.4779026140792088, "179": 0.7116043175588809, "184": 0.8292426892435174, "186": 0.2926714706602051, "178": 0.1975043325266742, "181": 0.7264025263632023, "182": 0.17283347617695743, "183": 0.5504435060521876, "193": 0.9090796779337953, "158": 0.8830833783478265, "165": 0.9304763003992487, "166": 0.9713595535558777, "168": 0.9687175705183642, "190": 0.8820515494364376, "196": 0.9592332369017739, "164": 0.9687175705183642, "169": 0.8251599375915066, "174": 0.8261204300060645, "185": 0.9672145785527155, "157": 0.6284436739232024, "173": 0.9090796779337953, "192": 0.47607820700039316, "151": 0.9576444674854349, "180": 0.9335934621781633, "159": 0.8239546451401807, "161": 0.4238554427585607, "162": 0.9181169426857589, "170": 0.9141130735845608, "172": 0.8188900965732564, "177": 0.9642811283825925, "187": 0.9712097172582024, "194": 0.2912520843927805, "198": 0.9656330289232972, "150": -0.1752464829013728, "188": 0.5808446707006777, "197": 0.756152121418471, "153": 0.9472676651898911, "189": 0.7477599157761272, "195": 0.9140329995531735, "154": 0.7010120954522201, "191": 0.9472676651898911, "171": 0.9488360901438864, "212": 0.9865001752117635, "228": 0.9988882682104072, "230": 0.9687175705183642, "210": 0.8980219409923789, "246": 0.5583447733947834, "248": 0.9335934621781633, "202": 0.9988882682104072, "236": 0.9988882682104072, "206": 0.7955272601359307, "221": 0.9277583803700289, "231": 0.8261204300060645, "232": 0.9988882682104072, "244": 0.5830765794498906, "224": 0.9477068043036703, "225": 0.9006714259588862, "241": 0.7782226007003702, "242": 0.833458221009377, "226": 0.8453048777385126, "229": 0.7818255438676718, "249": 0.9335934621781633, "214": 0.8720945545738419, "220": -0.14932931480824793, "222": 0.7093816825109669, "209": 0.9901079757944491, "227": 0.9713595535558777, "200": 0.9901079757944491, "286": 0.9013207959089523, "282": 0.7955272601359307, "259": 0.9006714259588862, "252": 0.8311229959955457, "274": 0.8794961698328488, "279": 0.8311229959955457, "149": 0.9642811283825925, "294": 0.8794961698328488, "254": 0.6526061874683491, "264": 0.9648177708588577, "256": 0.9988882682104072, "261": 0.9453520912576178, "167": 0.949197368722514, "155": 0.9275979296429275, "152": 0.8830833783478265, "312": 0.523868503082112, "314": 0.9573363750671867, "160": 0.699896316211478, "366": 0.9884989516004242, "176": 0.8463778409804674, "199": 0.9642811283825925, "175": 0.9713595535558777, "208": 0.8096728095797516, "217": 0.9830954797357201, "243": 0.8537599583759073, "245": 0.5973804053026489, "201": 0.8700052740832793, "207": 0.13123091648163512, "235": 0.9639460817768282, "211": -0.09711720044416555, "240": 0.6284436739232024, "247": 0.9830954797357201, "213": 0.9140329995531735, "223": 0.7010120954522201, "234": 0.8070834178164799, "239": 0.9090796779337953, "216": 0.733402937629024, "238": 0.7466890867450248, "204": 0.7782912029730289, "215": 0.349621102910466}