{"0": 0.9204330867250647, "1": 0.7891815580477552, "2": 0.8937292646683588, "3": 0.6733213007476928, "4": 0.9093223456592029, "5": 0.7036495585102586, "6": 0.34137981872076884, "7": 0.7905656216233836, "8": 0.8663412539970857, "9": 0.8475814908605418, "10": 0.7255902050697742, "11": 0.660673913766087, "12": 0.424062593700137, "13": 0.5462232081421174, "14": 0.7767105016024336, "15": 0.5513144173319915, "16": 0.6728789650671585, "17": 0.27361805570435394, "18": 0.7913203075413664, "19": 0.7750054133812562, "20": 0.9217586009312606, "22": 0.9949767420272078, "23": 0.7075546733458378, "24": 0.9141130735845608, "25": 0.5968611232684455, "26": 0.7923975123858403, "27": 0.5120501550986825, "28": 0.11270802274838868, "29": 0.629466463167837, "30": 0.6260072594908512, "31": 0.8612982640595616, "32": 0.0882759782354223, "33": 0.943959991281367, "35": 0.8755225610321277, "37": 0.563635352967377, "38": 0.29830921354618783, "39": 0.7637396974633953, "40": 0.48113657271127597, "41": 0.5198685220641122, "42": 0.6685812721607511, "43": 0.6770969868866259, "44": 0.46912644829314326, "45": 0.8646846833957632, "46": 0.7849634154001839, "47": 0.6028454134686294, "48": 0.37791489023052877, "49": 0.8642616605705435, "50": 0.9865001752117635, "51": 0.9335934621781633, "52": 0.8809396244696035, "53": 0.8331087363663148, "54": -0.03156587147432149, "56": 0.9711625608873772, "57": 0.8216912714609571, "58": 0.7754667225479683, "60": 0.3110665840766188, "61": 0.9432447077790973, "63": 0.1766522877773758, "64": 0.921999206994456, "66": 0.5292378121730696, "67": 0.9983737266052923, "69": 0.7646757269224965, "70": 0.7247738367745771, "74": 0.5410752967980765, "75": 0.557010402473584, "77": 0.9539519567428785, "78": 0.29651625900256673, "80": 0.6733559840239098, "82": 0.8128551965592921, "83": 0.9476023808238805, "87": 0.34384838052099814, "89": 0.6013506347590544, "92": 0.7774095451524285, "94": 0.16671988941425248, "95": 0.8720945545738419, "97": 0.5685866553822061, "98": 0.30817201682038886, "99": 0.8463778409804674}