{"0": 0.8601391183990965, "1": 0.7466890867450248, "2": 0.6451319466072196, "3": 0.11661037297160878, "4": 0.7449588556572684, "5": 0.5350990871777538, "6": 0.8192778384406973, "7": 0.901748777249892, "8": -0.27496486801528375, "9": 0.23032766890594292, "10": 0.691751106621022, "11": 0.5070644983107764, "12": 0.11661037297160878, "13": 0.6013506347590544, "14": 0.20641358651095307, "15": 0.8809396244696035, "16": 0.7437328602714011, "17": 0.8546179968153367, "18": 0.9141130735845608, "19": 0.8366841729045951, "20": 0.2384189976928957, "21": 0.9617893046956509, "22": 0.5894869790125996, "23": 0.5068262921424477, "24": 0.8830833783478265, "25": 0.1416938655417028, "26": 0.922705653532762, "27": 0.6472125053108531, "28": 0.5358827365043197, "29": 0.382522580810992, "30": 0.9704814302099272, "31": 0.7782912029730289, "32": 0.9217586009312606, "33": 0.757604564146452, "34": 0.9949767420272078, "35": 0.8727104168106703, "36": 0.841121674857908, "37": 0.9204330867250647, "38": 0.2667876912297211, "40": 0.7669301099235952, "41": 0.8873114143964209, "43": 0.37738118693290856, "44": 0.9949767420272078, "45": 0.6260072594908512, "46": 0.8311229959955457, "47": 0.23032766890594292, "48": 0.9709483288034012, "49": 0.7929703429352055, "50": 0.901557766682243, "51": 0.6062130938969661, "52": 0.9021221516449848, "59": 0.09619329420771708, "61": 0.9477068043036703, "62": 0.9093223456592029, "64": -0.03156587147432149, "66": 0.684961249623832, "70": 0.9335934621781633, "71": 0.8720945545738419, "72": 0.9713595535558777, "73": 0.684961249623832, "76": 0.9476023808238805, "77": 0.6526061874683491, "78": 0.7782912029730289, "81": 0.5120501550986825, "89": 0.9713595535558777, "92": 0.7010120954522201, "93": 0.8463778409804674, "94": 0.981232131685918, "96": 0.9129039455580766, "98": 0.9114128703941509, "99": 0.6196188954656859, "39": 0.9711625608873772, "42": 0.8333468763597425, "55": 0.9983737266052923, "56": 0.9865001752117635, "57": 0.8333468763597425, "58": 0.839959919104204, "60": 0.857209295739242, "63": 0.832860782860757, "65": 0.8463778409804674, "69": 0.8697134878509117, "74": 0.8756754309304606, "79": 0.9687175705183642, "83": 0.5980084337551699, "86": 0.8463778409804674, "91": 0.34384838052099814, "80": 0.9983737266052923, "82": 0.9711625608873772, "87": 0.981232131685918, "88": 0.9901079757944491, "90": 0.5590755786185421, "97": 0.9700371969819471, "53": 0.8697134878509117, "68": 0.9865001752117635, "84": 0.9476023808238805, "85": 0.9983737266052923, "75": 0.7010120954522201, "54": 0.9656330289232972, "67": 0.6821030813261982, "95": 0.9700371969819471, "103": 0.6082976936329352, "108": 0.967905757640733, "126": 0.9114128703941509, "138": 0.9777812587919528, "140": 0.9275127850095358, "141": 0.7914189575266604, "143": 0.20719309844180892, "146": 0.6196188954656859, "147": 0.041791283767412486, "148": 0.5509321997381238, "111": 0.9573146345238671, "112": 0.9335934621781633, "113": 0.5758131721639742, "114": 0.6413911019625415, "128": 0.6774506021333373, "136": 0.43704881345189384, "139": 0.8439921524754821, "142": 0.8546179968153367, "102": 0.8720945545738419, "116": 0.4270322362454506, "119": 0.8634972012844142, "121": 0.9335934621781633, "122": 0.7323791081306441, "123": 0.5120501550986825, "124": 0.9988882682104072, "104": 0.9713595535558777, "107": 0.5808446707006777, "134": 0.3484906348568889, "100": 0.24629622076075364, "101": 0.9700371969819471, "129": 0.9488360901438864, "130": 0.8316076253923786, "105": 0.9129039455580766, "110": 0.9096911896636037, "118": 0.8655817455287372, "125": 0.41635263950979584, "144": 0.7437328602714011, "109": 0.9901079757944491, "127": -0.0947404194997906, "132": 0.9129039455580766, "115": 0.9472676651898911, "137": 0.5905357269786584, "106": 0.9316966264562736, "135": 0.8292426892435174, "120": 0.7711002720084302, "131": 0.5920931757809508, "117": 0.8261204300060645, "133": 0.8406743313786884, "145": 0.6762502506427766, "156": 0.48607992823877844, "163": 0.8292426892435174, "179": 0.8688965644538921, "184": 0.7260287547211197, "186": 0.9180753773976005, "178": 0.5564376288824093, "181": 0.6578744353831845, "182": 0.8031888154399565, "183": 0.5504435060521876, "193": 0.873628561549884, "158": 0.6018283205659927, "165": 0.9304763003992487, "166": 0.8261204300060645, "168": 0.757604564146452, "190": 0.9304763003992487, "196": 0.9177778432333028, "164": 0.9019858038855033, "169": 0.000722957805710489, "174": 0.8261204300060645, "185": 0.9180753773976005, "157": 0.8601391183990965, "173": 0.9449277469107293, "192": 0.26008912763857084, "151": 0.8316076253923786, "180": 0.980133147923703, "159": 0.7333646870331082, "161": 0.8642760446191489, "162": 0.9472676651898911, "170": 0.9141130735845608, "172": 0.1975043325266742, "177": 0.6061367038825813, "187": 0.189715774421225, "194": 0.9212696731928448, "198": 0.34640503225766095, "150": 0.6082976936329352, "188": 0.8830833783478265, "197": 0.43704881345189384, "153": 0.9109242775708097, "189": 0.34798782986239263, "195": -0.0475896289864841, "154": 0.000722957805710489, "191": 0.9181169426857589, "171": 0.9771451713702621, "212": 0.6082976936329352, "228": 0.9217455898854673, "230": 0.9687175705183642, "210": -0.0475896289864841, "246": 0.778013293012892, "248": 0.8140172473560745, "202": 0.9988882682104072, "236": 0.6450819217451216, "206": 0.9006714259588862, "221": 0.5808446707006777, "231": 0.9140329995531735, "232": 0.9177778432333028, "244": 0.5431214271451874, "224": 0.1975043325266742, "225": 0.31334218706051065, "241": 0.44098115763402845, "242": 0.000722957805710489, "226": 0.9678668528384635, "229": 0.9074541861500449, "249": 0.9055122579192303, "214": 0.9013207959089523, "220": 0.9026009409711109, "222": 0.8070834178164799, "209": 0.7829644850001558, "227": 0.8235304974469049, "200": 0.14449678458109552, "286": 0.9013207959089523, "282": 0.7955272601359307, "259": 0.9006714259588862, "252": 0.8311229959955457, "274": 0.8794961698328488, "279": 0.8311229959955457, "149": 0.8463778409804674, "294": 0.8794961698328488, "254": 0.6526061874683491, "264": 0.9648177708588577, "256": 0.9988882682104072, "261": 0.9453520912576178, "167": 0.9592332369017739, "155": -0.4106204816379031, "152": 0.7002029063388291, "312": 0.523868503082112, "314": 0.9573363750671867, "160": 0.13865812256397686, "366": 0.9884989516004242, "176": 0.7807773054616817, "199": 0.9642811283825925, "175": 0.9735118549837684, "208": 0.9477068043036703, "217": 0.9830954797357201, "243": 0.8537599583759073, "245": 0.6196188954656859, "201": 0.8634972012844142, "207": 0.6413911019625415, "235": 0.9090796779337953, "211": 0.3420217032935542, "240": 0.6284436739232024, "247": 0.8819637815798205, "213": 0.7490409196151773, "223": 0.5808446707006777, "234": 0.2011426332164294, "239": 0.9055122579192303, "216": 0.6061367038825813, "238": 0.9626765078662243, "204": 0.607632134666684, "215": 0.5808446707006777, "205": 0.6058103655050147, "219": 0.8370011810290605, "237": 0.9765485267282645, "203": 0.7581120966160715, "218": 0.8188773417294917}