{"0": 0.1479853843633191, "1": 0.5810572104642002, "2": 0.3075079196872733, "3": 0.8546179968153367, "4": 0.7635614554495731, "5": 0.7372041191257306, "6": 0.5093099918643782, "8": 0.7715293349580216, "9": 0.6615198674852916, "12": 0.23064572290142793, "13": 0.8386443644739268, "16": 0.12253370220834821, "18": 0.12065911880887813, "19": 0.5689487031778322, "20": 0.7809965270681245, "21": 0.9711625608873772, "22": 0.6124945359992828, "23": 0.5569245030779417, "25": 0.8030033943959255, "26": 0.6351154778354233, "28": 0.9949767420272078, "30": 0.5525100883777596, "31": 0.6852443605191594, "35": 0.4756735040814302, "36": 0.48113657271127597, "38": 0.8792876479047207, "40": 0.6935392453286465, "41": 0.37079260411151416, "45": 0.5441508032487349, "50": 0.6260072594908512, "52": 0.4763884312914205, "53": 0.864298596601293, "55": 0.8488364789628553, "59": 0.8051894147675696, "62": 0.42342072781883655, "72": 0.9983737266052923, "73": 0.3888936938440771, "75": 0.9217586009312606, "85": 0.5418338328729526, "87": 0.6139961670765683, "90": 0.8119557997301303, "92": 0.33167629880958904, "93": 0.9865001752117635, "94": 0.7475588422702849, "95": 0.8501309741632684, "96": 0.6970770200618251, "99": 0.49942406514013726}