{"0": 0.8521355614104235, "1": 0.422982148114158, "2": 0.8463391023435345, "3": 0.5968611232684455, "4": 0.20719309844180892, "5": 0.5247123185998133, "6": 0.8016408203693159, "7": 0.721825734073164, "8": -0.03156587147432149, "9": 0.8475814908605418, "10": -0.0020026099042433354, "11": 0.9093223456592029, "12": 0.27361805570435394, "13": 0.8475814908605418, "14": 0.44617777169072204, "15": 0.9021221516449848, "16": 0.6733213007476928, "17": 0.11661037297160878, "18": 0.9709483288034012, "19": 0.4966675985929013, "20": 0.9865001752117635, "21": 0.943959991281367, "22": 0.9711625608873772, "23": 0.7923975123858403, "24": 0.48113657271127597, "25": 0.660673913766087, "26": 0.7051300887732297, "27": 0.8192778384406973, "28": 0.8444621505000198, "29": 0.8444621505000198, "30": 0.7036495585102586, "31": 0.8663412539970857, "32": 0.18168131915734786, "33": 0.297145481257866, "34": 0.7330987249464977, "35": 0.784017252417081, "36": 0.5198685220641122, "37": 0.921999206994456, "38": 0.9217586009312606, "40": 0.6260072594908512, "41": 0.8545885282580425, "43": 0.7637396974633953, "44": 0.6491935015945167, "45": 0.7575539352836216, "46": 0.9335934621781633, "47": 0.5292378121730696, "48": 0.9476023808238805, "49": 0.9053622125320325, "50": 0.8646846833957632, "51": 0.8122493739852138, "52": 0.44260974064371894, "59": 0.9949767420272078, "61": 0.6526061874683491, "62": 0.8843497809749714, "64": 0.757604564146452, "66": 0.8642616605705435, "70": 0.6082976936329352, "71": 0.4756185840993384, "72": 0.34384838052099814, "73": 0.8952635008702641, "76": 0.8720945545738419, "77": 0.9700371969819471, "78": 0.832860782860757, "81": 0.7425417598060612, "89": 0.9335934621781633, "92": 0.23032766890594292, "93": 0.9712097172582024, "94": 0.981232131685918, "96": 0.6082976936329352, "98": 0.7710100228940336, "99": 0.8178413482602938, "39": 0.7716108712645868, "42": 0.9141130735845608, "55": 0.8216912714609571, "56": 0.23032766890594292, "57": 0.9432447077790973, "58": 0.6685812721607511, "60": 0.9754846259278245, "63": 0.8809396244696035, "65": 0.8333468763597425, "69": 0.8129479559522886, "74": 0.8128551965592921, "79": 0.8756754309304606, "83": 0.9180753773976005, "86": 0.6821030813261982, "91": 0.29134253995454784, "80": 0.799615023321244, "82": 0.8655817455287372, "87": 0.9983737266052923, "88": 0.6013506347590544, "90": 0.9298097197394065, "97": 0.5120501550986825, "53": 0.7445747101131521, "68": 0.9315684879650371, "84": 0.9712097172582024, "85": 0.16671988941425248, "75": 0.6421557334445358, "54": 0.7425417598060612, "67": 0.40489536255844116, "95": 0.6196188954656859, "103": 0.9539519567428785, "108": -0.1752464829013728, "126": 0.9604526003642835, "138": 0.5867339586460945, "140": 0.9252433584349254, "141": 0.16110166512763208, "143": 0.7481709589129852, "146": 0.8855582933308288, "147": 0.9252433584349254, "148": 0.9488360901438864, "111": -0.0947404194997906, "112": 0.5120501550986825, "113": 0.9735118549837684, "114": 0.9355283419584952, "128": 0.8543475528055253, "136": 0.9006714259588862, "139": 0.5974664708849231, "142": 0.13628676242580312, "102": 0.8331087363663148, "116": -0.0947404194997906, "119": 0.7815419290314123, "121": 0.4032475159333188, "122": 0.9129039455580766, "123": -0.02721635446212879, "124": 0.5257683686451634, "104": 0.5853607357094317, "107": 0.34384838052099814, "134": 0.7216597150738794, "100": 0.6733559840239098, "101": 0.9114128703941509, "129": 0.5619661924945494, "130": 0.7570745990904548, "105": 0.684961249623832, "110": 0.9687175705183642, "118": 0.7010120954522201, "125": 0.716356944202799, "144": 0.9713595535558777, "109": 0.6821030813261982, "127": 0.7260287547211197, "132": 0.1160917766672106, "115": 0.48607992823877844, "137": 0.7782912029730289, "106": 0.8938772884269843, "135": 0.8798222729324074, "120": 0.980133147923703, "131": 0.7860905399769399, "117": 0.6624692207649989, "133": 0.9006714259588862, "145": 0.423902084340132, "156": 0.9573363750671867, "163": 0.9865001752117635, "179": 0.920017648857659, "184": 0.8213445434803914, "186": 0.9892581571897634, "178": 0.9949767420272078, "181": 0.8213445434803914, "182": 0.8978997239936704, "183": 0.9865001752117635, "193": 0.8983851212872435, "158": 0.9713595535558777, "165": 0.8688965644538921, "166": 0.8830833783478265, "168": 0.981232131685918, "190": 0.8533643694982009, "196": 0.9140329995531735, "164": 0.9865001752117635, "169": 0.9573363750671867, "174": 0.9988882682104072, "185": 0.3885201854651707, "157": 0.9983737266052923, "173": 0.9865001752117635, "192": 0.9472676651898911, "151": 0.9830954797357201, "180": 0.9074541861500449, "159": 0.9949767420272078, "161": 0.9140329995531735, "162": 0.8794961698328488, "170": 0.981232131685918, "172": 0.9983737266052923, "177": 0.9709483288034012, "187": 0.9335934621781633, "194": 0.8446352867590317, "198": 0.9687175705183642, "150": 0.7787939383162538, "188": 0.9672702438730358, "197": 0.9983737266052923, "153": 0.8446352867590317, "189": 0.23032766890594292, "195": 0.9472676651898911, "154": 0.8463778409804674, "191": 0.9140329995531735, "171": -0.0475896289864841, "212": 0.9865001752117635, "228": 0.9000543078507882, "230": 0.9687175705183642, "210": 0.8980219409923789, "246": 0.8720945545738419, "248": 0.9335934621781633, "202": 0.9091726585479631, "236": 0.614315707939549, "206": 0.7955272601359307, "221": 0.9949767420272078, "231": 0.9667771893756375, "232": 0.14449678458109552, "244": 0.5830765794498906, "224": 0.9477068043036703, "225": 0.9006714259588862, "241": 0.9865001752117635, "242": 0.7002029063388291, "226": 0.9090796779337953, "229": 0.7818255438676718, "249": 0.8311229959955457, "214": 0.8720945545738419, "220": -0.14932931480824793, "222": 0.9988882682104072, "209": 0.9901079757944491, "227": 0.9713595535558777, "200": 0.9901079757944491, "286": 0.9013207959089523, "282": 0.7955272601359307, "259": 0.9006714259588862, "252": 0.8311229959955457, "274": 0.8794961698328488, "279": 0.8311229959955457, "149": 0.5710752585811706, "294": 0.8794961698328488, "254": 0.6526061874683491, "264": 0.9648177708588577, "256": 0.9988882682104072, "261": 0.9453520912576178, "167": 0.8311229959955457, "155": 0.3690962936014758, "152": 0.6082976936329352, "312": 0.523868503082112, "314": 0.9573363750671867, "160": 0.9983737266052923, "366": 0.9884989516004242}