{"1": 0.672895255425912, "2": 0.7578851252789057, "4": 0.8756754309304606, "5": 0.6624692207649989, "6": 0.7075546733458378, "8": 0.8830833783478265, "9": 0.4059359446852652, "10": 0.7388464676403214, "11": 0.5106585635095999, "12": 0.9983737266052923, "13": 0.6022539612919237, "14": 0.5007181139729744, "15": 0.8713229087489454, "16": 0.9258764422004868, "17": 0.6138170717317124, "18": 0.9709483288034012, "19": 0.2926714706602051, "20": 0.8475326517928217, "21": 0.9711625608873772, "23": 0.31912055311549825, "24": 0.7831581017980025, "25": 0.394426448982244, "27": 0.584930504285136, "28": 0.9604526003642835, "29": 0.5285197868703888, "30": 0.9037311819925704, "31": 0.921999206994456, "34": 0.9053622125320325, "35": 0.9949767420272078, "36": 0.7660674541253676, "38": 0.44442422390358693, "41": 0.6703368053274344, "43": 0.8246069206348094, "45": 0.5077541356872822, "49": 0.9082452813629398, "52": 0.9865001752117635, "54": 0.5355248852715064, "56": 0.48113657271127597, "57": 0.9476023808238805, "59": 0.6141692607281104, "60": 0.8598698242351048, "63": 0.9771451713702621, "64": 0.7127301950855451, "71": 0.8730147371909622, "72": 0.7122068996217727, "74": 0.7652867527899109, "76": 0.9672364309982049, "80": 0.49604622258845155, "82": 0.7979575173700935, "85": 0.7507790818827849, "86": 0.8044947367865425, "87": 0.967905757640733, "88": 0.20719309844180892, "89": 0.8720945545738419, "90": 0.6003490765420589, "97": 0.004977963337731338, "98": 0.23243173511869558}