{"0": 0.6425863016386122, "1": 0.609225864488296, "2": 0.6717398306647757, "3": 0.2938934197569294, "4": 0.1944830018423905, "6": 0.6750335984024853, "7": 0.5633047643160927, "9": 0.48224518818900963, "10": 0.5382759403863034, "11": 0.9206001693359358, "12": 0.8877088024305109, "13": 0.8626549539559839, "14": 0.9949767420272078, "15": 0.7056705243474599, "16": 0.5574497085911331, "17": 0.5838797940960465, "19": 0.48113657271127597, "20": 0.7704490650539642, "21": 0.9983737266052923, "23": 0.9687175705183642, "24": 0.7502256371756575, "25": 0.32771742574698115, "26": 0.3951197444766571, "27": 0.5629513256639329, "28": 0.7305548341392115, "29": 0.6738542092714168, "31": 0.9712097172582024, "32": 0.7362738421594113, "33": 0.2780905555181072, "37": 0.981232131685918, "38": 0.9573146345238671, "39": 0.8036171673830603, "40": 0.8168033911482515, "42": 0.29453096782742527, "43": 0.9865001752117635, "44": 0.980133147923703, "46": 0.8069510770846776, "47": 0.5241478553875311, "49": 0.5001745988634444, "51": 0.8394394601935087, "53": 0.6045938116724687, "55": 0.3248189139857257, "56": 0.7403825242575224, "57": 0.8580648697024043, "60": 0.9217586009312606, "65": 0.7617414539305428, "66": 0.9442464244826696, "68": 0.6487520872752499, "71": 0.9289093069024592, "72": 0.39435929184717555, "73": 0.571983554707701, "75": 0.7233347450595491, "76": 0.9103796020300163, "77": 0.5483982320747937, "79": 0.8546179968153367, "83": 0.757604564146452, "84": 0.6939169287951823, "85": 0.502610859269699, "92": 0.9488360901438864, "93": 0.6019010557982349, "94": 0.921999206994456, "97": 0.842951229166844, "99": 0.9149068217490111}