{"0": 0.9006714259588862, "1": 0.8794961698328488, "2": 0.8316076253923786, "3": 0.7608528783887835, "4": -0.0475896289864841, "5": 0.6258554633767097, "6": 0.7328887417864776, "7": 0.9140329995531735, "8": 0.9264242342758655, "9": 0.8307028488493036, "10": 0.942923417458683, "11": 0.9988882682104072, "12": 0.46652745473077506, "13": 0.963944995920045, "14": 0.8311229959955457, "15": 0.9364577457160875, "16": 0.9335934621781633, "17": 0.6938230769044524, "18": 0.8311229959955457, "19": 0.6061367038825813, "20": 0.6538057259459886, "21": 0.8711994502463034, "22": -0.27496486801528375, "23": 0.8312485438773476, "24": 0.7629498692910234, "25": 0.8219997517808688, "26": 0.9983737266052923, "27": 0.967905757640733, "28": 0.9672702438730358, "29": 0.9949767420272078, "30": 0.9449927265303142, "31": 0.6082976936329352, "32": 0.614315707939549, "33": 0.9472676651898911, "34": 0.8993915993469253, "35": 0.6381460889283319, "36": 0.2576818309716905, "37": 0.8046760916970523, "38": 0.8701565735420997, "40": 0.9949767420272078, "41": 0.8586436992701498, "43": 0.9029526996772712, "44": 0.566542751732656, "45": 0.6842171575326432, "46": 0.831315809318495, "47": 0.9691939465332382, "48": 0.8809122962843063, "49": 0.9949767420272078, "50": 0.843733662634768, "51": 0.9949767420272078, "52": 0.9590995066198915, "59": 0.7681811675268843, "61": 0.9884989516004242, "62": 0.9573363750671867, "64": 0.7934135811694298, "66": 0.4599581542115019, "70": 0.6082976936329352, "71": 0.757604564146452, "72": 0.9335934621781633, "73": 0.9586919378087284, "76": 0.9335934621781633, "77": 0.8205944583162954, "78": 0.48919684851176004, "81": 0.8311229959955457, "89": 0.8213445434803914, "92": 0.8345696413080547, "93": 0.8775265032524076, "94": 0.8830833783478265, "96": 0.9304763003992487, "98": 0.981232131685918, "99": 0.8830833783478265, "39": 0.9865001752117635, "42": 0.9884989516004242, "55": 0.9472676651898911, "56": 0.8012132570078119, "57": 0.9983737266052923, "58": 0.831285201806796, "60": 0.9432447077790973, "63": 0.8615112575471175, "65": 0.9072409240804903, "69": 0.5984882081394154, "74": 0.25146295316959444, "79": 0.3484906348568889, "83": 0.9840880345802636, "86": 0.9304763003992487, "91": 0.9983737266052923, "80": 0.5195007090501981, "82": 0.5568779081230437, "87": 0.8567822593652972, "88": 0.8720977720763801, "90": 0.6981018668967722, "97": 0.8060474861071133, "53": 0.9983737266052923, "68": 0.5983186795268125, "84": 0.981232131685918, "85": 0.981232131685918, "75": 0.7669301099235952, "54": 0.3885201854651707, "67": 0.981232131685918, "95": 0.8841669172681577, "103": 0.953211483519156, "108": 0.5081200817157443, "126": 0.9988882682104072, "138": 0.26799195653254043, "140": 0.9090796779337953, "141": 0.8720945545738419, "143": 0.9573363750671867, "146": 0.8545631106194034, "147": 0.887165389288749, "148": 0.8830833783478265, "111": 0.8830833783478265, "112": 0.6082976936329352, "113": 0.9949767420272078, "114": 0.4187743679913709, "128": 0.6138937892975608, "136": 0.8762540949476318, "139": 0.9140329995531735, "142": 0.14644603093131614, "102": 0.9061104814689838, "116": 0.4280530752142929, "119": 0.8830833783478265, "121": 0.9801948925335262, "122": 0.8463778409804674, "123": 0.9983737266052923, "124": 0.8300095389021795, "104": 0.6790503527241429, "107": 0.7681811675268843, "134": 0.9884989516004242, "100": 0.9488360901438864, "101": 0.9750826465612488, "129": 0.9304763003992487, "130": 0.9181169426857589, "105": 0.9061104814689838, "110": 0.981232131685918, "118": 0.5940978041391852, "125": 0.8794961698328488, "144": 0.9573363750671867, "109": 0.6381460889283319, "127": 0.981232131685918, "132": 0.1975043325266742, "115": 0.9687175705183642, "137": 0.8809396244696035, "106": 0.491995222637351, "135": 0.42505355784011345, "120": 0.7010120954522201, "131": 0.522677044646806, "117": 0.8506293012836945, "133": 0.8720945545738419, "145": 0.9335934621781633, "156": 0.6082976936329352, "163": 0.1975043325266742, "179": 0.9140329995531735, "184": 0.5913452005762347, "186": 0.9901079757944491, "178": 0.6161367051674584, "181": 0.9140329995531735, "182": 0.7608528783887835, "183": 0.832860782860757, "193": 0.7010120954522201, "158": 0.9335934621781633, "165": 0.9830954797357201, "166": 0.8830833783478265, "168": 0.9249524416875297, "190": 0.9335934621781633, "196": 0.866535739942897, "164": 0.8316076253923786, "169": 0.8720977720763801, "174": 0.3218633626765348, "185": 0.8213445434803914, "157": 0.6437419642159319, "173": 0.9801948925335262, "192": 0.9140329995531735, "151": 0.8264833490194128, "180": 0.9449277469107293, "159": 0.9687175705183642, "161": 0.5372819131295028, "162": 0.637062684376568, "170": 0.9884989516004242, "172": 0.47066488472412527, "177": 0.8980219409923789, "187": 0.5372819131295028, "194": 0.9830954797357201, "198": 0.4324298269711546, "150": 0.5120501550986825, "188": 0.9830954797357201, "197": 0.8720945545738419, "153": 0.25146295316959444, "189": 0.9327349011946073, "195": 0.9304763003992487, "154": 0.9830954797357201, "191": 0.30685047983091546, "171": 0.9061104814689838, "212": 0.6082976936329352, "228": 0.5808446707006777, "230": 0.6200512490109991, "210": 0.834834426754641, "246": -0.18019987315208102, "248": 0.9830954797357201, "202": 0.9884989516004242, "236": 0.609225864488296, "206": 0.9140329995531735, "221": 0.9140329995531735, "231": 0.9140329995531735, "232": 0.9000543078507882, "244": 0.8995238736482618, "224": 0.5172920858213403, "225": 0.4865376241939008, "241": 0.9140329995531735, "242": 0.8830833783478265, "226": 0.9642811283825925, "229": 0.9884989516004242, "249": 0.48377266320223156, "214": 0.5932693692031363, "220": 0.8830833783478265, "222": 0.8645321962681458, "209": 0.8319606635766603, "227": 0.8775803973511176, "200": 0.8720945545738419, "286": 0.832860782860757, "282": 0.7984369084802713, "259": 0.7878969237776184, "252": 0.8613022518530968, "274": 0.8749101974796007, "279": 0.25146295316959444, "149": 0.9366755439742833, "294": 0.9072409240804903, "254": 0.9304763003992487, "264": 0.9016627608838315, "256": 0.9713595535558777, "261": 0.9830954797357201, "167": 0.4218308046635722, "155": 0.8213445434803914, "152": 0.9090796779337953, "312": 0.3885201854651707, "314": 0.7466890867450248, "160": 0.9006714259588862, "366": 0.9884989516004242, "176": 0.7519062573341051, "199": 0.9726470427282614, "175": 0.9592332369017739, "208": 0.831285201806796, "217": 0.8853452579064365, "243": 0.8537599583759073, "245": 0.6133047155306988, "201": 0.7010120954522201, "207": 0.9830954797357201, "235": 0.7983331701459425, "211": -0.4106204816379031, "240": 0.9140329995531735, "247": 0.3615774438672966, "213": 0.9304763003992487, "223": 0.5901868528829355, "234": 0.8615112575471175, "239": 0.6284436739232024, "216": 0.5808446707006777, "238": 0.832860782860757, "204": 0.9672145785527155, "215": 0.8775265032524076, "205": 0.7787939383162538, "219": 0.980133147923703, "237": 0.055162342896324865, "203": 0.9592332369017739, "218": 0.5808446707006777, "257": 0.7878969237776184, "281": 0.8384519689542054, "285": 0.9453520912576178, "290": 0.523868503082112, "250": 0.9072409240804903, "268": 0.8338039374787547, "273": 0.8537752833436424, "278": 0.8443727045078806, "291": 0.8396508538985199, "298": 0.26350603602612926, "269": 0.8949368089438811, "283": 0.9691939465332382, "296": 0.3096375798953373, "297": 0.6487191447383625, "255": 0.8974691924436693, "263": 0.34437847063398264, "276": 0.9907737289176031, "295": 0.9884989516004242, "266": 0.9642811283825925, "251": 0.9189796994070691, "271": 0.4543517618316325, "253": 0.9237997359653143, "275": 0.3072038754712934, "272": 0.9691939465332382, "287": 0.48771932999233114, "262": 0.8714752471035064, "265": 0.718286056213555, "277": -0.27496486801528375, "233": 0.7941893966993767, "293": 0.9713595535558777, "270": 0.9691939465332382, "258": 0.9710685701243187, "289": -0.010586685867360663, "292": 0.21809268916272456, "260": 0.9403846533518059, "267": 0.23161239918590903, "299": 0.9691939465332382,