{"0": 0.7419184683448392, "1": 0.8809765933703906, "2": 0.4993651277257829, "3": 0.43415241611106864, "4": 0.5786232597120047, "5": 0.6530727286527647, "6": 0.8860110555823051, "7": 0.44482275252794035, "8": 0.9141424969243384, "9": 0.8813757932458062, "10": 0.3823472714136137, "11": 0.37069566523573544, "12": 0.9432447077790973, "14": 0.48147363895215456, "15": 0.8404461023348363, "16": 0.7835436945077481, "17": 0.9865001752117635, "18": 0.6260072594908512, "19": 0.9217586009312606, "20": 0.759712127462648, "23": 0.6166770921673854, "26": 0.6650523650300169, "27": 0.9704814302099272, "29": 0.8040365848049142, "31": 0.4298932187263982, "32": 0.826978145742863, "35": 0.7669301099235952, "37": 0.7931670630448308, "39": 0.7051300887732297, "40": 0.9709483288034012, "41": 0.6645511274365897, "42": 0.757604564146452, "44": 0.9949767420272078, "45": 0.8809396244696035, "47": 0.42540395931735364, "49": 0.9711625608873772, "51": 0.6494911904913165, "52": 0.7116043175588809, "53": 0.6400039430078315, "54": 0.6487520872752499, "56": 0.9006714259588862, "57": 0.24427880458326123, "59": 0.981232131685918, "61": 0.980133147923703, "64": 0.7464406421558197, "66": 0.8790591243493289, "67": 0.7296842199724802, "69": 0.07703615794168907, "70": 0.8173120803799263, "74": 0.7799153011501189, "76": 0.8661565703538538, "82": 0.1660253602539452, "85": 0.9120506649817908, "90": 0.7127301950855451, "94": 0.7986831465968145, "96": 0.5509321997381238, "97": 0.921999206994456, "98": 0.7377114370465088}