{"1": 0.3398294073738458, "2": 0.574031499518063, "4": 0.6094012913532996, "5": 0.7139982306358827, "10": 0.31342203584485395, "12": 0.6180032137120303, "23": 0.6692430371893076, "27": 0.4668517837063278, "32": 0.5786232597120046, "37": 0.6342451481925557, "49": 0.4477290739835533}