{"0": 0.9090796779337953, "1": 0.2234060256254172, "2": 0.9691939465332382, "3": 0.4594787966035305, "4": 0.5231471196019495, "5": 0.9642811283825925, "6": 0.9644804896774047, "7": 0.9710685701243187, "8": 0.38024813235472044, "9": 0.5195762145189866, "10": 0.9687370516063287, "11": 0.9204330867250647, "12": 0.967905757640733, "13": 0.8463778409804674, "14": 0.5484900419034284, "15": 0.4817832680183122, "16": 0.7999757143712634, "17": 0.5397034097166321, "18": 0.937400317438411, "19": 0.35114002652049403, "20": 0.9149068217490111, "21": 0.48113657271127597, "22": 0.8179832251591295, "23": 0.610699834047564, "24": 0.9711625608873772, "25": 0.6061367038825813, "26": 0.8157784848457241, "27": 0.7917933497515188, "28": 0.7871345799737326, "29": 0.9949767420272078, "30": 0.978789337755493, "31": 0.9316966264562736, "32": 0.9472676651898911, "33": 0.3978901288081713, "34": 0.9016627608838315, "35": 0.9398918811091679, "36": 0.9865001752117635, "37": 0.35146973961476147, "38": 0.9983737266052923, "40": 0.6172868626332301, "41": 0.9865001752117635, "43": 0.967905757640733, "44": 0.5007181139729744, "45": 0.9031102298405602, "46": 0.7971111096910155, "47": 0.9217586009312606, "48": 0.22853614191922472, "49": 0.7917933497515188, "50": 0.9865001752117635, "51": 0.8347529133904941, "52": 0.9865001752117635, "59": 0.44627083021580605, "61": 0.9217586009312606, "62": 0.9983737266052923, "64": 0.9217586009312606, "66": 0.9088946782732392, "70": 0.5350990871777538, "71": 0.981232131685918, "72": 0.6277384267953001, "73": 0.8849379177271766, "76": 0.8366841729045951, "77": 0.8830833783478265, "78": 0.8366841729045951, "81": 0.9983737266052923, "89": 0.6254897212824604, "92": 0.2712298298027689, "93": 0.8830833783478265, "94": 0.981232131685918, "96": 0.8288506015077566, "98": 0.8128551965592921, "99": 0.8381131340879733, "39": 0.757604564146452, "42": 0.9592332369017739, "55": 0.48113657271127597, "56": 0.5358827365043197, "57": 0.6293972598139801, "58": 0.6897782779610693, "60": 0.9865001752117635, "63": 0.757604564146452, "65": 0.9983737266052923, "69": 0.9725010622313472, "74": 0.1975043325266742, "79": 0.7324207003423019, "83": 0.8070834178164799, "86": 0.8515452722870804, "91": 0.9142951613245062, "80": 0.2579028362928948, "82": 0.8316076253923786, "87": -0.0947404194997906, "88": 0.6013506347590544, "90": 0.1975043325266742, "97": 0.4110473349095895, "53": 0.757604564146452, "68": 0.5587453160579967, "84": 0.525027673004182, "85": 0.22713163900934336, "75": 0.8128551965592921, "54": 0.9472676651898911, "67": 0.9573146345238671, "95": 0.7010120954522201, "103": 0.981232131685918, "108": 0.37273433962711594, "126": 0.9204330867250647, "138": 0.18168131915734786, "140": 0.9090796779337953, "141": 0.7116043175588809, "143": 0.5483982320747937, "146": 0.02854000326247845, "147": 0.978789337755493, "148": 0.23751441866574657, "111": 0.9335934621781633, "112": 0.8953599538075763, "113": 0.7569536847721546, "114": 0.9181169426857589, "128": 0.7227004325425237, "136": 0.9035564895735866, "139": 0.9488360901438864, "142": 0.8720945545738419, "102": 0.902943178523838, "116": 0.8720945545738419, "119": 0.7648038598581672, "121": 0.5320489077677621, "122": 0.8756754309304606, "123": 0.6487520872752499, "124": 0.8720945545738419, "104": 0.9488360901438864, "107": 0.5179729526637489, "134": 0.9687175705183642, "100": 0.9090796779337953, "101": 0.9090796779337953, "129": 0.5121975234564369, "130": 0.8720945545738419, "105": 0.8704780969480569, "110": 0.7789106268579697, "118": 0.7979756133661735, "125": 0.9988882682104072, "144": 0.7604755292429785, "109": 0.8366841729045951, "127": 0.14449678458109552, "132": 0.978789337755493, "115": 0.9139376136369868, "137": 0.9687175705183642, "106": 0.8128551965592921, "135": 0.9141130735845608, "120": 0.7636034827416363, "131": 0.9488360901438864, "117": 0.5842931424003757, "133": 0.665763638821959, "145": 0.9687175705183642, "156": 0.8233785818459912, "163": 0.8756754309304606, "179": 0.7782912029730289, "184": 0.8213445434803914, "186": 0.9573363750671867, "178": 0.9949767420272078, "181": 0.9573146345238671, "182": 0.9592332369017739, "183": 0.49376421836332324, "193": 0.7453100907255166, "158": 0.862511364683826, "165": 0.7947239594064365, "166": 0.8756754309304606, "168": 0.8463778409804674, "190": 0.9217455898854673, "196": 0.9140329995531735, "164": 0.9830954797357201, "169": 0.5676057079526842, "174": 0.9988882682104072, "185": 0.3885201854651707, "157": 0.9488360901438864, "173": 0.9472676651898911, "192": -0.2721503593908512, "151": 0.9830954797357201, "180": 0.9074541861500449, "159": 0.43016947644837683, "161": 0.9830954797357201, "162": 0.7016430386802859, "170": 0.981232131685918, "172": 0.4483708025861065, "177": 0.9592332369017739, "187": 0.684961249623832, "194": 0.8446352867590317, "198": 0.20641358651095307, "150": 0.9988882682104072, "188": 0.9304763003992487, "197": 0.8323762119458958, "153": 0.8446352867590317, "189": 0.4527030763252563, "195": 0.8902155816030437, "154": 0.9472676651898911, "191": 0.9700371969819471, "171": -0.0475896289864841, "212": 0.9865001752117635, "228": 0.9000543078507882, "230": 0.9687175705183642, "210": 0.8980219409923789, "246": 0.8720945545738419, "248": 0.9335934621781633, "202": 0.9091726585479631, "236": 0.614315707939549, "206": 0.7955272601359307, "221": 0.9949767420272078, "231": 0.9667771893756375, "232": 0.14449678458109552, "244": 0.5830765794498906, "224": 0.9477068043036703, "225": 0.9006714259588862, "241": 0.9865001752117635, "242": 0.7002029063388291, "226": 0.9090796779337953, "229": 0.7818255438676718, "249": 0.8311229959955457, "214": 0.8720945545738419, "220": -0.14932931480824793, "222": 0.9988882682104072, "209": 0.9901079757944491, "227": 0.9713595535558777, "200": 0.9901079757944491, "286": 0.9013207959089523, "282": 0.7955272601359307, "259": 0.9006714259588862, "252": 0.8311229959955457, "274": 0.8794961698328488, "279": 0.8311229959955457, "149": 0.7010120954522201, "294": 0.8794961698328488, "254": 0.6526061874683491, "264": 0.9648177708588577, "256": 0.9988882682104072, "261": 0.9453520912576178, "167": 0.7282229385929331, "155": 0.9006714259588862, "152": -0.6839958387610735, "312": 0.523868503082112, "314": 0.9573363750671867, "160": 0.9687175705183642, "366": 0.9884989516004242, "176": 0.3014277915473468, "199": 0.6470048384473293, "175": 0.9335934621781633}