{"0": 0.5808446707006777, "1": 0.771003949953108, "2": 0.3993893695426807, "3": 0.8330156279542347, "4": 0.8311229959955457, "5": 0.4072680132424952, "6": 0.9644804896774047, "7": 0.630325371893163, "8": 0.5513708678103775, "9": 0.6097693913724529, "10": 0.802481379959902, "12": 0.8217714804911442, "13": 0.7979085344896685, "14": 0.4476152672516134, "17": 0.24193699873908261, "18": 0.7728339587831798, "19": 0.8517716054685585, "21": 0.6222512710709779, "22": 0.8267961889375187, "23": 0.9573146345238671, "24": 0.7425527339652043, "26": 0.37810469057803464, "30": 0.7856312790148056, "31": 0.9217586009312606, "32": 0.9983737266052923, "34": -0.08224249019553653, "35": 0.7061591025242245, "37": 0.7774420788719931, "39": 0.17658532089515597, "40": 0.8952635008702641, "41": 0.810082545005981, "44": 0.5254092512785125, "46": 0.6641879554256869, "47": 0.4100212176237697, "48": 0.48113657271127597, "49": 0.582789719586031, "50": 0.5294447108015252, "55": 0.8421031499706284, "59": 0.7370080865585757, "61": 0.5209570211759886, "62": 0.5894820877370506, "63": 0.7604669291307837, "64": 0.8830833783478265, "68": 0.980133147923703, "69": 0.8366841729045951, "73": 0.9949767420272078, "75": 0.5589957679294908, "77": 0.902666885172839, "80": 0.9462769360884645, "84": 0.4659611103046431, "85": 0.38749861151066056, "88": 0.9488360901438864, "94": 0.7779686100172716, "96": 0.7850135596439016, "98": 0.757604564146452}