{"0": 0.26136390952185357, "1": 0.6260072594908512, "2": 0.6013506347590544, "3": 0.6006061037771391, "4": 0.6700984118452814, "5": 0.6160150566261295, "6": 0.8016408203693159, "7": 0.6685812721607511, "8": 0.8937292646683588, "9": 0.5247123185998133, "10": 0.9472676651898911, "11": 0.3366835704077431, "12": 0.7688384742837, "13": 0.9093223456592029, "14": 0.8615555957814991, "15": 0.70332942894918, "16": 0.8475814908605418, "17": 0.7647374990419398, "18": 0.6733213007476928, "19": 0.6491935015945167, "20": 0.901748777249892, "21": 0.784017252417081, "22": 0.6260072594908512, "23": 0.46912644829314326, "24": 0.7950992230378634, "25": 0.48113657271127597, "26": 0.5198685220641122, "27": 0.2207759947913981, "28": 0.660673913766087, "29": 0.8215369343369241, "30": 0.8192778384406973, "31": 0.8809396244696035, "32": 0.0882759782354223, "33": 0.9771451713702621, "34": 0.9709483288034012, "35": 0.8646846833957632, "36": 0.8506317812618224, "37": 0.9949767420272078, "38": 0.9539519567428785, "40": 0.29378120685461545, "41": 0.8333468763597425, "43": 0.9021221516449848, "44": 0.9983737266052923, "45": 0.9217586009312606, "46": 0.8216912714609571, "47": 0.921999206994456, "48": 0.23032766890594292, "49": 0.7849634154001839, "50": 0.8444621505000198, "51": 0.8642616605705435, "52": 0.8756754309304606, "59": 0.9298097197394065, "61": 0.5120501550986825, "62": 0.6821030813261982, "64": 0.6526061874683491, "66": 0.7425417598060612, "70": 0.707708886299415, "71": 0.3505409246346395, "72": 0.8756754309304606, "73": 0.34384838052099814, "76": 0.799615023321244, "77": 0.9700371969819471, "78": -0.03156587147432149, "81": 0.8494048695102525, "89": 0.9335934621781633, "92": 0.6196188954656859, "93": 0.684961249623832, "94": -0.03156587147432149, "96": 0.9335934621781633, "98": 0.832860782860757, "99": 0.7658701887411197, "39": 0.7923975123858403, "42": 0.44260974064371894, "55": 0.7010120954522201, "56": 0.9711625608873772, "57": 0.8128551965592921, "58": 0.757604564146452, "60": 0.7634150330236524, "63": 0.9476023808238805, "65": 0.9129039455580766, "69": 0.839959919104204, "74": 0.8720945545738419, "79": 0.47066488472412527, "83": 0.37540567929468754, "86": -0.0947404194997906, "91": 0.3582640127769794, "80": 0.9476023808238805, "82": 0.981232131685918, "87": 0.5685866553822061, "88": 0.30096418460716745, "90": 0.9865001752117635, "97": 0.9983737266052923, "53": 0.8333468763597425, "54": 0.9988882682104072, "67": 0.5685866553822061, "68": 0.9315684879650371, "75": 0.5120501550986825, "84": 0.9141130735845608, "85": 0.9713595535558777, "95": 0.9114128703941509, "103": 0.8720945545738419, "108": 0.2567816033942547, "126": 0.8715285584530765, "138": 0.7815419290314123, "140": 0.9157957284855488, "141": 0.6525631136181822, "143": 0.9180753773976005, "146": 0.6351154778354233, "147": 0.9141130735845608, "148": 0.4885347839899873, "111": 0.7849001521249795, "112": 0.6288473701422195, "113": 0.48607992823877844, "114": 0.796397739712106, "128": 0.7979756133661735, "136": 0.7782912029730289, "139": 0.8463778409804674, "142": 0.9472676651898911, "102": 0.8178413482602938, "116": 0.9604526003642835, "119": 0.6226519061856078, "121": 0.5320489077677621, "122": 0.9711625608873772, "123": 0.19636038889005966, "124": 0.9710685701243187, "104": 0.8938772884269843, "107": 0.684961249623832, "134": 0.5525818942829822, "100": 0.8331087363663148, "101": 0.6315999247181018, "129": 0.9488360901438864, "130": 0.7782912029730289, "105": 0.8455117632990026, "110": 0.5638555862947048, "118": 0.6919477357832404, "125": 0.8756754309304606, "144": 0.7849381675526246, "109": 0.29717544569569176, "127": 0.2747143822881904, "132": 0.5283044122876839, "115": 0.8655817455287372, "137": 0.9687175705183642, "106": 0.3532938509873891, "135": 0.8261204300060645, "120": 0.9592332369017739, "131": 0.8720945545738419, "117": 0.26088914758559406, "133": 0.6963771897821527, "145": 0.9687175705183642, "156": 0.9573363750671867, "163": 0.9865001752117635, "179": 0.920017648857659, "184": 0.8213445434803914, "186": 0.9892581571897634, "178": 0.9949767420272078, "181": 0.8213445434803914, "182": 0.8978997239936704, "183": 0.9865001752117635, "193": 0.8983851212872435, "158": 0.9713595535558777, "165": 0.8688965644538921, "166": 0.8830833783478265, "168": 0.981232131685918, "190": 0.8533643694982009, "196": 0.9140329995531735, "164": 0.9865001752117635, "169": 0.9573363750671867, "174": 0.9988882682104072, "185": 0.3885201854651707, "157": 0.9983737266052923, "173": 0.9865001752117635, "192": 0.9472676651898911, "151": 0.9830954797357201, "180": 0.9074541861500449, "159": 0.9949767420272078, "161": 0.9140329995531735, "162": 0.8794961698328488, "170": 0.981232131685918, "172": 0.9983737266052923, "177": 0.9709483288034012, "187": 0.9335934621781633, "194": 0.8446352867590317, "198": 0.9687175705183642, "150": 0.7787939383162538, "188": 0.9672702438730358, "197": 0.9983737266052923, "153": 0.8446352867590317, "189": 0.23032766890594292, "195": 0.9472676651898911, "154": 0.8463778409804674, "191": 0.9140329995531735, "171": -0.0475896289864841, "212": 0.9865001752117635, "228": 0.9000543078507882, "230": 0.9687175705183642, "210": 0.8980219409923789, "246": 0.8720945545738419, "248": 0.9335934621781633, "202": 0.9091726585479631, "236": 0.614315707939549, "206": 0.7955272601359307, "221": 0.9949767420272078, "231": 0.9667771893756375, "232": 0.14449678458109552, "244": 0.5830765794498906, "224": 0.9477068043036703, "225": 0.9006714259588862, "241": 0.9865001752117635, "242": 0.7002029063388291, "226": 0.9090796779337953, "229": 0.7818255438676718, "249": 0.8311229959955457, "214": 0.8720945545738419, "220": -0.14932931480824793, "222": 0.9988882682104072, "209": 0.9901079757944491, "227": 0.9713595535558777, "200": 0.9901079757944491, "286": 0.9013207959089523, "282": 0.7955272601359307, "259": 0.9006714259588862, "252": 0.8311229959955457, "274": 0.8794961698328488, "279": 0.8311229959955457, "149": 0.9559398348927166, "294": 0.8794961698328488, "254": 0.6526061874683491, "264": 0.9648177708588577, "256": 0.9988882682104072, "261": 0.9453520912576178, "167": 0.8311229959955457, "155": 0.3690962936014758, "152": 0.6082976936329352, "312": 0.523868503082112, "314": 0.9573363750671867, "160": 0.9983737266052923, "366": 0.9884989516004242}