{"0": 0.911725844963009, "1": 0.43502774291595153, "2": 0.4114664215766309, "3": 0.8583218424620128, "4": 0.5571774282145698, "7": 0.3597354429923291, "8": 0.981232131685918, "9": 0.9140329995531735, "10": 0.6674539946876759, "11": 0.6892582325243057, "14": 0.8591488675651155, "17": 0.796702257750615, "18": 0.12510301145882038, "21": 0.7118313560051539, "23": 0.8711089988234549, "24": 0.3569006857705812, "25": 0.562293113719186, "26": 0.3163837100507342, "27": 0.9230319437857271, "28": 0.9546366638646115, "29": 0.6260072594908512, "30": 0.6239326512223871, "33": 0.8830833783478265, "34": 0.9074986508970562, "35": 0.8057263274894069, "36": 0.6365132226761061, "38": 0.9175177091857263, "39": 0.9043006236444636, "40": 0.8741854960340538, "41": 0.9949767420272078, "45": 0.5387932041271948, "46": 0.9217586009312606, "47": 0.7407872295122774, "48": 0.4486520251333791, "49": 0.7496293598194063, "53": 0.2034097862045362, "54": 0.3258036849292134, "55": 0.757604564146452, "56": 0.24176134938050237, "57": 0.8520124825553782, "58": 0.748114169607522, "60": 0.3801025575897584, "62": 0.41161115504475365, "64": 0.7075546733458378, "65": 0.7992356996063099, "66": 0.6829609796315936, "69": -0.22728096613113843, "70": 0.9865001752117635, "71": 0.8971277989018693, "72": 0.6139961670765683, "73": 0.34384838052099814, "76": 0.7979756133661735, "78": 0.7782912029730289, "80": 0.20719309844180892, "84": 0.9462769360884645, "86": 0.9983737266052923, "87": 0.8117823156968187, "89": 0.43796996365521623, "91": 0.6189458121972831, "95": 0.6075353793304628}