{"0": 0.7437328602714011, "1": 0.9000543078507882, "2": 0.862998005357261, "3": 0.6499455310664713, "4": 0.8472879608371888, "5": 0.7490910102294541, "6": 0.9140329995531735, "7": -0.0475896289864841, "8": 0.5496651941944384, "9": 0.8456938319969669, "10": 0.9988882682104072, "11": 0.8472879608371888, "12": 0.953211483519156, "13": 0.6000432700056655, "14": 0.4881303022101726, "15": 0.9801948925335262, "16": 0.748814620571948, "17": 0.8261204300060645, "18": 0.8720945545738419, "19": 0.9592332369017739, "20": 0.942923417458683, "21": 0.9114644625959997, "22": 0.6082976936329352, "23": 0.8429118518471805, "24": 0.8615112575471175, "25": 0.3702217257773508, "26": 0.9983737266052923, "27": 0.8192778384406973, "28": 0.953211483519156, "29": 0.8333468763597425, "30": 0.8192778384406973, "31": 0.8286008454269056, "32": 0.9683993953678531, "33": 0.8280814828306626, "34": 0.2897773117912632, "35": 0.9630144304215023, "36": 0.9949767420272078, "37": 0.8366841729045951, "38": 0.8999328978891317, "40": 0.9884989516004242, "41": -0.0475896289864841, "43": 0.9865001752117635, "44": 0.9592332369017739, "45": 0.967905757640733, "46": 0.8311229959955457, "47": 0.8070834178164799, "48": 0.7870072749384418, "49": 0.942923417458683, "50": 0.3250068372694748, "51": 0.8312752892901987, "52": 0.9304763003992487, "59": 0.9586919378087284, "61": 0.25531047927360584, "62": 0.9249848322950791, "64": 0.9983737266052923, "66": 0.9559398348927166, "70": 0.9573363750671867, "71": 0.9573363750671867, "72": 0.4409332562501549, "73": 0.981232131685918, "76": 0.6284436739232024, "77": 0.8311229959955457, "78": 0.9983737266052923, "81": 0.9472676651898911, "89": 0.8779003613755184, "92": 0.5116270937672289, "93": 0.8655817455287372, "94": 0.877014203153015, "96": 0.9559398348927166, "98": 0.6196188954656859, "99": 0.9559398348927166, "39": 0.8073380415605234, "42": 0.9202997667703496, "55": 0.9750826465612488, "56": 0.9983737266052923, "57": 0.8246873033740565, "58": 0.9364577457160875, "60": 0.8333468763597425, "63": -0.14932931480824793, "65": 0.8720945545738419, "69": 0.9988882682104072, "74": 0.9114644625959997, "79": -0.14932931480824793, "83": 0.7729045905760077, "86": 0.8188773417294917, "91": 0.9983737266052923, "80": 0.9061104814689838, "82": 0.23586875780657912, "87": 0.832860782860757, "88": 0.9213548555104247, "90": 0.9988882682104072, "97": 0.9949767420272078, "53": 0.9592332369017739, "68": 0.918808853544332, "84": 0.8687623033304555, "85": 0.9592332369017739, "75": 0.7669301099235952, "54": 0.981232131685918, "67": 0.8280814828306626, "95": 0.48543551194910384, "103": 0.6082976936329352, "108": 0.6739728099126892, "126": 0.9672702438730358, "138": 0.5808446707006777, "140": 0.9124728313810972, "141": 0.692730042228241, "143": 0.9983737266052923, "146": 0.8261204300060645, "147": 0.6078891241821858, "148": 0.9006714259588862, "111": 0.9830954797357201, "112": 0.904455383433035, "113": 0.732711234047533, "114": 0.4187743679913709, "128": 0.43543070142023454, "136": 0.8549476145020383, "139": 0.9884989516004242, "142": 0.14644603093131614, "102": 0.9983737266052923, "116": -0.18019987315208102, "119": 0.9129039455580766, "121": 0.9181169426857589, "122": 0.9472676651898911, "123": 0.8720945545738419, "124": 0.8615112575471175, "104": 0.8549476145020383, "107": 0.8311229959955457, "134": 0.9129039455580766, "100": 0.9488360901438864, "101": 0.5868691334681175, "129": 0.9884989516004242, "130": 0.8720945545738419, "105": 0.9335934621781633, "110": 0.9590995066198915, "118": 0.6580001806756144, "125": 0.9988882682104072, "144": 0.981232131685918, "109": 0.8105367397294103, "127": 0.9586919378087284, "132": 0.8272030732920543, "115": 0.9140329995531735, "137": 0.7010120954522201, "106": 0.9304763003992487, "135": 0.9573363750671867, "120": 0.8830833783478265, "131": 0.7398746342160886, "117": 0.9687175705183642, "133": 0.9304763003992487, "145": 0.8720945545738419, "156": 0.9129039455580766, "163": 0.8615112575471175, "179": 0.847699212433793, "184": 0.5913452005762347, "186": 0.93645678358723, "178": 0.9884989516004242, "181": 0.9493540059122985, "182": 0.7608528783887835, "183": 0.8060306735913068, "193": 0.9586919378087284, "158": 0.9335934621781633, "165": 0.4100431994763632, "166": 0.598682936824638, "168": 0.9691939465332382, "190": 0.8470305800996609, "196": 0.8003553165623937, "164": 0.6593315186139259, "169": 0.9830954797357201, "174": 0.4096984002208053, "185": 0.8213445434803914, "157": 0.5944751700135673, "173": 0.9830954797357201, "192": 0.8192778384406973, "151": 0.9663968436099806, "180": 0.9687175705183642, "159": 0.847699212433793, "161": 0.9830954797357201, "162": 0.9284584544356407, "170": 0.9779848608639259, "172": 0.6335425290632055, "177": 0.1975043325266742, "187": 0.8720945545738419, "194": 0.9830954797357201, "198": 0.7824962939969589, "150": 0.8937195715368036, "188": 0.9304763003992487, "197": 0.8720945545738419, "153": 0.24708181221358244, "189": 0.9884989516004242, "195": 0.9830954797357201, "154": 0.6272535262206933, "191": 0.9140329995531735, "171": 0.96706302647472, "212": 0.6082976936329352, "228": 0.5808446707006777, "230": 0.8922760164158616, "210": 0.9437858630591689, "246": 0.920017648857659, "248": 0.8272030732920543, "202": 0.9884989516004242, "236": 0.9713595535558777, "206": 0.6235028039995473, "221": 0.9830954797357201, "231": 0.9006714259588862, "232": 0.9645586061073994, "244": 0.8311229959955457, "224": 0.9065940149497171, "225": 0.6703785647893232, "241": 0.9140329995531735, "242": 0.8830833783478265, "226": 0.3885201854651707, "229": 0.7787939383162538, "249": 0.9988882682104072, "214": 0.2384189976928957, "220": 0.9000543078507882, "222": 0.9140329995531735, "209": 0.9485822131185805, "227": 0.9453520912576178, "200": 0.8720945545738419, "286": 0.7461974109132876, "282": 0.8892478898633576, "259": 0.9691939465332382, "252": 0.9140329995531735, "274": 0.8749101974796007, "279": 0.25146295316959444, "149": 0.981232131685918, "294": 0.6281311285309359, "254": 0.9988882682104072, "264": 0.523868503082112, "256": 0.9713595535558777, "261": 0.8978997239936704, "167": 0.8830833783478265, "155": 0.9713595535558777, "152": 0.9573363750671867, "312": 0.3885201854651707, "314": 0.9249524416875297, "160": 0.4926195804005693, "366": 0.9884989516004242, "176": 0.13865812256397686, "199": 0.4634474627244121, "175": 0.8615112575471175, "208": 0.8883698333434726, "217": 0.9573363750671867, "243": 0.9691939465332382, "245": 0.5665553067893024, "201": 0.9884989516004242, "207": 0.9830954797357201, "235": 0.9249524416875297, "211": -0.4106204816379031, "240": 0.9140329995531735, "247": 0.9592332369017739, "213": 0.5849218693305673, "223": 0.9636589083754621, "234": 0.8615112575471175, "239": 0.6284436739232024, "216": 0.9304763003992487, "238": 0.941544463957757, "204": 0.6990872146176389, "215": 0.9335934621781633, "205": 0.7451525819373325, "219": 0.8870192884221564, "237": 0.055162342896324865, "203": 0.9189796994070691, "218": 0.8070834178164799, "257": 0.9140329995531735, "281": 0.8384519689542054, "285": 0.9573363750671867, "290": 0.523868503082112, "250": 0.6699169828465423, "268": 0.6335425290632055, "273": 0.8338039374787547, "278": 0.16115794841067493, "291": 0.8416734109912063, "298": 0.523868503082112, "269": 0.9672145785527155, "283": 0.8691872707105253, "296": 0.9779848608639259, "297": 0.9129039455580766, "255": 0.9855536974533013, "263": 0.832860782860757, "276": 0.8841669172681577, "295": 0.9509518987775469, "266": 0.9642811283825925, "251": 0.8944640113474871, "271": 0.4543517618316325, "253": 0.9710685701243187, "275": 0.722919605033341, "272": 0.8668199192651688, "287": -0.22453305778075794, "262": 0.9691939465332382, "265": 0.718286056213555, "277": 0.9988882682104072, "233": 0.5913516444832718, "293": 0.8277602821401775, "270": 0.5808446707006777, "258": 0.6030266444015107, "289": 0.9988882682104072, "292": 0.4865376241939008, "260": 0.7973563010853268, "267": 0.8277602821401775, "299": 0.9691939465332382,