{"0": 0.9196762676827337, "1": 0.8505110057881893, "2": 0.6796756543690005, "3": 0.9472676651898911, "4": 0.9709483288034012, "5": 0.24427880458326123, "6": 0.6744998576633761, "7": 0.6309602102442141, "8": 0.8440528819912727, "9": 0.6380550019321378, "10": 0.31133103009616747, "11": 0.8546179968153367, "12": 0.5229180721908534, "13": 0.8697678828098498, "14": 0.6491935015945167, "15": 0.9865001752117635, "16": 0.9949767420272078, "17": 0.889030701985791, "18": 0.9949767420272078, "19": 0.8365170505443663, "20": 0.6649430807089585, "21": 0.585586251779141, "22": 0.942923417458683, "23": 0.806971628043814, "24": 0.942699523539489, "25": 0.9750826465612488, "26": 0.16251106730773374, "27": 0.8192778384406973, "28": 0.9713595535558777, "29": 0.7018635379021749, "30": 0.8615112575471175, "31": 0.8914123502679165, "32": 0.9061104814689838, "33": 0.31535482193857933, "34": 0.48113657271127597, "35": 0.48113657271127597, "36": 0.7812323243240155, "37": 0.9830954797357201, "38": 0.57385329017983, "40": 0.5798744447495474, "41": 0.9453520912576178, "43": 0.716682951966982, "44": 0.7335911874854966, "45": 0.9278006931469573, "46": 0.7709655471410095, "47": 0.9140329995531735, "48": 0.8909116136667745, "49": 0.8315176359270314, "50": 0.7127301950855451, "51": 0.757604564146452, "52": 0.9983737266052923, "59": 0.7979756133661735, "61": 0.9711625608873772, "62": 0.36436121223066376, "64": 0.9453520912576178, "66": 0.2926714706602051, "70": 0.6578214786098125, "71": 0.7075546733458378, "72": 0.6260072594908512, "73": 0.9382053980900551, "76": 0.9672364309982049, "77": 0.20719309844180892, "78": 0.9713595535558777, "81": 0.963944995920045, "89": 0.9227641550709345, "92": 0.8549476145020383, "93": 0.581061958748141, "94": 0.5037002392476704, "96": 0.9711625608873772, "98": 0.9539519567428785, "99": 0.8188763159117212, "39": 0.6588192764047898, "42": -0.0475896289864841, "55": 0.8272030732920543, "56": 0.9061104814689838, "57": 0.9114644625959997, "58": 0.9140329995531735, "60": 0.8615112575471175, "63": 0.6563983232984584, "65": 0.8216912714609571, "69": 0.7588667022646418, "74": 0.31768974012650864, "79": 0.981232131685918, "83": 0.981232131685918, "86": 0.7127301950855451, "91": 0.5820127121165657, "80": 0.9830954797357201, "82": 0.8536212861583761, "87": 0.6335425290632055, "88": 0.920017648857659, "90": 0.8853431112904293, "97": 0.7336176094242233, "53": 0.9488360901438864, "68": 0.9884989516004242, "84": 0.8815986591591685, "85": -0.0475896289864841, "75": 0.981232131685918, "54": 0.7338619065104546, "67": 0.9006714259588862, "95": 0.9140329995531735, "103": 0.9988882682104072, "108": 0.9098698567125048, "126": 0.9750826465612488, "138": 0.9988882682104072, "140": 0.9304763003992487, "141": 0.8903720116851059, "143": 0.1975043325266742, "146": 0.8794961698328488, "147": 0.9750826465612488, "148": 0.9573363750671867, "111": 0.9304763003992487, "112": 0.9335934621781633, "113": 0.920017648857659, "114": 0.9654973448254043, "128": 0.9713595535558777, "136": 0.8794961698328488, "139": 0.9361488673595424, "142": 0.9884989516004242, "102": 0.9072409240804903, "116": 0.9691939465332382, "119": 0.6082976936329352, "121": 0.8794961698328488, "122": 0.8830833783478265, "123": 0.5609849854360007, "124": 0.9865001752117635, "104": 0.7141588583608788, "107": 0.9865001752117635, "134": 0.8830833783478265, "100": 0.9691939465332382, "101": 0.9988882682104072, "129": 0.7365398254287008, "130": 0.9687175705183642, "105": 0.9865001752117635, "110": 0.9988882682104072, "118": 0.9140329995531735, "125": 0.8720945545738419, "144": -0.14932931480824793, "109": 0.6082976936329352, "127": -0.0475896289864841, "132": 0.9006714259588862, "115": 0.8188763159117212, "137": 0.8794961698328488, "106": 0.8720945545738419, "135": 0.9865001752117635, "120": 0.3690962936014758, "131": 0.8775265032524076, "117": 0.9493540059122985, "133": 0.9304763003992487, "145": 0.9509518987775469, "156": 0.9573363750671867, "163": 0.9865001752117635, "179": 0.920017648857659, "184": 0.8213445434803914, "186": 0.9892581571897634, "178": 0.9949767420272078, "181": 0.8213445434803914, "182": 0.8978997239936704, "183": 0.9865001752117635, "193": 0.8983851212872435, "158": 0.9713595535558777, "165": 0.8688965644538921, "166": 0.8830833783478265, "168": 0.981232131685918, "190": 0.8533643694982009, "196": 0.9140329995531735, "164": 0.9865001752117635, "169": 0.9573363750671867, "174": 0.9988882682104072, "185": 0.3885201854651707, "157": 0.9983737266052923, "173": 0.9865001752117635, "192": 0.9472676651898911, "151": 0.9830954797357201, "180": 0.9074541861500449, "159": 0.9949767420272078, "161": 0.9140329995531735, "162": 0.8794961698328488, "170": 0.981232131685918, "172": 0.9983737266052923, "177": 0.9709483288034012, "187": 0.9335934621781633, "194": 0.8446352867590317, "198": 0.9687175705183642, "150": 0.7787939383162538, "188": 0.9672702438730358, "197": 0.9983737266052923, "153": 0.8446352867590317, "189": 0.23032766890594292, "195": 0.9472676651898911, "154": 0.8463778409804674, "191": 0.9140329995531735, "171": -0.0475896289864841, "212": 0.9865001752117635, "228": 0.9000543078507882, "230": 0.9687175705183642, "210": 0.8980219409923789, "246": 0.8720945545738419, "248": 0.9335934621781633, "202": 0.9091726585479631, "236": 0.614315707939549, "206": 0.7955272601359307, "221": 0.9949767420272078, "231": 0.9667771893756375, "232": 0.14449678458109552, "244": 0.5830765794498906, "224": 0.9477068043036703, "225": 0.9006714259588862, "241": 0.9865001752117635, "242": 0.7002029063388291, "226": 0.9090796779337953, "229": 0.7818255438676718, "249": 0.8311229959955457, "214": 0.8720945545738419, "220": -0.14932931480824793, "222": 0.9988882682104072, "209": 0.9901079757944491, "227": 0.9713595535558777, "200": 0.9901079757944491, "286": 0.9013207959089523, "282": 0.7955272601359307, "259": 0.9006714259588862, "252": 0.8311229959955457, "274": 0.8794961698328488, "279": 0.8311229959955457, "149": 0.9559398348927166, "294": 0.8794961698328488, "254": 0.6526061874683491, "264": 0.9648177708588577, "256": 0.9988882682104072, "261": 0.9453520912576178, "167": 0.8311229959955457, "155": 0.3690962936014758, "152": 0.6082976936329352, "312": 0.523868503082112, "314": 0.9573363750671867, "160": 0.9983737266052923, "366": 0.9884989516004242}