{"1": 0.20719309844180892, "2": 0.9472676651898911, "3": 0.7425145933010355, "4": 0.018808135829205968, "5": 0.4412221521625874, "6": 0.8214841492474168, "7": 0.9315684879650371, "8": 0.35371950766257854, "9": 0.6614955345007789, "10": 0.8546179968153367, "11": 0.8720945545738419, "12": 0.7023430385356525, "13": 0.8453048777385126, "14": 0.35890449607753194, "15": 0.6877851316223672, "16": 0.5327358498017425, "17": 0.9949767420272078, "18": 0.921999206994456, "20": 0.6231066174035307, "21": 0.39171984965431633, "22": 0.9462769360884645, "23": 0.8361793629711076, "25": 0.7039933617335263, "26": 0.8855256728754468, "28": 0.46809577553206544, "29": 0.48113657271127597, "32": 0.5516739975484155, "33": 0.5233938861652838, "35": 0.7614926112227629, "36": 0.8458628109175224, "37": 0.9710685701243187, "38": 0.7774095451524285, "39": 0.6487520872752499, "41": 0.967905757640733, "42": 0.28843696672937347, "43": 0.7278393850725895, "44": 0.5483982320747937, "45": 0.8105071952531222, "47": 0.5241478553875311, "48": 0.6830788192248078, "50": 0.9865001752117635, "54": 0.7831581017980025, "56": 0.8316076253923786, "59": 0.61468006592553, "60": 0.7690962616695626, "61": 0.4609252253722341, "62": 0.9476023808238805, "67": 0.3948893534210127, "68": 0.8952635008702641, "70": 0.5638555862947048, "71": 0.8216912714609571, "73": 0.4940930865687267, "79": 0.980133147923703, "82": 0.9204330867250647, "86": 0.8757811589663074, "87": 0.7075546733458378, "88": 0.981232131685918, "89": 0.7979756133661735, "93": 0.7091443078329684, "97": 0.8661562678107537, "99": 0.9983737266052923}