{"0": 0.9625700517036602, "1": 0.6073028217056597, "2": 0.8623123222938814, "3": 0.2667876912297211, "4": 0.8235304974469049, "5": 0.9021221516449848, "6": 0.5968611232684455, "7": 0.6487520872752499, "8": 0.9700371969819471, "9": 0.8192778384406973, "10": 0.9212696731928448, "11": 0.8937292646683588, "12": 0.5230044591358521, "13": 0.47375041638672777, "14": 0.7466890867450248, "15": 0.5808446707006777, "16": 0.9442464244826696, "17": 0.6082976936329352, "18": 0.8902155816030437, "19": 0.8122493739852138, "20": 0.7938221535410704, "21": 0.8192778384406973, "22": 0.5070644983107764, "23": 0.7010120954522201, "24": 0.9217586009312606, "25": 0.7277393101022782, "26": 0.901748777249892, "27": 0.5198685220641122, "28": 0.9865001752117635, "29": 0.14449678458109552, "30": 0.9189842035837485, "31": 0.885736447075354, "32": 0.757604564146452, "33": 0.9949767420272078, "34": 0.867947970907976, "35": 0.691751106621022, "36": 0.857209295739242, "37": 0.5895896390554834, "38": 0.9093223456592029, "40": 0.8727104168106703, "41": 0.8333468763597425, "43": 0.9053622125320325, "44": 0.7466890867450248, "45": 0.8311229959955457, "46": 0.5685866553822061, "47": 0.48607992823877844, "48": 0.9865001752117635, "49": 0.9777812587919528, "50": 0.9141130735845608, "51": 0.6526061874683491, "52": 0.8463778409804674, "59": 0.9074541861500449, "61": 0.8794961698328488, "62": 0.9573146345238671, "64": 0.8720945545738419, "66": 0.8766664135836837, "70": 0.8359579514350155, "71": -0.03156587147432149, "72": 0.6413911019625415, "73": 0.9006714259588862, "76": 0.8794961698328488, "77": 0.684961249623832, "78": 0.8453048777385126, "81": 0.8216912714609571, "89": 0.24516152962531862, "92": 0.8655817455287372, "93": -0.0475896289864841, "94": 0.5070644983107764, "96": 0.1416938655417028, "98": 0.8756754309304606, "99": 0.5110517885037026, "39": 0.8271072745261993, "42": 0.7923975123858403, "55": 0.9204330867250647, "56": 0.8311229959955457, "57": 0.981232131685918, "58": 0.8128551965592921, "60": 0.746459695787597, "63": 0.9490615228462083, "65": 0.978789337755493, "69": -0.27496486801528375, "74": 0.8756754309304606, "79": 0.921999206994456, "83": 0.9129039455580766, "86": 0.9687175705183642, "91": 0.9983737266052923, "80": 0.9096911896636037, "82": 0.832860782860757, "87": 0.9754846259278245, "88": 0.7216597150738794, "90": 0.8697134878509117, "97": 0.7010120954522201, "53": 0.8697134878509117, "54": 0.7637396974633953, "67": 0.8809396244696035, "68": 0.8031888154399565, "75": 0.832860782860757, "84": 0.9335934621781633, "85": 0.9316966264562736, "95": 0.9983737266052923, "103": 0.8655817455287372, "108": 0.8720945545738419, "126": 0.8601391183990965, "138": 0.7782912029730289, "140": 0.8756754309304606, "141": 0.9988882682104072, "143": 0.6082976936329352, "146": 0.7937358642281429, "147": 0.7932646592074911, "148": 0.6791852138514036, "111": 0.9300887168309432, "112": 0.7782912029730289, "113": 0.9771451713702621, "114": 0.8830833783478265, "128": 0.7909358414504506, "136": 0.9687175705183642, "139": 0.556000964508923, "142": 0.9687175705183642, "102": 0.9493540059122985, "116": 0.9488360901438864, "119": 0.8070834178164799, "121": 0.5968611232684455, "122": 0.6938230769044524, "123": 0.769174091523317, "124": 0.7437328602714011, "104": 0.9687175705183642, "107": 0.9713595535558777, "134": 0.6196188954656859, "100": 0.9700371969819471, "101": 0.8299467328804395, "129": 0.255373365339177, "130": 0.9157840809325861, "105": 0.9114128703941509, "110": 0.757604564146452, "118": 0.9687175705183642, "125": 0.214399480532646, "144": 0.6284436739232024, "109": 0.4815945903399375, "127": 0.978789337755493, "132": 0.7075546733458378, "115": 0.841121674857908, "137": 0.20641358651095307, "106": 0.5120501550986825, "135": 0.3851175990717133, "120": -0.0947404194997906, "131": 0.8316076253923786, "117": 0.48607992823877844, "133": 0.146496758185714, "145": 0.8720945545738419, "156": 0.8261204300060645, "163": 0.9830954797357201, "179": 0.6284436739232024, "184": 0.7116043175588809, "186": 0.9830954797357201, "178": 0.5509321997381238, "181": 0.9477068043036703, "182": 0.9077358750553168, "183": 0.832860782860757, "193": 0.7010120954522201, "158": 0.9472676651898911, "165": 0.980133147923703, "166": -0.27496486801528375, "168": 0.8333462465077961, "190": 0.8386443644739268, "196": 0.7634150330236524, "164": 0.8261204300060645, "169": 0.8953599538075763, "174": 0.981232131685918, "185": 0.5808446707006777, "157": 0.9053063904673835, "173": 0.49281774027427117, "192": 0.7782912029730289, "151": -0.027144066241102993, "180": 0.5355456875995361, "159": 0.8070834178164799, "161": 0.8705595318762438, "162": 0.8384411035876512, "170": 0.3839454542936762, "172": 0.9335934621781633, "177": 0.9006714259588862, "187": 0.9090796779337953, "194": 0.716356944202799, "198": 0.9686171275658811, "150": 0.7039858364543273, "188": 0.9830954797357201, "197": 0.28513373283687415, "153": 0.9141130735845608, "189": 0.000722957805710489, "195": 0.4269452430459335, "154": 0.9109242775708097, "191": 0.45024367652157316, "171": 0.9026009409711109, "212": 0.5956072075928681, "228": 0.8555364444457623, "230": 0.24396959644417837, "210": 0.7837520275698541, "246": 0.6975997234153776, "248": 0.9642811283825925, "202": 0.9074541861500449, "236": 0.14449678458109552, "206": 0.9988882682104072, "221": 0.523868503082112, "231": 0.9617893046956509, "232": 0.9090796779337953, "244": 0.9140329995531735, "224": 0.8094125813583768, "225": 0.9215069846318639, "241": 0.9140329995531735, "242": 0.8642743915411626, "226": 0.6063829534534999, "229": 0.6919477357832404, "249": 0.3637049733672413, "214": 0.8720945545738419, "220": -0.27496486801528375, "222": 0.9656330289232972, "209": 0.5659285638320148, "227": 0.5941437583531144, "200": 0.14449678458109552, "286": 0.9013207959089523, "282": 0.7955272601359307, "259": 0.9006714259588862, "252": 0.8311229959955457, "274": 0.8794961698328488, "279": 0.8311229959955457, "149": 0.9713595535558777, "294": 0.8794961698328488, "254": 0.6526061874683491, "264": 0.9648177708588577, "256": 0.9988882682104072, "261": 0.9453520912576178, "167": 0.9177778432333028, "155": 0.9140329995531735, "152": 0.8589971965667043, "312": 0.523868503082112, "314": 0.9573363750671867, "160": 0.8316076253923786, "366": 0.9884989516004242, "175": 0.9884989516004242, "176": 0.8261204300060645, "199": 0.3146609447107383, "205": 0.4983469910851129, "208": 0.8688965644538921, "238": 0.5550045090805424, "234": 0.4958517112353681, "239": 0.2011426332164294, "201": 0.7669301099235952, "203": 0.21809268916272456, "207": 0.537835062692781, "219": 0.6796756543690005, "235": 0.47149359929240386, "237": 0.8591247380937741, "247": 0.9765485267282645, "215": 0.9488360901438864, "218": 0.9592332369017739, "223": 0.9691939465332382, "233": 0.8104065611182529, "243": 0.8463778409804674, "211": 0.3839454542936762, "204": 0.9713595535558777, "213": 0.8830833783478265, "245": 0.9710685701243187, "240": 0.652157166328143, "216": 0.826978145742863, "217": 0.9830954797357201}