{"0": 0.8463778409804674, "1": 0.000722957805710489, "2": 0.8655817455287372, "3": 0.9420883591387001, "4": 0.6821030813261982, "5": 0.2667876912297211, "6": 0.9275127850095358, "7": 0.9021221516449848, "8": 0.6487520872752499, "9": 0.5332455451620863, "10": 0.5070644983107764, "11": 0.8475814908605418, "12": 0.47375041638672777, "13": 0.8192778384406973, "14": 0.9242152755860054, "15": 0.610087443207194, "16": 0.5920931757809508, "17": 0.20270924568334603, "18": 0.7193369430604821, "19": 0.6526061874683491, "20": 0.9217586009312606, "21": 0.5660756319132001, "22": 0.9590995066198915, "23": 0.9903820945691412, "24": 0.8271072745261993, "25": 0.9277952235367088, "26": 0.9140329995531735, "27": 0.9771451713702621, "28": 0.9093223456592029, "29": 0.8756754309304606, "30": 0.23032766890594292, "31": 0.8463778409804674, "32": 0.6685812721607511, "33": 0.7923975123858403, "34": 0.9777812587919528, "35": 0.9141130735845608, "36": 0.9006714259588862, "37": 0.8809396244696035, "38": 0.5976027978574558, "40": 0.9477068043036703, "41": 0.7146534890473241, "43": 0.9053622125320325, "44": 0.9217586009312606, "45": 0.9180753773976005, "46": 0.7868196267911413, "47": 0.20719309844180892, "48": 0.09268536848831038, "49": 0.757604564146452, "50": 0.31582113393470745, "51": 0.7075546733458378, "52": 0.9711625608873772, "59": 0.5149058008426404, "61": 0.7533511082573936, "62": 0.5739507307472136, "64": 0.8333468763597425, "66": 0.5292378121730696, "70": 0.9949767420272078, "71": 0.9129039455580766, "72": 0.901748777249892, "73": 0.9983737266052923, "76": 0.8292426892435174, "77": 0.8830833783478265, "78": 0.9713595535558777, "81": 0.5685866553822061, "89": 0.9700371969819471, "92": -0.03156587147432149, "93": 0.9711625608873772, "94": 0.19769660750553436, "96": 0.3833253033637922, "98": 0.38582423574507096, "99": 0.5120501550986825, "39": 0.921999206994456, "42": 0.9709483288034012, "55": 0.5571774282145698, "56": 0.8128551965592921, "57": 0.483364597214891, "58": 0.9315684879650371, "60": 0.8646846833957632, "63": 0.8376174293217025, "65": 0.6082976936329352, "69": 0.8773368069598443, "74": 0.7247738367745771, "79": 0.7010120954522201, "83": 0.6685836768275273, "86": 0.7637396974633953, "91": 0.9865001752117635, "80": 0.757604564146452, "82": 0.34384838052099814, "87": 0.3339497676344301, "88": 0.7891398611938536, "90": 0.1975043325266742, "97": 0.981232131685918, "53": -0.09602212689656447, "68": 0.7895271285034908, "84": 0.9476023808238805, "85": 0.9488360901438864, "75": 0.9687175705183642, "54": 0.9472676651898911, "67": 0.9335934621781633, "95": 0.8704023195015669, "103": 0.8311229959955457, "108": 0.9488360901438864, "126": 0.9472676651898911, "138": 0.981232131685918, "140": 0.9488360901438864, "141": 0.921999206994456, "143": 0.8551666933742761, "146": 0.9901079757944491, "147": 0.8563758837099089, "148": 0.23751441866574657, "111": 0.684961249623832, "112": 0.26306686635995324, "113": 0.9687175705183642, "114": 0.9180753773976005, "128": 0.8366841729045951, "136": -0.2997906683783635, "139": 0.8624183632005795, "142": 0.6436560136135429, "102": 0.8043442118213778, "116": 0.5320489077677621, "119": 0.9488360901438864, "121": 0.9901079757944491, "122": 0.6013506347590544, "123": 0.8261204300060645, "124": 0.8581258010471193, "104": 0.9114128703941509, "107": 0.7782912029730289, "134": 0.9687175705183642, "100": 0.4891209829630541, "101": 0.48607992823877844, "129": 0.6315999247181018, "130": 0.7239571071269477, "105": 0.8720945545738419, "110": 0.7789106268579697, "118": 0.9013207959089523, "125": 0.757604564146452, "144": 0.9210822539726788, "109": 0.6082976936329352, "127": 0.6196188954656859, "132": 0.8073524827130789, "115": 0.9180753773976005, "137": 0.9592332369017739, "106": 0.5617754536167218, "135": 0.6487520872752499, "120": 0.43550405304087314, "131": 0.8911632903733131, "117": 0.7247703653725033, "133": 0.8406743313786884, "145": 0.8126663064387858, "156": 0.17406179725007304, "163": 0.8070834178164799, "179": 0.5859972416326419, "184": 0.14160638894344824, "186": 0.2926714706602051, "178": 0.9949767420272078, "181": 0.9687175705183642, "182": 0.9592332369017739, "183": 0.5358827365043197, "193": 0.8434008597076282, "158": 0.6472125053108531, "165": 0.16059246515513667, "166": 0.384998981297526, "168": 0.9652197466936353, "190": 0.8820515494364376, "196": 0.6844275921277261, "164": 0.9830954797357201, "169": 0.5676057079526842, "174": 0.545706878385076, "185": 0.8715285584530765, "157": 0.7216597150738794, "173": -0.6839958387610735, "192": 0.8737673884645086, "151": 0.6617562981920593, "180": 0.28296557984432374, "159": 0.9656330289232972, "161": 0.9830954797357201, "162": 0.5921071972552718, "170": 0.48771932999233114, "172": 0.7010120954522201, "177": 0.9316966264562736, "187": 0.684961249623832, "194": 0.9037624449431414, "198": 0.9656330289232972, "150": 0.525027673004182, "188": 0.9304763003992487, "197": 0.9194832481391102, "153": 0.967818415940856, "189": 0.7782912029730289, "195": 0.9830954797357201, "154": 0.9090796779337953, "191": 0.7216597150738794, "171": 0.980133147923703, "212": 0.9865001752117635, "228": 0.9000543078507882, "230": 0.9687175705183642, "210": 0.8980219409923789, "246": 0.8720945545738419, "248": 0.9335934621781633, "202": 0.9091726585479631, "236": 0.614315707939549, "206": 0.7955272601359307, "221": 0.9949767420272078, "231": 0.9667771893756375, "232": 0.14449678458109552, "244": 0.5830765794498906, "224": 0.9477068043036703, "225": 0.9006714259588862, "241": 0.9865001752117635, "242": 0.7002029063388291, "226": 0.9090796779337953, "229": 0.7818255438676718, "249": 0.8311229959955457, "214": 0.8720945545738419, "220": -0.14932931480824793, "222": 0.9988882682104072, "209": 0.9901079757944491, "227": 0.9713595535558777, "200": 0.9901079757944491, "286": 0.9013207959089523, "282": 0.7955272601359307, "259": 0.9006714259588862, "252": 0.8311229959955457, "274": 0.8794961698328488, "279": 0.8311229959955457, "149": 0.7010120954522201, "294": 0.8794961698328488, "254": 0.6526061874683491, "264": 0.9648177708588577, "256": 0.9988882682104072, "261": 0.9453520912576178, "167": 0.8316076253923786, "155": 0.30624158554172143, "152": -0.6839958387610735, "312": 0.523868503082112, "314": 0.9573363750671867, "160": 0.2603552959480602, "366": 0.9884989516004242, "176": 0.3014277915473468, "199": 0.9642811283825925, "175": 0.9335934621781633}