{"0": 0.3398294073738458, "1": 0.6094012913532996, "2": 0.5513144173319915, "3": 0.574031499518063, "4": 0.424062593700137, "5": 0.7139982306358827, "6": 0.6443955829734422, "7": 0.8475814908605418, "8": 0.714638999485179, "9": 0.6685812721607511, "10": 0.31342203584485395, "11": 0.7849634154001839, "12": 0.6180032137120303, "13": 0.19636038889005966, "14": 0.5968611232684455, "15": 0.8809396244696035, "16": 0.691751106621022, "17": 0.4154512915887426, "18": 0.660673913766087, "19": 0.41247311771951933, "20": 0.5247123185998133, "21": 0.943959991281367, "22": 0.29830921354618783, "23": 0.6692430371893076, "24": 0.6733213007476928, "25": 0.0882759782354223, "26": 0.5198685220641122, "27": 0.4668517837063278, "28": 0.8016408203693158, "29": 0.901748777249892, "30": 0.6258554352216742, "31": 0.7923975123858403, "32": 0.5786232597120046, "33": 0.9021221516449848, "34": 0.8646846833957632, "35": 0.8444621505000198, "36": 0.8333468763597427, "37": 0.6342451481925557, "38": 0.9093223456592029, "40": 0.6733559840239098, "41": 0.48113657271127597, "43": 0.5410752967980765, "44": 0.7637396974633953, "45": 0.3778574483795422, "46": 0.7425417598060612, "47": 0.23032766890594292, "48": 0.7646757269224965, "49": 0.4477290739835533, "50": 0.8216912714609571, "51": 0.7051300887732296, "52": 0.9141130735845608, "59": 0.9315684879650371, "61": 0.9217586009312606, "62": -0.03156587147432149, "64": 0.8928144447523121, "66": 0.3641110015527814, "70": 0.8331087363663148, "71": 0.6082976936329352, "72": 0.9114128703941509, "73": 0.9865001752117635, "76": 0.8178413482602938, "77": 0.9335934621781633, "78": 0.9983737266052923, "81": 0.9700371969819471, "89": -0.0947404194997906, "92": 0.7712809573969976, "93": 0.9006714259588862, "94": 0.832860782860757, "96": 0.5781600316260735, "98": 0.4367189864087119, "99": 0.4056023986366302, "39": 0.8755225610321277, "42": 0.6260072594908512, "55": 0.8311229959955457, "56": 0.921999206994456, "57": 0.5685866553822061, "58": 0.6397620421540968, "60": 0.1864354156823636, "63": 0.9476023808238805, "65": 0.7634150330236524, "69": 0.799615023321244, "74": 0.6013506347590544, "79": 0.34384838052099814, "83": 0.6821030813261982, "86": 0.8756754309304606, "91": 0.981232131685918, "80": 0.981232131685918, "82": 0.8720945545738419, "87": 0.6335425290632055, "88": 0.6196188954656859, "90": 0.9713595535558777, "97": 0.41640947203289214, "53": 0.9711625608873772, "54": 0.16671988941425248, "67": 0.8128551965592921, "68": 0.37540567929468754, "75": 0.9129039455580766, "84": 0.8655817455287372, "85": 0.684961249623832, "95": 0.7979756133661735, "103": 0.9988882682104072, "108": 0.9098698567125048, "126": 0.9750826465612488, "138": 0.9988882682104072, "140": 0.9304763003992487, "141": 0.8903720116851059, "143": 0.1975043325266742, "146": 0.8794961698328488, "147": 0.9750826465612488, "148": 0.9573363750671867, "111": 0.9304763003992487, "112": 0.9335934621781633, "113": 0.920017648857659, "114": 0.9654973448254043, "128": 0.9713595535558777, "136": 0.8794961698328488, "139": 0.9361488673595424, "142": 0.9884989516004242, "102": 0.9072409240804903, "116": 0.9691939465332382, "119": 0.6082976936329352, "121": 0.8794961698328488, "122": 0.8830833783478265, "123": 0.5609849854360007, "124": 0.9865001752117635, "104": 0.7141588583608788, "107": 0.9865001752117635, "134": 0.8830833783478265, "100": 0.9691939465332382, "101": 0.9988882682104072, "129": 0.7365398254287008, "130": 0.9687175705183642, "105": 0.9865001752117635, "110": 0.9988882682104072, "118": 0.9140329995531735, "125": 0.8720945545738419, "144": -0.14932931480824793, "109": 0.6082976936329352, "127": -0.0475896289864841, "132": 0.9006714259588862, "115": 0.8188763159117212, "137": 0.8794961698328488, "106": 0.8720945545738419, "135": 0.9865001752117635, "120": 0.3690962936014758, "131": 0.8775265032524076, "117": 0.9493540059122985, "133": 0.9304763003992487, "145": 0.9509518987775469, "156": 0.9573363750671867, "163": 0.9865001752117635, "179": 0.920017648857659, "184": 0.8213445434803914, "186": 0.9892581571897634, "178": 0.9949767420272078, "181": 0.8213445434803914, "182": 0.8978997239936704, "183": 0.9865001752117635, "193": 0.8983851212872435, "158": 0.9713595535558777, "165": 0.8688965644538921, "166": 0.8830833783478265, "168": 0.981232131685918, "190": 0.8533643694982009, "196": 0.9140329995531735, "164": 0.9865001752117635, "169": 0.9573363750671867, "174": 0.9988882682104072, "185": 0.3885201854651707, "157": 0.9983737266052923, "173": 0.9865001752117635, "192": 0.9472676651898911, "151": 0.9830954797357201, "180": 0.9074541861500449, "159": 0.9949767420272078, "161": 0.9140329995531735, "162": 0.8794961698328488, "170": 0.981232131685918, "172": 0.9983737266052923, "177": 0.9709483288034012, "187": 0.9335934621781633, "194": 0.8446352867590317, "198": 0.9687175705183642, "150": 0.7787939383162538, "188": 0.9672702438730358, "197": 0.9983737266052923, "153": 0.8446352867590317, "189": 0.23032766890594292, "195": 0.9472676651898911, "154": 0.8463778409804674, "191": 0.9140329995531735, "171": -0.0475896289864841, "212": 0.9865001752117635, "228": 0.9000543078507882, "230": 0.9687175705183642, "210": 0.8980219409923789, "246": 0.8720945545738419, "248": 0.9335934621781633, "202": 0.9091726585479631, "236": 0.614315707939549, "206": 0.7955272601359307, "221": 0.9949767420272078, "231": 0.9667771893756375, "232": 0.14449678458109552, "244": 0.5830765794498906, "224": 0.9477068043036703, "225": 0.9006714259588862, "241": 0.9865001752117635, "242": 0.7002029063388291, "226": 0.9090796779337953, "229": 0.7818255438676718, "249": 0.8311229959955457, "214": 0.8720945545738419, "220": -0.14932931480824793, "222": 0.9988882682104072, "209": 0.9901079757944491, "227": 0.9713595535558777, "200": 0.9901079757944491, "286": 0.9013207959089523, "282": 0.7955272601359307, "259": 0.9006714259588862, "252": 0.8311229959955457, "274": 0.8794961698328488, "279": 0.8311229959955457, "149": 0.9559398348927166, "294": 0.8794961698328488, "254": 0.6526061874683491, "264": 0.9648177708588577, "256": 0.9988882682104072, "261": 0.9453520912576178, "167": 0.8311229959955457, "155": 0.3690962936014758, "152": 0.6082976936329352, "312": 0.523868503082112, "314": 0.9573363750671867, "160": 0.9983737266052923, "366": 0.9884989516004242}