{"0": 0.9604526003642835, "1": 0.4968132789937356, "2": 0.8825642662206279, "3": 0.8798625935190458, "4": 0.9306987211111055, "5": 0.9449277469107293, "6": 0.5571774282145698, "7": 0.41592563881198275, "8": 0.9652258575357737, "9": 0.45190407756474965, "10": 0.980133147923703, "11": 0.8546179968153367, "12": 0.4276262526158835, "13": 0.2981314852372213, "14": 0.5325431701440169, "15": 0.771003949953108, "16": 0.6952709468231046, "17": 0.48113657271127597, "18": 0.8053866705135035, "19": 0.4998770007445674, "20": 0.6541584183698672, "21": 0.7562424154732428, "22": 0.9217586009312606, "23": 0.7824648600659275, "24": 0.8546179968153367, "25": 0.5040789190046243, "26": 0.6661654356138031, "27": 0.8877531865512309, "28": 0.8078105613778962, "29": 0.7638261456586373, "30": 0.905853298347148, "31": 0.3539945585428872, "32": 0.7336565076444184, "33": 0.9949767420272078, "34": 0.8561328187626702, "35": 0.4934180574185851, "36": 0.4100212176237697, "37": 0.9830954797357201, "38": 0.7127301950855451, "40": 0.4480764891333616, "41": 0.49750952402150794, "43": 0.9949767420272078, "44": 0.7335911874854966, "45": 0.37881223504838746, "46": 0.9865001752117635, "47": 0.6615198674852916, "48": 0.9710685701243187, "49": 0.044598425721049224, "50": 0.8830833783478265, "51": 0.967905757640733, "52": 0.783720788814806, "59": 0.5191968873716315, "61": 0.9180753773976005, "62": 0.9652258575357737, "64": 0.9453520912576178, "66": 0.39151701184258103, "70": 0.2926714706602051, "71": 0.7075546733458378, "72": 0.1017108589920103, "73": 0.9711625608873772, "76": 0.9133467604173694, "77": 0.20719309844180892, "78": 0.8366841729045951, "81": 0.5131665282586096, "89": 0.17153763753888773, "92": 0.8756754309304606, "93": 0.7624400353580376, "94": 0.9672145785527155, "96": 0.771316747327767, "98": 0.981232131685918, "99": 0.8188763159117212, "39": 0.9865001752117635, "42": 0.5817159304620567, "55": 0.6830788192248078, "56": 0.46553258652577156, "57": 0.7333702837945552, "58": 0.9983737266052923, "60": 0.8743034803525781, "63": 0.4409697978666962, "65": 0.8216912714609571, "69": 0.7588667022646418, "74": 0.5377232479075078, "79": 0.981232131685918, "83": 0.9865001752117635, "86": 0.7441708484056098, "91": 0.9196762676827337, "80": 0.9830954797357201, "82": 0.4885717303107566, "87": 0.8949258926567634, "88": 0.9771451713702621, "90": 0.8667599308502862, "97": 0.8756754309304606, "53": 0.5639925944119885, "68": 0.5404788711870294, "84": 0.8815986591591685, "85": -0.0475896289864841, "75": 0.981232131685918, "54": 0.9316966264562736, "67": 0.6226563442878882, "95": 0.7700831148334435, "103": 0.9988882682104072, "108": 0.9098698567125048, "126": 0.9750826465612488, "138": 0.9988882682104072, "140": 0.9304763003992487, "141": 0.8903720116851059, "143": 0.1975043325266742, "146": 0.8794961698328488, "147": 0.9750826465612488, "148": 0.9573363750671867, "111": 0.9304763003992487, "112": 0.9335934621781633, "113": 0.920017648857659, "114": 0.9654973448254043, "128": 0.9713595535558777, "136": 0.8794961698328488, "139": 0.9361488673595424, "142": 0.9884989516004242, "102": 0.9072409240804903, "116": 0.9691939465332382, "119": 0.6082976936329352, "121": 0.8794961698328488, "122": 0.8830833783478265, "123": 0.5609849854360007, "124": 0.9865001752117635, "104": 0.7141588583608788, "107": 0.9865001752117635, "134": 0.8830833783478265, "100": 0.9691939465332382, "101": 0.9988882682104072, "129": 0.7365398254287008, "130": 0.9687175705183642, "105": 0.9865001752117635, "110": 0.9988882682104072, "118": 0.9140329995531735, "125": 0.8720945545738419, "144": -0.14932931480824793, "109": 0.6082976936329352, "127": -0.0475896289864841, "132": 0.9006714259588862, "115": 0.8188763159117212, "137": 0.8794961698328488, "106": 0.8720945545738419, "135": 0.9865001752117635, "120": 0.3690962936014758, "131": 0.8775265032524076, "117": 0.9493540059122985, "133": 0.9304763003992487, "145": 0.9509518987775469, "156": 0.9573363750671867, "163": 0.9865001752117635, "179": 0.920017648857659, "184": 0.8213445434803914, "186": 0.9892581571897634, "178": 0.9949767420272078, "181": 0.8213445434803914, "182": 0.8978997239936704, "183": 0.9865001752117635, "193": 0.8983851212872435, "158": 0.9713595535558777, "165": 0.8688965644538921, "166": 0.8830833783478265, "168": 0.981232131685918, "190": 0.8533643694982009, "196": 0.9140329995531735, "164": 0.9865001752117635, "169": 0.9573363750671867, "174": 0.9988882682104072, "185": 0.3885201854651707, "157": 0.9983737266052923, "173": 0.9865001752117635, "192": 0.9472676651898911, "151": 0.9830954797357201, "180": 0.9074541861500449, "159": 0.9949767420272078, "161": 0.9140329995531735, "162": 0.8794961698328488, "170": 0.981232131685918, "172": 0.9983737266052923, "177": 0.9709483288034012, "187": 0.9335934621781633, "194": 0.8446352867590317, "198": 0.9687175705183642, "150": 0.7787939383162538, "188": 0.9672702438730358, "197": 0.9983737266052923, "153": 0.8446352867590317, "189": 0.23032766890594292, "195": 0.9472676651898911, "154": 0.8463778409804674, "191": 0.9140329995531735, "171": -0.0475896289864841, "212": 0.9865001752117635, "228": 0.9000543078507882, "230": 0.9687175705183642, "210": 0.8980219409923789, "246": 0.8720945545738419, "248": 0.9335934621781633, "202": 0.9091726585479631, "236": 0.614315707939549, "206": 0.7955272601359307, "221": 0.9949767420272078, "231": 0.9667771893756375, "232": 0.14449678458109552, "244": 0.5830765794498906, "224": 0.9477068043036703, "225": 0.9006714259588862, "241": 0.9865001752117635, "242": 0.7002029063388291, "226": 0.9090796779337953, "229": 0.7818255438676718, "249": 0.8311229959955457, "214": 0.8720945545738419, "220": -0.14932931480824793, "222": 0.9988882682104072, "209": 0.9901079757944491, "227": 0.9713595535558777, "200": 0.9901079757944491, "286": 0.9013207959089523, "282": 0.7955272601359307, "259": 0.9006714259588862, "252": 0.8311229959955457, "274": 0.8794961698328488, "279": 0.8311229959955457, "149": 0.9559398348927166, "294": 0.8794961698328488, "254": 0.6526061874683491, "264": 0.9648177708588577, "256": 0.9988882682104072, "261": 0.9453520912576178, "167": 0.8311229959955457, "155": 0.3690962936014758, "152": 0.6082976936329352, "312": 0.523868503082112, "314": 0.9573363750671867, "160": 0.9983737266052923, "366": 0.9884989516004242}