{"1": 0.855251862360648, "3": 0.5968611232684455, "4": 0.5513144173319915, "5": 0.6733213007476928, "6": 0.8311229959955457, "7": 0.38571112072580194, "8": 0.7031631720020275, "9": 0.8192778384406973, "10": 0.7051300887732297, "11": 0.5429876897348636, "12": 0.583204348914205, "13": 0.46025872275402113, "14": 0.749621916141194, "15": 0.8937292646683588, "16": 0.5984687039263024, "17": 0.8938772884269843, "18": 0.48113657271127597, "19": 0.6685812721607511, "20": 0.7750054133812562, "21": 0.9865001752117635, "22": 0.8475814908605418, "23": 0.8751491401730388, "24": 0.7036495585102586, "25": 0.27361805570435394, "26": 0.9217586009312606, "27": 0.09323321998798931, "28": 0.17621079340140577, "29": 0.6179937010228627, "30": 0.5195850373691462, "31": 0.5685866553822061, "34": 0.7010120954522201, "35": 0.26136390952185357, "36": 0.9949767420272078, "37": 0.6526061874683491, "38": 0.7849634154001839, "39": 0.757604564146452, "41": 0.943959991281367, "42": 0.921999206994456, "44": 0.9711625608873772, "48": 0.7637396974633953, "49": 0.9476023808238805, "50": 0.9687175705183642, "51": 0.7701121241679227, "52": 0.7446365447691403, "53": 0.9141130735845608, "54": 0.7460866727991924, "55": 0.2667876912297211, "56": 0.9539519567428785, "57": 0.8414763750541514, "58": 0.9315684879650371, "59": 0.8809396244696035, "60": 0.6258554352216742, "61": 0.8016408203693159, "64": 0.2568951621162793, "65": 0.9709483288034012, "66": 0.7075546733458378, "68": 0.684961249623832, "70": -0.09602212689656447, "71": 0.53361542765685, "72": 0.6131014408222359, "73": 0.8128551965592921, "74": 0.8646846833957632, "77": 0.8377884954101573, "78": 0.7849381675526246, "79": 0.9713595535558777, "80": 0.41247311771951933, "81": 0.4028799173041319, "82": 0.5294447108015252, "83": 0.7425417598060612, "84": 0.605840532100246, "85": 0.8384027744732641, "86": 0.12249633937071452, "87": 0.8756754309304606, "92": 0.8720945545738419, "94": 0.8216912714609571, "95": 0.981232131685918, "96": 0.6402017302044994, "97": 0.5292378121730696, "99": 0.9335934621781633}