{"0": 0.981232131685918, "1": 0.9261420991474387, "2": 0.682356387501712, "3": 0.9047192976533154, "4": 0.8543514750576987, "5": 0.7036495585102586, "6": 0.615761580830327, "7": 0.6284436739232024, "8": 0.5242453334927352, "9": 0.21134757010818023, "10": 0.639062295487238, "11": 0.24399981448481795, "12": 0.941952435588411, "13": 0.7359629525109362, "14": 0.9424327262588388, "15": 0.7573434744238163, "16": 0.853182746358577, "17": 0.8805558672433613, "18": 0.709035850977356, "19": 0.8685917493818122, "20": 0.9949767420272078, "21": 0.6061367038825813, "22": 0.9949767420272078, "23": 0.8476294235424494, "24": 0.9713595535558777, "25": -0.1752464829013728, "26": 0.35918364897685945, "27": 0.9316716745638736, "28": 0.6271722601834384, "29": 0.9865001752117635, "30": 0.6062130938969661, "31": 0.4746237208634536, "32": 0.8321114751503274, "33": 0.9983737266052923, "34": 0.9949767420272078, "35": 0.9472676651898911, "36": 0.6526061874683491, "37": 0.6682950099835688, "38": 0.920901314478254, "40": 0.19129943672316885, "41": 0.9005193273325339, "43": 0.7849634154001839, "44": 0.5358827365043197, "45": 0.727702565045798, "46": 0.9141130735845608, "47": 0.967905757640733, "48": 0.9865001752117635, "49": 0.9983737266052923, "50": 0.9642811283825925, "51": 0.8647325169518429, "52": 0.423004014685347, "59": 0.8070834178164799, "61": 0.7782912029730289, "62": 0.8309473774548726, "64": 0.5621198141954209, "66": 0.9658687715010611, "70": 0.9700371969819471, "71": 0.626071331481602, "72": 0.45012597045387137, "73": 0.832860782860757, "76": 0.562192904237089, "77": 0.9865001752117635, "78": 0.8679251610276782, "81": 0.8389324452058555, "89": 0.9013207959089523, "92": 0.8756754309304606, "93": 0.6752178558844151, "94": 0.8331087363663148, "96": 0.5938992388645465, "98": 0.45168620078593547, "99": 0.14449678458109552, "39": 0.8382546850425348, "42": 0.7451525819373325, "55": 0.5358827365043197, "56": 0.7858929777250275, "57": 0.8762346616191146, "58": 0.9983737266052923, "60": 0.757604564146452, "63": 0.8216912714609571, "65": 0.8366841729045951, "69": 0.7669301099235952, "74": 0.6451319466072196, "79": 0.8646846833957632, "83": 0.4577985153991093, "86": 0.8561973288821916, "91": 0.981232131685918, "80": 0.7010120954522201, "82": 0.7849634154001839, "87": 0.6791216122853688, "88": 0.800175343109111, "90": 0.9587780833337113, "97": 0.7425417598060612, "53": 0.8328644179266405, "68": 0.5609884642196468, "84": 0.8809396244696035, "85": 0.9090796779337953, "75": 0.718427444873371, "54": -0.27496486801528375, "67": 0.3431187303073333, "95": 0.7678750846495601, "103": -0.0947404194997906, "108": 0.9006714259588862, "126": 0.9713595535558777, "138": 0.9488360901438864, "140": 0.8366841729045951, "141": 0.7010120954522201, "143": 0.8153553407836193, "146": 0.9652197466936353, "147": 0.981232131685918, "148": 0.9663968436099806, "111": 0.684961249623832, "112": 0.9196762676827337, "113": 0.9644804896774047, "114": 0.7658701887411197, "128": 0.8938772884269843, "136": 0.9488360901438864, "139": 0.7010120954522201, "142": 0.7437328602714011, "102": 0.7787834256387594, "116": 0.9129039455580766, "119": 0.9335934621781633, "121": 0.8720945545738419, "122": 0.8727104168106703, "123": 0.832860782860757, "124": 0.6645511274365897, "104": 0.8756754309304606, "107": 0.799615023321244, "134": 0.8902155816030437, "100": 0.8830833783478265, "101": 0.9140329995531735, "129": 0.7706541904344153, "130": 0.6897782779610693, "105": 0.7782912029730289, "110": 0.3190774042684106, "118": 0.8140041516556153, "125": 0.9687175705183642, "144": 0.9663968436099806, "109": 0.8546179968153367, "127": 0.9006714259588862, "132": 0.8756754309304606, "115": 0.9573146345238671, "137": 0.9488360901438864, "106": 0.8366841729045951, "135": 0.9109242775708097, "120": 0.18066909991104033, "131": 0.7876129141858889, "117": 0.39841680683183134, "133": 0.8406743313786884, "145": 0.8126663064387858, "156": 0.628405949388799, "163": 0.389237619723352, "179": 0.7116043175588809, "184": 0.8292426892435174, "186": 0.2926714706602051, "178": 0.9949767420272078, "181": 0.7264025263632023, "182": 0.17283347617695743, "183": 0.5504435060521876, "193": 0.5453052173669288, "158": 0.8830833783478265, "165": 0.16059246515513667, "166": 0.9713595535558777, "168": 0.9592332369017739, "190": 0.8820515494364376, "196": 0.8737673884645086, "164": 0.9335934621781633, "169": 0.8251599375915066, "174": 0.8261204300060645, "185": 0.9672145785527155, "157": 0.6284436739232024, "173": 0.24629622076075364, "192": 0.981232131685918, "151": 0.9576444674854349, "180": 0.9239777041182415, "159": 0.8239546451401807, "161": 0.4238554427585607, "162": 0.9181169426857589, "170": 0.9472676651898911, "172": 0.8188900965732564, "177": 0.7490409196151773, "187": 0.9712097172582024, "194": 0.2912520843927805, "198": 0.9656330289232972, "150": -0.1752464829013728, "188": 0.9141130735845608, "197": 0.756152121418471, "153": 0.9472676651898911, "189": 0.801153234882529, "195": 0.9830954797357201, "154": 0.7010120954522201, "191": 0.9013207959089523, "171": 0.7394250696703724, "212": 0.9865001752117635, "228": 0.9000543078507882, "230": 0.9687175705183642, "210": 0.8980219409923789, "246": 0.5583447733947834, "248": 0.9335934621781633, "202": 0.9988882682104072, "236": 0.9988882682104072, "206": 0.7955272601359307, "221": 0.9949767420272078, "231": 0.8213445434803914, "232": 0.5277993154174969, "244": 0.5830765794498906, "224": 0.9477068043036703, "225": 0.9006714259588862, "241": 0.7782226007003702, "242": 0.833458221009377, "226": 0.9090796779337953, "229": 0.7818255438676718, "249": 0.8311229959955457, "214": 0.8720945545738419, "220": -0.14932931480824793, "222": 0.7930149612995774, "209": 0.9901079757944491, "227": 0.9713595535558777, "200": 0.9901079757944491, "286": 0.9013207959089523, "282": 0.7955272601359307, "259": 0.9006714259588862, "252": 0.8311229959955457, "274": 0.8794961698328488, "279": 0.8311229959955457, "149": 0.9157957284855488, "294": 0.8794961698328488, "254": 0.6526061874683491, "264": 0.9648177708588577, "256": 0.9988882682104072, "261": 0.9453520912576178, "167": -0.27496486801528375, "155": 0.9275979296429275, "152": -0.0947404194997906, "312": 0.523868503082112, "314": 0.9573363750671867, "160": 0.6793597297003892, "366": 0.9884989516004242, "176": 0.8463778409804674, "199": 0.9642811283825925, "175": 0.9713595535558777, "208": 0.8096728095797516, "217": 0.9830954797357201, "243": 0.8537599583759073, "245": 0.5973804053026489, "201": 0.7016430386802859, "207": 0.6413911019625415, "235": 0.9639460817768282, "211": -0.09711720044416555, "240": 0.8213445434803914, "247": 0.9830954797357201, "213": 0.9140329995531735, "223": 0.9691939465332382, "234": 0.1975043325266742, "239": 0.5808446707006777}