{"0": 0.8756754309304606, "1": 0.40708936047510114, "2": 0.1274534800084414, "3": 0.911687005252125, "4": 0.8363493197991085, "5": 0.8043781379541985, "6": 0.4760440005456369, "7": 0.8381131340879733, "8": 0.9565878154145941, "9": 0.5758434616379524, "10": 0.8700052740832793, "11": 0.9949767420272078, "12": 0.8316076253923786, "13": 0.6181763504578457, "14": 0.5483867012090471, "15": 0.9315684879650371, "16": 0.8667995750785684, "17": 0.6374791278875633, "18": 0.9642811283825925, "19": 0.9949767420272078, "20": 0.7328887417864776, "21": 0.6653534822950975, "22": 0.9704814302099272, "23": 0.26136390952185357, "24": 0.40750853639302753, "25": 0.6491935015945167, "26": 0.24399981448481795, "27": 0.48113657271127597, "28": 0.7260287547211197, "29": 0.9711625608873772, "30": 0.5443430367161408, "31": 0.9865001752117635, "32": 0.8016408203693159, "33": 0.749850712666641, "34": 0.9949767420272078, "35": 0.9709483288034012, "36": 0.5198685220641122, "37": 0.2604839900946496, "38": 0.6061367038825813, "40": 0.8213445434803914, "41": 0.32893364296232114, "43": 0.6259508462001204, "44": 0.8830833783478265, "45": 0.5921071972552718, "46": 0.6733559840239098, "47": 0.9021221516449848, "48": 0.8702891274457223, "49": 0.22772718806562964, "50": 0.7973539670631666, "51": 0.9983737266052923, "52": 0.9865001752117635, "59": 0.7398298999785, "61": 0.9711625608873772, "62": 0.757604564146452, "64": 0.7794290093180367, "66": 0.6892498306239377, "70": 0.8366841729045951, "71": 0.8277152528382138, "72": 0.9672364309982049, "73": 0.525027673004182, "76": 0.6487520872752499, "77": 0.7634150330236524, "78": 0.44260974064371894, "81": 0.9140329995531735, "89": 0.8697134878509117, "92": 0.8615099477097315, "93": 0.4281132176343623, "94": 0.967905757640733, "96": 0.9687175705183642, "98": 0.9114128703941509, "99": 0.8126874765373676, "39": 0.9021221516449848, "42": 0.9983737266052923, "55": 0.9865001752117635, "56": 0.9483548732249895, "57": 0.7128054437693416, "58": 0.757604564146452, "60": 0.691751106621022, "63": 0.8444621505000198, "65": 0.8809396244696035, "69": 0.9988882682104072, "74": 0.8308591120498166, "79": 0.5590755786185421, "83": 0.3014277915473468, "86": 0.9700371969819471, "91": 0.8366841729045951, "80": 0.08960760821895088, "82": 0.6418376304751963, "87": 0.9488360901438864, "88": 0.7010120954522201, "90": 0.34925759347273605, "97": 0.6027930130603387, "53": 0.9711625608873772, "68": 0.32084236499177765, "84": 0.799615023321244, "85": 0.7622455899458798, "75": 0.9196762676827337, "54": 0.9472676651898911, "67": 0.9711625608873772, "95": 0.9700371969819471, "103": -0.0947404194997906, "108": 0.5120501550986825, "126": 0.8197492557596755, "138": 0.832860782860757, "140": 0.18168131915734786, "141": 0.9644804896774047, "143": 0.8539561459452504, "146": 0.3866188030287403, "147": 0.7224614597509658, "148": 0.7669301099235952, "111": 0.8969686717065751, "112": 0.9129039455580766, "113": 0.5245946815183198, "114": 0.832860782860757, "128": 0.9754846259278245, "136": 0.9181169426857589, "139": 0.7466890867450248, "142": 0.9275979296429275, "102": 0.684961249623832, "116": 0.9573146345238671, "119": 0.9488360901438864, "121": 0.607632134666684, "122": 0.8720945545738419, "123": 0.9713595535558777, "124": 0.981232131685918, "104": 0.9983737266052923, "107": 0.8117823156968187, "134": 0.7010120954522201, "100": 0.9298097197394065, "101": 0.9335934621781633, "129": 0.8271072745261993, "130": 0.8128551965592921, "105": 0.5865493564423532, "110": 0.1160917766672106, "118": 0.6196188954656859, "125": 0.716356944202799, "144": 0.6503996404620516, "109": 0.9652197466936353, "127": 0.16903300381315559, "132": 0.839205437554883, "115": 0.20719309844180892, "137": 0.6841701726291012, "106": 0.8188900965732564, "135": 0.5320489077677621, "120": 0.8756754309304606, "131": 0.9129039455580766, "117": 0.6021121550711324, "133": 0.8953599538075763, "145": 0.3656094535251255, "156": 0.9573363750671867, "163": 0.9865001752117635, "179": 0.920017648857659, "184": 0.8213445434803914, "186": 0.9830954797357201, "178": 0.9949767420272078, "181": 0.8213445434803914, "182": 0.9037624449431414, "183": 0.9865001752117635, "193": 0.8983851212872435, "158": 0.9713595535558777, "165": 0.8688965644538921, "166": 0.8830833783478265, "168": 0.981232131685918, "190": 0.7010120954522201, "196": 0.37218459358461564, "164": 0.9865001752117635, "169": 0.9573363750671867, "174": 0.9988882682104072, "185": 0.8756754309304606, "157": 0.9983737266052923, "173": 0.9865001752117635, "192": 0.9472676651898911, "151": 0.2509905064061316, "180": 0.9074541861500449, "159": 0.9949767420272078, "161": 0.9140329995531735, "162": 0.8794961698328488, "170": 0.981232131685918, "172": 0.9983737266052923, "177": 0.9709483288034012, "187": 0.9214941663381312, "194": 0.8446352867590317, "198": 0.9687175705183642, "150": 0.7787939383162538, "188": 0.9672702438730358, "197": 0.6552342640185442, "153": 0.8446352867590317, "189": 0.23032766890594292, "195": 0.9472676651898911, "154": 0.8463778409804674, "191": 0.5862366567067023, "171": -0.0475896289864841, "212": 0.9865001752117635, "228": 0.9000543078507882, "230": 0.9687175705183642, "210": 0.8980219409923789, "246": 0.8720945545738419, "248": 0.9335934621781633, "202": 0.9091726585479631, "236": 0.614315707939549, "206": 0.7955272601359307, "221": 0.9949767420272078, "231": 0.9667771893756375, "232": 0.14449678458109552, "244": 0.5830765794498906, "224": 0.9477068043036703, "225": 0.9006714259588862, "241": 0.9865001752117635, "242": 0.7002029063388291, "226": 0.9090796779337953, "229": 0.7818255438676718, "249": 0.8311229959955457, "214": 0.8720945545738419, "220": -0.14932931480824793, "222": 0.9988882682104072, "209": 0.9901079757944491, "227": 0.9713595535558777, "200": 0.9901079757944491, "286": 0.9013207959089523, "282": 0.7955272601359307, "259": 0.9006714259588862, "252": 0.8311229959955457, "274": 0.8794961698328488, "279": 0.8311229959955457, "149": 0.6528908092686931, "294": 0.8794961698328488, "254": 0.6526061874683491, "264": 0.9648177708588577, "256": 0.9988882682104072, "261": 0.9453520912576178, "167": 0.2926714706602051, "155": 0.9472676651898911, "152": 0.6082976936329352, "312": 0.523868503082112, "314": 0.9573363750671867, "160": 0.538418031667471, "366": 0.9884989516004242, "175": 0.6842440698002539}