{"0": 0.9109242775708097, "1": 0.8655817455287372, "2": 0.851365899104036, "3": 0.8545947092774708, "4": 0.9249524416875297, "5": 0.37824737556461546, "6": 0.5968611232684455, "7": 0.7706541904344153, "8": 0.8458853891381444, "9": 0.7336565076444184, "10": 0.6409778466975327, "11": 0.6283869873434873, "12": 0.7384049398542722, "13": 0.8830833783478265, "14": 0.8311229959955457, "15": 0.7419184683448392, "16": 0.7782912029730289, "17": 0.9093223456592029, "18": 0.9021221516449848, "19": 0.9712097172582024, "20": 0.691751106621022, "21": 0.6236955654053149, "22": 0.9053622125320325, "23": 0.9617893046956509, "24": 0.43630621520808116, "25": 0.8366841729045951, "26": 0.2772947570663655, "27": 0.978789337755493, "28": 0.8192778384406973, "29": 0.757604564146452, "30": 0.8333468763597425, "31": 0.48113657271127597, "32": 0.9488360901438864, "33": 0.8412386529094218, "34": 0.8727104168106703, "35": 0.9949767420272078, "36": 0.8902155816030437, "37": 0.1416938655417028, "38": 0.9090796779337953, "40": 0.7010120954522201, "41": 0.2667876912297211, "43": 0.8794961698328488, "44": 0.6082976936329352, "45": 0.7466890867450248, "46": 0.3637049733672413, "47": 0.8333468763597425, "48": 0.9141130735845608, "49": 0.9141130735845608, "50": 0.981232131685918, "51": 0.9865001752117635, "52": 0.9180753773976005, "59": 0.8271072745261993, "61": 0.799615023321244, "62": 0.9096911896636037, "64": 0.8720945545738419, "66": -0.2721503593908512, "70": 0.7010120954522201, "71": 0.684961249623832, "72": 0.8271072745261993, "73": 0.6082976936329352, "76": 0.6526061874683491, "77": 0.5120501550986825, "78": -0.03156587147432149, "81": 0.9212696731928448, "89": 0.23032766890594292, "92": 0.9687175705183642, "93": 0.7466890867450248, "94": 0.88022253334417, "96": 0.8720945545738419, "98": 0.9700371969819471, "99": 0.8131277285467442, "39": 0.901748777249892, "42": 0.8766664135836837, "55": 0.9711625608873772, "56": 0.9472676651898911, "57": 0.8646846833957632, "58": 0.9865001752117635, "60": 0.9777812587919528, "63": 0.9432447077790973, "65": 0.9335934621781633, "69": 0.9488360901438864, "74": 0.34925759347273605, "79": -0.0475896289864841, "83": 0.981232131685918, "86": 0.6841842060168638, "91": 0.8720945545738419, "80": 0.8756754309304606, "82": 0.8794961698328488, "87": 0.4767559466215361, "88": 0.832860782860757, "90": -0.03156587147432149, "97": 0.621754034403843, "53": 0.3926925160356013, "68": 0.5590755786185421, "84": 0.9713595535558777, "85": 0.9983737266052923, "75": 0.8128551965592921, "54": 0.8697134878509117, "67": 0.14449678458109552, "95": 0.9488360901438864, "103": 0.5659285638320148, "108": 0.34798782986239263, "126": 0.9114128703941509, "138": 0.8261204300060645, "140": 0.6487520872752499, "141": 0.3195734874894484, "143": 0.8153553407836193, "146": 0.14449678458109552, "147": 0.041791283767412486, "148": 0.7039506648895152, "111": 0.8292426892435174, "112": 0.9335934621781633, "113": 0.8655817455287372, "114": 0.9476023808238805, "128": 0.9709483288034012, "136": 0.12249633937071452, "139": 0.9687175705183642, "142": 0.8642743915411626, "102": 0.8269134158533042, "116": 0.4270322362454506, "119": 0.8634972012844142, "121": 0.9488360901438864, "122": 0.36889973636548734, "123": 0.9356155407207811, "124": 0.7466890867450248, "104": 0.832860782860757, "107": 0.7010120954522201, "134": 0.770030838476662, "100": 0.8463778409804674, "101": 0.9700371969819471, "129": 0.9140329995531735, "130": 0.8316076253923786, "105": 0.8756754309304606, "110": 0.20904283242685137, "118": 0.6739871962077197, "125": 0.684961249623832, "144": 0.7437328602714011, "109": 0.8546179968153367, "127": -0.0947404194997906, "132": 0.9129039455580766, "115": 0.7782912029730289, "137": 0.9687175705183642, "106": 0.9316966264562736, "135": 0.8809396244696035, "120": -0.1752464829013728, "131": 0.9013207959089523, "117": 0.8521169915073679, "133": 0.8406743313786884, "145": 0.7478387375955355, "156": 0.8213445434803914, "163": 0.733402937629024, "179": 0.5982046181145371, "184": 0.7260287547211197, "186": 0.7782912029730289, "178": 0.8316076253923786, "181": 0.39467583264028283, "182": 0.9592332369017739, "183": 0.5504435060521876, "193": 0.873628561549884, "158": 0.6721567016682873, "165": 0.9304763003992487, "166": 0.9713595535558777, "168": 0.684961249623832, "190": 0.9304763003992487, "196": 0.9177778432333028, "164": 0.9687175705183642, "169": 0.000722957805710489, "174": 0.8261204300060645, "185": 0.9180753773976005, "157": 0.8601391183990965, "173": 0.9449277469107293, "192": 0.47607820700039316, "151": 0.8316076253923786, "180": 0.8816914005313422, "159": -0.027144066241102993, "161": 0.4238554427585607, "162": 0.7325646273371552, "170": 0.9141130735845608, "172": 0.7782912029730289, "177": 0.6061367038825813, "187": 0.9006714259588862, "194": 0.980133147923703, "198": 0.9656330289232972, "150": 0.9013207959089523, "188": 0.1859865964855406, "197": 0.24396959644417837, "153": 0.8174653226492187, "189": 0.3014277915473468, "195": 0.978789337755493, "154": 0.8463778409804674, "191": 0.6267002120403931, "171": 0.9449277469107293, "212": 0.6082976936329352, "228": 0.8316076253923786, "230": 0.9687175705183642, "210": 0.832860782860757, "246": 0.89944571787745, "248": 0.9335934621781633, "202": 0.9988882682104072, "236": 0.6450819217451216, "206": 0.6284436739232024, "221": 0.5808446707006777, "231": 0.9140329995531735, "232": 0.980133147923703, "244": 0.9194832481391102, "224": 0.1975043325266742, "225": 0.9090796779337953, "241": 0.684961249623832, "242": 0.9625700517036602, "226": 0.8394885437480385, "229": 0.7818255438676718, "249": 0.9140329995531735, "214": 0.9477068043036703, "220": 0.9026009409711109, "222": 0.2011426332164294, "209": 0.7829644850001558, "227": 0.4543517618316325, "200": 0.9901079757944491, "286": 0.9013207959089523, "282": 0.7955272601359307, "259": 0.9006714259588862, "252": 0.8311229959955457, "274": 0.8794961698328488, "279": 0.8311229959955457, "149": 0.9642811283825925, "294": 0.8794961698328488, "254": 0.6526061874683491, "264": 0.9648177708588577, "256": 0.9988882682104072, "261": 0.9453520912576178, "167": 0.9592332369017739, "155": 0.9090796779337953, "152": 0.4753113861641048, "312": 0.523868503082112, "314": 0.9573363750671867, "160": 0.9140329995531735, "366": 0.9884989516004242, "176": 0.7807773054616817, "199": 0.9642811283825925, "175": 0.9735118549837684, "208": 0.7676653557833595, "217": 0.9830954797357201, "243": 0.8537599583759073, "245": 0.6196188954656859, "201": 0.9361488673595424, "207": 0.6413911019625415, "235": 0.9090796779337953, "211": -0.09711720044416555, "240": 0.6284436739232024, "247": 0.9830954797357201, "213": 0.9691939465332382, "223": 0.5808446707006777, "234": 0.2011426332164294, "239": 0.5094028539532319, "216": 0.5683045138152478, "238": -0.27496486801528375, "204": 0.607632134666684, "215": 0.9592332369017739, "205": 0.9349397075931434, "219": 0.24629622076075364, "237": 0.9765485267282645, "203": 0.7581120966160715, "218": 0.8188773417294917}