{"0": 0.5761385373981732, "1": 0.7938490596912138, "2": 0.14523896648880408, "3": 0.9316966264562736, "4": 0.887165389288749, "5": 0.9472676651898911, "6": 0.9449277469107293, "7": 0.8720945545738419, "8": 0.1587121696453745, "9": 0.6815660531926984, "10": 0.8390240430754827, "11": 0.8316076253923786, "12": 0.9825033311030087, "13": 0.7010120954522201, "14": 0.6787440256633583, "15": 0.8192778384406973, "16": 0.9032542924194478, "17": 0.967905757640733, "18": 0.6061367038825813, "19": 0.8377884954101573, "20": 0.9152727675475276, "21": 0.9493540059122985, "22": 0.7788570366539895, "23": 0.9711625608873772, "24": 0.6511731834159227, "25": 0.6404179594140833, "26": 0.967905757640733, "27": 0.36806161337201504, "28": 0.8756754309304606, "29": 0.8382546850425348, "30": 0.8188763159117212, "31": 0.8070834178164799, "32": 0.6272050181110387, "33": 0.2011426332164294, "34": 0.9949767420272078, "35": 0.967905757640733, "36": 0.8901181774328012, "37": 0.2011426332164294, "38": 0.9573146345238671, "40": 0.5063904562944115, "41": 0.9949767420272078, "43": 0.6645511274365897, "44": 0.692584776109441, "45": 0.8124465791272606, "46": 0.9210822539726788, "47": 0.7010120954522201, "48": 0.9006714259588862, "49": 0.6082976936329352, "50": 0.8636599425886533, "51": 0.6487520872752499, "52": 0.9988882682104072, "59": 0.9072409240804903, "61": 0.8366841729045951, "62": 0.8830833783478265, "64": 0.832860782860757, "66": 0.981232131685918, "70": 0.8331759304346327, "71": 0.36806161337201504, "72": 0.981232131685918, "73": 0.9217112314111966, "76": 0.7010120954522201, "77": 0.9865001752117635, "78": 0.7416834841216055, "81": 0.31066170954821337, "89": 0.6724591006155731, "92": 0.981232131685918, "93": 0.9316966264562736, "94": 0.8140041516556153, "96": 0.832860782860757, "98": 0.8366841729045951, "99": 0.9472676651898911, "39": 0.4610984083423919, "42": 0.7619300965699776, "55": 0.9865001752117635, "56": 0.9472676651898911, "57": 0.14644603093131614, "58": 0.9121159909623718, "60": 0.5358827365043197, "63": 0.9983737266052923, "65": 0.7465324175945142, "69": 0.5436761560228964, "74": 0.8381319995763697, "79": 0.9476023808238805, "83": 0.6061367038825813, "86": 0.757604564146452, "91": 0.7466890867450248, "80": 0.8701565735420997, "82": 0.8553894114879451, "87": 0.9335934621781633, "88": 0.24012915352869352, "90": 0.9493540059122985, "97": 0.8366841729045951, "53": 0.9592332369017739, "54": 0.5104872573381166, "67": 0.9141130735845608, "68": 0.9691939465332382, "75": 0.8688965644538921, "84": 0.4355923351879607, "85": 0.967905757640733, "95": 0.8506684030584353, "103": 0.5659285638320148, "108": 0.7462707836452498, "126": 0.5410752967980765, "138": 0.8555364444457623, "140": 0.9988882682104072, "141": 0.6856303869025739, "143": 0.981232131685918, "146": 0.9687175705183642, "147": 0.8316076253923786, "148": -0.027144066241102993, "111": 0.8312485438773476, "112": 0.7782912029730289, "113": -0.27496486801528375, "114": 0.23032766890594292, "128": 0.8655817455287372, "136": 0.9592332369017739, "139": 0.5172920858213403, "142": 0.8126609257453652, "102": 0.8477641901678976, "116": 0.5995738332044356, "119": 0.9129039455580766, "121": 0.7818255438676718, "122": 0.7588531734461804, "123": 0.5189018087416599, "124": 0.808470323295807, "104": 0.9436234178737084, "107": 0.9830954797357201, "134": 0.6013506347590544, "100": 0.9644804896774047, "101": 0.7451525819373325, "129": 0.9687175705183642, "130": 0.8016408203693158, "105": 0.8070834178164799, "110": 0.4100431994763632, "118": 0.8720945545738419, "125": 0.981232131685918, "144": 0.8054365767300854, "109": 0.9801948925335262, "127": 0.9488360901438864, "132": 0.8366841729045951, "115": 0.9335934621781633, "137": 0.9573363750671867, "106": 0.8909116136667745, "135": 0.8188763159117212, "120": 0.9488360901438864, "131": 0.9335934621781633, "117": 0.9644804896774047, "133": 0.9687175705183642, "145": 0.7608528783887835, "156": 0.9710685701243187, "163": 0.9006714259588862, "179": 0.8581123213062767, "184": 0.9335934621781633, "186": 0.9141130735845608, "178": 0.146492624805786, "181": 0.901748777249892, "182": 0.8362526368834231, "183": 0.8891908864944287, "193": 0.8775265032524076, "158": 0.7010120954522201, "165": 0.6284436739232024, "166": 0.9217455898854673, "168": 0.2958912091038236, "190": 0.904455383433035, "196": 0.6236955654053149, "164": 0.5052420262834757, "169": 0.7782912029730289, "174": 0.9884989516004242, "185": 0.9509518987775469, "157": 0.9841007503796968, "173": 0.8720945545738419, "192": 0.657525869929417, "151": 0.8190902346422497, "180": 0.7064838289458171, "159": 0.9687175705183642, "161": 0.9642811283825925, "162": 0.9687175705183642, "170": 0.8070834178164799, "172": 0.9642811283825925, "177": 0.9830954797357201, "187": 0.8374600842866212, "194": 0.7168071503936716, "198": 0.5280103684251121, "150": 0.8720945545738419, "188": 0.607632134666684, "197": 0.7782912029730289, "153": 0.9141130735845608, "189": 0.980133147923703, "195": 0.9687175705183642, "154": 0.8135950575372952, "191": 0.8273706132930512, "171": 0.9988882682104072, "212": 0.6591789625059177, "228": 0.9217940887192797, "230": 0.8980219409923789, "210": 0.8711994502463034, "246": 0.6975997234153776, "248": 0.9006714259588862, "202": 0.9090796779337953, "236": 0.4179969573669988, "206": 0.9149068217490111, "221": 0.9304763003992487, "231": 0.828507570283525, "232": 0.9594772032098673, "244": 0.9140329995531735, "224": 0.37540567929468754, "225": 0.943959991281367, "241": 0.6733559840239098, "242": 0.6190373563490934, "226": 0.40717453683084925, "229": 0.646861481888835, "249": 0.9129039455580766, "214": 0.8720945545738419, "220": 0.6447685094235516, "222": 0.7070027814860035, "209": 0.9140329995531735, "227": 0.980133147923703, "200": -0.07669199255279788, "286": 0.9013207959089523, "282": 0.6703785647893232, "259": 0.6073028217056597, "252": 0.7986368350112858, "274": 0.8862374456360023, "279": 0.9830954797357201, "149": 0.9687175705183642, "294": 0.835973949185624, "254": 0.733402937629024, "264": 0.9687175705183642, "256": 0.8126874765373676, "261": 0.7365398254287008, "167": 0.8386562030436042, "155": 0.5292378121730696, "152": 0.8126663064387858, "312": 0.523868503082112, "314": 0.9573363750671867, "160": 0.7466890867450248, "366": 0.9884989516004242, "175": 0.6967298251361915, "176": 0.9140329995531735, "199": 0.1975043325266742, "205": 0.14449678458109552, "208": 0.48543551194910384, "238": 0.8711994502463034, "234": 0.46917666503516814, "239": 0.8615112575471175, "201": 0.8982344661070019, "203": 0.4809106455981546, "207": 0.7849001521249795, "219": 0.4409332562501549, "235": 0.7219928007212897, "237": 0.8907066920709366, "247": 0.8711994502463034, "215": 0.8452752523159741, "218": 0.9072409240804903, "223": -0.27496486801528375, "233": 0.9090796779337953, "243": 0.8463778409804674, "211": 0.1478250271940076, "204": 0.8841669172681577, "213": 0.808470323295807, "245": 0.9141130735845608, "240": 0.2824146753526082, "216": 0.826978145742863, "217": 0.9592332369017739, "284": 0.9335934621781633, "287": 0.6196188954656859, "253": 0.9140329995531735, "258": 0.9252433584349254, "272": 0.7782912029730289, "276": 0.7545026222604149, "255": 0.9140329995531735, "295": 0.9713595535558777, "298": 0.7339881661609279, "257": 0.9988882682104072, "265": 0.9830954797357201, "271": 0.8185355578673188, "262": 0.5808446707006777, "263": 0.8333468763597425, "266": 0.9335934621781633, "288": 0.9830954797357201, "292": 0.8841669172681577, "275": 0.33447235262622044, "277": 0.6999024934303189, "285": 0.5703945542091542, "293": 0.7466890867450248, "299": 0.3885201854651707, "250": 0.9884989516004242, "270": 0.6658981196927015, "260": 0.9830954797357201, "273": 0.607632134666684, "280": 0.8370569314040022, "289": 0.832860782860757, "281": 0.7673100521566578}