{"0": 0.5120501550986825, "1": 0.7401295868269684, "2": 0.8331087363663148, "3": 0.6685812721607511, "4": 0.9109242775708097, "5": 0.9709483288034012, "6": 0.9055122579192303, "7": 0.9129039455580766, "8": 0.8475814908605418, "9": 0.8444621505000198, "10": 0.6326999626913044, "11": 0.8663412539970857, "12": 0.691751106621022, "13": 0.6526061874683491, "14": 0.23032766890594292, "15": 0.6956085320899287, "16": 0.7923975123858403, "17": 0.14160638894344824, "18": 0.8546179968153367, "19": 0.48113657271127597, "20": 0.7131443994375057, "21": 0.9490615228462083, "22": 0.8809396244696035, "23": 0.8937292646683588, "24": 0.6774506021333373, "25": 0.21665764222264888, "26": 0.839959919104204, "27": 0.5198685220641122, "28": 0.6236955654053149, "29": 0.9477068043036703, "30": 0.3014277915473468, "31": 0.9432447077790973, "32": 0.11661037297160878, "33": 0.9711625608873772, "34": 0.6013506347590544, "35": 0.4100212176237697, "36": 0.9476023808238805, "37": 0.5247123185998133, "38": 0.7010120954522201, "40": 0.921999206994456, "41": 0.9093223456592029, "43": 0.6260072594908512, "44": 0.8192778384406973, "45": 0.8333468763597425, "46": 0.8801142821468659, "47": 0.757604564146452, "48": 0.7709655471410095, "49": 0.7425417598060612, "50": 0.8720945545738419, "51": 0.9949767420272078, "52": 0.9865001752117635, "59": 0.9472676651898911, "61": 0.9096911896636037, "62": 0.35380294580398075, "64": 0.8756754309304606, "66": 0.6749877137306347, "70": 0.8463778409804674, "71": 0.8655817455287372, "72": 0.8756754309304606, "73": 0.981232131685918, "76": 0.8655817455287372, "77": 0.1416938655417028, "78": 0.8333468763597425, "81": 0.6526061874683491, "89": 0.6258554352216742, "92": 0.5509321997381238, "93": 0.9476023808238805, "94": 0.8261204300060645, "96": 0.9315684879650371, "98": 0.9204330867250647, "99": 0.5920931757809508, "39": 0.6685812721607511, "42": 0.6313731905431029, "55": 0.9687175705183642, "56": 0.9141130735845608, "57": 0.901748777249892, "58": 0.8999969207138816, "60": 0.34384838052099814, "63": 0.6821030813261982, "65": 0.9488360901438864, "69": 0.9700371969819471, "74": 0.832860782860757, "79": 0.9865001752117635, "83": 0.6082976936329352, "86": -0.1752464829013728, "91": 0.23032766890594292, "80": 0.9180753773976005, "82": 0.8271072745261993, "87": 0.5980084337551699, "88": 0.9687175705183642, "90": 0.9029894830358826, "97": 0.34384838052099814, "53": 0.6258554352216742, "68": 0.9704814302099272, "84": 0.832860782860757, "85": 0.981232131685918, "75": 0.3737322744505718, "54": 0.8311229959955457, "67": 0.7669301099235952, "95": 0.7681243959908386, "103": 0.9983737266052923, "108": 0.8455117632990026, "126": 0.263755577319145, "138": 0.873955944747916, "140": 0.5967447581926505, "141": 0.8953599538075763, "143": 0.42868250408610586, "146": 0.9180753773976005, "147": 0.30817201682038886, "148": 0.1975043325266742, "111": 0.9712097172582024, "112": 0.9309065637866576, "113": 0.38582423574507096, "114": 0.9114128703941509, "128": 0.9157957284855488, "136": -0.14167133689226313, "139": 0.981232131685918, "142": 0.8126874765373676, "102": 0.9476023808238805, "116": 0.6082976936329352, "119": 0.000722957805710489, "121": -0.0947404194997906, "122": 0.1533870193828016, "123": 0.857209295739242, "124": 0.8442040160863573, "104": 0.7116043175588809, "107": 0.9114128703941509, "134": 0.8463778409804674, "100": 0.7913203075413664, "101": -0.03156587147432149, "129": 0.873628561549884, "130": 0.8588106177506422, "105": 0.6487520872752499, "110": 0.9472676651898911, "118": 0.7449588556572684, "125": 0.9687175705183642, "144": 0.6821030813261982, "109": 0.684961249623832, "127": 0.9335934621781633, "132": 0.8188900965732564, "115": 0.8720945545738419, "137": 0.980133147923703, "106": 0.5320489077677621, "135": 0.7782912029730289, "120": 0.7010120954522201, "131": 0.6196188954656859, "117": 0.8655817455287372, "133": 0.9713595535558777, "145": 0.981232131685918, "156": -0.2533528214200177, "163": 0.7658701887411197, "179": 0.8395211080510254, "184": 0.657525869929417, "186": 0.8666290768872845, "178": 0.45446372755454767, "181": 0.980133147923703, "182": 0.8601391183990965, "183": 0.980133147923703, "193": 0.14449678458109552, "158": 0.7844309628805703, "165": 0.8995238736482618, "166": 0.9129039455580766, "168": 0.4286952217874857, "190": 0.9771451713702621, "196": 0.9024632801617234, "164": 0.47066488472412527, "169": 0.48607992823877844, "174": 0.020147251561369116, "185": 0.6073028217056597, "157": 0.7674305938762481, "173": 0.9710685701243187, "192": 0.8953599538075763, "151": 0.9247973727072252, "180": 0.000722957805710489, "159": 0.17701882824091913, "161": 0.8386443644739268, "162": 0.8794961698328488, "170": 0.8126882480754825, "172": 0.9006714259588862, "177": 0.9735118549837684, "187": 0.9214941663381312, "194": 0.8933491304844663, "198": 0.8794961698328488, "150": 0.5120501550986825, "188": 0.34640503225766095, "197": 0.8406743313786884, "153": 0.45462302888041795, "189": 0.9157957284855488, "195": 0.8062843276951492, "154": 0.8715285584530765, "191": 0.5862366567067023, "171": 0.967905757640733, "212": 0.9865001752117635, "228": 0.9000543078507882, "230": 0.9687175705183642, "210": 0.8980219409923789, "246": 0.8720945545738419, "248": 0.9335934621781633, "202": 0.9091726585479631, "236": 0.614315707939549, "206": 0.7955272601359307, "221": 0.9949767420272078, "231": 0.9667771893756375, "232": 0.14449678458109552, "244": 0.5830765794498906, "224": 0.9477068043036703, "225": 0.9006714259588862, "241": 0.9865001752117635, "242": 0.7002029063388291, "226": 0.9090796779337953, "229": 0.7818255438676718, "249": 0.8311229959955457, "214": 0.8720945545738419, "220": -0.14932931480824793, "222": 0.9988882682104072, "209": 0.9901079757944491, "227": 0.9713595535558777, "200": 0.9901079757944491, "286": 0.9013207959089523, "282": 0.7955272601359307, "259": 0.9006714259588862, "252": 0.8311229959955457, "274": 0.8794961698328488, "279": 0.8311229959955457, "149": 0.531910650201581, "294": 0.8794961698328488, "254": 0.6526061874683491, "264": 0.9648177708588577, "256": 0.9988882682104072, "261": 0.9453520912576178, "167": 0.8292426892435174, "155": 0.9687175705183642, "152": 0.605840532100246, "312": 0.523868503082112, "314": 0.9573363750671867, "160": 0.7570745990904548, "366": 0.9884989516004242, "175": -0.2533528214200177, "199": 0.894303994848866, "176": 0.7782912029730289}