{"0": 0.4278945301075193, "1": 0.9517139391118336, "2": 0.9045716733715888, "3": 0.3840440668980498, "4": 0.9315684879650371, "5": 0.20879604532573254, "6": 0.9204330867250647, "7": 0.6966836460144279, "8": 0.8021982912940777, "9": 0.5987456197062906, "10": 0.6033727925307457, "11": 0.5560534635039549, "12": 0.575179193640408, "13": 0.8849944663879861, "14": 0.4637226310989762, "15": 0.757604564146452, "16": 0.6335789454525309, "17": 0.9710685701243187, "18": 0.48113657271127597, "19": 0.9686171275658811, "20": 0.41563022430336066, "21": 0.6412999296598179, "22": 0.5613135074021185, "23": 0.6340430440545783, "24": 0.5388844998039009, "25": 0.9709483288034012, "26": 0.7350175740056812, "27": 0.9949767420272078, "28": 0.5031466588691443, "29": 0.8935615923305564, "30": 0.9949767420272078, "31": 0.7075546733458378, "32": 0.397199804386157, "33": 0.22533177338088806, "34": 0.8108949834565462, "35": 0.43345420378125155, "36": 0.8159000663636486, "37": 0.9217586009312606, "38": 0.9865001752117635, "40": 0.6660297426008253, "41": 0.5860273923737023, "43": 0.8353742779414206, "44": 0.7037676879582583, "45": 0.6128365657717074, "46": 0.9686679885028635, "47": 0.9983737266052923, "48": 0.9287572256494131, "49": 0.45557769743282905, "50": 0.21929671727322492, "51": -0.48531118563206616, "52": 0.981232131685918, "59": 0.9217586009312606, "61": 0.8927264240816127, "62": 0.9983737266052923, "64": 0.2042482748848345, "66": 0.8938772884269843, "70": 0.884039134073451, "71": 0.9181169426857589, "72": 0.9035564895735866, "73": 0.655536784400517, "76": 0.14449678458109552, "77": 0.8284238107105468, "78": 0.8438384769995706, "81": 0.9432447077790973, "89": 0.5348423972823034, "92": 0.2979210695673854, "93": 0.7804673377008462, "94": 0.6830788192248078, "96": 0.6487520872752499, "98": -0.0947404194997906, "99": 0.8316076253923786, "39": 0.5175718625135639, "42": 0.9488360901438864, "55": 0.9949767420272078, "56": 0.5294447108015252, "57": 0.5957531658294364, "58": 0.7905656216233836, "60": 0.9725010622313472, "63": 0.3110665840766188, "65": 0.9711625608873772, "69": 0.8366841729045951, "74": 0.8902155816030437, "79": 0.9476023808238805, "83": 0.8128551965592921, "86": 0.8953599538075763, "91": 0.4756185840993384, "80": 0.9687175705183642, "82": 0.8358190487645452, "87": 0.981232131685918, "88": 0.8884897096318929, "90": 0.8756754309304606, "97": 0.24427880458326123, "53": 0.6325444278404326, "68": 0.6852443605191594, "84": 0.6761037902692255, "85": 0.980133147923703, "75": 0.771003949953108, "54": 0.9865001752117635, "67": 0.9315684879650371, "95": 0.5501646937957922, "103": 0.9988882682104072, "108": 0.9013207959089523, "126": 0.9180753773976005, "138": -0.6839958387610735, "140": 0.7116043175588809, "141": 0.8903720116851059, "143": 0.9988882682104072, "146": 0.8794961698328488, "147": 0.6246811784963128, "148": 0.5437498347127389, "111": 0.5506090267344645, "112": 0.9335934621781633, "113": 0.9204330867250647, "114": 0.8251599375915066, "128": 0.620564581296107, "136": 0.9142951613245062, "139": 0.42466946703894093, "142": 0.8277602821401775, "102": 0.9072409240804903, "116": 0.980133147923703, "119": 0.821305921557439, "121": 0.8794961698328488, "122": 0.9830954797357201, "123": 0.6487520872752499, "124": 0.9865001752117635, "104": 0.9217455898854673, "107": 0.6578214786098125, "134": 0.5294447108015252, "100": 0.7127301950855451, "101": 0.7817766989036885, "129": 0.5241478553875311, "130": 0.9687175705183642, "105": 0.9865001752117635, "110": 0.9988882682104072, "118": 0.5418338328729526, "125": 0.43221578088910473, "144": 0.3856464170741498, "109": 0.7010120954522201, "127": 0.8720945545738419, "132": 0.9006714259588862, "115": 0.9488360901438864, "137": 0.9488360901438864, "106": 0.8720945545738419, "135": 0.9865001752117635, "120": 0.9592332369017739, "131": 0.6370002213086277, "117": 0.5453052173669288, "133": 0.3014277915473468, "145": 0.8720945545738419, "156": 0.9573363750671867, "163": 0.9865001752117635, "179": 0.920017648857659, "184": 0.8213445434803914, "186": 0.9892581571897634, "178": 0.9949767420272078, "181": 0.8213445434803914, "182": 0.8978997239936704, "183": 0.9865001752117635, "193": 0.8983851212872435, "158": 0.9713595535558777, "165": 0.8688965644538921, "166": 0.8830833783478265, "168": 0.981232131685918, "190": 0.8533643694982009, "196": 0.9140329995531735, "164": 0.9865001752117635, "169": 0.9573363750671867, "174": 0.9988882682104072, "185": 0.3885201854651707, "157": 0.9983737266052923, "173": 0.9865001752117635, "192": 0.9472676651898911, "151": 0.9830954797357201, "180": 0.9074541861500449, "159": 0.9949767420272078, "161": 0.9140329995531735, "162": 0.8794961698328488, "170": 0.981232131685918, "172": 0.9983737266052923, "177": 0.9709483288034012, "187": 0.9335934621781633, "194": 0.8446352867590317, "198": 0.9687175705183642, "150": 0.7787939383162538, "188": 0.9672702438730358, "197": 0.9983737266052923, "153": 0.8446352867590317, "189": 0.23032766890594292, "195": 0.9472676651898911, "154": 0.8463778409804674, "191": 0.9140329995531735, "171": -0.0475896289864841, "212": 0.9865001752117635, "228": 0.9000543078507882, "230": 0.9687175705183642, "210": 0.8980219409923789, "246": 0.8720945545738419, "248": 0.9335934621781633, "202": 0.9091726585479631, "236": 0.614315707939549, "206": 0.7955272601359307, "221": 0.9949767420272078, "231": 0.9667771893756375, "232": 0.14449678458109552, "244": 0.5830765794498906, "224": 0.9477068043036703, "225": 0.9006714259588862, "241": 0.9865001752117635, "242": 0.7002029063388291, "226": 0.9090796779337953, "229": 0.7818255438676718, "249": 0.8311229959955457, "214": 0.8720945545738419, "220": -0.14932931480824793, "222": 0.9988882682104072, "209": 0.9901079757944491, "227": 0.9713595535558777, "200": 0.9901079757944491, "286": 0.9013207959089523, "282": 0.7955272601359307, "259": 0.9006714259588862, "252": 0.8311229959955457, "274": 0.8794961698328488, "279": 0.8311229959955457, "149": 0.6645511274365897, "294": 0.8794961698328488, "254": 0.6526061874683491, "264": 0.9648177708588577, "256": 0.9988882682104072, "261": 0.9453520912576178, "167": 0.8311229959955457, "155": 0.3690962936014758, "152": 0.6082976936329352, "312": 0.523868503082112, "314": 0.9573363750671867, "160": 0.9983737266052923, "366": 0.9884989516004242}