{"0": 0.24376406556716884, "1": 0.901748777249892, "2": 0.8311229959955457, "3": 0.5560960332074883, "4": 0.922705653532762, "5": 0.6281311285309359, "6": 0.2384189976928957, "7": 0.8688965644538921, "8": -0.027144066241102993, "9": 0.6526061874683491, "10": 0.8949211271494089, "11": 0.6281311285309359, "12": 0.8192778384406973, "13": 0.8830833783478265, "14": 0.7723550713067353, "15": 0.2384189976928957, "16": 0.7583128013625394, "17": 0.9472676651898911, "18": 0.5358827365043197, "19": 0.930220115750285, "20": 0.6413911019625415, "21": 0.47375041638672777, "22": 0.9006714259588862, "23": 0.8809396244696035, "24": 0.23032766890594292, "25": 0.8229848270258664, "26": 0.7782912029730289, "27": 0.9472676651898911, "28": 0.8192778384406973, "29": 0.9356657607132645, "30": 0.857209295739242, "31": 0.9949767420272078, "32": 0.942923417458683, "33": 0.9472676651898911, "34": 0.691751106621022, "35": 0.978789337755493, "36": 0.8697134878509117, "37": -0.0475896289864841, "38": 0.9983737266052923, "40": 0.7466890867450248, "41": 0.8333468763597425, "43": 0.8463778409804674, "44": 0.9143826252964795, "45": 0.9129039455580766, "46": 0.8573514772568388, "47": 0.9141130735845608, "48": 0.6082976936329352, "49": 0.9687175705183642, "50": 0.6284436739232024, "51": 0.8311229959955457, "52": 0.8366841729045951, "59": 0.8720945545738419, "61": -0.0475896289864841, "62": 0.9988882682104072, "64": 0.9713595535558777, "66": 0.8292426892435174, "70": 0.7010120954522201, "71": 0.8720945545738419, "72": 0.48607992823877844, "73": 0.6284436739232024, "76": 0.841121674857908, "77": -0.2533528214200177, "78": 0.7010120954522201, "81": 0.9074541861500449, "89": 0.9687175705183642, "92": 0.3014277915473468, "93": 0.8655817455287372, "94": 0.9141130735845608, "96": 0.967905757640733, "98": 0.8830833783478265, "99": 0.8655817455287372, "39": 0.8333468763597425, "42": 0.8070834178164799, "55": 0.7437328602714011, "56": 0.9983737266052923, "57": 0.4295448641741062, "58": 0.9096911896636037, "60": 0.6082976936329352, "63": 0.9335934621781633, "65": 0.8794961698328488, "69": 0.9090796779337953, "74": 0.9093223456592029, "79": 0.8720945545738419, "83": 0.9129039455580766, "86": 0.9006714259588862, "91": 0.1975043325266742, "80": 0.9983737266052923, "82": 0.9713595535558777, "87": 0.48607992823877844, "88": 0.24012915352869352, "90": 0.9709483288034012, "97": -0.2533528214200177, "53": 0.7419184683448392, "54": 0.6526061874683491, "67": 0.9865001752117635, "68": 0.9488360901438864, "75": 0.9865001752117635, "84": 0.8794961698328488, "85": 0.8756754309304606, "95": 0.8830833783478265, "103": 0.2728120175653767, "108": 0.8756754309304606, "126": 0.9777812587919528, "138": 0.832860782860757, "140": 0.839959919104204, "141": 0.9335934621781633, "143": 0.981232131685918, "146": 0.6235028039995473, "147": 0.7706541904344153, "148": 0.8463778409804674, "111": 0.8756754309304606, "112": 0.981232131685918, "113": 0.6073028217056597, "114": 0.8261204300060645, "128": 0.8655817455287372, "136": 0.9667486322023373, "139": 0.8886153483866597, "142": 0.8126609257453652, "102": 0.9687175705183642, "116": 0.832860782860757, "119": 0.13865812256397686, "121": 0.9129039455580766, "122": 0.757604564146452, "123": 0.9472676651898911, "124": 0.8688965644538921, "104": 0.9456500726951311, "107": 0.9713595535558777, "134": 0.8533713834563712, "100": 0.9777812587919528, "101": 0.7466890867450248, "129": 0.9713595535558777, "130": 0.832860782860757, "105": 0.832860782860757, "110": 0.23032766890594292, "118": 0.9586919378087284, "125": 0.5808446707006777, "144": 0.5120501550986825, "109": 0.9801948925335262, "127": 0.7010120954522201, "132": 0.8655817455287372, "115": 0.9335934621781633, "137": 0.5358827365043197, "106": 0.9112297137093281, "135": 0.9335934621781633, "120": 0.8794961698328488, "131": 0.9335934621781633, "117": 0.684961249623832, "133": 0.8830833783478265, "145": 0.7608528783887835, "156": 0.13865812256397686, "163": 0.9415328181544287, "179": 0.8581123213062767, "184": 0.9493540059122985, "186": 0.8830833783478265, "178": 0.146492624805786, "181": 0.901748777249892, "182": 0.9587780833337113, "183": 0.7782912029730289, "193": 0.2011426332164294, "158": 0.7010120954522201, "165": 0.6284436739232024, "166": 0.978789337755493, "168": 0.8622073344390461, "190": 0.8188773417294917, "196": -0.2533528214200177, "164": 0.9704631291335517, "169": 0.8600296062836932, "174": 0.7852118377119173, "185": 0.9509518987775469, "157": 0.5609849854360007, "173": 0.8720945545738419, "192": 0.6082976936329352, "151": 0.9026009409711109, "180": 0.43955605232271744, "159": 0.9687175705183642, "161": 0.9642811283825925, "162": 0.5120501550986825, "170": 0.7385242498163751, "172": 0.9642811283825925, "177": 0.888367791813524, "187": 0.5808446707006777, "194": 0.9988882682104072, "198": 0.722919605033341, "150": 0.8316076253923786, "188": 0.9765485267282645, "197": 0.7782912029730289, "153": 0.8463778409804674, "189": 0.832860782860757, "195": 0.9074541861500449, "154": 0.607632134666684, "191": 0.7451525819373325, "171": 0.9204330867250647, "212": 0.9704631291335517, "228": 0.9217940887192797, "230": 0.8830833783478265, "210": 0.6078891241821858, "246": 0.5332445754771977, "248": 0.9006714259588862, "202": 0.967905757640733, "236": 0.7971791687764367, "206": 0.7002029063388291, "221": 0.9149068217490111, "231": 0.828507570283525, "232": 0.8446352867590317, "244": 0.5817650781229351, "224": 0.8763020692947789, "225": 0.943959991281367, "241": 0.6733559840239098, "242": 0.6190373563490934, "226": 0.40717453683084925, "229": 0.8522176290946957, "249": 0.9140329995531735, "214": 0.28594774556769176, "220": 0.6447685094235516, "222": 0.9006714259588862, "209": 0.8070834178164799, "227": 0.4218308046635722, "200": -0.07669199255279788, "286": 0.9013207959089523, "282": 0.9181169426857589, "259": 0.7878969237776184, "252": 0.9037624449431414, "274": 0.8862374456360023, "279": 0.9453520912576178, "149": 0.9678668528384635, "294": 0.835973949185624, "254": 0.6284436739232024, "264": 0.9252433584349254, "256": 0.8126874765373676, "261": 0.7365398254287008, "167": 0.8386562030436042, "155": 0.7419184683448392, "152": 0.5358827365043197, "312": 0.523868503082112, "314": 0.9573363750671867, "160": 0.9249524416875297, "366": 0.9884989516004242, "175": 0.6967298251361915, "176": 0.9713595535558777, "199": 0.9477068043036703, "205": 0.3431187303073333, "208": 0.6762502506427766, "238": 0.8711994502463034, "234": -0.4106204816379031, "239": 0.9573146345238671, "201": 0.9687175705183642, "203": 0.8953599538075763, "207": 0.8711994502463034, "219": 0.9592332369017739, "235": 0.7669301099235952, "237": 0.14449678458109552, "247": 0.8233785818459912, "215": 0.12630378245484197, "218": 0.382522580810992, "223": 0.4865376241939008, "233": 0.9477068043036703, "243": 0.9072409240804903, "211": 0.8261204300060645, "204": 0.8841669172681577, "213": 0.808470323295807, "245": 0.9141130735845608, "240": 0.7669301099235952, "216": 0.9592332369017739, "217": 0.9013207959089523, "284": 0.31334218706051065, "287": 0.9415328181544287, "253": 0.9140329995531735, "258": 0.9252433584349254, "272": 0.9592332369017739, "276": 0.6073028217056597, "255": 0.47766906178676327, "295": 0.8063307588187663, "298": 0.733402937629024, "257": 0.8515499761218062, "265": 0.4905607907771179, "271": 0.8185355578673188, "262": 0.6546197887357748, "263": 0.9025302222459619, "266": 0.8737673884645086, "288": 0.5808446707006777, "292": 0.8841669172681577, "275": 0.14449678458109552, "277": 0.6351154778354233, "285": 0.5832430350496133, "293": 0.9217455898854673, "299": 0.3885201854651707, "250": 0.9453520912576178, "270": 0.6658981196927015, "260": 0.9830954797357201, "273": 0.9217455898854673, "280": 0.8370569314040022, "289": 0.5849218693305673, "281": 0.523868503082112, "267": 0.7597921558306675, "297": 0.828012640307674, "268": 0.45085421245348, "251": 0.930220115750285, "269": 0.5808446707006777, "278": 0.8365170505443663, "291": 0.8105367397294103}