{"0": 0.7981096202083018, "1": 0.8114857408174363, "2": 0.9949767420272078, "3": 0.7156138944122838, "4": 0.27978395416569835, "5": 0.7728339587831798, "6": 0.6219024435094758, "7": 0.9157957284855488, "8": 0.7821121156660513, "9": 0.3826258666424242, "10": 0.7828081644463152, "11": 0.9949767420272078, "12": 0.8453048777385126, "13": 0.20227143436840755, "14": 0.3978901288081713, "15": 0.4970920541152708, "16": 0.5754584169068562, "17": 0.9149068217490111, "18": 0.8952635008702641, "19": 0.7253805300311162, "20": 0.4895492305653173, "21": 0.8878082075820624, "22": 0.6179287575362936, "23": 0.8482625849660489, "24": 0.6169726370577279, "25": 0.9949767420272078, "26": 0.9241001180157649, "27": 0.4246770452412856, "28": 0.5164801868539486, "29": 0.5241478553875311, "30": 0.6489275491766442, "31": 0.5921071972552718, "32": 0.9672364309982049, "33": 0.4489917997039692, "34": 0.46883830196425763, "35": 0.48113657271127597, "36": 0.9442464244826696, "37": 0.885036334088815, "38": 0.8546179968153367, "40": 0.9709483288034012, "41": 0.9709483288034012, "43": 0.9217586009312606, "44": 0.4882616015726857, "45": 0.32809448982920375, "46": 0.6255692805109128, "47": 0.7135079923614018, "48": 0.6260072594908512, "49": 0.7407872295122774, "50": 0.8949258926567634, "51": -0.046316104661163135, "52": 0.7395922838959458, "59": 0.5816603733637515, "61": 0.980133147923703, "62": 0.9865001752117635, "64": 0.9711625608873772, "66": 0.8718407791000566, "70": 0.9983737266052923, "71": 0.7410017787633405, "72": 0.9488360901438864, "73": 0.46240488548761016, "76": 0.8595543842592499, "77": 0.980133147923703, "78": -0.4007883145254267, "81": 0.6578214786098125, "89": 0.981232131685918, "92": 0.8818695016107698, "93": 0.8128551965592921, "94": 0.8117823156968187, "96": 0.8813757932458062, "98": 0.9983737266052923, "99": 0.7039356129124688, "39": 0.449675566873908, "42": 0.7856312790148056, "55": 0.7369872449352182, "56": 0.8720945545738419, "57": 0.5294447108015252, "58": 0.9488360901438864, "60": 0.5020702864331684, "63": 0.9070914042465371, "65": 0.6649430807089585, "69": 0.9149068217490111, "74": 0.4145992396685196, "79": 0.7142550662928516, "83": 0.981232131685918, "86": 0.980133147923703, "91": 0.43408028736416926, "80": 0.8546179968153367, "82": 0.9539519567428785, "87": 0.9196762676827337, "88": 0.7851000622617565, "90": 0.7979575173700935, "97": 0.26242612893149053, "53": 0.8853431112904293, "68": 0.2694590546231756, "84": 0.9180753773976005, "85": 0.9865001752117635, "75": 0.8509454875987394, "54": 0.48091470855567825, "67": 0.9983737266052923, "95": 0.9983737266052923, "103": 0.9988882682104072, "108": 0.9098698567125048, "126": 0.9750826465612488, "138": 0.9988882682104072, "140": 0.9304763003992487, "141": 0.8903720116851059, "143": 0.1975043325266742, "146": 0.8794961698328488, "147": 0.9750826465612488, "148": 0.9573363750671867, "111": 0.9304763003992487, "112": 0.9335934621781633, "113": 0.920017648857659, "114": 0.9654973448254043, "128": 0.9713595535558777, "136": 0.8794961698328488, "139": 0.9361488673595424, "142": 0.9884989516004242, "102": 0.9072409240804903, "116": 0.9691939465332382, "119": 0.6082976936329352, "121": 0.8794961698328488, "122": 0.8830833783478265, "123": 0.5609849854360007, "124": 0.9865001752117635, "104": 0.7141588583608788, "107": 0.9865001752117635, "134": 0.8830833783478265, "100": 0.9691939465332382, "101": 0.9988882682104072, "129": 0.7365398254287008, "130": 0.9687175705183642, "105": 0.9865001752117635, "110": 0.9988882682104072, "118": 0.9140329995531735, "125": 0.8720945545738419, "144": -0.14932931480824793, "109": 0.6082976936329352, "127": -0.0475896289864841, "132": 0.9006714259588862, "115": 0.8188763159117212, "137": 0.8794961698328488, "106": 0.8720945545738419, "135": 0.9865001752117635, "120": 0.3690962936014758, "131": 0.8775265032524076, "117": 0.9493540059122985, "133": 0.9304763003992487, "145": 0.9509518987775469, "156": 0.9573363750671867, "163": 0.9865001752117635, "179": 0.920017648857659, "184": 0.8213445434803914, "186": 0.9892581571897634, "178": 0.9949767420272078, "181": 0.8213445434803914, "182": 0.8978997239936704, "183": 0.9865001752117635, "193": 0.8983851212872435, "158": 0.9713595535558777, "165": 0.8688965644538921, "166": 0.8830833783478265, "168": 0.981232131685918, "190": 0.8533643694982009, "196": 0.9140329995531735, "164": 0.9865001752117635, "169": 0.9573363750671867, "174": 0.9988882682104072, "185": 0.3885201854651707, "157": 0.9983737266052923, "173": 0.9865001752117635, "192": 0.9472676651898911, "151": 0.9830954797357201, "180": 0.9074541861500449, "159": 0.9949767420272078, "161": 0.9140329995531735, "162": 0.8794961698328488, "170": 0.981232131685918, "172": 0.9983737266052923, "177": 0.9709483288034012, "187": 0.9335934621781633, "194": 0.8446352867590317, "198": 0.9687175705183642, "150": 0.7787939383162538, "188": 0.9672702438730358, "197": 0.9983737266052923, "153": 0.8446352867590317, "189": 0.23032766890594292, "195": 0.9472676651898911, "154": 0.8463778409804674, "191": 0.9140329995531735, "171": -0.0475896289864841, "212": 0.9865001752117635, "228": 0.9000543078507882, "230": 0.9687175705183642, "210": 0.8980219409923789, "246": 0.8720945545738419, "248": 0.9335934621781633, "202": 0.9091726585479631, "236": 0.614315707939549, "206": 0.7955272601359307, "221": 0.9949767420272078, "231": 0.9667771893756375, "232": 0.14449678458109552, "244": 0.5830765794498906, "224": 0.9477068043036703, "225": 0.9006714259588862, "241": 0.9865001752117635, "242": 0.7002029063388291, "226": 0.9090796779337953, "229": 0.7818255438676718, "249": 0.8311229959955457, "214": 0.8720945545738419, "220": -0.14932931480824793, "222": 0.9988882682104072, "209": 0.9901079757944491, "227": 0.9713595535558777, "200": 0.9901079757944491, "286": 0.9013207959089523, "282": 0.7955272601359307, "259": 0.9006714259588862, "252": 0.8311229959955457, "274": 0.8794961698328488, "279": 0.8311229959955457, "149": 0.9559398348927166, "294": 0.8794961698328488, "254": 0.6526061874683491, "264": 0.9648177708588577, "256": 0.9988882682104072, "261": 0.9453520912576178, "167": 0.8311229959955457, "155": 0.3690962936014758, "152": 0.6082976936329352, "312": 0.523868503082112, "314": 0.9573363750671867, "160": 0.9983737266052923, "366": 0.9884989516004242}