{"0": 0.4477290739835533, "1": 0.8428788379842459, "2": 0.5284656153848155, "3": 0.4763006169560437, "4": 0.7048762207382641, "5": 0.5458127315984428, "6": 0.6260072594908512, "7": 0.7550224909796857, "8": 0.4154512915887426, "9": 0.5859972416326419, "10": 0.53361542765685, "11": 0.5263629759854647, "12": 0.4668517837063278, "13": 0.6342451481925557, "14": 0.980133147923703, "15": 0.9449277469107293, "16": 0.9289343197814437, "17": 0.4824841605093515, "18": 0.943959991281367, "19": 0.8546179968153367, "20": 0.6639999201866909, "21": 0.9315684879650371, "22": 0.8098226300904336, "23": 0.5198685220641122, "24": 0.7923975123858403, "25": 0.40538358663907076, "26": 0.9901079757944491, "27": 0.6180032137120303, "28": 0.9710685701243187, "29": 0.8952635008702641, "30": 0.5418338328729526, "31": 0.7051300887732296, "32": 0.61468006592553, "33": 0.8755225610321277, "34": 0.9711625608873772, "35": 0.5018786664703632, "36": 0.22648485870949397, "37": 0.9949767420272078, "38": 0.6236376850556495, "40": 0.9704631291335517, "41": 0.9983737266052923, "43": 0.9217586009312606, "44": 0.7316947235008417, "45": 0.8902155816030437, "46": 0.8311229959955457, "47": 0.8128551965592921, "48": 0.9865001752117635, "49": 0.8642616605705435, "50": 0.9488360901438864, "51": 0.6821030813261982, "52": 0.8928144447523121, "59": -0.03156587147432149, "61": 0.5685866553822061, "62": 0.8016408203693158, "64": 0.7425417598060612, "66": 0.6094012913532996, "70": 0.7625607829738681, "71": 0.3641110015527814, "72": 0.8366841729045951, "73": 0.9983737266052923, "76": 0.9114128703941509, "77": 0.981232131685918, "78": 0.9700371969819471, "81": 0.6196188954656859, "89": 0.808470323295807, "92": 0.5013379319592357, "93": 0.8938772884269843, "94": 0.9013207959089523, "96": 0.3646204501090553, "98": 0.6236955654053149, "99": 0.36116048122407557, "39": 0.9306717778743876, "42": 0.8809396244696035, "55": 0.6733559840239098, "56": 0.7491275319485726, "57": 0.23032766890594292, "58": 0.37540567929468754, "60": 0.9711625608873772, "63": 0.8826541974149995, "65": 0.6013506347590544, "69": 0.6085556101314, "74": 0.8720945545738419, "79": 0.981232131685918, "83": -0.0947404194997906, "86": 0.8178413482602938, "91": 0.38017786158870603, "80": 0.9713595535558777, "82": 0.8756754309304606, "87": 0.7400941429345778, "88": 0.7010120954522201, "90": 0.8655817455287372, "97": 0.9204330867250647, "53": 0.5122884716553817, "54": 0.8216912714609571, "67": 0.9129039455580766, "68": 0.574031499518063, "75": 0.967905757640733, "84": 0.9335934621781633, "85": 0.9476023808238805, "95": 0.655154984305276, "103": 0.757604564146452, "108": 0.9476023808238805, "126": 0.9687175705183642, "138": 0.684961249623832, "140": 0.9093223456592029, "141": 0.9642811283825925, "143": 0.6390884487841668, "146": 0.6351154778354233, "147": 0.5292378121730696, "148": 0.8539561459452504, "111": 0.2926714706602051, "112": 0.8366841729045951, "113": 0.3262407756031082, "114": 0.26076804793826724, "128": 0.921999206994456, "136": 0.9771451713702621, "139": 0.8646846833957632, "142": 0.9053622125320326, "102": 0.6976640694544081, "116": 0.9691939465332382, "119": 0.39365565100039146, "121": 0.8794961698328488, "122": 0.4234463593322537, "123": 0.19636038889005966, "124": 0.7634150330236524, "104": 0.5358827365043197, "107": 0.6350518813987663, "134": 0.8192778384406973, "100": 0.8809396244696035, "101": 0.9988882682104072, "129": 0.901748777249892, "130": 0.3014277915473468, "105": 0.9865001752117635, "110": 0.5035165233430865, "118": 0.3555124132857857, "125": 0.9709483288034012, "144": 0.660673913766087, "109": 0.6082976936329352, "127": 0.5487775523755761, "132": 0.7646757269224965, "115": 0.6487520872752499, "137": 0.5247123185998133, "106": 0.8720945545738419, "135": 0.7795675619224229, "120": 0.7010120954522201, "131": 0.9141130735845608, "117": 0.9493540059122985, "133": 0.9304763003992487, "145": 0.981232131685918, "156": 0.9573363750671867, "163": 0.9865001752117635, "179": 0.920017648857659, "184": 0.8213445434803914, "186": 0.9892581571897634, "178": 0.9949767420272078, "181": 0.8213445434803914, "182": 0.8978997239936704, "183": 0.9865001752117635, "193": 0.8983851212872435, "158": 0.9713595535558777, "165": 0.8688965644538921, "166": 0.8830833783478265, "168": 0.981232131685918, "190": 0.8533643694982009, "196": 0.9140329995531735, "164": 0.9865001752117635, "169": 0.9573363750671867, "174": 0.9988882682104072, "185": 0.3885201854651707, "157": 0.9983737266052923, "173": 0.9865001752117635, "192": 0.9472676651898911, "151": 0.9830954797357201, "180": 0.9074541861500449, "159": 0.9949767420272078, "161": 0.9140329995531735, "162": 0.8794961698328488, "170": 0.981232131685918, "172": 0.9983737266052923, "177": 0.9709483288034012, "187": 0.9335934621781633, "194": 0.8446352867590317, "198": 0.9687175705183642, "150": 0.7787939383162538, "188": 0.9672702438730358, "197": 0.9983737266052923, "153": 0.8446352867590317, "189": 0.23032766890594292, "195": 0.9472676651898911, "154": 0.8463778409804674, "191": 0.9140329995531735, "171": -0.0475896289864841, "212": 0.9865001752117635, "228": 0.9000543078507882, "230": 0.9687175705183642, "210": 0.8980219409923789, "246": 0.8720945545738419, "248": 0.9335934621781633, "202": 0.9091726585479631, "236": 0.614315707939549, "206": 0.7955272601359307, "221": 0.9949767420272078, "231": 0.9667771893756375, "232": 0.14449678458109552, "244": 0.5830765794498906, "224": 0.9477068043036703, "225": 0.9006714259588862, "241": 0.9865001752117635, "242": 0.7002029063388291, "226": 0.9090796779337953, "229": 0.7818255438676718, "249": 0.8311229959955457, "214": 0.8720945545738419, "220": -0.14932931480824793, "222": 0.9988882682104072, "209": 0.9901079757944491, "227": 0.9713595535558777, "200": 0.9901079757944491, "286": 0.9013207959089523, "282": 0.7955272601359307, "259": 0.9006714259588862, "252": 0.8311229959955457, "274": 0.8794961698328488, "279": 0.8311229959955457, "149": 0.9559398348927166, "294": 0.8794961698328488, "254": 0.6526061874683491, "264": 0.9648177708588577, "256": 0.9988882682104072, "261": 0.9453520912576178, "167": 0.8311229959955457, "155": 0.3690962936014758, "152": 0.6082976936329352, "312": 0.523868503082112, "314": 0.9573363750671867, "160": 0.9983737266052923, "366": 0.9884989516004242}