{"0": 0.7637396974633953, "1": 0.8232141928199006, "2": 0.008973126238788917, "3": 0.38582423574507096, "4": 0.4183847681953678, "5": 0.5968611232684455, "6": 0.8721681331429425, "7": 0.5282727162026322, "8": 0.5513144173319915, "9": 0.6313731905431029, "10": 0.9472676651898911, "11": 0.8217202130726271, "12": 0.24356608682796854, "13": 0.8192778384406973, "14": 0.7923975123858403, "15": 0.8663412539970857, "16": 0.8406743313786884, "17": 0.43704881345189384, "18": 0.6526061874683491, "19": 0.48113657271127597, "20": 0.980133147923703, "21": 0.23032766890594292, "22": 0.6260072594908512, "23": 0.9217586009312606, "24": 0.9093223456592029, "25": 0.9949767420272078, "26": 0.26484325732179576, "27": 0.5198685220641122, "28": 0.9315684879650371, "29": 0.20719309844180892, "30": 0.3793195084843229, "31": 0.5616627934212539, "32": 0.2939401509447677, "33": 0.7309457099441535, "34": 0.9442464244826696, "35": 0.6685812721607511, "36": 0.8809396244696035, "37": 0.6733213007476928, "38": 0.557010402473584, "40": 0.7617414539305428, "41": 0.9865001752117635, "43": 0.0882759782354223, "44": 0.3093359902818567, "45": 0.7457970200613431, "46": 0.24030259845461333, "47": 0.2667876912297211, "48": 0.6258554352216742, "49": 0.7425417598060612, "50": 0.5292378121730696, "51": 0.6557611515104851, "52": 0.8756754309304606, "59": 0.6196188954656859, "61": 0.5120501550986825, "62": 0.4294989981651546, "64": 0.2497754032652254, "66": 0.8311229959955457, "70": 0.707708886299415, "71": 0.921999206994456, "72": 0.6821030813261982, "73": 0.7634150330236524, "76": 0.7075546733458378, "77": 0.8128551965592921, "78": 0.8809396244696035, "81": 0.5398215156981478, "89": 0.9335934621781633, "92": 0.7824648600659275, "93": 0.684961249623832, "94": -0.03156587147432149, "96": 0.8655817455287372, "98": -0.0947404194997906, "99": 0.7658701887411197, "39": 0.9141130735845608, "42": 0.8444621505000198, "55": 0.8216912714609571, "56": 0.6013506347590544, "57": 0.9711625608873772, "58": 0.8396372841917765, "60": 0.7822713223079721, "63": 0.9476023808238805, "65": 0.9590995066198915, "69": 0.839959919104204, "74": 0.9053622125320325, "79": 0.9713595535558777, "83": 0.37540567929468754, "86": 0.7075546733458378, "91": 0.3582640127769794, "80": 0.901748777249892, "82": 0.799615023321244, "87": 0.5685866553822061, "88": 0.30096418460716745, "90": 0.24427880458326123, "97": 0.9983737266052923, "53": 0.8333468763597425, "54": 0.8271072745261993, "67": 0.6733559840239098, "68": 0.8303275991356442, "75": 0.30190308269731425, "84": 0.6491935015945167, "85": 0.7868196267911413, "95": 0.34384838052099814, "103": 0.8720945545738419, "108": 0.9573146345238671, "126": 0.8715285584530765, "138": 0.7815419290314123, "140": 0.9157957284855488, "141": 0.5921071972552718, "143": 0.9180753773976005, "146": 0.6351154778354233, "147": 0.9141130735845608, "148": 0.4885347839899873, "111": 0.7849001521249795, "112": 0.6288473701422195, "113": 0.9712097172582024, "114": 0.796397739712106, "128": 0.7979756133661735, "136": 0.7782912029730289, "139": 0.8463778409804674, "142": 0.9472676651898911, "102": 0.981232131685918, "116": 0.8645809088665148, "119": 0.6226519061856078, "121": -0.02721635446212879, "122": 0.9711625608873772, "123": 0.19636038889005966, "124": 0.9710685701243187, "104": 0.9114128703941509, "107": 0.5294447108015252, "134": 0.5525818942829822, "100": 0.9700371969819471, "101": 0.6315999247181018, "129": 0.9488360901438864, "130": 0.7782912029730289, "105": 0.7144178282369993, "110": 0.5638555862947048, "118": 0.6919477357832404, "125": 0.8756754309304606, "144": 0.5905357269786584, "109": 0.29717544569569176, "127": 0.2747143822881904, "132": 0.5283044122876839, "115": 0.8316076253923786, "137": 0.9687175705183642, "106": 0.3532938509873891, "135": 0.8261204300060645, "120": 0.9592332369017739, "131": 0.8720945545738419, "117": 0.26088914758559406, "133": 0.9726470427282614, "145": 0.9129039455580766, "156": 0.9573363750671867, "163": 0.9865001752117635, "179": 0.920017648857659, "184": 0.8213445434803914, "186": 0.9892581571897634, "178": 0.9949767420272078, "181": 0.8213445434803914, "182": 0.8978997239936704, "183": 0.9865001752117635, "193": 0.8983851212872435, "158": 0.9713595535558777, "165": 0.8688965644538921, "166": 0.8830833783478265, "168": 0.981232131685918, "190": 0.8533643694982009, "196": 0.9140329995531735, "164": 0.9865001752117635, "169": 0.9573363750671867, "174": 0.9988882682104072, "185": 0.3885201854651707, "157": 0.9983737266052923, "173": 0.9865001752117635, "192": 0.9472676651898911, "151": 0.9830954797357201, "180": 0.9074541861500449, "159": 0.9949767420272078, "161": 0.9140329995531735, "162": 0.8794961698328488, "170": 0.981232131685918, "172": 0.9983737266052923, "177": 0.9709483288034012, "187": 0.9335934621781633, "194": 0.8446352867590317, "198": 0.9687175705183642, "150": 0.7787939383162538, "188": 0.9672702438730358, "197": 0.9983737266052923, "153": 0.8446352867590317, "189": 0.23032766890594292, "195": 0.9472676651898911, "154": 0.8463778409804674, "191": 0.9140329995531735, "171": -0.0475896289864841, "212": 0.9865001752117635, "228": 0.9000543078507882, "230": 0.9687175705183642, "210": 0.8980219409923789, "246": 0.8720945545738419, "248": 0.9335934621781633, "202": 0.9091726585479631, "236": 0.614315707939549, "206": 0.7955272601359307, "221": 0.9949767420272078, "231": 0.9667771893756375, "232": 0.14449678458109552, "244": 0.5830765794498906, "224": 0.9477068043036703, "225": 0.9006714259588862, "241": 0.9865001752117635, "242": 0.7002029063388291, "226": 0.9090796779337953, "229": 0.7818255438676718, "249": 0.8311229959955457, "214": 0.8720945545738419, "220": -0.14932931480824793, "222": 0.9988882682104072, "209": 0.9901079757944491, "227": 0.9713595535558777, "200": 0.9901079757944491, "286": 0.9013207959089523, "282": 0.7955272601359307, "259": 0.9006714259588862, "252": 0.8311229959955457, "274": 0.8794961698328488, "279": 0.8311229959955457, "149": 0.9559398348927166, "294": 0.8794961698328488, "254": 0.6526061874683491, "264": 0.9648177708588577, "256": 0.9988882682104072, "261": 0.9453520912576178, "167": 0.8311229959955457, "155": 0.3690962936014758, "152": 0.6082976936329352, "312": 0.523868503082112, "314": 0.9573363750671867, "160": 0.9983737266052923, "366": 0.9884989516004242}