{"0": 0.9711625608873772, "1": 0.26136390952185357, "2": 0.27361805570435394, "3": 0.8937292646683588, "4": 0.8126874765373676, "5": 0.6939785532735194, "7": 0.5854827019011235, "8": 0.6733213007476928, "9": 0.5896092488634156, "10": 0.8663412539970857, "11": 0.691751106621022, "12": 0.7849634154001839, "13": 0.9949767420272078, "14": 0.3733458523941857, "15": 0.5198685220641122, "16": 0.7273355893264545, "18": 0.19636038889005966, "19": 0.39158158401186804, "21": 0.9442464244826696, "22": 0.877167540121377, "23": 0.48527733349537805, "24": 0.48113657271127597, "25": 0.6260072594908512, "26": 0.5247123185998133, "27": 0.8192778384406973, "28": 0.6045850616479477, "30": 0.8646534460700377, "32": 0.9217586009312606, "33": 0.5292378121730696, "34": 0.6402017302044994, "35": 0.8383181966695195, "36": 0.8016408203693159, "37": 0.660673913766087, "38": 0.5921071972552718, "39": 0.980133147923703, "40": 0.9093223456592029, "41": 0.7149526270853626, "42": 0.18168131915734786, "43": 0.8263942138864349, "44": 0.2667876912297211, "45": 0.6258554352216742, "46": 0.39347132406848007, "47": 0.2646285889044907, "48": 0.921999206994456, "49": 0.7010120954522201, "50": 0.7646757269224965, "51": 0.8216912714609571, "52": 0.9709483288034012, "53": 0.8809396244696035, "54": 0.6685812721607511, "55": 0.7075546733458378, "56": 0.8646846833957632, "57": 0.9865001752117635, "58": 0.5685866553822061, "59": 0.8684827535567756, "60": 0.5195850373691462, "61": 0.7058262043561001, "63": 0.7923975123858403, "64": 0.9315684879650371, "65": 0.9983737266052923, "66": 0.6733559840239098, "69": 0.6632782758195849, "70": 0.6624692207649989, "71": 0.44357464747171926, "72": 0.9700371969819471, "73": -0.0947404194997906, "74": 0.8377884954101573, "75": 0.014379971621051833, "76": 0.757604564146452, "79": 0.9712097172582024, "80": 0.9335934621781633, "82": 0.981232131685918, "83": 0.8720945545738419, "87": 0.4756185840993384, "89": 0.6686109149132414, "91": 0.8999634387152573, "92": 0.9472676651898911, "94": 0.9432447077790973, "95": 0.7637396974633953, "96": 0.09323321998798931, "99": 0.8905739087790676}