{"0": 0.8182174816592296, "1": 0.3398294073738458, "2": 0.8475814908605418, "3": 0.7646757269224965, "4": 0.4477290739835533, "5": 0.9663968436099806, "6": 0.5195850373691461, "7": 0.8937292646683588, "8": 0.4668517837063278, "9": 0.41247311771951933, "10": 0.7010120954522201, "11": 0.574031499518063, "12": 0.5786232597120046, "13": 0.6094012913532996, "14": 0.40796529060460085, "15": 0.8213445434803914, "16": 0.7583128013625394, "17": 0.6342451481925557, "18": 0.9777812587919528, "19": 0.6180032137120303, "20": 0.9865001752117635, "21": 0.9865001752117635, "22": 0.7139982306358827, "23": 0.8809396244696035, "24": 0.23032766890594292, "25": 0.9949767420272078, "26": 0.9592332369017739, "27": 0.8794961698328488, "28": 0.6024186124272296, "29": 0.9356657607132645, "30": 0.8128551965592921, "31": 0.27361805570435394, "32": 0.31342203584485395, "33": 0.9006714259588862, "34": 0.8311229959955457, "35": 0.8636599425886533, "36": 0.6792779890155753, "37": 0.6260072594908512, "38": 0.8755225610321277, "40": 0.7466890867450248, "41": 0.8331087363663148, "43": 0.8463778409804674, "44": 0.9432447077790973, "45": 0.8366841729045951, "46": 0.8573514772568388, "47": 0.757604564146452, "48": 0.6082976936329352, "49": 0.9472676651898911, "50": 0.9304763003992487, "51": 0.9100870475819164, "52": 0.8622073344390461, "59": 0.47066488472412527, "61": 0.3778574483795422, "62": 0.6692430371893076, "64": 0.799615023321244, "66": 0.5685866553822061, "70": 0.4154512915887426, "71": 0.7051300887732296, "72": 0.9304763003992487, "73": 0.901748777249892, "76": 0.9129039455580766, "77": 0.6685812721607511, "78": 0.832860782860757, "81": 0.9114128703941509, "89": 0.6082976936329352, "92": 0.3014277915473468, "93": 0.9335934621781633, "94": -0.18019987315208102, "96": 0.8720945545738419, "98": 0.8830833783478265, "99": 0.8655817455287372, "39": 0.8567822593652972, "42": 0.7584917167775327, "55": 0.6821030813261982, "56": 0.9509518987775469, "57": 0.4295448641741062, "58": 0.3641110015527814, "60": 0.8720945545738419, "63": 0.9335934621781633, "65": 0.9713595535558777, "69": 0.9488360901438864, "74": 0.8178413482602938, "79": 0.5247123185998133, "83": -0.0947404194997906, "86": 0.981232131685918, "91": 0.1975043325266742, "80": 0.34384838052099814, "82": 0.9335934621781633, "87": 0.0882759782354223, "88": 0.9884989516004242, "90": 0.684961249623832, "97": -0.2533528214200177, "53": 0.9472676651898911, "54": 0.6625643685694007, "67": 0.9865001752117635, "68": 0.5198685220641122, "75": 0.9700371969819471, "84": 0.9983737266052923, "85": 0.7923975123858403, "95": 0.9983737266052923, "103": 0.2728120175653767, "108": 0.8756754309304606, "126": 0.6013506347590544, "138": 0.832860782860757, "140": 0.5968611232684455, "141": 0.8213445434803914, "143": 0.981232131685918, "146": 0.8646846833957632, "147": 0.9093223456592029, "148": 0.9713595535558777, "111": 0.8756754309304606, "112": 0.981232131685918, "113": 0.8615112575471175, "114": 0.5774956820571664, "128": 0.8655817455287372, "136": 0.9667486322023373, "139": 0.11245997999190274, "142": 0.8126609257453652, "102": 0.9687175705183642, "116": 0.8188763159117212, "119": 0.29830921354618783, "121": 0.9335934621781633, "122": 0.5410752967980765, "123": 0.9472676651898911, "124": 0.8016408203693158, "104": 0.557010402473584, "107": 0.9749263597808863, "134": 0.8533713834563712, "100": 0.9777812587919528, "101": 0.9006714259588862, "129": 0.8928144447523121, "130": 0.832860782860757, "105": 0.3885201854651707, "110": 0.23032766890594292, "118": 0.981232131685918, "125": 0.8444621505000198, "144": 0.9687175705183642, "109": 0.9775880765492113, "127": 0.7010120954522201, "132": 0.8655817455287372, "115": 0.6082976936329352, "137": 0.5358827365043197, "106": 0.8756754309304606, "135": 0.808470323295807, "120": 0.8794961698328488, "131": 0.16671988941425248, "117": 0.684961249623832, "133": 0.8830833783478265, "145": 0.7608528783887835, "156": 0.13865812256397686, "163": 0.9415328181544287, "179": 0.8463778409804674, "184": 0.9477068043036703, "186": 0.5920070026431489, "178": 0.8447735445986473, "181": 0.901748777249892, "182": 0.9140329995531735, "183": 0.7782912029730289, "193": 0.9884989516004242, "158": 0.7634150330236524, "165": 0.1864354156823636, "166": 0.8192778384406973, "168": 0.8622073344390461, "190": 0.8188773417294917, "196": 0.8311229959955457, "164": 0.9006714259588862, "169": 0.8600296062836932, "174": 0.901748777249892, "185": 0.9509518987775469, "157": 0.5609849854360007, "173": 0.8720945545738419, "192": 0.6082976936329352, "151": 0.9053622125320326, "180": 0.660673913766087, "159": 0.691751106621022, "161": 0.9642811283825925, "162": 0.8280814828306626, "170": 0.8116099358704894, "172": 0.6443955829734422, "177": 0.888367791813524, "187": 0.5808446707006777, "194": 0.7463891963544116, "198": 0.722919605033341, "150": 0.8316076253923786, "188": 0.7451525819373325, "197": 0.9403846533518059, "153": 0.9074541861500449, "189": 0.9090796779337953, "195": 0.9074541861500449, "154": 0.607632134666684, "191": 0.9513252633428169, "171": 0.9204330867250647, "212": 0.9704631291335517, "228": 0.9141130735845608, "230": 0.8830833783478265, "210": 0.9129039455580766, "246": 0.5332445754771977, "248": 0.4334788267915004, "202": 0.967905757640733, "236": 0.8188773417294917, "206": 0.9335934621781633, "221": 0.9406780617540247, "231": 0.2815429085239861, "232": 0.9884989516004242, "244": 0.5817650781229351, "224": 0.8763020692947789, "225": 0.9217586009312606, "241": 0.714638999485179, "242": 0.9327349011946073, "226": 0.6733559840239098, "229": 0.949197368722514, "249": 0.9140329995531735, "214": 0.9140329995531735, "220": 0.9213548555104247, "222": 0.6258554352216742, "209": 0.8070834178164799, "227": 0.7466369030155073, "200": -0.07669199255279788, "286": 0.9013207959089523, "282": 0.68770822959622, "259": 0.7878969237776184, "252": 0.9037624449431414, "274": 0.8862374456360023, "279": 0.9453520912576178, "149": 0.9678668528384635, "294": 0.835973949185624, "254": 0.6284436739232024, "264": 0.8164440519992329, "256": 0.9189796994070691, "261": 0.7849634154001839, "167": 0.8386562030436042, "155": 0.6733213007476928, "152": 0.5292378121730696, "312": 0.523868503082112, "314": 0.9573363750671867, "160": 0.981232131685918, "366": 0.9884989516004242, "175": 0.921999206994456, "176": 0.9830954797357201, "199": 0.9477068043036703, "205": 0.6397620421540968, "208": 0.9865001752117635, "238": 0.6779204832324099, "234": 0.6196188954656859, "239": 0.9830954797357201, "201": 0.9687175705183642, "203": 0.8953599538075763, "207": 0.7425417598060612, "219": 0.8492906153794353, "235": 0.7669301099235952, "237": 0.14449678458109552, "247": -0.03156587147432149, "215": 0.12630378245484197, "218": 0.943959991281367, "223": 0.4409332562501549, "233": 0.9449277469107293, "243": 0.9072409240804903, "211": 0.8809396244696035, "204": 0.8841669172681577, "213": 0.808470323295807, "245": 0.9141130735845608, "240": 0.5513144173319915, "216": 0.37540567929468754, "217": 0.8720945545738419, "284": 0.6898049287854111, "287": 0.9485822131185805, "253": 0.9140329995531735, "258": 0.9252433584349254, "272": 0.9592332369017739, "276": 0.6073028217056597, "255": 0.47766906178676327, "295": 0.9559398348927166, "298": 0.733402937629024, "257": 0.9691939465332382, "265": 0.4905607907771179, "271": 0.6591789625059177, "262": 0.6546197887357748, "263": 0.9025302222459619, "266": 0.7390057478463541, "288": 0.9711625608873772, "292": 0.8841669172681577, "275": 0.8766368960345676, "277": 0.8655817455287372, "285": 0.5832430350496133, "293": 0.1661445520226371, "299": 0.3885201854651707, "250": 0.6526061874683491, "270": 0.6658981196927015, "260": 0.9830954797357201, "273": 0.9217455898854673, "280": 0.8370569314040022, "289": 0.9476023808238805, "281": 0.523868503082112, "267": 0.7597921558306675, "297": 0.828012640307674, "268": 0.9090796779337953, "251": 0.930220115750285, "269": 0.5808446707006777, "278": 0.8365170505443663, "291": 0.8105367397294103,