{"1": 0.629691677709008, "2": 0.5899134961939719, "3": 0.61468006592553, "4": 0.9687175705183642, "6": 0.7517312458463434, "7": 0.6491935015945167, "8": 0.6336177963913595, "9": 0.7852370667854082, "11": 0.5044566031311486, "12": 0.9029526996772712, "13": 0.9602280583460192, "14": 0.8199780664626732, "15": 0.9709483288034012, "16": 0.7548123490777219, "18": 0.9949767420272078, "19": 0.8813757932458062, "20": 0.46188640781348567, "21": 0.9409180973655387, "22": 0.6724606195514821, "23": 0.8963445205420992, "24": 0.5322411525262815, "26": 0.7432573668881963, "27": 0.42586854452520945, "28": 0.5242463749856277, "36": 0.8404461023348363, "37": 0.736055290647058, "41": 0.9275979296429275, "42": 0.40540688617732823, "43": 0.11466550016235086, "45": 0.7986831465968145, "46": 0.9704814302099272, "48": 0.26242612893149053, "49": 0.7362738421594113, "51": 0.48113657271127597, "54": 0.6201226836574858, "57": 0.757604564146452, "61": 0.981232131685918, "62": 0.8467707932750669, "63": 0.5921071972552718, "65": 0.6414593545548871, "66": 0.16778582240491258, "67": 0.7075546733458378, "68": 0.9076231355475846, "70": 0.9983737266052923, "71": 0.9488360901438864, "72": 0.6181692163285446, "74": 0.8330156279542347, "75": 0.9217586009312606, "77": 0.3948828081716722, "79": 0.7359110749159218, "82": 0.8128551965592921, "83": 0.8546179968153367, "84": 0.7010120954522201, "88": 0.8952635008702641, "95": 0.5472691572473465, "96": 0.6487520872752499, "98": 0.921999206994456}