{"0": 0.8280814828306626, "1": 0.7791147817526702, "2": 0.25531047927360584, "3": 0.887165389288749, "4": 0.9304763003992487, "5": 0.8775265032524076, "6": 0.9472676651898911, "7": 0.8903720116851059, "8": 0.7328887417864776, "9": 0.9949767420272078, "10": 0.963944995920045, "11": 0.6780437350957713, "12": 0.8809396244696035, "13": 0.9592332369017739, "14": 0.412699862688956, "15": 0.8192778384406973, "16": 0.8365170505443663, "17": 0.9592332369017739, "18": 0.2011426332164294, "19": 0.9437858630591689, "20": 0.9777812587919528, "21": 0.6061367038825813, "22": 0.8192778384406973, "23": 0.9949767420272078, "24": 0.7141588583608788, "25": 0.8338039374787547, "26": 0.9949767420272078, "27": 0.9865001752117635, "28": 0.8192778384406973, "29": -0.0475896289864841, "30": 0.8333468763597425, "31": 0.6335425290632055, "32": 0.9477068043036703, "33": 0.7941893966993767, "34": 0.9472676651898911, "35": 0.7782912029730289, "36": 0.7743060254438464, "37": 0.8311229959955457, "38": 0.6821030813261982, "40": 0.8188763159117212, "41": 0.8626293405193747, "43": 0.9884989516004242, "44": 0.901748777249892, "45": 0.9949767420272078, "46": 0.8070834178164799, "47": 0.8261204300060645, "48": 0.9335934621781633, "49": 0.609225864488296, "50": 0.9983737266052923, "51": 0.9983737266052923, "52": 0.8286008454269056, "59": 0.9988882682104072, "61": 0.8261204300060645, "62": 0.8830833783478265, "64": 0.8272030732920543, "66": 0.9865001752117635, "70": 0.5090991786701287, "71": 0.9983737266052923, "72": 0.9006714259588862, "73": 0.8720945545738419, "76": 0.888367791813524, "77": 0.942923417458683, "78": 0.9488360901438864, "81": 0.7862921683106591, "89": 0.9096911896636037, "92": 0.9983737266052923, "93": 0.8333468763597425, "94": 0.6737412398746478, "96": 0.1975043325266742, "98": 0.9006714259588862, "99": 0.9687175705183642, "39": -0.14932931480824793, "42": 0.8328633707883992, "55": 0.8794961698328488, "56": 0.6260927642888132, "57": 0.6189778273116291, "58": 0.9988882682104072, "60": 0.9983737266052923, "63": 0.9335934621781633, "65": 0.8794961698328488, "69": 0.5556752338550852, "74": 0.888367791813524, "79": 0.1975043325266742, "83": 0.3431187303073333, "86": 0.9335934621781633, "91": 0.942923417458683, "80": 0.8794961698328488, "82": 0.8645316588121599, "87": 0.9573363750671867, "88": 0.981232131685918, "90": 0.48607992823877844, "97": 0.9713595535558777, "53": 0.8366841729045951, "68": 0.9691939465332382, "84": 0.6938230769044524, "85": 0.9636589083754621, "75": 0.6082976936329352, "54": 0.8720945545738419, "67": 0.9072409240804903, "95": 0.9468306201969393, "103": 0.7010120954522201, "108": 0.8901044923753956, "126": 0.9713595535558777, "138": 0.8264095234028854, "140": 0.5962008628253901, "141": 0.6082976936329352, "143": 0.9884989516004242, "146": 0.9687175705183642, "147": 0.9687175705183642, "148": 0.5272247911567276, "111": 0.981232131685918, "112": 0.9713595535558777, "113": 0.8801072526177327, "114": 0.8615112575471175, "128": 0.9590995066198915, "136": 0.7260287547211197, "139": 0.8463778409804674, "142": 0.832860782860757, "102": 0.48607992823877844, "116": 0.3702217257773508, "119": 0.834834426754641, "121": 0.9726470427282614, "122": 0.942923417458683, "123": 0.9215069846318639, "124": 0.9884989516004242, "104": 0.832860782860757, "107": 0.981232131685918, "134": -0.0475896289864841, "100": 0.9687175705183642, "101": 0.8756754309304606, "129": 0.9884989516004242, "130": 0.9687175705183642, "105": 0.8830833783478265, "110": 0.9573363750671867, "118": 0.9472676651898911, "125": 0.9672145785527155, "144": 0.8720945545738419, "109": 0.6852309177799163, "127": 0.9335934621781633, "132": 0.8456938319969669, "115": 0.9096911896636037, "137": 0.9573363750671867, "106": 0.8266935913882192, "135": 0.8311229959955457, "120": 0.9713595535558777, "131": 0.9691939465332382, "117": -0.0475896289864841, "133": 0.9207331764570266, "145": 0.8272030732920543, "156": -0.0475896289864841, "163": 0.8794961698328488, "179": 0.8980219409923789, "184": 0.8328633707883992, "186": 0.9285578602471012, "178": 0.963944995920045, "181": 0.8794961698328488, "182": 0.8272030732920543, "183": 0.828507570283525, "193": 0.1975043325266742, "158": 0.9061104814689838, "165": 0.1838621533899384, "166": 0.9472676651898911, "168": 0.9830954797357201, "190": 0.9636589083754621, "196": 0.9140329995531735, "164": -0.0475896289864841, "169": 0.8280814828306626, "174": 0.9212696731928448, "185": 0.722919605033341, "157": 0.8794961698328488, "173": 0.8546179968153367, "192": 0.8438869146341692, "151": 0.9072870930875043, "180": 0.7893000010516336, "159": 0.5986829170813355, "161": 0.8830833783478265, "162": 0.9129039455580766, "170": 0.9361488673595424, "172": 0.6221959113137245, "177": 0.9988882682104072, "187": 0.7466890867450248, "194": 0.941544463957757, "198": 0.9335934621781633, "150": 0.9642811283825925, "188": 0.8188763159117212, "197": 0.828507570283525, "153": 0.8342579232792438, "189": 0.6842440698002539, "195": 0.9592332369017739, "154": 0.8280814828306626, "191": 0.609225864488296, "171": 0.9830954797357201, "212": 0.27527690547079575, "228": 0.9249524416875297, "230": 0.8601391183990965, "210": 0.15610744958402697, "246": 0.887165389288749, "248": 0.6099101359366296, "202": 0.8918998705150374, "236": 0.9140329995531735, "206": 0.8280814828306626, "221": 0.28594774556769176, "231": 0.32959806296095184, "232": 0.9304763003992487, "244": 0.7961884402317682, "224": 0.920017648857659, "225": 0.7608528783887835, "241": 0.8775265032524076, "242": 0.8213445434803914, "226": 0.6487111246053656, "229": 0.8932572280915279, "249": 0.8446352867590317, "214": -0.0475896289864841, "220": 0.4409332562501549, "222": 0.6284436739232024, "209": 0.831315809318495, "227": 0.9000543078507882, "200": 0.5868691334681175, "286": 0.7878969237776184, "282": 0.523868503082112, "259": 0.6078891241821858, "252": 0.9453520912576178, "274": 0.9750826465612488, "279": 0.8213445434803914, "149": 0.8452913567067001, "294": 0.8995238736482618, "254": 0.9710685701243187, "264": 0.30942352609037094, "256": 0.9453520912576178, "261": 0.7922489164452652, "167": 0.8601391183990965, "155": 0.6082976936329352, "152": 0.3885201854651707, "312": 0.2384189976928957, "314": 0.5808446707006777, "160": 0.8263412774779552, "366": 0.9884989516004242, "175": 0.9750826465612488, "199": 0.9830954797357201, "176": 0.9559398348927166, "211": 0.9140329995531735, "223": 0.9592332369017739, "234": 0.9304763003992487, "247": 0.9453520912576178, "208": 0.799215998555449, "237": 0.9025302222459619, "235": 0.3521896362170718, "205": 0.9249524416875297, "233": 0.7669301099235952, "243": 0.31334218706051065, "204": 0.8794961698328488, "238": 0.8990338733006693, "201": 0.8830833783478265, "215": 0.6099101359366296, "217": 0.7451525819373325, "216": 0.8711994502463034, "245": 0.9074541861500449, "203": 0.8213445434803914, "207": 0.8720945545738419, "218": 0.9642811283825925, "219": 0.5759826585191771, "240": 0.9695810728088854, "239": 0.9140329995531735, "251": -0.026940629455782773, "262": 0.9884989516004242, "278": 0.7878969237776184, "284": 0.9988882682104072, "291": 0.4409332562501549, "295": 0.8775265032524076, "213": 0.7816386235745061, "267": 0.7451525819373325, "268": 0.9061104814689838, "272": 0.5695264520167094, "298": 0.9249524416875297, "253": 0.9691939465332382, "266": 0.9590995066198915, "281": 0.9532023633053024, "293": 0.5808446707006777, "250": 0.8105367397294103, "257": 0.8794961698328488, "287": 0.1975043325266742, "297": 0.5624598718109821, "275": 0.8446352867590317, "299": 0.8645321962681458, "270": 0.9903820945691412, "288": 0.8213445434803914, "265": 0.733402937629024, "296": 0.2316964550958146, "255": 0.3702217257773508, "292": 0.9140329995531735, "260": 0.8213445434803914, "263": 0.9656890760347442, "277": 0.8711994502463034, "280": 0.9356657607132645, "285": -0.0475896289864841, "283": 0.9830954797357201, "290": 0.7545600133957786, "269": 0.8978997239936704, "305": 0.9691939465332382, "316": 0.9114644625959997,