{"0": 0.9335934621781633, "1": 0.8853431112904293, "2": 0.7684732529269382, "3": 0.6092496318175912, "4": 0.9493540059122985, "5": 0.1998297511318301, "6": 0.1587121696453745, "7": 0.757604564146452, "8": 0.8621145112994126, "9": 0.9865001752117635, "10": 0.832860782860757, "11": 0.6591789625059177, "12": 0.6082976936329352, "13": 0.8311229959955457, "14": 0.9372244658352987, "15": 0.9983737266052923, "16": 0.9709483288034012, "17": 0.6815660531926984, "18": 0.7260287547211197, "19": 0.5081468519917789, "20": -0.27496486801528375, "21": 0.7451525819373325, "22": 0.9771451713702621, "23": 0.9949767420272078, "24": 0.9476023808238805, "25": 0.5358827365043197, "26": 0.7016430386802859, "27": 0.967905757640733, "28": 0.8591488675651155, "29": 0.978789337755493, "30": 0.7215733954236854, "31": 0.757604564146452, "32": 0.8117823156968187, "33": 0.8035776953381116, "34": 0.14449678458109552, "35": 0.9726470427282614, "36": 0.9949767420272078, "37": 0.7466890867450248, "38": 0.0718249901365785, "40": 0.256301735275347, "41": 0.35191942010884125, "43": 0.9472676651898911, "44": 0.6625643685694007, "45": 0.44353568877399185, "46": 0.21906888362583465, "47": 0.7849001521249795, "48": 0.9009677127247322, "49": 0.9865001752117635, "50": 0.7883441519939207, "51": 0.8188763159117212, "52": 0.19656059405019172, "59": 0.967905757640733, "61": 0.9642811283825925, "62": 0.45699946196537905, "64": 0.9983737266052923, "66": 0.9983737266052923, "70": 0.7122636184977501, "71": 0.40984768232361035, "72": 0.9983737266052923, "73": 0.6387351836079386, "76": 0.3014277915473468, "77": 0.8756754309304606, "78": 0.921999206994456, "81": 0.4042101121360523, "89": 0.9687175705183642, "92": 0.3014277915473468, "93": 0.8288524424919177, "94": 0.9204330867250647, "96": 0.8683200177918011, "98": 0.24629622076075364, "99": 0.8679251610276782, "39": 0.9335934621781633, "42": 0.32014315989046394, "55": 0.6155496004507601, "56": 0.9988882682104072, "57": 0.9592332369017739, "58": 0.8070834178164799, "60": 0.9090796779337953, "63": 0.8377884954101573, "65": 0.25445703828780175, "69": 0.5790870233773533, "74": 0.61515434174929, "79": 0.9488360901438864, "83": 0.8720945545738419, "86": 0.9016935492510243, "91": 0.8363588571126339, "80": 0.6080932993969286, "82": 0.9687175705183642, "87": 0.5487500556486511, "88": 0.9090796779337953, "90": 0.9016627608838315, "97": 0.8830833783478265, "53": 0.5694856166391855, "68": 0.8366841729045951, "84": 0.9642811283825925, "85": 0.6061367038825813, "75": 0.5358827365043197, "54": 0.8104821584061115, "67": 0.9320586310359537, "95": 0.6356317056570246, "103": 0.978789337755493, "108": 0.8455117632990026, "126": 0.981232131685918, "138": 0.8045988831986077, "140": 0.5967447581926505, "141": 0.8953599538075763, "143": 0.9449277469107293, "146": 0.14523896648880408, "147": 0.9429874867746404, "148": 0.8688965644538921, "111": 0.9477068043036703, "112": 0.8830833783478265, "113": 0.9204330867250647, "114": 0.9711625608873772, "128": 0.733402937629024, "136": 0.8756754309304606, "139": 0.981232131685918, "142": 0.9488360901438864, "102": 0.53361542765685, "116": 0.7584003266537438, "119": 0.9129134328070494, "121": 0.24558907241279873, "122": 0.9488360901438864, "123": 0.9488360901438864, "124": 0.678099097382673, "104": 0.981232131685918, "107": 0.8827760388480699, "134": 0.5019312916609819, "100": 0.9316966264562736, "101": 0.1975043325266742, "129": 0.1975043325266742, "130": 0.8365744504644579, "105": 0.3614855708268522, "110": 0.9449277469107293, "118": 0.7449588556572684, "125": 0.9013207959089523, "144": -0.07310790845330156, "109": 0.9006714259588862, "127": 0.1975043325266742, "132": 0.3567078951375602, "115": 0.981232131685918, "137": 0.7010120954522201, "106": -0.0947404194997906, "135": 0.2990174644258702, "120": 0.9090796779337953, "131": 0.12249633937071452, "117": 0.9006714259588862, "133": 0.9096911896636037, "145": 0.981232131685918, "156": 0.9592332369017739, "163": 0.9687175705183642, "179": 0.761696369676651, "184": 0.684961249623832, "186": 0.9449277469107293, "178": 0.9141130735845608, "181": 0.9140329995531735, "182": 0.7587783445854559, "183": 0.7464727187371483, "193": 0.14449678458109552, "158": 0.8398138682617144, "165": 0.9573146345238671, "166": 0.7010120954522201, "168": 0.4286952217874857, "190": 0.9335934621781633, "196": 0.7010120954522201, "164": 0.7644191211920927, "169": 0.9472676651898911, "174": 0.8764501918629852, "185": 0.5659285638320148, "157": 0.7674305938762481, "173": 0.9830954797357201, "192": 0.9830954797357201, "151": 0.9006714259588862, "180": 0.9592332369017739, "159": 0.33877291268457654, "161": 0.9488360901438864, "162": 0.4181693172718889, "170": 0.6082976936329352, "172": 0.9006714259588862, "177": 0.6505613582650023, "187": 0.9140329995531735, "194": 0.981232131685918, "198": 0.9141130735845608, "150": 0.5120501550986825, "188": 0.14449678458109552, "197": 0.8070834178164799, "153": 0.8316076253923786, "189": 0.9825033311030087, "195": 0.684961249623832, "154": 0.6293972598139801, "191": 0.8756754309304606, "171": 0.8316076253923786, "212": 0.9865001752117635, "228": 0.9988882682104072, "230": 0.9687175705183642, "210": 0.8980219409923789, "246": -0.026940629455782773, "248": 0.9335934621781633, "202": 0.9091726585479631, "236": 0.5808446707006777, "206": 0.7451525819373325, "221": 0.9830954797357201, "231": 0.32058058471146805, "232": 0.14449678458109552, "244": 0.9884989516004242, "224": 0.9765485267282645, "225": 0.9252433584349254, "241": 0.5808446707006777, "242": 0.22108044845093178, "226": 0.2578949620193735, "229": 0.7818255438676718, "249": 0.9187017507929494, "214": 0.9141130735845608, "220": 0.8711994502463034, "222": 0.8453048777385126, "209": 0.36654332392293926, "227": 0.9140329995531735, "200": 0.8280814828306626, "286": 0.9013207959089523, "282": 0.7955272601359307, "259": 0.9006714259588862, "252": 0.8311229959955457, "274": 0.8794961698328488, "279": 0.8311229959955457, "149": 0.8561973288821916, "294": 0.8794961698328488, "254": 0.6526061874683491, "264": 0.9648177708588577, "256": 0.9988882682104072, "261": 0.9453520912576178, "167": 0.8292426892435174, "155": 0.4696475633793965, "152": 0.703628973753385, "312": 0.523868503082112, "314": 0.9573363750671867, "160": 0.5808446707006777, "366": 0.9884989516004242, "175": -0.2533528214200177, "199": 0.9907737289176031, "176": 0.9090796779337953, "211": 0.6954084115861612, "223": 0.9830954797357201, "234": 0.8233785818459912, "247": 0.5808446707006777, "208": 0.832860782860757, "237": 0.9642811283825925, "235": 0.9304763003992487, "205": 0.7760454422953265, "233": 0.8377884954101573, "243": 0.6284436739232024, "204": 0.8338039374787547, "238": 0.9304763003992487, "201": 0.9884989516004242, "215": 0.8188763159117212, "217": 0.8167289432306393}