{"0": 0.9194832481391102, "1": 0.6527383214021293, "2": 0.9141130735845608, "3": 0.3014277915473468, "4": 0.3984086607154811, "5": 0.8902155816030437, "6": 0.9204330867250647, "7": 0.9644804896774047, "8": 0.5865887341922378, "9": 0.978789337755493, "10": 0.607579279416793, "11": 0.981232131685918, "12": 0.8773368069598443, "13": 0.8720945545738419, "14": 0.9316966264562736, "15": 0.9686171275658811, "16": 0.6284436739232024, "17": 0.6775303519352386, "18": 0.9420883591387001, "19": 0.9338192966385738, "20": 0.38926111014681386, "21": 0.6017735393995904, "22": 0.494540667463643, "23": 0.4214550982662909, "24": 0.2879509664888368, "25": 0.6372878213595767, "26": 0.5382721410537995, "27": 0.881084921949149, "28": 0.4444019981445243, "29": 0.9422384203384251, "30": 0.6310757754942753, "31": 0.3484906348568889, "32": 0.7010120954522201, "33": 0.9472676651898911, "34": 0.9711625608873772, "35": 0.757604564146452, "36": 0.9363102851791325, "37": 0.9472676651898911, "38": 0.8131277285467442, "40": 0.9217586009312606, "41": 0.5478076176797295, "43": 0.7336565076444184, "44": 0.783553755640285, "45": 0.7624113980265841, "46": 0.6062130938969661, "47": 0.8239283139676681, "48": 0.757604564146452, "49": 0.5535667536552729, "50": 0.9687175705183642, "51": 0.7909358414504506, "52": 0.9090796779337953, "59": 0.9983737266052923, "61": 0.9488360901438864, "62": 0.9983737266052923, "64": 0.556535388533129, "66": 0.9988882682104072, "70": 0.8132803932024162, "71": 0.6840294959709483, "72": 0.7260287547211197, "73": 0.8631612828993875, "76": 0.19656059405019172, "77": 0.7979756133661735, "78": 0.9304763003992487, "81": 0.7669301099235952, "89": 0.981232131685918, "92": 0.6487520872752499, "93": 0.8030679480846094, "94": 0.664107235335692, "96": 0.7960962752967378, "98": 0.9335934621781633, "99": 0.8209061494836398, "39": 0.9180753773976005, "42": 0.7258420653129816, "55": 0.8394885437480385, "56": 0.8316460733171938, "57": 0.7170142209606934, "58": 0.861748649968975, "60": 0.7782912029730289, "63": 0.7979756133661735, "65": 0.13094961594978277, "69": 0.9642811283825925, "74": 0.788826002262532, "79": 0.7359110749159218, "83": 0.6082976936329352, "86": 0.08660450886371723, "91": 0.19366431132026946, "80": 0.9949767420272078, "82": 0.8947230545358664, "87": 0.9476023808238805, "88": 0.2943316998057236, "90": 0.9865001752117635, "97": -0.14932931480824793, "53": 0.9709483288034012, "54": 0.5761385373981732, "67": 0.9335934621781633, "68": 0.7249335067965346, "75": 0.967905757640733, "84": 0.5069000705034923, "85": 0.7466890867450248, "95": 0.9204330867250647, "103": 0.8809396244696035, "108": 0.6197774681689118, "126": 0.8656768713272873, "138": -0.27496486801528375, "140": 0.8205350534008642, "141": 0.9019467013852844, "143": 0.8554141200088352, "146": 0.9090796779337953, "147": 0.1975043325266742, "148": 0.5483982320747937, "111": 0.9087508783739897, "112": 0.9710685701243187, "113": 0.8720945545738419, "114": 0.8382546850425348, "128": -0.14932931480824793, "136": 0.9006714259588862, "139": 0.9687175705183642, "142": 0.5990585953108357, "102": 0.5455528393699206, "116": 0.8366841729045951, "119": 0.8192217898519648, "121": 0.5771796432925964, "122": 0.8998608695186467, "123": 0.9712097172582024, "124": 0.8720977720763801, "104": 0.5292378121730696, "107": 0.9587780833337113, "134": 0.8756754309304606, "100": 0.8867671675853371, "101": 0.9983737266052923, "129": 0.5563769845434114, "130": 0.9710685701243187, "105": 0.9652197466936353, "110": 0.7240934602680082, "118": 0.8843497809749714, "125": 0.980133147923703, "144": 0.8311229959955457, "109": 0.7629575778936948, "127": 0.199179363817578, "132": 0.684961249623832, "115": 0.61468006592553, "137": 0.8316076253923786, "106": 0.9275979296429275, "135": 0.9013207959089523, "120": 0.9488360901438864, "131": 0.47792328816995877, "117": 0.428475922718237, "133": 0.9006714259588862, "145": 0.6487520872752499, "156": 0.24629622076075364, "163": 0.8830833783478265, "179": 0.6166770921673854, "184": 0.980133147923703, "186": 0.8759628854295645, "178": 0.7608528783887835, "181": 0.981232131685918, "182": 0.32493250446393024, "183": 0.7258631306408903, "193": 0.45456346725821545, "158": 0.6757514758563474, "165": 0.45668881783011794, "166": 0.8756754309304606, "168": 0.6637773908939087, "190": 0.8249613834950777, "196": 0.9140329995531735, "164": 0.8463778409804674, "169": 0.8334722281402369, "174": 0.9141130735845608, "185": 0.5355456875995361, "157": 0.9141130735845608, "173": 0.5514970680674418, "192": 0.978789337755493, "151": 0.9488360901438864, "180": 0.9687175705183642, "159": 0.7116043175588809, "161": 0.8877088024305109, "162": -0.27496486801528375, "170": 0.7350175740056812, "172": 0.7782912029730289, "177": 0.684961249623832, "187": 0.8695956417446438, "194": 0.9140329995531735, "198": 0.6844275921277261, "150": 0.6013506347590544, "188": 0.3926925160356013, "197": 0.9252433584349254, "153": 0.5808446707006777, "189": 0.8759478562685492, "195": 0.9825033311030087, "154": 0.893866331992238, "191": 0.9488360901438864, "171": 0.7971639817061996, "212": 0.9865001752117635, "228": 0.9000543078507882, "230": 0.9687175705183642, "210": 0.8980219409923789, "246": 0.8720945545738419, "248": 0.9335934621781633, "202": 0.9091726585479631, "236": 0.614315707939549, "206": 0.7955272601359307, "221": 0.9949767420272078, "231": 0.9667771893756375, "232": 0.14449678458109552, "244": 0.5830765794498906, "224": 0.9477068043036703, "225": 0.9006714259588862, "241": 0.9865001752117635, "242": 0.7002029063388291, "226": 0.9090796779337953, "229": 0.7818255438676718, "249": 0.8311229959955457, "214": 0.8720945545738419, "220": -0.14932931480824793, "222": 0.9988882682104072, "209": 0.9901079757944491, "227": 0.9713595535558777, "200": 0.9901079757944491, "286": 0.9013207959089523, "282": 0.7955272601359307, "259": 0.9006714259588862, "252": 0.8311229959955457, "274": 0.8794961698328488, "279": 0.8311229959955457, "149": 0.6948313626394109, "294": 0.8794961698328488, "254": 0.6526061874683491, "264": 0.9648177708588577, "256": 0.9988882682104072, "261": 0.9453520912576178, "167": 0.8513690470248128, "155": 0.61468006592553, "152": 0.7669301099235952, "312": 0.523868503082112, "314": 0.9573363750671867, "160": 0.525027673004182, "366": 0.9884989516004242, "175": 0.7048110710342754, "176": 0.14449678458109552, "199": 0.525027673004182}