{"0": 0.8331087363663148, "1": 0.8311229959955457, "2": 0.8663412539970857, "3": 0.749850712666641, "4": 0.8016408203693159, "5": 0.32021518216077344, "6": 0.583204348914205, "7": 0.48113657271127597, "8": 0.9712097172582024, "9": 0.27361805570435394, "10": 0.6730911235193557, "11": 0.9093223456592029, "12": 0.9093223456592029, "13": 0.8937292646683588, "14": 0.8192778384406973, "15": 0.11661037297160878, "16": 0.6956085320899287, "17": 0.48113657271127597, "18": 0.45730309682529446, "19": 0.5657649455363378, "20": 0.6138370114692531, "21": 0.5247123185998133, "22": 0.6260072594908512, "23": 0.8554097544325301, "24": 0.7877146292226742, "25": 0.9865001752117635, "26": 0.9141130735845608, "27": 0.5190261319183183, "28": 0.6526061874683491, "29": 0.8424427274500111, "30": 0.8377884954101573, "31": 0.26136390952185357, "32": 0.9109242775708097, "33": 0.8444621505000198, "34": 0.9949767420272078, "35": 0.6774506021333373, "36": 0.7858358557688865, "37": 0.9711625608873772, "38": 0.901748777249892, "40": 0.6821030813261982, "41": 0.1416938655417028, "43": 0.9983737266052923, "44": 0.9217586009312606, "45": 0.8216912714609571, "46": 0.921999206994456, "47": 0.757604564146452, "48": 0.34384838052099814, "49": 0.9711625608873772, "50": 0.48084516537488614, "51": 0.8646846833957632, "52": 0.9687175705183642, "59": 0.7637396974633953, "61": 0.9472676651898911, "62": 0.24091991717260913, "64": 0.5685866553822061, "66": 0.7634150330236524, "70": 0.684961249623832, "71": 0.9367269048304978, "72": 0.9983737266052923, "73": 0.1909910687715558, "76": 0.6526061874683491, "77": 0.8261204300060645, "78": 0.38582423574507096, "81": 0.6196188954656859, "89": 0.9711625608873772, "92": 0.9096911896636037, "93": -0.0947404194997906, "94": 0.9335934621781633, "96": 0.09268536848831038, "98": 0.9114128703941509, "99": 0.7658701887411197, "39": 0.8089277649997813, "42": 0.7776843263187296, "55": 0.8756754309304606, "56": 0.8271072745261993, "57": 0.8158767083442671, "58": 0.8684827535567756, "60": 0.8128551965592921, "63": 0.921999206994456, "65": 0.7065151874689213, "69": 0.8128551965592921, "74": 0.9735118549837684, "79": 0.8720945545738419, "83": 0.7075546733458378, "86": 0.799615023321244, "91": 0.9432447077790973, "80": 0.9709483288034012, "82": 0.23797461824741764, "87": 0.981232131685918, "88": 0.9700371969819471, "90": 0.9777812587919528, "97": 0.9476023808238805, "53": 0.7866875579257706, "54": 0.44260974064371894, "67": 0.35380294580398075, "68": 0.8531977554647312, "75": 0.6483789211035321, "84": 0.6685812721607511, "85": 0.7075546733458378, "95": 0.8463778409804674, "103": 0.6821030813261982, "108": 0.9335934621781633, "126": 0.684961249623832, "138": 0.5120501550986825, "140": 0.9713595535558777, "141": 0.9709483288034012, "143": 0.9055122579192303, "146": 0.9442464244826696, "147": 0.5608977334933727, "148": 0.9589096676097786, "111": 0.9129039455580766, "112": 0.8396372841917765, "113": 0.8128551965592921, "114": 0.53361542765685, "128": 0.9096911896636037, "136": 0.8389093422016816, "139": -0.03156587147432149, "142": 0.9735118549837684, "102": 0.18168131915734786, "116": 0.6196188954656859, "119": 0.8756754309304606, "121": 0.8843497809749714, "122": 0.7637396974633953, "123": 0.5521783224350779, "124": 0.8720945545738419, "104": 0.5292378121730696, "107": 0.9476023808238805, "134": 0.7624445995266373, "100": 0.8720945545738419, "101": 0.5902959159439871, "129": 0.684961249623832, "130": 0.9713595535558777, "105": 0.8756754309304606, "110": 0.7466890867450248, "118": 0.6919477357832404, "125": 0.6487520872752499, "144": 0.3833553170332483, "109": 0.16671988941425248, "127": 0.9700371969819471, "132": 0.7402944782615307, "115": 0.9713595535558777, "137": 0.9604526003642835, "106": 0.03905905308852222, "135": 0.9275127850095358, "120": 0.34384838052099814, "131": 0.9710685701243187, "117": 0.8546179968153367, "133": 0.7010120954522201, "145": 0.980133147923703, "156": 0.9573363750671867, "163": 0.9865001752117635, "179": 0.920017648857659, "184": 0.8213445434803914, "186": 0.9892581571897634, "178": 0.9949767420272078, "181": 0.8213445434803914, "182": 0.8978997239936704, "183": 0.9865001752117635, "193": 0.8983851212872435, "158": 0.9713595535558777, "165": 0.8688965644538921, "166": 0.8830833783478265, "168": 0.981232131685918, "190": 0.8533643694982009, "196": 0.9140329995531735, "164": 0.9865001752117635, "169": 0.9573363750671867, "174": 0.9988882682104072, "185": 0.3885201854651707, "157": 0.9983737266052923, "173": 0.9865001752117635, "192": 0.9472676651898911, "151": 0.9830954797357201, "180": 0.9074541861500449, "159": 0.9949767420272078, "161": 0.9140329995531735, "162": 0.8794961698328488, "170": 0.981232131685918, "172": 0.9983737266052923, "177": 0.9709483288034012, "187": 0.9335934621781633, "194": 0.8446352867590317, "198": 0.9687175705183642, "150": 0.7787939383162538, "188": 0.9672702438730358, "197": 0.9983737266052923, "153": 0.8446352867590317, "189": 0.23032766890594292, "195": 0.9472676651898911, "154": 0.8463778409804674, "191": 0.9140329995531735, "171": -0.0475896289864841, "212": 0.9865001752117635, "228": 0.9000543078507882, "230": 0.9687175705183642, "210": 0.8980219409923789, "246": 0.8720945545738419, "248": 0.9335934621781633, "202": 0.9091726585479631, "236": 0.614315707939549, "206": 0.7955272601359307, "221": 0.9949767420272078, "231": 0.9667771893756375, "232": 0.14449678458109552, "244": 0.5830765794498906, "224": 0.9477068043036703, "225": 0.9006714259588862, "241": 0.9865001752117635, "242": 0.7002029063388291, "226": 0.9090796779337953, "229": 0.7818255438676718, "249": 0.8311229959955457, "214": 0.8720945545738419, "220": -0.14932931480824793, "222": 0.9988882682104072, "209": 0.9901079757944491, "227": 0.9713595535558777, "200": 0.9901079757944491, "286": 0.9013207959089523, "282": 0.7955272601359307, "259": 0.9006714259588862, "252": 0.8311229959955457, "274": 0.8794961698328488, "279": 0.8311229959955457, "149": 0.7323791081306441, "294": 0.8794961698328488, "254": 0.6526061874683491, "264": 0.9648177708588577, "256": 0.9988882682104072, "261": 0.9453520912576178, "167": 0.8311229959955457, "155": 0.3690962936014758, "152": 0.6082976936329352, "312": 0.523868503082112, "314": 0.9573363750671867, "160": 0.9983737266052923, "366": 0.9884989516004242}