{"1": 0.44837767474520346, "2": 0.5786232597120047, "3": 0.8253643211441868, "4": 0.3649774350741578, "5": 0.49904357585188663, "7": 0.9217586009312606, "8": 0.9472676651898911, "9": 0.8550007258743338, "10": 0.544032204565237, "11": 0.6260072594908512, "12": 0.8720945545738419, "14": 0.7202428516718156, "15": 0.9478181690473422, "16": 0.8721146787341878, "17": 0.9949767420272078, "18": 0.120499756286821, "20": 0.6082976936329352, "22": 0.981232131685918, "23": 0.5754327053202829, "24": 0.7251973573117783, "26": 0.32704915116921496, "28": 0.4416754449743273, "29": 0.6968291103455846, "31": 0.6894578908915058, "32": 0.6915466625201381, "33": 0.7551880778016578, "34": 0.8718407791000566, "35": 0.8664584129673885, "36": 0.9709483288034012, "38": 0.3567718301769729, "39": 0.5069910314136834, "41": 0.9865001752117635, "44": 0.7010120954522201, "45": 0.9442464244826696, "50": 0.7829164184396329, "52": 0.6335918972167898, "53": 0.7496293598194063, "54": 0.09707997758153472, "56": 0.757604564146452, "58": 0.8362490733048155, "59": 0.9983737266052923, "60": 0.7129830994533393, "61": 0.863567014414288, "66": 0.34384838052099814, "70": 0.7856312790148056, "73": 0.35083740524820695, "74": 0.7986831465968145, "77": 0.8046977549793908, "78": 0.980133147923703, "80": 0.8366841729045951, "84": 0.8952635008702641, "86": 0.48113657271127597, "88": 0.66611040072755, "89": 0.5267401337423536, "97": 0.525027673004182, "98": 0.8216912714609571}