{"0": 0.888367791813524, "1": 0.922705653532762, "2": -0.0475896289864841, "3": 0.5894869790125996, "4": 0.7193369430604821, "5": 0.9415328181544287, "6": 0.8861672337679616, "7": 0.31334218706051065, "8": 0.8546179968153367, "9": 0.9249524416875297, "10": 0.8192778384406973, "11": 0.691751106621022, "12": 0.6487111246053656, "13": 0.8333468763597425, "14": 0.841121674857908, "15": 0.8962613633298666, "16": 0.9949767420272078, "17": 0.9140329995531735, "18": 0.9949767420272078, "19": 0.901748777249892, "20": 0.8122493739852138, "21": 0.9830954797357201, "22": 0.8311229959955457, "23": 0.8697134878509117, "24": 0.9453520912576178, "25": 0.9988882682104072, "26": 0.8070834178164799, "27": 0.9592332369017739, "28": 0.6526061874683491, "29": 0.9771451713702621, "30": 0.9140329995531735, "31": 0.9988882682104072, "32": 0.9777812587919528, "33": 0.9217586009312606, "34": 0.5358827365043197, "35": 0.25469957738934934, "36": 0.8866756132558447, "37": 0.9141130735845608, "38": 0.6526061874683491, "40": 0.9093223456592029, "41": 0.9527535421530808, "43": 0.9021221516449848, "44": 0.8521263439201758, "45": 0.9587780833337113, "46": 0.7949293787249737, "47": 0.8192778384406973, "48": 0.5292372992733182, "49": 0.901748777249892, "50": 0.9340071081722181, "51": 0.9709483288034012, "52": 0.7466890867450248, "59": 0.6526061874683491, "61": -0.2533528214200177, "62": 0.8333468763597425, "64": 0.8297892316676936, "66": 0.9476023808238805, "70": 0.9687175705183642, "71": 0.8446352867590317, "72": 0.8756754309304606, "73": 0.23032766890594292, "76": 0.8794961698328488, "77": 0.9129039455580766, "78": 0.8688965644538921, "81": 0.981232131685918, "89": 0.9713595535558777, "92": 0.6351154778354233, "93": 0.646203326888917, "94": 0.6082976936329352, "96": 0.6559792039205901, "98": 0.6196188954656859, "99": 0.6682102691024869, "39": 0.7466890867450248, "42": 0.609225864488296, "55": 0.43630621520808116, "56": 0.6284436739232024, "57": 0.8188773417294917, "58": 0.8949211271494089, "60": 0.5905357269786584, "63": 0.9096911896636037, "65": 0.9567829039574652, "69": 0.9777812587919528, "74": 0.8720945545738419, "79": 0.8775265032524076, "83": 0.832860782860757, "86": 0.8756754309304606, "91": 0.21215194518526426, "80": 0.9592332369017739, "82": 0.9700371969819471, "87": 0.981232131685918, "88": 0.9335934621781633, "90": 0.684961249623832, "97": 0.8830833783478265, "53": 0.9865001752117635, "68": 0.9592332369017739, "84": 0.8655817455287372, "85": 0.5984882081394154, "75": 0.48607992823877844, "54": 0.43955605232271744, "67": -0.03156587147432149, "95": 0.9472676651898911, "103": 0.9983737266052923, "108": 0.8655817455287372, "126": 0.9983737266052923, "138": 0.26799195653254043, "140": 0.8830833783478265, "141": 0.13865812256397686, "143": 0.9090796779337953, "146": 0.6196188954656859, "147": 0.7782912029730289, "148": 0.5264013485402372, "111": 0.6852309177799163, "112": 0.5875469728698006, "113": 0.981232131685918, "114": 0.9713595535558777, "128": 0.5850664373200767, "136": 0.7816386235745061, "139": 0.9642811283825925, "142": 0.14644603093131614, "102": 0.981232131685918, "116": 0.8953357204137226, "119": 0.6082976936329352, "121": 0.978789337755493, "122": 0.757604564146452, "123": 0.9687175705183642, "124": 0.8690339557520448, "104": 0.9713595535558777, "107": 0.9884989516004242, "134": 0.9013207959089523, "100": 0.9488360901438864, "101": 0.8453048777385126, "129": 0.6413911019625415, "130": 0.8830833783478265, "105": 0.6082976936329352, "110": 0.9777812587919528, "118": 0.8720945545738419, "125": 0.21809268916272456, "144": 0.7451525819373325, "109": 0.9687175705183642, "127": 0.9316966264562736, "132": 0.48607992823877844, "115": 0.8756754309304606, "137": 0.9687175705183642, "106": 0.491995222637351, "135": 0.42505355784011345, "120": 0.9006714259588862, "131": 0.9713595535558777, "117": 0.6061367038825813, "133": 0.3926925160356013, "145": 0.5790870233773533, "156": 0.9453520912576178, "163": 0.9181169426857589, "179": 0.8688965644538921, "184": 0.8720945545738419, "186": 0.967905757640733, "178": 0.5280103684251121, "181": 0.9488360901438864, "182": 0.5068262921424477, "183": 0.7669301099235952, "193": 0.9304763003992487, "158": 0.9006714259588862, "165": 0.8445700563244775, "166": 0.5120501550986825, "168": 0.9140329995531735, "190": 0.9335934621781633, "196": 0.9830954797357201, "164": 0.6841842060168638, "169": 0.8316076253923786, "174": 0.9472676651898911, "185": 0.5230044591358521, "157": 0.9691939465332382, "173": 0.8463778409804674, "192": 0.8311229959955457, "151": 0.8386443644739268, "180": 0.9687175705183642, "159": 0.8995238736482618, "161": 0.8070834178164799, "162": 0.7782912029730289, "170": 0.8794961698328488, "172": 0.6082976936329352, "177": 0.9177778432333028, "187": 0.9140329995531735, "194": 0.9477068043036703, "198": 0.8912663949925073, "150": 0.6409778466975327, "188": 0.6487520872752499, "197": 0.9576444674854349, "153": 0.24834386704749178, "189": 0.9425128577246487, "195": 0.8670503769609645, "154": 0.8711994502463034, "191": 0.9884989516004242, "171": 0.9771451713702621, "212": 0.6082976936329352, "228": 0.34798782986239263, "230": -0.026940629455782773, "210": 0.9477068043036703, "246": 0.5808446707006777, "248": 0.8213445434803914, "202": 0.941544463957757, "236": 0.9687175705183642, "206": 0.8264191815762745, "221": 0.9391800928814085, "231": 0.9140329995531735, "232": 0.9006714259588862, "244": 0.27651093854946196, "224": 0.5172920858213403, "225": 0.3579837861056018, "241": 0.44098115763402845, "242": 0.9140329995531735, "226": 0.978789337755493, "229": 0.7849001521249795, "249": 0.9189842035837485, "214": 0.7451525819373325, "220": 0.8235304974469049, "222": 0.978789337755493, "209": 0.896250594654551, "227": 0.6364749929951916, "200": 0.9710685701243187, "286": 0.832860782860757, "282": 0.9335934621781633, "259": 0.24128927881658857, "252": 0.8613022518530968, "274": 0.47019651633395976, "279": 0.9140329995531735, "149": 0.9366755439742833, "294": 0.9691939465332382, "254": 0.8446352867590317, "264": 0.24629622076075364, "256": 0.36806161337201504, "261": 0.941544463957757, "167": 0.8655962423312493, "155": 0.8213445434803914, "152": 0.9090796779337953, "312": 0.523868503082112, "314": 0.9573363750671867, "160": 0.3014277915473468, "366": 0.9884989516004242, "176": 0.9830954797357201, "199": 0.9672145785527155, "175": 0.9576444674854349, "208": 0.831285201806796, "217": -0.27496486801528375, "243": 0.8537599583759073, "245": 0.9304763003992487, "201": 0.7010120954522201, "207": 0.9830954797357201, "235": 0.6284436739232024, "211": -0.4106204816379031, "240": 0.9691939465332382, "247": 0.5321501730028227, "213": 0.5808446707006777, "223": 0.5901868528829355, "234": 0.07194598186281233, "239": 0.9691939465332382, "216": 0.9830954797357201, "238": 0.9217455898854673, "204": 0.9710685701243187, "215": 0.8316076253923786, "205": 0.5292372992733182, "219": 0.8370011810290605, "237": 0.7122636184977501, "203": 0.4865376241939008, "218": 0.980133147923703, "257": 0.9335934621781633, "281": 0.9576792667987334, "285": 0.8980219409923789, "290": 0.8615112575471175, "250": 0.5520770790786272, "268": 0.3966020956747134, "273": -0.27496486801528375, "278": 0.8443727045078806, "291": 0.8799328852451433, "298": 0.9652197466936353, "269": 0.7807773054616817, "283": 0.8105367397294103, "296": 0.3096375798953373, "297": 0.11245997999190274, "255": 0.8953599538075763, "263": 0.9493540059122985, "276": 0.9007335708197761, "295": 0.8933998411858843, "266": 0.9642811283825925, "251": 0.8737673884645086, "271": 0.8188763159117212, "253": 0.733402937629024, "275": 0.9213548555104247, "272": 0.8454698261244565, "287": 0.48771932999233114, "262": 0.8615555957814991, "265": 0.718286056213555, "277": 0.8227513197232752, "233": 0.6470048384473293, "293": 0.8794961698328488, "270": 0.8711994502463034, "258": 0.8227513197232752, "289": 0.949197368722514, "292": 0.7222407775572902, "260": 0.9403846533518059, "267": 0.8922760164158616, "299": 0.7669301099235952,