{"0": 0.7562424154732428, "1": 0.8006908343477619, "2": 0.9685129019040232, "7": 0.29455752722622747, "8": 0.7209362395005017, "9": 0.7013761245655357, "11": 0.8403795792299822, "12": 0.981232131685918, "13": 0.8736755541532708, "14": 0.4360020409740666, "15": 0.35336771557451985, "16": 0.765976943154709, "17": 0.6688951765239367, "20": 0.5241478553875311, "21": 0.8756754309304606, "22": 0.8546179968153367, "25": 0.5792167503330143, "26": 0.563367779299111, "27": 0.22086863702608606, "30": 0.7628314984505666, "31": 0.9983737266052923, "33": 0.524388042558171, "36": 0.9949767420272078, "37": 0.9021916306817113, "39": 0.9687370516063287, "40": 0.757604564146452, "42": 0.7283592361764686, "44": 0.7894271215997002, "46": 0.7658701887411197, "50": 0.502779723542409, "51": 0.8949258926567634, "52": 0.9239777041182415, "53": 0.27697822256354426, "54": 0.3827389211432617, "56": 0.41027443953626264, "57": 0.7544041309705991, "60": 0.46202341814510806, "63": 0.6306584801832984, "66": 0.8315570137292366, "68": 0.8727226841851072, "71": 0.48702986462468845, "74": 0.20940506817761922, "76": 0.9175177091857263, "77": 0.8009815569413956, "80": 0.841832887969435, "82": 0.2983721741324331, "84": 0.9865001752117635, "85": 0.8338013174424699, "87": 0.9367269048304978, "90": 0.585586251779141, "95": 0.7384653367718426, "96": 0.26136390952185357, "97": 0.6141385102672623}