{"0": 0.8475814908605418, "1": 0.5513144173319915, "2": 0.6526061874683491, "3": 0.9021221516449848, "5": 0.9949767420272078, "7": 0.5968611232684455, "8": 0.5247123185998133, "9": 0.7036495585102586, "10": 0.8306677219282328, "11": 0.16493676590346956, "12": 0.8172772077504513, "13": 0.8937292646683588, "14": 0.23368815454276612, "15": 0.424062593700137, "16": 0.6491935015945167, "17": 0.6710171039516435, "18": 0.8755225610321277, "19": 0.7255902050697742, "20": 0.8646846833957632, "21": 0.7849634154001839, "22": 0.0882759782354223, "23": 0.48113657271127597, "24": 0.8073524827130789, "25": 0.8192778384406973, "26": 0.7913397244416728, "27": 0.7913203075413664, "28": 0.3366835704077431, "29": 0.29830921354618783, "30": 0.7866875579257706, "31": 0.7425417598060612, "32": 0.6589927352238706, "33": 0.9006714259588862, "34": 0.5179729526637489, "35": 0.30817201682038886, "36": 0.7637396974633953, "37": 0.9217586009312606, "38": 0.6685812721607511, "39": 0.26136390952185357, "40": 0.583204348914205, "41": 0.8444621505000198, "42": 0.901748777249892, "43": 0.27361805570435394, "44": 0.660673913766087, "45": 0.9442464244826696, "46": 0.6733213007476928, "47": 0.9093223456592029, "49": 0.5014367785930152, "50": 0.6868538375328578, "51": 0.8216912714609571, "52": 0.44260974064371894, "53": 0.921999206994456, "54": 0.9141130735845608, "55": 0.7563145410237759, "56": 0.5685866553822061, "57": 0.8720945545738419, "58": 0.6733559840239098, "59": 0.2700422097873923, "60": 0.9700371969819471, "61": 0.1353179768332852, "62": 0.7634150330236524, "63": 0.981232131685918, "64": 0.6260072594908512, "66": 0.9315684879650371, "67": 0.9712097172582024, "69": 0.7686802762717555, "70": 0.6134898289396189, "72": 0.34384838052099814, "73": 0.9711625608873772, "77": 0.9865001752117635, "78": 0.6258554352216742, "81": 0.7522889863812008, "82": 0.6196188954656859, "83": 0.9539519567428785, "84": 0.8128551965592921, "85": 0.6739808271819189, "89": 0.7905656216233836, "91": 0.4674065297333092, "95": 0.7075546733458378, "97": 0.6013506347590544, "98": 0.9476023808238805, "99": 0.8069103334464106}