{"0": 0.6831778335645902, "1": 0.9222860852498986, "2": 0.5561625739135145, "3": 0.8094615901590485, "4": 0.8128551965592921, "5": 0.8401822788405766, "6": 0.5526481447489908, "7": 0.5325799388780665, "8": 0.7831581017980025, "9": 0.8396255492926314, "10": 0.6512374268531407, "11": 0.9949767420272078, "12": 0.7851823885514981, "13": 0.35440152856456797, "14": 0.8319092262591457, "15": 0.4768809806884546, "16": 0.5558456287866704, "17": 0.48261163139150853, "18": 0.48494984758133813, "19": 0.8902155816030437, "20": 0.9054208519700742, "21": 0.7062247090101081, "22": 0.7221067125502612, "23": 0.787894307769024, "24": 0.6774506021333373, "25": 0.9157957284855488, "26": 0.9711625608873772, "27": 0.6081043725049244, "28": 0.8921386515456473, "29": 0.4559877492269324, "30": 0.9865001752117635, "31": 0.8146012425237799, "32": 0.9157957284855488, "33": 0.8080373896898151, "34": 0.5673203111403036, "35": -0.028515373660662067, "36": 0.12954377476623746, "37": 0.5358827365043197, "38": 0.6841842060168638, "40": 0.9711625608873772, "41": 0.6526061874683491, "43": 0.6443576914821507, "44": 0.8185436962832677, "45": 0.1572425106307705, "46": 0.9865001752117635, "47": 0.8860465812167931, "48": 0.9687370516063287, "49": 0.4953634435160031, "50": 0.5313867607215124, "51": 0.8377884954101573, "52": 0.933703661777078, "59": 0.6487520872752499, "61": 0.7866875579257706, "62": 0.9711625608873772, "64": 0.8251599375915066, "66": 0.2926714706602051, "70": 0.619573170663407, "71": 0.8768662644080372, "72": 0.8444621505000198, "73": 0.36116048122407557, "76": 0.9141130735845608, "77": 0.6886440616536545, "78": 0.34384838052099814, "81": 0.7098226068709921, "89": 0.4756185840993384, "92": 0.9090796779337953, "93": 0.8938772884269843, "94": 0.4670097403007531, "96": 0.9642811283825925, "98": 0.39817410287209953, "99": 0.7774095451524285, "39": 0.6351154778354233, "42": 0.847501702933243, "55": 0.9093223456592029, "56": 0.4927108093646227, "57": 0.30064644797238016, "58": 0.8124465791272606, "60": 0.5657586198203732, "63": 0.8021923264667223, "65": 0.9652258575357737, "69": 0.757604564146452, "74": 0.9217586009312606, "79": 0.7604755292429785, "83": 0.6380556408751852, "86": 0.9476023808238805, "91": 0.6316620710455831, "80": 0.8128551965592921, "82": 0.9687175705183642, "87": 0.5326540835340539, "88": 0.8266643542698033, "90": 0.6258554352216742, "97": 0.46799061767577144, "53": 0.9983737266052923, "68": 0.749850712666641, "84": 0.9356155407207811, "85": 0.7425417598060612, "75": 0.8546179968153367, "54": 0.5640734034281863, "67": 0.014492587370445183, "95": 0.22956340276287943, "103": 0.9988882682104072, "108": 0.2536898073038335, "126": 0.9296056853049698, "138": 0.9196762676827337, "140": 0.9304763003992487, "141": 0.8099927287117037, "143": 0.1975043325266742, "146": 0.8794961698328488, "147": 0.980133147923703, "148": 0.9573363750671867, "111": 0.8347529133904941, "112": 0.9335934621781633, "113": 0.525027673004182, "114": 0.9654973448254043, "128": 0.9590747732637708, "136": -0.6839958387610735, "139": 0.9361488673595424, "142": 0.716356944202799, "102": 0.9072409240804903, "116": 0.9691939465332382, "119": 0.6383368552685734, "121": 0.981232131685918, "122": 0.8830833783478265, "123": 0.5609849854360007, "124": 0.7569536847721546, "104": 0.5132208899869228, "107": 0.8146064327197557, "134": 0.6705346123853475, "100": 0.5509321997381238, "101": 0.9988882682104072, "129": 0.7365398254287008, "130": 0.6487520872752499, "105": 0.9686171275658811, "110": 0.9988882682104072, "118": 0.43328391038108616, "125": 0.9142951613245062, "144": 0.8968342395891602, "109": 0.6082976936329352, "127": -0.0475896289864841, "132": 0.9006714259588862, "115": 0.8188763159117212, "137": 0.8794961698328488, "106": 0.9160671221351466, "135": 0.2509905064061316, "120": 0.3690962936014758, "131": 0.3195658074372465, "117": 0.8919079690723624, "133": 0.9304763003992487, "145": 0.8720945545738419, "156": 0.9573363750671867, "163": 0.9865001752117635, "179": 0.920017648857659, "184": 0.8213445434803914, "186": 0.9892581571897634, "178": 0.9949767420272078, "181": 0.8213445434803914, "182": 0.8978997239936704, "183": 0.9865001752117635, "193": 0.8983851212872435, "158": 0.9713595535558777, "165": 0.8688965644538921, "166": 0.8830833783478265, "168": 0.981232131685918, "190": 0.8533643694982009, "196": 0.9140329995531735, "164": 0.9865001752117635, "169": 0.9573363750671867, "174": 0.9988882682104072, "185": 0.3885201854651707, "157": 0.9983737266052923, "173": 0.9865001752117635, "192": 0.9472676651898911, "151": 0.9830954797357201, "180": 0.9074541861500449, "159": 0.9949767420272078, "161": 0.9140329995531735, "162": 0.8794961698328488, "170": 0.981232131685918, "172": 0.9983737266052923, "177": 0.9709483288034012, "187": 0.9335934621781633, "194": 0.8446352867590317, "198": 0.9687175705183642, "150": 0.7787939383162538, "188": 0.9672702438730358, "197": 0.9983737266052923, "153": 0.8446352867590317, "189": 0.23032766890594292, "195": 0.9472676651898911, "154": 0.8463778409804674, "191": 0.9140329995531735, "171": -0.0475896289864841, "212": 0.9865001752117635, "228": 0.9000543078507882, "230": 0.9687175705183642, "210": 0.8980219409923789, "246": 0.8720945545738419, "248": 0.9335934621781633, "202": 0.9091726585479631, "236": 0.614315707939549, "206": 0.7955272601359307, "221": 0.9949767420272078, "231": 0.9667771893756375, "232": 0.14449678458109552, "244": 0.5830765794498906, "224": 0.9477068043036703, "225": 0.9006714259588862, "241": 0.9865001752117635, "242": 0.7002029063388291, "226": 0.9090796779337953, "229": 0.7818255438676718, "249": 0.8311229959955457, "214": 0.8720945545738419, "220": -0.14932931480824793, "222": 0.9988882682104072, "209": 0.9901079757944491, "227": 0.9713595535558777, "200": 0.9901079757944491, "286": 0.9013207959089523, "282": 0.7955272601359307, "259": 0.9006714259588862, "252": 0.8311229959955457, "274": 0.8794961698328488, "279": 0.8311229959955457, "149": 0.9559398348927166, "294": 0.8794961698328488, "254": 0.6526061874683491, "264": 0.9648177708588577, "256": 0.9988882682104072, "261": 0.9453520912576178, "167": 0.8311229959955457, "155": 0.3690962936014758, "152": 0.6082976936329352, "312": 0.523868503082112, "314": 0.9573363750671867, "160": 0.9983737266052923, "366": 0.9884989516004242}