{"0": 0.981232131685918, "1": 0.9237997359653143, "2": 0.9089532226712296, "3": 0.6382841567037054, "4": 0.6313862700783235, "5": 0.8881952470411738, "6": 0.1975043325266742, "7": 0.581967092314764, "8": 0.8188763159117212, "9": 0.9865001752117635, "10": 0.9687175705183642, "11": 0.7832415845423211, "12": 0.9665426702039, "13": 0.7169325205302683, "14": 0.8070834178164799, "15": 0.9949767420272078, "16": 0.4392440922381662, "17": 0.7955272601359307, "18": 0.8555364444457623, "19": 0.8805558672433613, "20": 0.9830954797357201, "21": 0.5859972416326419, "22": 0.920901314478254, "23": 0.4339913988585148, "24": 0.7328887417864776, "25": 0.8815824935390121, "26": 0.18734791628031433, "27": 0.9449277469107293, "28": 0.8188763159117212, "29": 0.8376090410577108, "30": 0.9949767420272078, "31": 0.8271072745261993, "32": 0.8453048777385126, "33": 0.8636599425886533, "34": 0.9316966264562736, "35": 0.6252474100125827, "36": 0.42339415305034134, "37": 0.853182746358577, "38": 0.6821030813261982, "40": 0.8720945545738419, "41": 0.5983314567731919, "43": 0.9013207959089523, "44": 0.7145690992262819, "45": 0.9181169426857589, "46": 0.4047192218774053, "47": 0.967905757640733, "48": 0.8664137723123555, "49": 0.8213445434803914, "50": 0.6061367038825813, "51": 0.5917212489562487, "52": 0.8809396244696035, "59": 0.705955880689394, "61": 0.7437328602714011, "62": 0.9485822131185805, "64": 0.881875322540995, "66": 0.8188763159117212, "70": 0.8261204300060645, "71": 0.778013293012892, "72": 0.8366841729045951, "73": 0.7748112759279444, "76": 0.981232131685918, "77": 0.6390810215853723, "78": 0.9335934621781633, "81": 0.9687175705183642, "89": 0.9777812587919528, "92": -0.03156587147432149, "93": 0.9141130735845608, "94": 0.6082976936329352, "96": 0.981232131685918, "98": 0.8128551965592921, "99": 0.5358827365043197, "39": 0.9983737266052923, "42": 0.828507570283525, "55": 0.9983737266052923, "56": 0.9865001752117635, "57": 0.9983737266052923, "58": 0.757604564146452, "60": 0.9983737266052923, "63": 0.6999991717466785, "65": 0.8720945545738419, "69": 0.981232131685918, "74": 0.8070834178164799, "79": 0.978789337755493, "83": 0.9592332369017739, "86": 0.9709483288034012, "91": 0.9096911896636037, "80": 0.6306734390010811, "82": 0.9713595535558777, "87": 0.9476023808238805, "88": 0.7588971848174093, "90": 0.8720945545738419, "97": 0.8292426892435174, "53": 0.904455383433035, "68": 0.867984422871782, "84": 0.9022856669750476, "85": 0.7723550713067353, "75": 0.9006714259588862, "54": 0.841121674857908, "67": 0.9865001752117635, "95": 0.832860782860757, "103": 0.9472676651898911, "108": 0.6082976936329352, "126": 0.4374794047614121, "138": 0.9830954797357201, "140": 0.832860782860757, "141": 0.8720945545738419, "143": 0.9006714259588862, "146": 0.967905757640733, "147": 0.8316076253923786, "148": 0.9316966264562736, "111": 0.23032766890594292, "112": 0.8384519689542054, "113": 0.8830833783478265, "114": 0.9488360901438864, "128": 0.826978145742863, "136": 0.8463778409804674, "139": 0.9304763003992487, "142": 0.9700371969819471, "102": 0.9493540059122985, "116": 0.5611022967235983, "119": -0.27496486801528375, "121": 0.5220569662425524, "122": 0.5808446707006777, "123": 0.8316076253923786, "124": 0.9771451713702621, "104": 0.8953599538075763, "107": 0.9713595535558777, "134": 0.8860123134002156, "100": 0.31689609869338903, "101": 0.35134710549567183, "129": 0.2962276802241839, "130": 0.8872428903130216, "105": 0.9713595535558777, "110": 0.5905357269786584, "118": 0.48607992823877844, "125": 0.9180753773976005, "144": -0.07310790845330156, "109": 0.769978933230921, "127": 0.8756754309304606, "132": 0.7466842274501289, "115": 0.34384838052099814, "137": 0.9592332369017739, "106": 0.7010120954522201, "135": 0.6082976936329352, "120": 0.4339688861927028, "131": 0.8830833783478265, "117": 0.9687175705183642, "133": 0.9488360901438864, "145": 0.8830833783478265, "156": 0.7130109798835393, "163": 0.6774506021333373, "179": 0.9081377569162026, "184": 0.684961249623832, "186": 0.5099200401850535, "178": 0.9140329995531735, "181": 0.4292082074465166, "182": 0.9652197466936353, "183": 0.9687175705183642, "193": 0.7782912029730289, "158": 0.8282394478824568, "165": 0.8463778409804674, "166": 0.9090796779337953, "168": 0.4286952217874857, "190": 0.8292426892435174, "196": 0.7010120954522201, "164": 0.8711994502463034, "169": 0.9019858038855033, "174": 0.8737673884645086, "185": 0.9141130735845608, "157": 0.657525869929417, "173": 0.9140329995531735, "192": 0.9074541861500449, "151": 0.9988882682104072, "180": 0.6196188954656859, "159": 0.7782912029730289, "161": 0.9713595535558777, "162": 0.8311229959955457, "170": 0.29283976205989626, "172": 0.8537599583759073, "177": 0.8261204300060645, "187": 0.9140329995531735, "194": 0.9587780833337113, "198": 0.9141130735845608, "150": 0.9006714259588862, "188": 0.607632134666684, "197": 0.8989680666907127, "153": 0.9072409240804903, "189": 0.9642811283825925, "195": 0.9415328181544287, "154": 0.1838621533899384, "191": 0.4859589089513556, "171": 0.8615555957814991, "212": 0.9830954797357201, "228": 0.5599470002327123, "230": 0.967905757640733, "210": 0.9140329995531735, "246": 0.9217455898854673, "248": 0.7168071503936716, "202": 0.8634972012844142, "236": 0.7744749744302012, "206": 0.8830833783478265, "221": 0.851365899104036, "231": 0.8188773417294917, "232": 0.9300887168309432, "244": 0.42949368802484167, "224": 0.9141130735845608, "225": 0.9097043845728758, "241": 0.831353635284674, "242": 0.8188773417294917, "226": 0.7782912029730289, "229": 0.9516956831276682, "249": 0.9140329995531735, "214": 0.5853134452823323, "220": 0.9090796779337953, "222": 0.8213445434803914, "209": 0.7093816825109669, "227": 0.9576792667987334, "200": 0.9335934621781633, "286": 0.9013207959089523, "282": 0.9314833740175863, "259": 0.9006714259588862, "252": 0.9830954797357201, "274": 0.9140329995531735, "279": 0.8311229959955457, "149": 0.9884989516004242, "294": 0.8794961698328488, "254": 0.48543551194910384, "264": 0.9648177708588577, "256": 0.8980219409923789, "261": 0.9453520912576178, "167": 0.8601391183990965, "155": 0.5346984354193256, "152": 0.7002029063388291, "312": 0.523868503082112, "314": 0.9573363750671867, "160": 0.607632134666684, "366": 0.9884989516004242, "175": 0.3209968382071391, "199": 0.949197368722514, "176": 0.8805558672433613, "211": 0.9573363750671867, "223": 0.8615555957814991, "234": 0.5720238556174683, "247": 0.9884989516004242, "208": 0.3431187303073333, "237": 0.12630378245484197, "235": 0.8711994502463034, "205": 0.5808446707006777, "233": 0.9477068043036703, "243": 0.9140329995531735, "204": 0.43704881345189384, "238": 0.7101960089345128, "201": 0.8830833783478265, "215": 0.382522580810992, "217": 0.9626765078662243, "216": 0.1975043325266742, "245": 0.609225864488296, "203": 0.5920931757809508, "207": 0.9140329995531735, "218": 0.3288380754660751, "219": 0.6487111246053656, "240": 0.9573146345238671, "239": 0.9456500726951311, "251": 0.9192976330989, "262": 0.9691939465332382, "278": 0.9406780617540247, "284": 0.25962587460702247, "291": 0.7862921683106591, "295": 0.9559398348927166, "213": 0.5659285638320148, "267": 0.6082976936329352, "268": 0.5679754239264299, "272": 0.36806161337201504, "298": 0.5808446707006777, "253": 0.8463778409804674, "266": 0.5808446707006777, "281": 0.9468306201969393, "293": 0.359290823181459, "250": 0.733402937629024, "257": 0.5309768330984235, "287": 0.8229380206418369, "297": 0.8711994502463034}