{"0": 0.24162629693638987, "1": 0.508687550845761, "2": 0.7758435600732692, "3": 0.8316076253923786, "4": 0.7451525819373325, "5": 0.8756754309304606, "6": 0.8210090965079646, "7": 0.9181169426857589, "8": 0.8992477546024272, "9": 0.09383056561124058, "10": 0.981232131685918, "11": 0.8484915882233275, "12": 0.8907066920709366, "13": 0.7822548768327109, "14": 0.8591488675651155, "15": 0.9216100146884108, "16": 0.8192778384406973, "17": 0.8860123134002156, "18": -0.21663253992098172, "19": 0.6413911019625415, "20": 0.9472676651898911, "21": 0.838582200181095, "22": 0.8830833783478265, "23": 0.5645747709465609, "24": 0.9713595535558777, "25": 0.12813924104644517, "26": 0.9204330867250647, "27": 0.9217586009312606, "28": 0.8117823156968187, "29": 0.7168071503936716, "30": 0.40325194830977396, "31": 0.1975043325266742, "32": -0.08837688796414911, "33": 0.8366841729045951, "34": 0.9949767420272078, "35": 0.9901079757944491, "36": 0.6061367038825813, "37": 0.9711625608873772, "38": 0.9335934621781633, "40": 0.6463561497725598, "41": 0.9709483288034012, "43": 0.48526626885326374, "44": 0.5358827365043197, "45": 0.981232131685918, "46": 0.9983737266052923, "47": 0.6815660531926984, "48": 0.9217586009312606, "49": 0.7608528783887835, "50": 0.8921792184433653, "51": 0.8647325169518429, "52": 0.423004014685347, "59": 0.9652258575357737, "61": 0.6211896822598512, "62": 0.2958568678588418, "64": 0.9178046024436839, "66": 0.9865001752117635, "70": 0.8809396244696035, "71": 0.7831581017980025, "72": 0.3690962936014758, "73": 0.832860782860757, "76": 0.8804134131460846, "77": 0.9316966264562736, "78": 0.6811988698789258, "81": 0.8389324452058555, "89": 0.9013207959089523, "92": 0.6049764784642871, "93": 0.7466890867450248, "94": 0.8331087363663148, "96": 0.5048988655935256, "98": 0.9422384203384251, "99": 0.8809396244696035, "39": 0.6236955654053149, "42": 0.7451525819373325, "55": 0.9983737266052923, "56": 0.7941742284754438, "57": 0.6000432700056655, "58": 0.510437242398634, "60": 0.7782912029730289, "63": 0.9449277469107293, "65": 0.8649849220739421, "69": 0.9488360901438864, "74": 0.981232131685918, "79": 0.9710685701243187, "83": 0.8830833783478265, "86": 0.9472676651898911, "91": 0.3431187303073333, "80": 0.7010120954522201, "82": 0.9096911896636037, "87": 0.8145104014852288, "88": 0.9687175705183642, "90": 0.5563330167445841, "97": 0.8371997685995887, "53": 0.8254113057645542, "68": 0.9865001752117635, "84": 0.9795468084192223, "85": 0.9090796779337953, "75": 0.9043310706014378, "54": -0.27496486801528375, "67": 0.5220814646430372, "95": 0.7678750846495601, "103": 0.8756754309304606, "108": 0.5509321997381238, "126": 0.9830954797357201, "138": 0.9488360901438864, "140": 0.548885690380878, "141": 0.8720945545738419, "143": 0.8153553407836193, "146": 0.9006714259588862, "147": 0.9687175705183642, "148": 0.5069000705034923, "111": 0.8720945545738419, "112": 0.9988882682104072, "113": 0.9644804896774047, "114": 0.7658701887411197, "128": 0.9013207959089523, "136": 0.12249633937071452, "139": 0.7010120954522201, "142": 0.7096474179362118, "102": 0.7234695324764673, "116": -0.27496486801528375, "119": 0.6510235177661268, "121": 0.19656059405019172, "122": 0.1975043325266742, "123": 0.9356155407207811, "124": 0.6645511274365897, "104": 0.1975043325266742, "107": 0.3218862891137236, "134": 0.8902155816030437, "100": 0.8640633298162175, "101": 0.917423705796999, "129": 0.7706541904344153, "130": 0.8316076253923786, "105": 0.9771451713702621, "110": 0.9488360901438864, "118": 0.6739871962077197, "125": 0.8830833783478265, "144": 0.9663968436099806, "109": 0.8546179968153367, "127": 0.9006714259588862, "132": 0.4318209076417254, "115": 0.9573146345238671, "137": 0.9488360901438864, "106": 0.15805919502538432, "135": 0.7505770611002403, "120": 0.18066909991104033, "131": 0.7876129141858889, "117": 0.2696270421551862, "133": 0.8406743313786884, "145": 0.8126663064387858, "156": 0.628405949388799, "163": 0.4779026140792088, "179": 0.8316076253923786, "184": 0.8292426892435174, "186": 0.2926714706602051, "178": 0.978789337755493, "181": 0.7264025263632023, "182": 0.17283347617695743, "183": 0.5504435060521876, "193": 0.9090796779337953, "158": 0.8830833783478265, "165": 0.9304763003992487, "166": 0.9713595535558777, "168": 0.9687175705183642, "190": 0.8820515494364376, "196": 0.8820515494364376, "164": 0.9687175705183642, "169": 0.8251599375915066, "174": 0.8261204300060645, "185": 0.9672145785527155, "157": 0.6284436739232024, "173": 0.9090796779337953, "192": 0.47607820700039316, "151": 0.9576444674854349, "180": 0.9141130735845608, "159": 0.8239546451401807, "161": 0.4238554427585607, "162": 0.7325646273371552, "170": 0.9141130735845608, "172": 0.9830954797357201, "177": 0.5652077964530815, "187": 0.9712097172582024, "194": 0.12249633937071452, "198": 0.9656330289232972, "150": -0.1752464829013728, "188": 0.5808446707006777, "197": 0.756152121418471, "153": 0.9472676651898911, "189": 0.7477599157761272, "195": 0.9140329995531735, "154": 0.7010120954522201, "191": 0.9472676651898911, "171": 0.9765485267282645, "212": 0.43622241562357655, "228": 0.7116043175588809, "230": 0.9687175705183642, "210": 0.8980219409923789, "246": 0.882017506153709, "248": 0.9335934621781633, "202": 0.9988882682104072, "236": 0.6450819217451216, "206": 0.7955272601359307, "221": 0.9277583803700289, "231": 0.5808446707006777, "232": 0.9988882682104072, "244": 0.5830765794498906, "224": 0.2011426332164294, "225": 0.8453048777385126, "241": 0.684961249623832, "242": 0.833458221009377, "226": 0.9576444674854349, "229": 0.7818255438676718, "249": 0.9074541861500449, "214": 0.8720945545738419, "220": 0.9090796779337953, "222": 0.887165389288749, "209": 0.9901079757944491, "227": 0.9713595535558777, "200": 0.9901079757944491, "286": 0.9013207959089523, "282": 0.7955272601359307, "259": 0.9006714259588862, "252": 0.8311229959955457, "274": 0.8794961698328488, "279": 0.8311229959955457, "149": 0.9642811283825925, "294": 0.8794961698328488, "254": 0.6526061874683491, "264": 0.9648177708588577, "256": 0.9988882682104072, "261": 0.9453520912576178, "167": 0.9592332369017739, "155": 0.9275979296429275, "152": 0.8830833783478265, "312": 0.523868503082112, "314": 0.9573363750671867, "160": 0.7010120954522201, "366": 0.9884989516004242, "176": 0.8463778409804674, "199": 0.9642811283825925, "175": 0.8213445434803914, "208": 0.7676653557833595, "217": 0.9830954797357201, "243": 0.8537599583759073, "245": 0.5973804053026489, "201": 0.8700052740832793, "207": 0.14449678458109552, "235": 0.7849001521249795, "211": -0.09711720044416555, "240": 0.6284436739232024, "247": 0.9830954797357201, "213": 0.9140329995531735, "223": 0.7010120954522201, "234": 0.8070834178164799, "239": 0.5094028539532319, "216": 0.733402937629024, "238": -0.27496486801528375, "204": 0.7782912029730289, "215": 0.8326096743259999, "205": 0.45403482146391155, "219": 0.48046916161659176, "237": 0.3332094563336679}