{"0": 0.5484666217267773, "1": 0.8720945545738419, "2": 0.9652258575357737, "3": 0.6578214786098125, "4": 0.26127396377546364, "5": 0.6779989052684514, "6": 0.8626272059325624, "7": 0.7289113151379889, "8": 0.9642811283825925, "9": 0.8877088024305109, "10": 0.7222407775572902, "11": 0.1975043325266742, "12": 0.9713595535558777, "13": 0.7933288423275344, "14": 0.980133147923703, "15": 0.9949767420272078, "16": 0.6309373979639912, "17": 0.9795468084192223, "18": 0.5204802251726164, "19": 0.9691939465332382, "20": 0.9041599270882593, "21": 0.8364093787619186, "22": 0.9711625608873772, "23": 0.4683487089687465, "24": 0.8258729630186763, "25": 0.9217586009312606, "26": 0.8144181356631297, "27": 0.9983737266052923, "28": 0.8171803231647701, "29": 0.733402937629024, "30": 0.566796580381719, "31": 0.9140329995531735, "32": 0.9149068217490111, "33": 0.978789337755493, "34": 0.6061367038825813, "35": 0.4338572997789557, "36": 0.7991437719188091, "37": 0.8588622865052522, "38": 0.9204330867250647, "40": 0.7970122748111927, "41": 0.5478076176797295, "43": 0.9765485267282645, "44": 0.8334625943495029, "45": 0.9983737266052923, "46": 0.8246103544343699, "47": 0.14449678458109552, "48": 0.7897688394887679, "49": 0.9711625608873772, "50": 0.9074897485058566, "51": 0.7328887417864776, "52": 0.645742652714812, "59": 0.9949767420272078, "61": 0.6504110599387396, "62": 0.6487520872752499, "64": 0.9204330867250647, "66": 0.9711625608873772, "70": 0.8756754309304606, "71": 0.5625734535820281, "72": 0.146496758185714, "73": 0.8631612828993875, "76": 0.5433614604372299, "77": 0.8655817455287372, "78": 0.9476023808238805, "81": 0.7322879993620186, "89": 0.30624158554172143, "92": 0.6196188954656859, "93": 0.7127301950855451, "94": 0.4921390394486959, "96": 0.24629622076075364, "98": 0.9335934621781633, "99": 0.9488360901438864, "39": 0.6495641856976502, "42": 0.360317820793696, "55": 0.287904284099059, "56": 0.44353568877399185, "57": 0.7216597150738794, "58": 0.13773360621513703, "60": 0.8128551965592921, "63": 0.9472676651898911, "65": 0.921999206994456, "69": 0.9642811283825925, "74": 0.788826002262532, "79": 0.757604564146452, "83": 0.9252433584349254, "86": 0.8128551965592921, "91": 0.981232131685918, "80": 0.9129039455580766, "82": 0.8947230545358664, "87": 0.9488360901438864, "88": 0.8168765826349496, "90": 0.8756754309304606, "97": 0.9476023808238805, "53": 0.8128551965592921, "54": 0.9901079757944491, "67": 0.9592332369017739, "68": 0.6260072594908512, "75": 0.9983737266052923, "84": 0.9865001752117635, "85": 0.8756754309304606, "95": 0.14748916199479503, "103": 0.9006714259588862, "108": 0.8366841729045951, "126": 0.8809396244696035, "138": -0.27496486801528375, "140": 0.4440962071778308, "141": 0.807300933828618, "143": 0.22980250091501137, "146": 0.9316966264562736, "147": 0.1975043325266742, "148": 0.7913794987626188, "111": 0.9087508783739897, "112": 0.5358827365043197, "113": 0.9180753773976005, "114": 0.9196762676827337, "128": -0.14932931480824793, "136": 0.8953599538075763, "139": 0.9687175705183642, "142": 0.1140441259606046, "102": 0.5455528393699206, "116": 0.8720945545738419, "119": 0.9335934621781633, "121": 0.8366841729045951, "122": 0.8316076253923786, "123": 0.3956403970145097, "124": 0.3014277915473468, "104": 0.5292378121730696, "107": 0.525027673004182, "134": 0.9013207959089523, "100": 0.9488360901438864, "101": 0.4424561753661279, "129": 0.684961249623832, "130": 0.684961249623832, "105": 0.9652197466936353, "110": 0.9472676651898911, "118": 0.4613274207365222, "125": 0.9141130735845608, "144": 0.8813445872824865, "109": 0.5544634401491101, "127": 0.8223809125997769, "132": 0.7402944782615307, "115": 0.757604564146452, "137": 0.9264714269843606, "106": 0.7656795650334285, "135": 0.7128054437693416, "120": 0.9488360901438864, "131": 0.47792328816995877, "117": 0.7979756133661735, "133": 0.5477951576443862, "145": 0.3131409282952844, "156": 0.9573363750671867, "163": 0.8928144447523121, "179": 0.6166770921673854, "184": 0.7116043175588809, "186": 0.9892581571897634, "178": 0.7704097374482379, "181": 0.981232131685918, "182": 0.32493250446393024, "183": 0.3484906348568889, "193": 0.45456346725821545, "158": 0.7937358642281429, "165": 0.8277602821401775, "166": 0.9090796779337953, "168": 0.7459154378713146, "190": 0.36116048122407557, "196": 0.9315684879650371, "164": 0.9865001752117635, "169": 0.8334722281402369, "174": 0.9141130735845608, "185": 0.7200057796356469, "157": 0.9983737266052923, "173": 0.5514970680674418, "192": 0.8261204300060645, "151": 0.981232131685918, "180": 0.5247123185998133, "159": 0.9949767420272078, "161": 0.5974668868900951, "162": -0.27496486801528375, "170": -0.08837688796414911, "172": 0.7669301099235952, "177": 0.684961249623832, "187": 0.8128551965592921, "194": 0.8453048777385126, "198": 0.34780848251875984, "150": 0.6013506347590544, "188": 0.3926925160356013, "197": 0.3432757300249589, "153": 0.9687175705183642, "189": 0.2618119870640404, "195": 0.9046912510537195, "154": 0.7634150330236524, "191": 0.8819795763758083, "171": 0.7010120954522201, "212": 0.9865001752117635, "228": 0.9000543078507882, "230": 0.9687175705183642, "210": 0.8980219409923789, "246": 0.8720945545738419, "248": 0.9335934621781633, "202": 0.9091726585479631, "236": 0.614315707939549, "206": 0.7955272601359307, "221": 0.9949767420272078, "231": 0.9667771893756375, "232": 0.14449678458109552, "244": 0.5830765794498906, "224": 0.9477068043036703, "225": 0.9006714259588862, "241": 0.9865001752117635, "242": 0.7002029063388291, "226": 0.9090796779337953, "229": 0.7818255438676718, "249": 0.8311229959955457, "214": 0.8720945545738419, "220": -0.14932931480824793, "222": 0.9988882682104072, "209": 0.9901079757944491, "227": 0.9713595535558777, "200": 0.9901079757944491, "286": 0.9013207959089523, "282": 0.7955272601359307, "259": 0.9006714259588862, "252": 0.8311229959955457, "274": 0.8794961698328488, "279": 0.8311229959955457, "149": 0.8953599538075763, "294": 0.8794961698328488, "254": 0.6526061874683491, "264": 0.9648177708588577, "256": 0.9988882682104072, "261": 0.9453520912576178, "167": 0.8311229959955457, "155": 0.9750826465612488, "152": 0.9043006236444636, "312": 0.523868503082112, "314": 0.9573363750671867, "160": 0.9304763003992487, "366": 0.9884989516004242, "175": 0.9196762676827337, "176": 0.8720945545738419, "199": 0.7782912029730289}