{"0": 0.6821030813261982, "1": 0.9141130735845608, "2": 0.45462302888041795, "3": 0.8663412539970857, "4": -0.026940629455782773, "5": 0.9217586009312606, "6": 0.8331087363663148, "7": 0.48113657271127597, "8": 0.40803091784512713, "9": -0.07310790845330156, "10": 0.8546179968153367, "11": 0.8937292646683588, "12": 0.5513144173319915, "13": 0.7766701728824585, "14": 0.8192778384406973, "15": 0.8937292646683588, "16": 0.8229775388518348, "17": 0.3366835704077431, "18": 0.757604564146452, "19": 0.5198685220641122, "20": 0.9217586009312606, "21": 0.9604526003642835, "22": 0.6733213007476928, "23": 0.837815755820261, "24": 0.5968611232684455, "25": 0.6258554352216742, "26": 0.27361805570435394, "27": 0.8663412539970857, "28": 0.9735118549837684, "29": 0.34384838052099814, "30": 0.19636038889005966, "31": 0.8396372841917765, "32": 0.6260072594908512, "33": 0.460617047479152, "34": 0.9093223456592029, "35": 0.9711625608873772, "36": 0.26136390952185357, "37": 0.5697991000218938, "38": 0.7849634154001839, "40": 0.901748777249892, "41": 0.48607992823877844, "43": 0.9432447077790973, "44": 0.3770638309523311, "45": 0.4214769469478127, "46": 0.8809396244696035, "47": 0.9157957284855488, "48": 0.6526061874683491, "49": 0.8444621505000198, "50": 0.981232131685918, "51": 0.8016408203693159, "52": 0.6685812721607511, "59": 0.9865001752117635, "61": 0.23032766890594292, "62": 0.901748777249892, "64": 0.5685866553822061, "66": 0.9865001752117635, "70": 0.6749877137306347, "71": 0.3347150013852952, "72": 0.9983737266052923, "73": 0.1909910687715558, "76": 0.9476023808238805, "77": 0.7075546733458378, "78": 0.9472676651898911, "81": 0.684961249623832, "89": 0.9711625608873772, "92": 0.5991221192311904, "93": 0.7010120954522201, "94": 0.036632719121081576, "96": 0.8697134878509117, "98": 0.9539519567428785, "99": 0.7658701887411197, "39": 0.9573146345238671, "42": 0.9949767420272078, "55": 0.8756754309304606, "56": 0.7716108712645868, "57": 0.4666400409189885, "58": 0.38582423574507096, "60": 0.8271072745261993, "63": 0.8646846833957632, "65": 0.8333468763597425, "69": 0.9335934621781633, "74": 0.5685866553822061, "79": 0.7637396974633953, "83": 0.7425417598060612, "86": 0.9476023808238805, "91": 0.8655817455287372, "80": 0.8756754309304606, "82": 0.6001472844013533, "87": 0.5685866553822061, "88": 0.9700371969819471, "90": 0.9754846259278245, "97": 0.3641110015527814, "53": 0.7010120954522201, "54": 0.5292378121730696, "67": 0.6733559840239098, "68": 0.7923975123858403, "75": 0.8720945545738419, "84": 0.921999206994456, "85": 0.7075546733458378, "95": 0.6196188954656859, "103": 0.9315684879650371, "108": 0.35049208953641586, "126": 0.684961249623832, "138": 0.7815419290314123, "140": 0.9713595535558777, "141": 0.9709483288034012, "143": 0.8715285584530765, "146": 0.6351154778354233, "147": 0.9141130735845608, "148": 0.7427994050811209, "111": 0.6686109149132414, "112": 0.9180753773976005, "113": 0.8128551965592921, "114": 0.8126874765373676, "128": 0.7979756133661735, "136": 0.8389093422016816, "139": 0.9114128703941509, "142": 0.9735118549837684, "102": 0.9604526003642835, "116": 0.9129039455580766, "119": 0.7036495585102586, "121": 0.9700371969819471, "122": 0.9713595535558777, "123": 0.3225934983079921, "124": 0.8720945545738419, "104": 0.6821030813261982, "107": 0.5320489077677621, "134": 0.9771451713702621, "100": 0.6196188954656859, "101": 0.18168131915734786, "129": -0.03156587147432149, "130": 0.7782912029730289, "105": 0.8331087363663148, "110": 0.1077806181958469, "118": 0.6919477357832404, "125": 0.981232131685918, "144": 0.3833553170332483, "109": 0.6421557334445358, "127": -0.1752464829013728, "132": 0.6841842060168638, "115": 0.8655817455287372, "137": 0.9687175705183642, "106": 0.5045588321637767, "135": 0.9275127850095358, "120": 0.684961249623832, "131": 0.7658701887411197, "117": 0.8178413482602938, "133": 0.6963771897821527, "145": 0.9687175705183642, "156": 0.9573363750671867, "163": 0.9865001752117635, "179": 0.920017648857659, "184": 0.8213445434803914, "186": 0.9892581571897634, "178": 0.9949767420272078, "181": 0.8213445434803914, "182": 0.8978997239936704, "183": 0.9865001752117635, "193": 0.8983851212872435, "158": 0.9713595535558777, "165": 0.8688965644538921, "166": 0.8830833783478265, "168": 0.981232131685918, "190": 0.8533643694982009, "196": 0.9140329995531735, "164": 0.9865001752117635, "169": 0.9573363750671867, "174": 0.9988882682104072, "185": 0.3885201854651707, "157": 0.9983737266052923, "173": 0.9865001752117635, "192": 0.9472676651898911, "151": 0.9830954797357201, "180": 0.9074541861500449, "159": 0.9949767420272078, "161": 0.9140329995531735, "162": 0.8794961698328488, "170": 0.981232131685918, "172": 0.9983737266052923, "177": 0.9709483288034012, "187": 0.9335934621781633, "194": 0.8446352867590317, "198": 0.9687175705183642, "150": 0.7787939383162538, "188": 0.9672702438730358, "197": 0.9983737266052923, "153": 0.8446352867590317, "189": 0.23032766890594292, "195": 0.9472676651898911, "154": 0.8463778409804674, "191": 0.9140329995531735, "171": -0.0475896289864841, "212": 0.9865001752117635, "228": 0.9000543078507882, "230": 0.9687175705183642, "210": 0.8980219409923789, "246": 0.8720945545738419, "248": 0.9335934621781633, "202": 0.9091726585479631, "236": 0.614315707939549, "206": 0.7955272601359307, "221": 0.9949767420272078, "231": 0.9667771893756375, "232": 0.14449678458109552, "244": 0.5830765794498906, "224": 0.9477068043036703, "225": 0.9006714259588862, "241": 0.9865001752117635, "242": 0.7002029063388291, "226": 0.9090796779337953, "229": 0.7818255438676718, "249": 0.8311229959955457, "214": 0.8720945545738419, "220": -0.14932931480824793, "222": 0.9988882682104072, "209": 0.9901079757944491, "227": 0.9713595535558777, "200": 0.9901079757944491, "286": 0.9013207959089523, "282": 0.7955272601359307, "259": 0.9006714259588862, "252": 0.8311229959955457, "274": 0.8794961698328488, "279": 0.8311229959955457, "149": 0.7323791081306441, "294": 0.8794961698328488, "254": 0.6526061874683491, "264": 0.9648177708588577, "256": 0.9988882682104072, "261": 0.9453520912576178, "167": 0.8311229959955457, "155": 0.3690962936014758, "152": 0.6082976936329352, "312": 0.523868503082112, "314": 0.9573363750671867, "160": 0.9983737266052923, "366": 0.9884989516004242}