{"1": 0.5338927439926149, "2": 0.531390300300974, "3": 0.7242765695354456, "4": 0.48113657271127597, "5": 0.41341471530832796, "6": 0.8649545679900943, "7": 0.4868963342118061, "8": 0.5998728068795642, "9": 0.9118598007337486, "12": 0.2506275076250529, "13": 0.8580405499591155, "14": 0.6625895305728162, "15": 0.6595758566807517, "18": 0.9709483288034012, "19": 0.8239045456589278, "22": 0.012755904265879801, "23": 0.7709655471410095, "24": 0.9865001752117635, "25": 0.5673203111403036, "27": 0.8210841503270438, "29": 0.285160183969992, "31": 0.525027673004182, "32": 0.6260072594908512, "34": 0.6796756543690005, "35": 0.5615504258082527, "36": 0.9217586009312606, "41": 0.8855411233017292, "42": 0.9449277469107293, "43": 0.9024801854083693, "46": 0.5891302662441755, "47": 0.5341021299661363, "53": 0.8216912714609571, "56": 0.6794939406175167, "57": 0.9711625608873772, "59": 0.9949767420272078, "60": 0.9159436305628943, "61": 0.7967535048071356, "63": 0.757604564146452, "69": 0.9983737266052923, "71": 0.9604526003642835, "76": 0.5731143020657876, "78": 0.338420442051034, "83": 0.6970528412114143, "84": 0.7016430386802859, "87": 0.8834293610338549, "89": -0.15345094145548951, "95": 0.6054027058744937, "96": 0.5472147803544244, "98": 0.19141310005348106}