{"0": 0.9140329995531735, "1": 0.7139982306358827, "2": 0.904455383433035, "3": 0.8790877937304722, "4": 0.876403243652194, "5": 0.3398294073738458, "6": 0.5513144173319915, "7": 0.8286008454269056, "8": 0.8311229959955457, "9": 0.9949767420272078, "10": 0.6158046376128421, "11": 0.3885201854651707, "12": 0.4477290739835533, "13": 0.8257949279015, "14": 0.8549476145020383, "15": -0.2533528214200177, "16": 0.8794961698328488, "17": 0.6050911152793683, "18": 0.8458853891381444, "19": 0.6180032137120303, "20": 0.8794961698328488, "21": 0.9949767420272078, "22": 0.7340962037206461, "23": 0.7811525634822892, "24": 0.5786232597120046, "25": 0.6446050685513949, "26": 0.8456938319969669, "27": 0.7141588583608788, "28": 0.9189796994070691, "29": 0.2674615674283898, "30": 0.9713595535558777, "31": 0.8429118518471805, "32": 0.31342203584485395, "33": 0.5984882081394154, "34": -0.03156587147432149, "35": 0.943959991281367, "36": 0.660673913766087, "37": 0.6526061874683491, "38": 0.0882759782354223, "40": 0.9983737266052923, "41": 0.37540567929468754, "43": 0.9488360901438864, "44": 0.6821030813261982, "45": 0.9988882682104072, "46": -0.22020711429280826, "47": 0.953211483519156, "48": 0.5968611232684455, "49": 0.5198685220641122, "50": 0.9053622125320326, "51": 0.9865001752117635, "52": 0.9592332369017739, "59": 0.6000432700056655, "61": 0.691751106621022, "62": 0.9983737266052923, "64": 0.5090991786701287, "66": 0.9688241791634957, "70": -0.0947404194997906, "71": 0.8311229959955457, "72": 0.9114128703941509, "73": 0.25146295316959444, "76": 0.9573363750671867, "77": 0.901748777249892, "78": 0.9687175705183642, "81": 0.9983737266052923, "89": 0.9801948925335262, "92": 0.981232131685918, "93": 0.8720945545738419, "94": 0.8655817455287372, "96": 0.8280814828306626, "98": 0.3885201854651707, "99": 0.8524668330362317, "39": 0.9865001752117635, "42": 0.942923417458683, "55": 0.9983737266052923, "56": 0.8524668330362317, "57": 0.682356387501712, "58": 0.8333468763597425, "60": 0.523868503082112, "63": 0.9090796779337953, "65": 0.8809396244696035, "69": 0.6733213007476928, "74": 0.9592332369017739, "79": 0.9129039455580766, "83": 0.981232131685918, "86": 0.8366841729045951, "91": 0.832860782860757, "80": 0.6082976936329352, "82": 0.847699212433793, "87": 0.9335934621781633, "88": 0.9983737266052923, "90": 0.8794961698328488, "97": 0.61515434174929, "53": 0.8756754309304606, "54": 0.8978997239936704, "67": 0.7745842750425618, "68": 0.981232131685918, "75": 0.8280814828306626, "84": 0.9335934621781633, "85": -0.0475896289864841, "95": 0.23032766890594292, "103": 0.8830833783478265, "108": 0.953211483519156, "126": 0.6082976936329352, "138": 0.920017648857659, "140": 0.9830954797357201, "141": 0.7818255438676718, "143": 0.981232131685918, "146": 0.5832430350496133, "147": 0.9988882682104072, "148": 0.6082976936329352, "111": 0.7466890867450248, "112": 0.4409332562501549, "113": 0.9304763003992487, "114": 0.5292378121730696, "128": 0.9830954797357201, "136": 0.9559398348927166, "139": 0.9687175705183642, "142": 0.7455178726548266, "102": 0.9129039455580766, "116": 0.8995238736482618, "119": 0.9335934621781633, "121": 0.9777812587919528, "122": 0.8126874765373676, "123": 0.9090796779337953, "124": 0.5865907148273197, "104": 0.6443955829734422, "107": 0.8311229959955457, "134": 0.9884989516004242, "100": 0.6692430371893076, "101": 0.8311229959955457, "129": 0.8472879608371888, "130": 0.557010402473584, "105": 0.8192778384406973, "110": 0.9476023808238805, "118": 0.9884989516004242, "125": 0.9259351976497951, "144": 0.5195850373691461, "109": 0.832860782860757, "127": 0.942923417458683, "132": -0.18019987315208102, "115": 0.8311229959955457, "137": 0.5090991786701287, "106": 0.41247311771951933, "135": 0.8720945545738419, "120": 0.9573363750671867, "131": 0.513813475465354, "117": 0.8720945545738419, "133": 0.8720945545738419, "145": 0.9129039455580766, "156": -0.14240415104272253, "163": 0.47019651633395976, "179": 0.9061104814689838, "184": 0.6707525024355232, "186": 0.9485822131185805, "178": 0.9988882682104072, "181": 0.8841669172681577, "182": 0.9485822131185805, "183": 0.8841669172681577, "193": 0.8105367397294103, "158": 0.9573363750671867, "165": 0.9140329995531735, "166": 0.33447235262622044, "168": 0.1975043325266742, "190": 0.6258554352216742, "196": 0.9573363750671867, "164": 0.9249524416875297, "169": 0.8463778409804674, "174": 0.799615023321244, "185": 0.8277602821401775, "157": 0.1975043325266742, "173": 0.8755225610321277, "192": 0.9779848608639259, "151": 0.9884989516004242, "180": 0.9006714259588862, "159": 0.9140329995531735, "161": 0.9140329995531735, "162": 0.27361805570435394, "170": 0.8116099358704894, "172": 0.6443955829734422, "177": 0.9361488673595424, "187": 0.6685812721607511, "194": 0.9327349011946073, "198": 0.9830954797357201, "150": 0.857573582155259, "188": 0.7425417598060612, "197": 0.9403846533518059, "153": 0.6260927642888132, "189": 0.9830954797357201, "195": 0.9779848608639259, "154": 0.8646846833957632, "191": 0.8333468763597427, "171": 0.5224319205307728, "212": 0.9704631291335517, "228": 0.8475814908605418, "230": 0.9217586009312606, "210": 0.9129039455580766, "246": 0.9713595535558777, "248": 0.6397620421540968, "202": 0.9090796779337953, "236": 0.9213548555104247, "206": 0.8757464117156971, "221": 0.8114932995709736, "231": 0.9304763003992487, "232": 0.9140329995531735, "244": 0.9865001752117635, "224": 0.8280814828306626, "225": 0.1864354156823636, "241": 0.714638999485179, "242": 0.9327349011946073, "226": 0.8995238736482618, "229": 0.6733559840239098, "249": 0.8615112575471175, "214": 0.8711994502463034, "220": 0.8316076253923786, "222": 0.9140329995531735, "209": 0.9072409240804903, "227": 0.9141130735845608, "200": 0.9884989516004242, "286": 0.8331087363663148, "282": 0.8950225771487155, "259": 0.7878969237776184, "252": 0.9830954797357201, "274": 0.8862374456360023, "279": 0.8615112575471175, "149": 0.9335934621781633, "294": 0.835973949185624, "254": 0.4269452430459335, "264": 0.9507162578215236, "256": 0.8316076253923786, "261": 0.9855536974533013, "167": 0.525342654848407, "155": 0.6082976936329352, "152": 0.9006714259588862, "312": 0.7545026222604149, "314": 0.5410752967980765, "160": 0.8164440519992329, "366": 0.9884989516004242, "175": 0.2613639095218535, "176": 0.6073028217056597, "199": 0.7378911895842608, "205": 0.9884989516004242, "208": 0.938598859247602, "238": 0.6779204832324099, "234": 0.6196188954656859, "239": 0.8927373892128565, "201": 0.4409332562501549, "203": 0.6703785647893232, "207": 0.43164915495830813, "219": 0.9140329995531735, "235": 0.8978997239936704, "237": 0.8326498605592623, "247": 0.513813475465354, "215": 0.9507162578215236, "218": 0.9203831177928425, "223": 0.8254113057645542, "233": 0.5685866553822061, "243": 0.9586919378087284, "211": 0.412699862688956, "204": 0.8922760164158616, "213": 0.9713595535558777, "245": 0.9830954797357201, "240": 0.8841669172681577, "216": 0.37540567929468754, "217": 0.8349915714020952, "284": 0.9415328181544287, "287": 0.9335934621781633, "253": 0.9154708898617174, "258": 0.5247711758674, "272": 0.7646757269224965, "276": 0.6073028217056597, "255": 0.9453520912576178, "295": 0.9441981666461794, "298": 0.733402937629024, "257": 0.5808446707006777, "265": 0.7590614134524081, "271": 0.8853431112904293, "262": 0.523868503082112, "263": 0.6920050395787072, "266": 0.5808446707006777, "288": 0.5778111925051272, "292": 0.9093223456592029, "275": 0.8766368960345676, "277": 0.8578743929671235, "285": 0.8311885415906948, "293": 0.1661445520226371, "299": 0.9594772032098673, "250": 0.9140329995531735, "270": 0.9586919378087284, "260": 0.8866979708583935, "273": 0.9573363750671867, "280": 0.8794961698328488, "289": 0.8277602821401775, "281": 0.7878969237776184, "267": 0.866299782057011, "297": 0.9415328181544287, "268": 0.7260287547211197, "251": 0.18296791209709182, "269": 0.8244851953009145, "278": 0.8342579232792438, "291": 0.9072409240804903, "290": 0.7490910102294541,