{"0": 0.8280814828306626, "1": 0.9573363750671867, "2": 0.3072038754712934, "3": 0.7193369430604821, "4": 0.9006714259588862, "5": 0.5740001910906721, "6": 0.5224319205307728, "7": 0.9472676651898911, "8": 0.8944640113474871, "9": 0.412699862688956, "10": 0.9453520912576178, "11": 0.9884989516004242, "12": 0.9573363750671867, "13": 0.9672702438730358, "14": 0.8365170505443663, "15": 0.9108927106147577, "16": 0.9259351976497951, "17": 0.8927373892128565, "18": 0.9403846533518059, "19": 0.3690962936014758, "20": 0.9061104814689838, "21": 0.8311229959955457, "22": 0.6082976936329352, "23": 0.9691939465332382, "24": 0.8809396244696035, "25": 0.8192778384406973, "26": -0.0475896289864841, "27": 0.9949767420272078, "28": 0.9061104814689838, "29": 0.8105367397294103, "30": 0.9988882682104072, "31": 0.9083083787715925, "32": 0.9453520912576178, "33": 0.5673324333389337, "34": 0.9472676651898911, "35": 0.6078891241821858, "36": 0.9949767420272078, "37": 0.8831742967973719, "38": 0.949197368722514, "40": 0.8311229959955457, "41": 0.8950225771487155, "43": 0.9865001752117635, "44": 0.8280814828306626, "45": 0.8311229959955457, "46": 0.967905757640733, "47": 0.6082976936329352, "48": 0.7833145592966051, "49": 0.7193369430604821, "50": 0.9437858630591689, "51": 0.7313639358544975, "52": -0.0475896289864841, "59": 0.9713595535558777, "61": 0.9865001752117635, "62": 0.8720945545738419, "64": 0.9573363750671867, "66": 0.9750826465612488, "70": 0.981232131685918, "71": 0.9983737266052923, "72": 0.9983737266052923, "73": 0.8794961698328488, "76": 0.8720945545738419, "77": 0.9129039455580766, "78": 0.981232131685918, "81": 0.7862921683106591, "89": 0.9687175705183642, "92": 0.9983737266052923, "93": 0.9949767420272078, "94": 0.6737412398746478, "96": 0.9691939465332382, "98": 0.9249524416875297, "99": 0.7010120954522201, "39": 0.9098698567125048, "42": 0.8328633707883992, "55": 0.9949767420272078, "56": 0.7878969237776184, "57": 0.9114644625959997, "58": 0.6446050685513949, "60": 0.953211483519156, "63": 0.8830833783478265, "65": -0.22918144823186273, "69": 0.963944995920045, "74": 0.9801948925335262, "79": 0.9983737266052923, "83": 0.3431187303073333, "86": 0.9687175705183642, "91": 0.9988882682104072, "80": 0.9573363750671867, "82": 0.981232131685918, "87": -0.0475896289864841, "88": 0.9335934621781633, "90": 0.48607992823877844, "97": 0.9750826465612488, "53": 0.8311229959955457, "68": 0.6082976936329352, "84": 0.9801948925335262, "85": 0.9884989516004242, "75": 0.7365398254287008, "54": 0.9983737266052923, "67": 0.9983737266052923, "95": 0.7365398254287008, "103": 0.9710685701243187, "108": 0.9006714259588862, "126": 0.9249524416875297, "138": 0.3885201854651707, "140": 0.5962008628253901, "141": 0.9140329995531735, "143": 0.9830954797357201, "146": 0.9414662340393021, "147": 0.8794961698328488, "148": 0.9140329995531735, "111": 0.9713595535558777, "112": 0.9432447077790973, "113": 0.904455383433035, "114": 0.9140329995531735, "128": 0.981232131685918, "136": 0.8978997239936704, "139": 0.9096911896636037, "142": 0.8720945545738419, "102": 0.9865001752117635, "116": 0.9777812587919528, "119": 0.9713595535558777, "121": 0.9865001752117635, "122": 0.942923417458683, "123": 0.9855536974533013, "124": 0.9884989516004242, "104": 0.8615112575471175, "107": 0.9304763003992487, "134": 0.981232131685918, "100": 0.9687175705183642, "101": 0.981232131685918, "129": 0.9432151547278886, "130": 0.832860782860757, "105": 0.9988882682104072, "110": 0.1767561018272008, "118": 0.9830954797357201, "125": 0.8502640996424996, "144": 0.8720945545738419, "109": 0.7870072749384418, "127": 0.9453520912576178, "132": 0.6082976936329352, "115": 0.9949767420272078, "137": 0.9988882682104072, "106": 0.9090796779337953, "135": 0.8311229959955457, "120": 0.9691939465332382, "131": 0.9691939465332382, "117": 0.48447517378709287, "133": 0.6680415687692822, "145": 0.9072409240804903, "156": 0.8720945545738419, "163": 0.8794961698328488, "179": 0.9140329995531735, "184": 0.8328633707883992, "186": 0.9884989516004242, "178": 0.963944995920045, "181": 0.9830954797357201, "182": 0.8311229959955457, "183": 0.9295867414709335, "193": 0.1975043325266742, "158": 0.9061104814689838, "165": 0.1838621533899384, "166": 0.8691872707105253, "168": 0.953211483519156, "190": 0.9830954797357201, "196": 0.9603770715877809, "164": 0.8311229959955457, "169": 0.5638645156997231, "174": 0.9212696731928448, "185": -0.18019987315208102, "157": 0.9559398348927166, "173": 0.8546179968153367, "192": 0.9140329995531735, "151": 0.8429118518471805, "180": 0.7893000010516336, "159": 0.5799811776941057, "161": 0.9559398348927166, "162": 0.9129039455580766, "170": 0.8901181774328012, "172": 0.8615112575471175, "177": 0.1767561018272008, "187": 0.7466890867450248, "194": 0.941544463957757, "198": 0.9335934621781633, "150": 0.9642811283825925, "188": 0.8188763159117212, "197": 0.3690962936014758, "153": 0.8720945545738419, "189": -0.14932931480824793, "195": 0.9592332369017739, "154": 0.9884989516004242, "191": 0.8950225771487155, "171": 0.9884989516004242, "212": 0.8978997239936704, "228": 0.9304763003992487, "230": 0.8280814828306626, "210": 0.15610744958402697, "246": 0.3702217257773508, "248": 0.6099101359366296, "202": 0.5865907148273197, "236": 0.8142805319977179, "206": 0.8280814828306626, "221": 0.28594774556769176, "231": 0.9129039455580766, "232": 0.9432151547278886, "244": 0.7961884402317682, "224": 0.8697209640629799, "225": 0.9830954797357201, "241": 0.9592332369017739, "242": 0.8213445434803914, "226": 0.9830954797357201, "229": 0.8932572280915279, "249": 0.8446352867590317, "214": 0.9830954797357201, "220": 0.4409332562501549, "222": 0.9750826465612488, "209": 0.831315809318495, "227": 0.9140329995531735, "200": 0.9779848608639259, "286": 0.9485822131185805, "282": 0.523868503082112, "259": 0.6078891241821858, "252": 0.9453520912576178, "274": 0.9750826465612488, "279": 0.8213445434803914, "149": 0.8452913567067001, "294": 0.8995238736482618, "254": 0.920017648857659, "264": 0.30942352609037094, "256": 0.5090991786701287, "261": 0.9140329995531735, "167": 0.6841197218596049, "155": 0.6082976936329352, "152": 0.7973563010853268, "312": 0.2384189976928957, "314": 0.5808446707006777, "160": 0.8263412774779552, "366": 0.9884989516004242, "175": 0.9750826465612488, "199": 0.9304763003992487, "176": 0.981232131685918, "211": 0.9884989516004242, "223": 0.9592332369017739, "234": 0.8213445434803914, "247": 0.9453520912576178, "208": 0.7365398254287008, "237": 0.8615112575471175, "235": 0.7729045905760077, "205": 0.7870072749384418, "233": 0.9988882682104072, "243": 0.9509518987775469, "204": 0.8830833783478265, "238": 0.8794961698328488, "201": 0.6378114633874238, "215": 0.942699523539489, "217": 0.9449277469107293, "216": 0.8711994502463034, "245": 0.9074541861500449, "203": 0.7593201782472505, "207": 0.1975043325266742, "218": 0.9642811283825925, "219": 0.7365398254287008, "240": 0.9140329995531735, "239": 0.9140329995531735, "251": 0.9000543078507882, "262": 0.9884989516004242, "278": 0.7365398254287008, "284": 0.8853431112904293, "291": 0.4409332562501549, "295": -0.4325643337307621, "213": 0.7816386235745061, "267": 0.8739478606871105, "268": 0.9140329995531735, "272": 0.5695264520167094, "298": 0.9249524416875297, "253": 0.9691939465332382, "266": 0.9713595535558777, "281": 0.935887289163369, "293": 0.3885201854651707, "250": 0.8105367397294103, "257": 0.873991299664141, "287": 0.1975043325266742, "297": 0.8272104826016874, "275": 0.8446352867590317, "299": 0.8645321962681458, "270": 0.9713595535558777, "288": 0.8213445434803914, "265": 0.8280814828306626, "296": 0.9140329995531735, "255": 0.9327349011946073, "292": 0.8794961698328488, "260": 0.5820209306692539, "263": 0.9830954797357201, "277": 0.9072409240804903, "280": 0.6335425290632055, "285": -0.0475896289864841, "283": 0.942699523539489, "290": 0.9691939465332382, "269": 0.8978997239936704, "305": 0.8950225771487155, "316": 0.9114644625959997,