{"0": 0.38623858921968324, "1": 0.7782065991207066, "2": 0.7831581017980025, "3": 0.7308641038435144, "4": 0.8152910315062034, "5": 0.4737081726223224, "6": 0.5808446707006777, "7": 0.6019010557982349, "10": 0.8498805997193422, "11": 0.7040231863301317, "14": 0.2474418126769034, "16": 0.9217586009312606, "19": 0.5341899442467513, "20": 0.7609462189929013, "21": 0.8806885332381765, "22": 0.7962149493732014, "23": 0.6412027738606352, "24": 0.5674854876878936, "26": 0.9257845865065184, "28": 0.2780905555181072, "29": 0.9476023808238805, "30": 0.8877088024305109, "32": 0.905853298347148, "33": 0.48113657271127597, "34": 0.5241478553875311, "37": 0.8381587236155628, "38": 0.9053622125320325, "39": 0.8883019046671757, "40": 0.514622052444895, "41": 0.9865001752117635, "43": 0.44617938949566993, "46": 0.40404733114809, "47": 0.8397020939677677, "48": 0.3354703813522143, "49": 0.008973126238788917, "50": 0.7872289913429203, "52": 0.7296842199724802, "54": 0.9949767420272078, "55": 0.5382417267398578, "56": 0.6774506021333373, "57": 0.9180753773976005, "58": 0.9672364309982049, "59": 0.6637773908939087, "64": 0.40603043042183595, "68": 0.9710685701243187, "69": 0.43837135801491045, "70": 0.9704814302099272, "71": 0.6578214786098125, "73": 0.8366841729045951, "74": 0.9983737266052923, "76": 0.8938264370878584, "77": 0.9271476755360012, "78": 0.7075546733458378, "81": 0.8830833783478265, "88": 0.58153475680037, "89": 0.2879100988925243, "90": 0.6070891794637234, "91": 0.981232131685918, "94": 0.980133147923703, "95": 0.6569847333452887, "96": 0.5264603027847204, "99": 0.7010120954522201}