{"1": 0.7680511346309435, "2": 0.4503043733208618, "3": 0.9315684879650371, "4": 0.47352092795849365, "5": 0.7016430386802859, "6": 0.5204802251726164, "8": 0.6003490765420589, "9": 0.6559255610090171, "11": 0.921999206994456, "12": 0.34580639781832045, "13": 0.44442422390358693, "14": 0.40496755493974546, "15": 0.7561202494503998, "16": 0.8894468744328681, "17": 0.6433950991485282, "18": 0.6260072594908512, "19": 0.7979756133661735, "20": 0.212622401937345, "21": 0.48113657271127597, "22": 0.5138834197925173, "23": 0.9704814302099272, "24": 0.24811847850871527, "27": 0.38282361053768815, "28": 0.9949767420272078, "30": 0.40742485632085185, "31": 0.7455068220191547, "32": 0.3035370633881539, "33": 0.8624881064410178, "34": 0.4318115547847121, "35": 0.9709483288034012, "37": 0.7496293598194063, "38": 0.6972862350682034, "39": 0.9217586009312606, "41": 0.9635051318471994, "44": 0.757604564146452, "45": 0.9180753773976005, "46": 0.6783774882938922, "49": 0.8468268713709003, "50": 0.8830833783478265, "51": 0.9644804896774047, "52": 0.08702665610571822, "56": 0.8427021256521232, "57": 0.6047678493050817, "59": 0.14449678458109552, "61": 0.7075546733458378, "62": 0.3655527298125143, "64": 0.7454103544359422, "66": 0.7608191592017229, "67": 0.6957009130025238, "68": 0.7373404626869298, "72": 0.7824165461703121, "73": 0.8011339316697819, "75": 0.7646211359523227, "76": 0.7721440652032403, "80": 0.8720945545738419, "81": 0.8506317812618224, "83": 0.9865001752117635, "86": 0.4609252253722341, "87": 0.5288786342425673, "88": 0.905853298347148, "93": 0.7750754350230808, "94": 0.7669301099235952, "96": 0.9983737266052923, "98": 0.981232131685918}