{"0": 0.8727104168106703, "1": 0.691751106621022, "2": 0.2686016163695924, "3": 0.8333468763597425, "4": 0.9755342154974929, "5": 0.8980757237031942, "6": 0.6685812721607511, "7": 0.27361805570435394, "8": 0.8937292646683588, "9": 0.3492518542315439, "10": 0.8957653152867879, "11": 0.6073028217056597, "12": 0.7341373282659742, "13": 0.5896092488634156, "14": 0.4583787840816895, "15": 0.8937292646683588, "16": 0.9217586009312606, "17": 0.6260072594908512, "18": 0.8720977720763801, "19": 0.5247123185998133, "20": 0.7449588556572684, "21": 0.5198685220641122, "22": 0.4183847681953678, "23": 0.6526061874683491, "24": 0.5833820877240915, "25": 0.4214769469478127, "26": 0.8444621505000198, "27": 0.9477068043036703, "28": 0.943959991281367, "29": 0.9006714259588862, "30": 0.8192778384406973, "31": 0.8216912714609571, "32": 0.44123658792863535, "33": 0.9217586009312606, "34": 0.48113657271127597, "35": 0.7774095451524285, "36": 0.9949767420272078, "37": -0.0020026099042433354, "38": 0.5292378121730696, "40": 0.8663412539970857, "41": 0.3778574483795422, "43": 0.9983737266052923, "44": 0.6487520872752499, "45": 0.40889836091245035, "46": 0.7849634154001839, "47": 0.24026320963650222, "48": 0.9983737266052923, "49": 0.20719309844180892, "50": 0.9093223456592029, "51": 0.9141130735845608, "52": 0.19431383196901578, "59": 0.9711625608873772, "61": 0.9865001752117635, "62": 0.9335934621781633, "64": 0.7075546733458378, "66": 0.7425417598060612, "70": 0.7967258269006603, "71": 0.6733559840239098, "72": 0.7716108712645868, "73": 0.9539519567428785, "76": 0.8545885282580425, "77": 0.9865001752117635, "78": 0.21943692874030063, "81": 0.9140329995531735, "89": 0.9472676651898911, "92": 0.9713595535558777, "93": 0.16671988941425248, "94": 0.7782912029730289, "96": 0.839959919104204, "98": 0.7710100228940336, "99": 0.8126874765373676, "39": 0.6258554352216742, "42": 0.7338117537094434, "55": 0.7826451857731336, "56": 0.9096911896636037, "57": 0.7866875579257706, "58": 0.921999206994456, "60": 0.9488360901438864, "63": 0.981232131685918, "65": 0.34384838052099814, "69": 0.7637396974633953, "74": 0.9573146345238671, "79": 0.8756754309304606, "83": 0.981232131685918, "86": 0.9129039455580766, "91": 0.8697134878509117, "80": 0.8720945545738419, "82": 0.9700371969819471, "87": 0.48607992823877844, "88": 0.7634150330236524, "90": 0.34164750922334475, "97": 0.38582423574507096, "53": 0.8809396244696035, "68": 0.8928144447523121, "84": 0.6821030813261982, "85": 0.7622455899458798, "75": 0.9476023808238805, "54": 0.5198685220641122, "67": 0.8756754309304606, "95": 0.9700371969819471, "103": 0.9432447077790973, "108": -0.0947404194997906, "126": 0.9002262866027808, "138": 0.8546179968153367, "140": 0.38582423574507096, "141": 0.16110166512763208, "143": 0.9204330867250647, "146": 0.8855582933308288, "147": 0.9252433584349254, "148": 0.7669301099235952, "111": 0.9096911896636037, "112": 0.5120501550986825, "113": 0.6487520872752499, "114": 0.9129039455580766, "128": 0.9754846259278245, "136": 0.6082976936329352, "139": 0.5974664708849231, "142": 0.6678093024213296, "102": 0.6739808271819189, "116": 0.9442464244826696, "119": 0.7815419290314123, "121": 0.9700371969819471, "122": 0.8581659739125456, "123": 0.8715285584530765, "124": 0.605840532100246, "104": -0.03156587147432149, "107": 0.9476023808238805, "134": 0.7782912029730289, "100": 0.2978730291604892, "101": 0.1563713269096391, "129": 0.5810024150801882, "130": 0.9709483288034012, "105": 0.8646846833957632, "110": 0.684961249623832, "118": 0.6196188954656859, "125": 0.716356944202799, "144": 0.9713595535558777, "109": 0.9114128703941509, "127": 0.5358827365043197, "132": 0.7010120954522201, "115": -0.02001993881088654, "137": 0.6678093024213296, "106": 0.8188900965732564, "135": 0.8798222729324074, "120": 0.980133147923703, "131": 0.9335934621781633, "117": 0.7229534570939476, "133": 0.980133147923703, "145": 0.6196188954656859, "156": 0.9573363750671867, "163": 0.9865001752117635, "179": 0.920017648857659, "184": 0.8213445434803914, "186": 0.9892581571897634, "178": 0.9949767420272078, "181": 0.8213445434803914, "182": 0.8978997239936704, "183": 0.9865001752117635, "193": 0.8983851212872435, "158": 0.9713595535558777, "165": 0.8688965644538921, "166": 0.8830833783478265, "168": 0.981232131685918, "190": 0.8533643694982009, "196": 0.9140329995531735, "164": 0.9865001752117635, "169": 0.9573363750671867, "174": 0.9988882682104072, "185": 0.3885201854651707, "157": 0.9983737266052923, "173": 0.9865001752117635, "192": 0.9472676651898911, "151": 0.9830954797357201, "180": 0.9074541861500449, "159": 0.9949767420272078, "161": 0.9140329995531735, "162": 0.8794961698328488, "170": 0.981232131685918, "172": 0.9983737266052923, "177": 0.9709483288034012, "187": 0.9335934621781633, "194": 0.8446352867590317, "198": 0.9687175705183642, "150": 0.7787939383162538, "188": 0.9672702438730358, "197": 0.9983737266052923, "153": 0.8446352867590317, "189": 0.23032766890594292, "195": 0.9472676651898911, "154": 0.8463778409804674, "191": 0.9140329995531735, "171": -0.0475896289864841, "212": 0.9865001752117635, "228": 0.9000543078507882, "230": 0.9687175705183642, "210": 0.8980219409923789, "246": 0.8720945545738419, "248": 0.9335934621781633, "202": 0.9091726585479631, "236": 0.614315707939549, "206": 0.7955272601359307, "221": 0.9949767420272078, "231": 0.9667771893756375, "232": 0.14449678458109552, "244": 0.5830765794498906, "224": 0.9477068043036703, "225": 0.9006714259588862, "241": 0.9865001752117635, "242": 0.7002029063388291, "226": 0.9090796779337953, "229": 0.7818255438676718, "249": 0.8311229959955457, "214": 0.8720945545738419, "220": -0.14932931480824793, "222": 0.9988882682104072, "209": 0.9901079757944491, "227": 0.9713595535558777, "200": 0.9901079757944491, "286": 0.9013207959089523, "282": 0.7955272601359307, "259": 0.9006714259588862, "252": 0.8311229959955457, "274": 0.8794961698328488, "279": 0.8311229959955457, "149": 0.5710752585811706, "294": 0.8794961698328488, "254": 0.6526061874683491, "264": 0.9648177708588577, "256": 0.9988882682104072, "261": 0.9453520912576178, "167": 0.8311229959955457, "155": 0.3690962936014758, "152": 0.6082976936329352, "312": 0.523868503082112, "314": 0.9573363750671867, "160": 0.9983737266052923, "366": 0.9884989516004242}