{"0": 0.6649430807089585, "1": 0.6425928443017869, "3": 0.43877035549126775, "4": 0.4976565605493569, "6": 0.34090382622889226, "7": 0.24427880458326123, "8": 0.771781701384833, "9": 0.849427127191025, "10": 0.7590626748809969, "11": 0.8967722029560055, "12": 0.9043006236444636, "13": 0.9709483288034012, "15": 0.7991437719188091, "16": 0.4391734374195704, "17": 0.581846164733577, "18": 0.5242179372442299, "19": 0.5217093852621874, "20": 0.9949767420272078, "21": 0.7188960535767333, "22": 0.55522521982407, "23": 0.4458513150003678, "27": 0.8974847229233263, "29": 0.5981581188775044, "30": 0.9865001752117635, "37": 0.8098328445233512, "38": 0.8186846132142269, "39": 0.0763603448718795, "40": 0.2448401387712431, "43": 0.6213730950621674, "44": 0.9217586009312606, "46": 0.9592332369017739, "52": 0.8366841729045951, "58": 0.48113657271127597, "59": 0.6260072594908512, "62": 0.7873897911526725, "65": 0.716682951966982, "67": 0.4602179172835975, "70": 0.8042452024692914, "72": 0.7524971547056674, "74": 0.525027673004182, "78": 0.3747068220214501, "79": -0.15345094145548951, "81": 0.6502008205246039, "82": 0.8720945545738419, "85": 0.8363063224103566, "92": 0.9442464244826696, "99": 0.19367869466622997}