{"0": 0.4181917710998878, "1": 0.8190624518218873, "2": 0.5961566097716121, "3": 0.3616132917402537, "4": 0.5300278585024478, "5": 0.47246765062087415, "6": 0.9449277469107293, "7": 0.981232131685918, "8": 0.5118225418004367, "9": 0.5786232597120047, "10": 0.8945382671498674, "11": 0.7106176569984428, "12": 0.7024621265605537, "13": 0.6575206885205048, "14": 0.3523378564480171, "15": 0.6894578908915058, "16": 0.6391897972982408, "17": 0.8080373896898151, "18": 0.8720945545738419, "19": 0.48113657271127597, "20": 0.867007668971414, "21": 0.9865001752117635, "22": 0.9217586009312606, "23": 0.6260072594908512, "24": 0.5913379616294283, "25": 0.6365133081964953, "26": 0.9088565228601576, "27": 0.6258345276366486, "28": 0.9687175705183642, "29": 0.9949767420272078, "30": 0.9573146345238671, "31": 0.27857957614737816, "32": 0.9709483288034012, "33": 0.5389217474452883, "34": 0.46883830196425763, "35": 0.9795468084192223, "36": 0.3826792568311167, "37": 0.6391198571277452, "38": 0.7358504803283982, "40": 0.9709483288034012, "41": 0.24427880458326123, "43": 0.8082330624161995, "44": 0.5146789934748885, "45": 0.32809448982920375, "46": 0.9488360901438864, "47": 0.6130770542178015, "48": 0.6830788192248078, "49": 0.4340184493973487, "50": 0.8949258926567634, "51": -0.15345094145548951, "52": 0.7831581017980025, "59": 0.5961203245308363, "61": 0.2926714706602051, "62": 0.9382053980900551, "64": 0.9711625608873772, "66": 0.32143176252328964, "70": 0.8366841729045951, "71": 0.3806821725294668, "72": 0.9335934621781633, "73": 0.46240488548761016, "76": 0.9725010622313472, "77": 0.9131327035760779, "78": 0.49998248969032316, "81": 0.6578214786098125, "89": 0.981232131685918, "92": 0.8956786215892709, "93": 0.9672364309982049, "94": 0.7755102010027886, "96": 0.8813757932458062, "98": 0.7514639256089173, "99": 0.7039356129124688, "39": 0.8404461023348363, "42": 0.9704814302099272, "55": 0.9711625608873772, "56": 0.5812165024042464, "57": 0.8387643066529173, "58": 0.6309732015705684, "60": 0.5020702864331684, "63": 0.7669301099235952, "65": 0.9275979296429275, "69": 0.5721627863719211, "74": 0.4145992396685196, "79": 0.9983737266052923, "83": 0.2540945476489148, "86": 0.9983737266052923, "91": 0.9270169976746598, "80": 0.861102160587216, "82": 0.9539519567428785, "87": 0.8756754309304606, "88": 0.928104983247088, "90": 0.7979575173700935, "97": 0.26242612893149053, "53": 0.5479451648561884, "68": 0.9306717778743876, "84": 0.32721402352226014, "85": 0.48113657271127597, "75": 0.9476023808238805, "54": 0.43725906579497154, "67": 0.9983737266052923, "95": 0.684961249623832, "103": 0.9988882682104072, "108": 0.9098698567125048, "126": 0.9750826465612488, "138": 0.9988882682104072, "140": 0.9304763003992487, "141": 0.8903720116851059, "143": 0.1975043325266742, "146": 0.8794961698328488, "147": 0.9750826465612488, "148": 0.9573363750671867, "111": 0.9304763003992487, "112": 0.9335934621781633, "113": 0.920017648857659, "114": 0.9654973448254043, "128": 0.9713595535558777, "136": 0.8794961698328488, "139": 0.9361488673595424, "142": 0.9884989516004242, "102": 0.9072409240804903, "116": 0.9691939465332382, "119": 0.6082976936329352, "121": 0.8794961698328488, "122": 0.8830833783478265, "123": 0.5609849854360007, "124": 0.9865001752117635, "104": 0.7141588583608788, "107": 0.9865001752117635, "134": 0.8830833783478265, "100": 0.9691939465332382, "101": 0.9988882682104072, "129": 0.7365398254287008, "130": 0.9687175705183642, "105": 0.9865001752117635, "110": 0.9988882682104072, "118": 0.9140329995531735, "125": 0.8720945545738419, "144": -0.14932931480824793, "109": 0.6082976936329352, "127": -0.0475896289864841, "132": 0.9006714259588862, "115": 0.8188763159117212, "137": 0.8794961698328488, "106": 0.8720945545738419, "135": 0.9865001752117635, "120": 0.3690962936014758, "131": 0.8775265032524076, "117": 0.9493540059122985, "133": 0.9304763003992487, "145": 0.9509518987775469, "156": 0.9573363750671867, "163": 0.9865001752117635, "179": 0.920017648857659, "184": 0.8213445434803914, "186": 0.9892581571897634, "178": 0.9949767420272078, "181": 0.8213445434803914, "182": 0.8978997239936704, "183": 0.9865001752117635, "193": 0.8983851212872435, "158": 0.9713595535558777, "165": 0.8688965644538921, "166": 0.8830833783478265, "168": 0.981232131685918, "190": 0.8533643694982009, "196": 0.9140329995531735, "164": 0.9865001752117635, "169": 0.9573363750671867, "174": 0.9988882682104072, "185": 0.3885201854651707, "157": 0.9983737266052923, "173": 0.9865001752117635, "192": 0.9472676651898911, "151": 0.9830954797357201, "180": 0.9074541861500449, "159": 0.9949767420272078, "161": 0.9140329995531735, "162": 0.8794961698328488, "170": 0.981232131685918, "172": 0.9983737266052923, "177": 0.9709483288034012, "187": 0.9335934621781633, "194": 0.8446352867590317, "198": 0.9687175705183642, "150": 0.7787939383162538, "188": 0.9672702438730358, "197": 0.9983737266052923, "153": 0.8446352867590317, "189": 0.23032766890594292, "195": 0.9472676651898911, "154": 0.8463778409804674, "191": 0.9140329995531735, "171": -0.0475896289864841, "212": 0.9865001752117635, "228": 0.9000543078507882, "230": 0.9687175705183642, "210": 0.8980219409923789, "246": 0.8720945545738419, "248": 0.9335934621781633, "202": 0.9091726585479631, "236": 0.614315707939549, "206": 0.7955272601359307, "221": 0.9949767420272078, "231": 0.9667771893756375, "232": 0.14449678458109552, "244": 0.5830765794498906, "224": 0.9477068043036703, "225": 0.9006714259588862, "241": 0.9865001752117635, "242": 0.7002029063388291, "226": 0.9090796779337953, "229": 0.7818255438676718, "249": 0.8311229959955457, "214": 0.8720945545738419, "220": -0.14932931480824793, "222": 0.9988882682104072, "209": 0.9901079757944491, "227": 0.9713595535558777, "200": 0.9901079757944491, "286": 0.9013207959089523, "282": 0.7955272601359307, "259": 0.9006714259588862, "252": 0.8311229959955457, "274": 0.8794961698328488, "279": 0.8311229959955457, "149": 0.9559398348927166, "294": 0.8794961698328488, "254": 0.6526061874683491, "264": 0.9648177708588577, "256": 0.9988882682104072, "261": 0.9453520912576178, "167": 0.8311229959955457, "155": 0.3690962936014758, "152": 0.6082976936329352, "312": 0.523868503082112, "314": 0.9573363750671867, "160": 0.9983737266052923, "366": 0.9884989516004242}