{"0": 0.32734706403178393, "1": 0.2627322854765196, "2": 0.6937017042040179, "5": 0.7197444028093709, "6": 0.44285923451992903, "8": 0.6710162561767021, "10": 0.3969176417122281, "12": 0.7460705287524578, "13": 0.7310516246280467, "14": 0.6736240914879044, "16": 0.8826138623076994, "18": 0.6008533180306355, "21": 0.6852443605191594, "25": 0.8546179968153367, "27": 0.7882926866592448, "29": 0.34797179057190925, "30": 0.9949767420272078, "33": 0.4835401964444259, "34": 0.6615198674852916, "37": 0.7259759648491175, "39": 0.5450545970743234, "40": 0.817646510887517, "42": 0.5360862967549556, "44": 0.9983737266052923, "45": 0.4588647627249688, "46": 0.9217586009312606, "47": 0.7084641057301007, "48": 0.48113657271127597, "51": 0.7728339587831798, "52": 0.5173227474029743, "53": 0.8946590748691514, "58": 0.7496293598194063, "59": 0.9865001752117635, "62": 0.9587780833337113, "64": 0.981232131685918, "66": 0.7075546733458378, "67": -0.7315470602535288, "69": 0.9709483288034012, "71": 0.5454756255865651, "73": 0.9160671221351466, "80": 0.4311394891013356, "82": 0.7525834034687, "83": 0.28392914517269097, "92": 0.4789240660724923, "94": 0.7647880470317744, "97": 0.4626786673723924}