{"0": 0.585586251779141, "1": 0.7486984704920517, "2": 0.6281851859813619, "3": 0.709191963966652, "4": 0.6912728606777041, "5": 0.821305921557439, "6": 0.8225282671934525, "7": 0.8617704520453551, "8": 0.9374193455156212, "9": 0.3204432963037432, "10": 0.6490058576665056, "11": 0.6845028040895658, "12": 0.8404461023348363, "13": 0.8702891274457223, "14": 0.8316076253923786, "15": 0.978789337755493, "16": 0.7548172017930268, "17": 0.4824841605093515, "18": 0.48113657271127597, "19": 0.9672702438730358, "20": 0.6639999201866909, "21": 0.9949767420272078, "22": 0.5968611232684455, "23": 0.9442464244826696, "24": 0.146496758185714, "25": 0.9087433420173507, "26": 0.9865001752117635, "27": 0.9217586009312606, "28": 0.5066300231937129, "29": 0.2577318075870617, "30": 0.9592332369017739, "31": 0.8069083567786437, "32": 0.980133147923703, "33": 0.669902571253584, "34": 0.48113657271127597, "35": 0.510927594437441, "36": 0.5815799264342434, "37": 0.9449277469107293, "38": 0.6236376850556495, "40": 0.9988882682104072, "41": 0.8080373896898151, "43": 0.9217586009312606, "44": 0.724501135113476, "45": 0.6526061874683491, "46": 0.6134898289396189, "47": 0.9196762676827337, "48": 0.19636038889005966, "49": 0.6176878531080432, "50": 0.7979575173700935, "51": 0.6396839462327176, "52": 0.3258407263348455, "59": 0.21933176533769955, "61": 0.42615498805010804, "62": 0.9476023808238805, "64": 0.9093223456592029, "66": 0.5151448193942849, "70": 0.7768538170231494, "71": 0.9141130735845608, "72": 0.967905757640733, "73": 0.48032497671752905, "76": 0.8333468763597425, "77": 0.19925690788097875, "78": 0.9700371969819471, "81": 0.5459252308746239, "89": 0.9672364309982049, "92": 0.9488360901438864, "93": 0.5852738913371848, "94": 0.9865001752117635, "96": 0.8646846833957632, "98": 0.7750705398795075, "99": 0.6624692207649989, "39": 0.6260072594908512, "42": 0.757604564146452, "55": 0.9949767420272078, "56": 0.5353265314800478, "57": 0.8169683714073805, "58": 0.07611000750659935, "60": 0.8444621505000198, "63": 0.34384838052099814, "65": 0.525027673004182, "69": 0.981232131685918, "74": 0.78244580687781, "79": 0.8333468763597425, "83": 0.285598988770066, "86": 0.7782912029730289, "91": 0.7010120954522201, "80": 0.7637396974633953, "82": 0.11753372125423639, "87": 0.981232131685918, "88": 0.53361542765685, "90": 0.7010120954522201, "97": 0.26242612893149053, "53": 0.6258554352216742, "54": -0.15345094145548951, "67": 0.9983737266052923, "68": 0.9865001752117635, "75": 0.981232131685918, "84": 0.8720945545738419, "85": 0.5277737546931864, "95": 0.7905656216233836, "103": 0.9988882682104072, "108": 0.5889403031341445, "126": 0.9750826465612488, "138": 0.9988882682104072, "140": 0.9304763003992487, "141": 0.8903720116851059, "143": 0.7542819936537983, "146": 0.2133538004266336, "147": 0.8070834178164799, "148": 0.8539561459452504, "111": 0.6841842060168638, "112": 0.8366841729045951, "113": 0.7216597150738794, "114": 0.9654973448254043, "128": 0.9713595535558777, "136": 0.9316966264562736, "139": 0.9035564895735866, "142": 0.9884989516004242, "102": 0.6976640694544081, "116": 0.9691939465332382, "119": 0.8720945545738419, "121": 0.8794961698328488, "122": 0.9685981925243182, "123": 0.5609849854360007, "124": 0.9710685701243187, "104": 0.7141588583608788, "107": 0.9865001752117635, "134": 0.9687175705183642, "100": 0.8809396244696035, "101": 0.9988882682104072, "129": 0.7365398254287008, "130": 0.7260287547211197, "105": 0.9865001752117635, "110": 0.5035165233430865, "118": 0.3555124132857857, "125": 0.838582200181095, "144": -0.14932931480824793, "109": 0.6082976936329352, "127": -0.27496486801528375, "132": 0.9006714259588862, "115": 0.6487520872752499, "137": 0.6065172432281717, "106": 0.8720945545738419, "135": 0.9865001752117635, "120": 0.7010120954522201, "131": 0.8775265032524076, "117": 0.9493540059122985, "133": 0.9304763003992487, "145": 0.3866188030287403, "156": 0.9573363750671867, "163": 0.9865001752117635, "179": 0.920017648857659, "184": 0.8213445434803914, "186": 0.9892581571897634, "178": 0.9949767420272078, "181": 0.8213445434803914, "182": 0.8978997239936704, "183": 0.9865001752117635, "193": 0.8983851212872435, "158": 0.9713595535558777, "165": 0.8688965644538921, "166": 0.8830833783478265, "168": 0.981232131685918, "190": 0.8533643694982009, "196": 0.9140329995531735, "164": 0.9865001752117635, "169": 0.9573363750671867, "174": 0.9988882682104072, "185": 0.3885201854651707, "157": 0.9983737266052923, "173": 0.9865001752117635, "192": 0.9472676651898911, "151": 0.9830954797357201, "180": 0.9074541861500449, "159": 0.9949767420272078, "161": 0.9140329995531735, "162": 0.8794961698328488, "170": 0.981232131685918, "172": 0.9983737266052923, "177": 0.9709483288034012, "187": 0.9335934621781633, "194": 0.8446352867590317, "198": 0.9687175705183642, "150": 0.7787939383162538, "188": 0.9672702438730358, "197": 0.9983737266052923, "153": 0.8446352867590317, "189": 0.23032766890594292, "195": 0.9472676651898911, "154": 0.8463778409804674, "191": 0.9140329995531735, "171": -0.0475896289864841, "212": 0.9865001752117635, "228": 0.9000543078507882, "230": 0.9687175705183642, "210": 0.8980219409923789, "246": 0.8720945545738419, "248": 0.9335934621781633, "202": 0.9091726585479631, "236": 0.614315707939549, "206": 0.7955272601359307, "221": 0.9949767420272078, "231": 0.9667771893756375, "232": 0.14449678458109552, "244": 0.5830765794498906, "224": 0.9477068043036703, "225": 0.9006714259588862, "241": 0.9865001752117635, "242": 0.7002029063388291, "226": 0.9090796779337953, "229": 0.7818255438676718, "249": 0.8311229959955457, "214": 0.8720945545738419, "220": -0.14932931480824793, "222": 0.9988882682104072, "209": 0.9901079757944491, "227": 0.9713595535558777, "200": 0.9901079757944491, "286": 0.9013207959089523, "282": 0.7955272601359307, "259": 0.9006714259588862, "252": 0.8311229959955457, "274": 0.8794961698328488, "279": 0.8311229959955457, "149": 0.9559398348927166, "294": 0.8794961698328488, "254": 0.6526061874683491, "264": 0.9648177708588577, "256": 0.9988882682104072, "261": 0.9453520912576178, "167": 0.8311229959955457, "155": 0.3690962936014758, "152": 0.6082976936329352, "312": 0.523868503082112, "314": 0.9573363750671867, "160": 0.9983737266052923, "366": 0.9884989516004242}