{"0": 0.9180753773976005, "1": 0.38760331019552174, "2": 0.5427235359093621, "3": 0.056001987640804884, "4": 0.3413115896512585, "5": 0.9204330867250647, "6": 0.6487111246053656, "7": 0.8773368069598443, "8": 0.8788880028505913, "9": 0.585586251779141, "10": 0.6496584943774282, "11": 0.5529514926835444, "12": 0.7312754712786516, "13": 0.7240934602680082, "14": 0.29064563727233195, "15": 0.6414593545548871, "16": 0.7233347450595491, "17": 0.9949767420272078, "18": 0.8720945545738419, "19": 0.5505874745404613, "20": 0.8291811375193812, "21": 0.0007355724337304952, "22": 0.7010120954522201, "23": 0.2426076079258914, "24": 0.8605233511537933, "25": 0.9217586009312606, "26": 0.6260072594908512, "27": 0.9304763003992487, "28": 0.48113657271127597, "29": 0.7831581017980025, "30": 0.44816854223686137, "31": 0.5412703501872008, "32": 0.5716382611875522, "33": 0.7909278548609134, "34": 0.9710685701243187, "35": 0.7782912029730289, "36": 0.8998608695186467, "37": 0.6451319466072196, "38": 0.7658701887411197, "40": 0.48113657271127597, "41": 0.5483982320747937, "43": 0.8192217898519648, "44": 0.9711625608873772, "45": 0.7519712883469236, "46": 0.6757514758563474, "47": 0.432849665100872, "48": 0.41330911225476274, "49": 0.7844483257483779, "50": 0.892599120333043, "51": 0.8546179968153367, "52": 0.7995379471101176, "59": 0.9635051318471994, "61": 0.852279079366884, "62": 0.6774506021333373, "64": 0.8813757932458062, "66": 0.7124889608712404, "70": 0.7709655471410095, "71": 0.9652258575357737, "72": 0.9604526003642835, "73": 0.7782912029730289, "76": 0.9865001752117635, "77": 0.5834605390105491, "78": 0.7056555443454842, "81": 0.7878755866931534, "89": 0.3014277915473468, "92": 0.8463778409804674, "93": 0.8938772884269843, "94": 0.8949258926567634, "96": 0.7562046008681019, "98": 0.8438008867852488, "99": 0.9830954797357201, "39": 0.8128551965592921, "42": 0.5358827365043197, "55": 0.18742208052071746, "56": 0.9488360901438864, "57": 0.9157957284855488, "58": -0.09740444977699367, "60": 0.43127191623392575, "63": 0.981232131685918, "65": 0.9275979296429275, "69": 0.9983737266052923, "74": 0.444022583552224, "79": 0.7053250850897668, "83": 0.47292511049119035, "86": 0.8412715584598364, "91": 0.16466615010754376, "80": 0.9710685701243187, "82": 0.6774506021333373, "87": 0.9363102851791325, "88": 0.42689858034869493, "90": 0.981232131685918, "97": 0.3753185792789216, "53": 0.38680628602894435, "68": 0.9865001752117635, "84": 0.20719309844180892, "85": 0.7127301950855451, "75": 0.8942408761264726, "54": 0.981232131685918, "67": 0.6487520872752499, "95": 0.7061591025242245, "103": 0.20012758191213706, "108": 0.7790407005190296, "126": 0.9335934621781633, "138": 0.7336565076444184, "140": 0.7075546733458378, "141": 0.9488360901438864, "143": 0.5414288426756773, "146": 0.7665306916872099, "147": 0.7116043175588809, "148": 0.8032774357579702, "111": 0.8128551965592921, "112": 0.4765936563700954, "113": 0.981232131685918, "114": 0.7350175740056812, "128": 0.9635051318471994, "136": 0.8546179968153367, "139": 0.11022634423339536, "142": 0.8739450406691072, "102": 0.8830281235644627, "116": 0.6805693877472758, "119": 0.6645511274365897, "121": 0.684961249623832, "122": 0.9727827329965694, "123": 0.9687175705183642, "124": 0.9488360901438864, "104": 0.8720945545738419, "107": 0.5874343959391126, "134": 0.7782912029730289, "100": 0.9196762676827337, "101": 0.6236955654053149, "129": 0.9472676651898911, "130": 0.8366841729045951, "105": 0.6082976936329352, "110": 0.31386290128369077, "118": 0.7909358414504506, "125": 0.980133147923703, "144": 0.9180753773976005, "109": 0.8830833783478265, "127": -0.0475896289864841, "132": 0.8261204300060645, "115": 0.7673073094502596, "137": 0.9687175705183642, "106": 0.980133147923703, "135": 0.9711625608873772, "120": 0.8813445872824865, "131": 0.980133147923703, "117": 0.4714914322279635, "133": 0.6345900579021699, "145": 0.7016430386802859, "156": 0.9573363750671867, "163": 0.9865001752117635, "179": 0.920017648857659, "184": 0.8213445434803914, "186": 0.9892581571897634, "178": 0.9949767420272078, "181": 0.8213445434803914, "182": 0.8978997239936704, "183": 0.9865001752117635, "193": 0.8983851212872435, "158": 0.9713595535558777, "165": 0.8688965644538921, "166": 0.8830833783478265, "168": 0.981232131685918, "190": 0.8533643694982009, "196": 0.9140329995531735, "164": 0.9865001752117635, "169": 0.9573363750671867, "174": 0.9988882682104072, "185": 0.3885201854651707, "157": 0.9983737266052923, "173": 0.9865001752117635, "192": 0.9472676651898911, "151": 0.9830954797357201, "180": 0.9074541861500449, "159": 0.9949767420272078, "161": 0.9140329995531735, "162": 0.8794961698328488, "170": 0.981232131685918, "172": 0.9983737266052923, "177": 0.9709483288034012, "187": 0.9335934621781633, "194": 0.8446352867590317, "198": 0.9687175705183642, "150": 0.7787939383162538, "188": 0.9672702438730358, "197": 0.9983737266052923, "153": 0.8446352867590317, "189": 0.23032766890594292, "195": 0.9472676651898911, "154": 0.8463778409804674, "191": 0.9140329995531735, "171": -0.0475896289864841, "212": 0.9865001752117635, "228": 0.9000543078507882, "230": 0.9687175705183642, "210": 0.8980219409923789, "246": 0.8720945545738419, "248": 0.9335934621781633, "202": 0.9091726585479631, "236": 0.614315707939549, "206": 0.7955272601359307, "221": 0.9949767420272078, "231": 0.9667771893756375, "232": 0.14449678458109552, "244": 0.5830765794498906, "224": 0.9477068043036703, "225": 0.9006714259588862, "241": 0.9865001752117635, "242": 0.7002029063388291, "226": 0.9090796779337953, "229": 0.7818255438676718, "249": 0.8311229959955457, "214": 0.8720945545738419, "220": -0.14932931480824793, "222": 0.9988882682104072, "209": 0.9901079757944491, "227": 0.9713595535558777, "200": 0.9901079757944491, "286": 0.9013207959089523, "282": 0.7955272601359307, "259": 0.9006714259588862, "252": 0.8311229959955457, "274": 0.8794961698328488, "279": 0.8311229959955457, "149": 0.8316076253923786, "294": 0.8794961698328488, "254": 0.6526061874683491, "264": 0.9648177708588577, "256": 0.9988882682104072, "261": 0.9453520912576178, "167": 0.8311229959955457, "155": 0.3690962936014758, "152": 0.6082976936329352, "312": 0.523868503082112, "314": 0.9573363750671867, "160": 0.9983737266052923, "366": 0.9884989516004242}