{"0": 0.5968611232684455, "1": 0.9141130735845608, "2": 0.7766701728824585, "3": 0.8737673884645086, "4": 0.3366835704077431, "5": 0.6063257963673114, "6": 0.790681683046295, "7": 0.4183847681953678, "8": 0.5247123185998133, "9": 0.6568880500244708, "10": 0.25215862855249815, "11": 0.8333468763597425, "12": 0.660673913766087, "13": 0.8192778384406973, "14": 0.9093223456592029, "15": 0.6733213007476928, "16": 0.9983737266052923, "17": 0.8663412539970857, "18": 0.6260072594908512, "19": 0.8475814908605418, "20": 0.8809396244696035, "21": 0.8016408203693159, "22": 0.27361805570435394, "23": 0.6483649120148243, "24": 0.7118498745234291, "25": 0.8937292646683588, "26": 0.8216912714609571, "28": 0.6821030813261982, "29": 0.6491935015945167, "30": 0.26136390952185357, "31": 0.7421370146148252, "32": 0.9949767420272078, "33": 0.6258554352216742, "34": 0.6685812721607511, "35": 0.8311229959955457, "37": 0.6134898289396189, "38": -0.0020026099042433354, "39": 0.9604526003642835, "40": 0.4214769469478127, "41": 0.48113657271127597, "42": 0.41247311771951933, "43": 0.5195850373691462, "44": 0.9573146345238671, "45": 0.857209295739242, "46": 0.5292378121730696, "47": 0.9217586009312606, "48": 0.34384838052099814, "49": 0.8128551965592921, "50": 0.2946949958068197, "51": 0.6675598990625902, "53": 0.9196103769215027, "54": 0.6632782758195849, "55": 0.7646757269224965, "56": 0.7425417598060612, "58": 0.981232131685918, "59": 0.26484325732179576, "60": 0.8444621505000198, "62": 0.8166624341328735, "63": 0.921999206994456, "64": 0.8960944809249964, "66": 0.7075546733458378, "67": 0.8928144447523121, "69": 0.5921071972552718, "71": 0.7634150330236524, "72": 0.5320489077677621, "73": 0.9315684879650371, "74": 0.45249296539230627, "77": 0.9865001752117635, "78": 0.9476023808238805, "80": -0.03156587147432149, "81": 0.5326540835340539, "83": 0.5685866553822061, "84": 0.6196188954656859, "85": 0.9270169976746598, "86": 0.48574099681186145, "87": 0.7637396974633953, "88": 0.8646846833957632, "89": 0.6733559840239098, "90": 0.9335934621781633, "91": 0.8756754309304606, "92": 0.9771451713702621, "95": 0.5120501550986825, "97": 0.9711625608873772}