{"0": 0.6306760686236504, "1": 0.8563047907040364, "2": 0.8839710100909577, "3": 0.5228224924200412, "4": 0.5929463479178985, "5": 0.4978696089000355, "6": 0.431706758467808, "7": 0.5039298302607855, "8": 0.9006714259588862, "9": 0.9949767420272078, "10": 0.9865001752117635, "11": 0.9988882682104072, "12": 0.9750826465612488, "13": 0.9573363750671867, "14": 0.9983737266052923, "15": 0.8720945545738419, "16": 0.9830954797357201, "17": 0.9884989516004242, "18": 0.8794961698328488, "19": 0.9140329995531735, "20": 0.9559398348927166}