{"0": 0.4816834332266843, "1": 0.7146534890473241, "2": 0.9217586009312606, "3": 0.6260072594908512, "4": 0.9704814302099272, "5": 0.757604564146452, "6": 0.9711625608873772, "7": 0.9709483288034012, "8": 0.9204330867250647, "9": 0.9949767420272078, "10": 0.9180753773976005, "11": 0.9865001752117635, "12": 0.9983737266052923, "13": 0.9472676651898911, "39": 0.9642811283825925, "43": 0.923552343380839, "46": 0.7016430386802859, "129": 0.9382053980900551}