{"0": 0.5894869790125996, "1": 0.5026522738227703, "2": 0.33964232240690684, "3": 0.7193369430604821, "4": 0.922705653532762, "5": 0.8502760426892202, "6": 0.9021221516449848, "7": 0.8192778384406973, "8": 0.9032334825999139, "9": 0.43630621520808116, "10": 0.9093223456592029, "11": 0.3266097069010509, "12": 0.901748777249892, "13": 0.9309065637866576, "14": 0.2011426332164294, "15": 0.5372819131295028, "16": 0.7333646870331082, "17": 0.8311229959955457, "18": 0.8333468763597425, "19": 0.6526061874683491, "20": 0.8366841729045951, "21": 0.6061367038825813, "22": 0.9304763003992487, "23": 0.8188763159117212, "24": 0.6487520872752499, "25": 0.9949767420272078, "26": 0.9988882682104072, "27": 0.9129039455580766, "28": 0.9983737266052923, "29": 0.9687175705183642, "30": 0.8720945545738419, "31": 0.981232131685918, "32": 0.8272030732920543, "33": 0.8794961698328488, "34": 0.8280814828306626, "35": 0.9072409240804903, "36": 0.9453520912576178, "37": -0.0475896289864841, "38": 0.6082976936329352, "39": 0.9713595535558777, "40": 0.9096911896636037, "41": 0.9865001752117635, "42": 0.9140329995531735}