{"0": 0.6213730950621674, "1": 0.8884864159774697, "2": 0.8192778384406973, "3": 0.8311229959955457, "4": 0.9949767420272078, "5": 0.9779848608639259, "6": 0.9865001752117635, "7": 0.9988882682104072, "8": 0.9750826465612488, "9": 0.9983737266052923, "10": 0.9892581571897634, "11": 0.9884989516004242, "12": 0.8794961698328488, "13": 0.9140329995531735, "161": 0.9432151547278886}