{"0": 0.4829697109078552, "1": 0.9709483288034012, "2": 0.9949767420272078, "5": 0.7728339587831798, "14": 0.7326221384542327, "17": 0.9150573886401242, "20": 0.8393246252828264, "21": 0.6983952161286942, "37": 0.716682951966982, "40": 0.9442464244826696, "45": 0.7979575173700935, "62": 0.5241478553875311}