{"0": 0.46834288941067903, "1": 0.9949767420272078}