{"0": 0.6278105861061816, "1": 0.7120793604992592, "2": 0.4803332562264319, "3": 0.3465754776547041, "4": 0.6670813095466601, "5": 0.6083797331854903, "6": 0.5786232597120047, "7": 0.3212360343744641, "8": 0.6979993157966012, "9": 0.5732567749909125, "10": 0.9709483288034012, "11": 0.9949767420272078, "12": 0.9865001752117635, "41": 0.7867217720209136, "51": 0.6642102790262996, "53": 0.9214859910388071, "59": -0.3811017271601853, "68": 0.9442464244826696}