{"0": 0.4183847681953678, "1": 0.5968611232684455, "2": 0.691751106621022, "3": 0.27361805570435394, "4": 0.5247123185998133, "5": 0.8475814908605418, "6": 0.5513144173319915, "7": 0.8937292646683588, "8": 0.6733213007476928, "9": 0.721825734073164, "10": 0.7554609097433675, "11": 0.26136390952185357, "12": 0.46912644829314326, "13": 0.660673913766087, "14": 0.8016408203693159, "15": 0.3366835704077431, "16": 0.5198685220641122, "17": 0.0882759782354223, "18": 0.557010402473584, "19": 0.8444621505000198, "20": 0.11661037297160878, "21": 0.8192778384406973, "22": 0.3778574483795422, "23": 0.9021221516449848, "24": 0.7849634154001839, "25": 0.9093223456592029, "26": 0.6258554352216742, "27": 0.2667876912297211, "28": 0.48113657271127597, "29": 0.8727104168106703, "30": 0.5292378121730696, "31": 0.943959991281367, "32": 0.241745682774616, "33": 0.8755225610321277, "34": 0.6685812721607511, "35": 0.8333468763597425, "36": 0.8646846833957632, "37": 0.8642616605705435, "38": 0.6491935015945167, "39": 0.8311229959955457, "40": 0.901748777249892, "41": 0.9217586009312606, "42": 0.9141130735845608, "43": 0.6260072594908512, "44": 0.7637396974633953, "45": 0.6526061874683491, "46": 0.8809396244696035, "47": 0.7634150330236524, "48": 0.7075546733458378, "49": 0.9432447077790973, "50": 0.6821030813261982, "51": 0.5685866553822061, "52": 0.730393459622743, "53": 0.23032766890594292, "54": 0.8216912714609571, "55": 0.799615023321244, "56": 0.921999206994456, "57": 0.9711625608873772, "58": 0.8128551965592921, "59": 0.6733559840239098, "60": 0.7425417598060612, "61": 0.8126874765373676, "62": -0.03156587147432149, "63": 0.16671988941425248, "64": 0.6013506347590544, "65": 0.9114128703941509, "66": 0.9865001752117635, "67": 0.6082976936329352, "68": 0.9949767420272078, "69": 0.684961249623832, "70": 0.7010120954522201, "71": 0.832860782860757, "72": 0.5120501550986825, "73": 0.8655817455287372, "74": 0.48607992823877844, "75": 0.9129039455580766, "76": 0.8720945545738419, "77": 0.9983737266052923, "78": 0.9700371969819471, "79": 0.9096911896636037, "80": 0.9335934621781633, "81": 0.9713595535558777, "82": 0.34384838052099814, "83": 0.8331087363663148, "84": 0.981232131685918, "85": 0.9298097197394065, "86": 0.6196188954656859, "87": 0.8756754309304606, "88": 0.9476023808238805}