{"0": 0.4693494495140088, "1": 0.9949767420272078, "5": 0.6359125783382944, "14": 0.7127301950855451}