{"0": 0.5609849854360007, "1": 0.7816386235745061, "2": 0.8192778384406973, "3": 0.8311229959955457, "4": 0.9949767420272078, "5": 0.9687237924699306, "6": 0.9865001752117635, "7": 0.9988882682104072, "8": 0.9983737266052923, "9": 0.9892581571897634, "10": 0.8794961698328488}