{"0": 0.4221235022405473, "1": 0.613901327862107, "2": 0.5247123185998133, "3": 0.8536357420102894, "4": 0.9097043845728758, "5": 0.7837784697079344, "6": 0.2766104727276304, "7": 0.6623738443135211, "8": 0.9021221516449848, "9": 0.786565829456501, "10": 0.8192778384406973, "11": 0.47375041638672777, "12": 0.8727104168106703, "13": 0.6236955654053149, "14": 0.48113657271127597, "15": 0.3266097069010509, "16": 0.1416938655417028, "17": 0.9141130735845608, "18": 0.901748777249892, "19": 0.8688965644538921, "20": 0.8766664135836837, "21": 0.8809396244696035, "22": 0.48652483919001444, "23": 0.8311229959955457, "24": 0.9181169426857589, "25": 0.6526061874683491, "26": 0.7684849226889559, "27": 0.8333468763597425, "28": 0.757604564146452, "29": 0.967905757640733, "30": 0.9711625608873772, "31": 0.8366841729045951, "32": 0.8271072745261993, "33": 0.7466890867450248, "34": 0.9777812587919528, "35": 0.9949767420272078, "36": 0.8272030732920543, "37": 0.9335934621781633, "38": 0.9865001752117635, "39": 0.609225864488296, "40": 0.9988882682104072, "41": 0.8655817455287372, "42": 0.7010120954522201, "43": 0.9983737266052923, "44": 0.9687175705183642, "45": 0.8720945545738419, "46": 0.981232131685918, "47": 0.9713595535558777, "48": 0.9488360901438864, "49": 0.9129039455580766, "50": 0.832860782860757, "51": 0.6082976936329352, "52": 0.9472676651898911, "53": -0.0475896289864841, "54": -0.2533528214200177, "55": 0.8794961698328488, "239": 0.4033164774183561}