{"0": 0.6670709949348679, "1": 0.693995244630673, "2": 0.5105773880893474, "3": 0.6258554633767097, "4": 0.3298650796657533, "5": 0.4821206785541592, "6": 0.6598513377750266, "7": 0.4395665977849618, "8": 0.37757518169452875, "9": 0.6625643685694007, "10": 0.967905757640733, "11": 0.8830833783478265, "12": 0.9949767420272078, "13": 0.9592332369017739, "14": 0.9865001752117635, "15": 0.9573363750671867, "16": 0.9983737266052923, "17": 0.8720945545738419, "18": 0.981232131685918, "19": 0.9472676651898911, "80": 0.9703889040133444}