{"0": 0.4316606553737613, "1": 0.5894869790125996, "2": 0.5247123185998133, "3": 0.691751106621022, "4": 0.922705653532762, "5": 0.8458853891381444, "6": 0.7837784697079344, "7": 0.8016408203693159, "8": 0.6653534822950975, "9": 0.33242742082889554, "10": 0.21530035847232937, "11": 0.9021221516449848, "12": 0.47375041638672777, "13": 0.8192778384406973, "14": 0.48113657271127597, "15": 0.8727104168106703, "16": 0.1416938655417028, "17": 0.6685812721607511, "18": 0.6236955654053149, "19": 0.9093223456592029, "20": 0.9217586009312606, "21": 0.8688965644538921, "22": 0.9141130735845608, "23": 0.901748777249892, "24": 0.7684849226889559, "25": 0.8809396244696035, "26": 0.8311229959955457, "27": 0.8333468763597425, "28": 0.6526061874683491, "29": 0.841121674857908, "30": 0.8366841729045951, "31": 0.8128551965592921, "32": 0.3704862501212974, "33": 0.7437328602714011, "34": 0.7419184683448392, "35": 0.8697134878509117, "36": 0.8271072745261993, "37": 0.7466890867450248, "38": 0.9709483288034012, "39": -0.03156587147432149, "40": 0.9949767420272078, "41": 0.9592332369017739, "42": 0.9988882682104072, "43": 0.6413911019625415, "44": 0.9129039455580766, "45": 0.9983737266052923, "46": 0.9777812587919528, "47": 0.8655817455287372, "48": 0.9687175705183642, "49": 0.8720945545738419, "50": 0.981232131685918, "51": 0.8794961698328488, "52": 0.9335934621781633, "53": 0.978789337755493, "54": 0.7010120954522201, "55": 0.832860782860757, "56": -0.0475896289864841, "57": 0.9074541861500449, "58": 0.9472676651898911, "59": 0.9488360901438864, "60": 0.6082976936329352, "61": 0.9713595535558777, "62": 0.9096911896636037, "63": 0.9865001752117635}