{"0": 0.4889469601035178, "1": 0.7040221498182992, "2": 0.9709483288034012, "3": 0.9949767420272078, "4": 0.9865001752117635, "20": 0.9157957284855488, "23": 0.8585042283484113, "34": 0.716682951966982, "38": 0.9442464244826696, "44": 0.8491020066480099, "61": 0.5241478553875311}