{"0": 0.47486778243777245, "1": 0.9949767420272078, "7": 0.697098093765025, "19": 0.7721440652032403}