{"0": 0.6243909499795006, "1": 0.4497397293423865, "2": 0.6231623733308559, "3": 0.6180032137120303, "4": 0.3044702229552247, "5": 0.5786232597120047, "6": 0.6908391773016769, "7": 0.6734697519888497, "8": 0.4500663825590011, "9": 0.9949767420272078, "19": 0.174791294480651, "22": 0.7085155829161232, "23": 0.4023179863990214, "24": 0.600346748101412}