{"0": 0.48816849551775415, "1": 0.721825734073164, "2": 0.6491935015945167, "3": 0.9217586009312606, "4": 0.6260072594908512, "5": 0.9315684879650371, "6": 0.9711625608873772, "7": 0.8216912714609571, "8": 0.9949767420272078, "9": 0.9476023808238805, "10": 0.8843497809749714, "11": 0.34384838052099814, "12": 0.9865001752117635, "18": 0.8881779374211001, "26": -0.2111819922341467, "35": 0.5220569662425524, "40": 0.7721440652032403, "45": 0.4100212176237697}