{"2": -0.05947940116387236, "3": 0.3902651067663382, "5": 0.9149068217490111, "6": 0.4336227417548755, "8": 0.4672865082305505, "9": 0.9983737266052923, "10": 0.8027078568868393, "11": 0.8809396244696035, "12": 0.5808710367540273, "17": 0.9006714259588862, "18": 0.7863976464699463, "19": 0.905853298347148, "24": 0.8522366374522539, "25": 0.9709483288034012, "26": 0.48113657271127597, "28": 0.6979304116947773, "35": 0.8088569643002035, "40": 0.6351715404912821, "41": 0.9217586009312606, "43": 0.7673952704005897, "45": 0.7613855755650674, "48": 0.5092427551869201, "51": 0.5416435707772572, "52": 0.9239777041182415, "54": 0.8231007787640447, "55": 0.8867169976574325, "57": 0.7127301950855451, "58": 0.757604564146452, "59": 0.2926714706602051, "61": 0.980133147923703, "62": 0.9180753773976005, "66": 0.3014277915473468, "68": 0.6487520872752499, "72": 0.423370920537801, "74": 0.5921071972552718, "75": 0.46068117197941727, "84": 0.9865001752117635, "87": 0.7313608884225056, "88": 0.8192778384406973, "89": 0.9711625608873772, "90": 0.3989239893245096, "95": 0.7910066852120582, "97": 0.7116043175588809, "99": 0.525027673004182}