{"0": 0.40217635789015344, "1": 0.6794410337284698, "2": 0.9750179774821126, "5": 0.4176578035596632, "6": 0.6283327848009077, "7": 0.9949767420272078, "8": 0.25468504654756585, "9": 0.7831581017980025, "11": 0.7330839950398977, "13": 0.9672364309982049, "16": 0.839205437554883, "17": 0.921999206994456, "22": 0.7001148781292932, "23": 0.5452004399298012, "24": 0.9400893943910009, "25": 0.540146287693394, "27": 0.7016430386802859, "32": 0.9260564578793168, "34": 0.39866427609668015, "36": 0.9315035945790253, "38": 0.9711625608873772, "40": 0.9865001752117635, "45": 0.6369250265471625, "52": 0.9275979296429275, "54": 0.811352602521108, "55": 0.8366841729045951, "57": 0.9433904696675944, "58": 0.8950063442267066, "60": 0.9217586009312606, "63": 0.47512292906934234, "66": 0.9180753773976005, "75": 0.9006714259588862, "79": 0.8261349846220349, "83": 0.7427687064152565, "84": 0.4000928459978755, "85": 0.733402937629024, "89": 0.7159355821166526, "90": 0.716682951966982, "93": 0.8128551965592921, "94": 0.17658532089515597, "95": 0.7295545205150695, "97": 0.9830954797357201, "99": 0.981232131685918}