{"1": 0.46650652144138216, "2": 0.9125249009341821, "3": 0.5509321997381238, "4": 0.6004853144983282, "5": 0.7162845629574075, "7": 0.7273776453312861, "8": 0.5761385373981732, "11": 0.4375737936927083, "15": 0.8237045549689372, "20": 0.4429874533973148, "22": 0.32138251537511126, "23": 0.7614327381216621, "26": 0.829497539072324, "27": 0.45082019456632677, "28": 0.7364689297471522, "31": 0.6256579328382524, "33": 0.8207388231711756, "34": 0.9949767420272078, "40": 0.6909149812238873, "42": 0.9140329995531735, "45": 0.5179532207501987, "46": 0.7749652757455003, "48": 0.7979756133661735, "49": 0.8143761035424105, "52": 0.606912089331346, "58": 0.4056986861067123, "59": 0.12257566288700456, "61": 0.981232131685918, "64": 0.6513523891747484, "65": 0.38157612765688326, "67": 0.6487520872752499, "68": 0.967905757640733, "69": 0.4795018005770679, "70": 0.7823929335503835, "71": 0.5547459930806762, "75": 0.6142527708587837, "78": 0.6260072594908512, "81": 0.9488360901438864, "83": 0.8930536286492925, "84": 0.9470273428212816, "88": 0.5055066832743058, "89": 0.943959991281367, "91": 0.7127301950855451, "92": 0.927095949510983, "95": -0.2927296876967831, "97": 0.7040231863301317, "98": 0.2697191644836416}