{"3": 0.28258072001138895, "4": 0.9711625608873772, "6": 0.8206233499722297, "8": 0.9149068217490111, "10": 0.881429937957529, "12": 0.5305206080161959, "13": 0.45706254725219053, "17": 0.551436336646324, "21": 0.3651769676308669, "25": 0.6487520872752499, "26": 0.9217586009312606, "29": 0.4016831204738682, "30": 0.7116445171849708, "36": 0.6302996890934267, "41": 0.8764878462924244, "43": 0.34384838052099814, "45": 0.6260072594908512, "55": 0.444085150009302, "59": 0.8366841729045951, "61": 0.7831581017980025, "62": 0.7329397434658966, "66": 0.6347076840175263, "68": 0.9709483288034012, "69": 0.9488360901438864, "72": 0.6505613582650023, "74": 0.7456106622634662, "75": 0.9983737266052923, "76": 0.9865001752117635, "77": 0.48113657271127597, "79": 0.6481146445658299, "82": 0.8385403068918958, "85": 0.6123724918772567, "86": 0.8496434856931712, "88": 0.9442464244826696, "89": 0.6831037492617165, "92": 0.7010120954522201, "95": 0.4809908759181738, "98": 0.6996649243942862, "99": 0.6511312545625654}