{"0": 0.5195850373691462, "1": 0.7366197017781044, "3": 0.8311229959955457, "4": 0.6491935015945167, "6": 0.9093223456592029, "7": 0.5968611232684455, "8": 0.665499442233564, "9": 0.9709483288034012, "12": 0.890252696998722, "15": 0.823052821522018, "16": 0.9539519567428785, "17": 0.8016408203693159, "19": 0.29830921354618783, "20": 0.5443430367161408, "21": 0.6405103089965776, "22": 0.9114128703941509, "23": 0.5198685220641122, "24": 0.6623738443135211, "25": 0.9711625608873772, "26": 0.8475814908605418, "27": 0.5685866553822061, "28": 0.684961249623832, "29": 0.8128551965592921, "30": 0.9217586009312606, "32": 0.6660061161127879, "34": 0.9901079757944491, "36": 0.7637396974633953, "37": 0.20270924568334603, "38": 0.38546998491283, "39": 0.9476023808238805, "40": 0.8216912714609571, "41": 0.6258554352216742, "43": 0.6526061874683491, "44": 0.7936131878218597, "45": 0.6790135154365622, "46": 0.8190139110390371, "47": 0.8809396244696035, "48": 0.6397620421540968, "49": 0.26136390952185357, "50": 0.3778574483795422, "51": 0.6733559840239098, "53": 0.24026320963650222, "54": 0.9713595535558777, "56": 0.44123658792863535, "57": 0.8444621505000198, "58": 0.9700371969819471, "59": 0.759446667476653, "60": 0.5292378121730696, "61": 0.9771451713702621, "62": 0.9865001752117635, "64": 0.3973344625842787, "65": 0.8126874765373676, "66": 0.9315684879650371, "67": 0.496721183402499, "68": 0.48113657271127597, "69": 0.9472676651898911, "71": 0.0882759782354223, "72": 0.557010402473584, "73": 0.8756754309304606, "74": 0.9949767420272078, "75": 0.6685812721607511, "76": 0.8188900965732564, "77": 0.27361805570435394, "78": 0.9053622125320325, "79": 0.7925021752895591, "80": 0.7910066852120582, "84": 0.6196188954656859, "85": 0.6260072594908512, "86": 0.7849634154001839, "87": 0.7646757269224965, "91": 0.981232131685918, "92": 0.6850239603710482, "94": 0.424062593700137, "95": -0.0947404194997906, "96": 0.7425417598060612, "97": 0.9021221516449848, "99": 0.7923975123858403}