{"0": 0.8756754309304606, "1": 0.5070644983107764, "2": 0.6313731905431029, "3": 0.6685812721607511, "4": 0.7320375535676165, "5": 0.6258554352216742, "6": 0.9472676651898911, "7": 0.8475814908605418, "8": 0.8333468763597425, "9": 0.9021221516449848, "10": 0.6641764512633053, "12": 0.5226561103938252, "13": 0.5896092488634156, "15": 0.8930517545549164, "16": 0.7923975123858403, "17": 0.8855582933308288, "18": -0.0020026099042433354, "19": 0.9462769360884645, "20": 0.8386117230641417, "21": 0.6260072594908512, "22": 0.8216912714609571, "27": 0.9983737266052923, "28": 0.7617414539305428, "29": 0.5198685220641122, "31": 0.48113657271127597, "32": 0.9711625608873772, "33": 0.921999206994456, "35": 0.9270169976746598, "36": 0.7285463549199336, "37": 0.2667876912297211, "38": 0.8192778384406973, "39": 0.9988882682104072, "41": 0.7899876622435141, "42": 0.9114128703941509, "43": 0.7646757269224965, "44": 0.5320489077677621, "46": 0.9476023808238805, "47": 0.6526061874683491, "48": 0.9141130735845608, "49": 0.9217586009312606, "50": 0.9091135273767043, "51": 0.46912644829314326, "52": 0.981232131685918, "53": 0.8438756745070317, "54": 0.3969970383967361, "56": 0.7139693625813319, "57": 0.9709483288034012, "58": 0.6733213007476928, "59": 0.6865103132114241, "62": 0.32084236499177765, "63": 0.5220569662425524, "65": 0.9700371969819471, "66": 0.27361805570435394, "68": 0.9129039455580766, "70": 0.8316076253923786, "71": 0.7634150330236524, "72": 0.8444621505000198, "74": 0.6733559840239098, "75": 0.3868660647879123, "76": 0.7914189575266604, "78": 0.26136390952185357, "81": 0.8128551965592921, "82": 0.684961249623832, "83": 0.7425417598060612, "85": 0.5754584169068562, "86": 0.42562574446924406, "87": 0.11661037297160878, "88": 0.9865001752117635, "89": 0.3778574483795422, "90": 0.8843497809749714, "92": 0.857209295739242, "93": 0.8016408203693159, "94": 0.8178413482602938, "96": 0.41247311771951933, "97": 0.9539519567428785, "98": 0.25917053223486763, "99": 0.5491460932542862}