{"0": 0.6049379440348177, "1": 0.9318625117538578, "2": 0.5987456197062906, "5": 0.641545002654185, "6": 0.8444225087962884, "7": 0.3654744989207409, "8": 0.7256263669114575, "10": 0.7270569962722016, "11": 0.379463456017727, "12": 0.7075546733458378, "13": 0.8491020066480099, "22": 0.6866431588436726, "24": 0.8366841729045951, "26": 0.798582496091209, "27": 0.09956310161525822, "30": 0.38765511854319556, "31": 0.681350940347976, "32": 0.4495555128476896, "33": 0.9488360901438864, "35": 0.48113657271127597, "37": 0.40248375349415566, "38": 0.3480070553113778, "41": 0.6037466595550827, "42": 0.9217586009312606, "44": 0.9983737266052923, "45": 0.509844549591119, "48": 0.6297825111340503, "50": 0.757604564146452, "54": 0.5241478553875311, "59": 0.9194832481391102, "60": 0.7739129300346219, "64": 0.5263792576434356, "66": 0.9709483288034012, "67": 0.4974047417628811, "69": 0.7669301099235952, "72": 0.7330285575089872, "74": 0.9476023808238805, "75": 0.9368955490612505, "76": 0.943959991281367, "77": 0.5821570318724274, "78": 0.8546179968153367, "91": 0.4571511854982508, "95": 0.718418182881056}