{"1": 0.37621440225477143, "2": 0.5515608118571804, "4": 0.6232151564631805, "6": 0.9709483288034012, "7": 0.5439885499060233, "9": 0.9725010622313472, "10": 0.8990590809633778, "11": 0.9275979296429275, "12": 0.7910066852120582, "13": 0.9949767420272078, "15": 0.9217586009312606, "18": 0.8377884954101573, "21": 0.7599558998501439, "22": 0.6859410332814602, "23": 0.35993750948152514, "25": 0.8743034803525781, "27": 0.7201559004897613, "34": 0.5417704012015854, "39": -0.4850290836151067, "40": 0.8366841729045951, "42": 0.980133147923703, "46": 0.7900128074397569, "51": 0.8949258926567634, "53": 0.5869724838400469, "54": 0.9374193455156212, "57": 0.48113657271127597, "61": 0.541619368890981, "64": 0.5998236730272588, "65": 0.9096911896636037, "68": 0.4066155493806968, "72": 0.43180872735599385, "73": 0.124879888631271, "75": 0.5973070206411616, "78": 0.9488360901438864, "85": 0.8720945545738419, "86": 0.27591050223106484, "89": 0.9865001752117635, "93": 0.981232131685918, "95": 0.6569847333452887, "96": 0.9472676651898911, "97": 0.737280541251515}