{"0": 0.737787753938089, "1": 0.4015393807472956, "2": 0.5929463479178985, "4": 0.9140329995531735, "5": 0.9032488291579921, "6": 0.7467391593054287, "7": 0.9237787682248549, "8": 0.9488360901438864, "9": 0.3251243914352895, "13": 0.9949767420272078, "14": 0.9712097172582024, "18": 0.981232131685918, "19": 0.3870406296866875, "21": 0.14449678458109552, "22": -0.10365891275703046, "23": 0.48113657271127597, "24": 0.3854780053139465, "27": 0.2926714706602051, "28": 0.4904092236152835, "30": 0.9709483288034012, "31": -0.09640640204312267, "34": 0.6705788352573482, "35": 0.9141130735845608, "37": 0.9217586009312606, "38": 0.7910066852120582, "40": 0.6487520872752499, "42": 0.847081452224276, "43": 0.12442766167748842, "46": 0.9442464244826696, "50": 0.7782912029730289, "52": 0.9644804896774047, "53": 0.5549190644565968, "54": 0.8105112760518803, "60": 0.6831037492617165, "62": 0.5320198508969127, "64": 0.8366841729045951, "74": 0.7127301950855451, "75": 0.6849216894371409, "82": 0.14389750736612367, "83": 0.9865001752117635, "84": 0.8020121717905242, "90": 0.8197268965435927, "93": 0.6683502333008534, "94": 0.8743034803525781, "97": 0.9490615228462083, "98": 0.5203204422207299}