{"0": 0.5677509784798154, "1": 0.8475814908605418, "2": 0.660673913766087, "3": 0.0882759782354223, "4": 0.8444621505000198, "5": 0.5968611232684455, "6": 0.714638999485179, "7": 0.5198685220641122, "8": 0.27361805570435394, "9": 0.7634150330236524, "10": 0.8016408203693158, "11": 0.6443955829734422, "12": 0.691751106621022, "13": 0.5247123185998133, "14": 0.8642616605705435, "15": 0.6082976936329352, "16": 0.424062593700137, "17": 0.6260072594908512, "18": 0.6733213007476928, "19": -0.03156587147432149, "20": 0.9711625608873772, "21": 0.8311229959955457, "22": 0.4154512915887426, "23": 0.2613639095218535, "24": 0.9217586009312606, "25": 0.799615023321244, "26": 0.5513144173319915, "27": 0.19636038889005966, "28": 0.7425417598060612, "29": 0.7051300887732296, "30": 0.6526061874683491, "32": 0.29830921354618783, "33": 0.6685812721607511, "34": 0.5292378121730696, "36": 0.8646846833957632, "38": 0.37540567929468754, "39": 0.9021221516449848, "40": 0.9315684879650371, "41": 0.6258554352216742, "42": 0.5685866553822061, "43": 0.557010402473584, "44": 0.9093223456592029, "45": 0.16671988941425248, "46": 0.8928144447523121, "47": 0.5195850373691461, "48": 0.901748777249892, "49": 0.48113657271127597, "50": 0.9983737266052923, "51": 0.9141130735845608, "52": 0.6733559840239098, "53": 0.7646757269224965, "54": 0.23032766890594292, "55": 0.8216912714609571, "56": 0.3778574483795422, "57": 0.9053622125320326, "58": 0.34384838052099814, "59": 0.8756754309304606, "60": 0.943959991281367, "62": 0.1864354156823636, "63": 0.9865001752117635, "64": 0.5410752967980765, "66": 0.7923975123858403, "67": 0.41247311771951933, "69": 0.8192778384406973, "70": 0.7637396974633953, "71": 0.8755225610321277, "72": 0.6013506347590544, "73": 0.6821030813261982, "74": 0.9713595535558777, "75": 0.7849634154001839, "77": 0.8809396244696035, "79": 0.8720945545738419, "81": 0.8128551965592921, "83": 0.921999206994456, "84": 0.8333468763597427, "87": -0.0947404194997906, "88": 0.6397620421540968, "91": 0.9114128703941509, "92": 0.3641110015527814, "93": 0.9335934621781633, "96": 0.8655817455287372}