{"1": 0.6682021946355736, "2": 0.8790220261165629, "4": 0.7450741008813824, "7": 0.5166005897334589, "8": 0.5396899639761444, "10": 0.5382709623844959, "13": 0.6174296789248245, "15": 0.4816977993718333, "21": 0.8094615901590485, "22": 0.9709483288034012, "23": 0.5052993373066282, "27": 0.9222511576714157, "29": 0.9949767420272078, "33": 0.9462769360884645, "35": 0.20842753767699462, "36": 0.3609169113804147, "38": 0.2188617908665665, "41": 0.7116043175588809, "42": 0.7272650834870503, "44": 0.8239403248244164, "45": 0.4046741750992735, "46": 0.761637266103527, "55": 0.5241478553875311, "56": 0.1602051177584529, "57": -0.13324141453847854, "61": 0.6194625747579359, "69": 0.7141859783198167, "70": 0.5453052173669288, "72": 0.3331665781203114, "74": 0.4719806453229161, "77": 0.37985796785064196, "78": 0.825054086606978, "83": 0.8314403132283873, "87": 0.6401564537580753, "89": 0.7247077579780055, "91": 0.9865001752117635, "92": 0.4526940523844731, "93": 0.46040548171610357, "94": 0.5584476392103918, "97": 0.5679602063790845, "98": 0.3890525130851198}