{"0": 0.8333468763597425, "1": 0.5395710676632861, "4": 0.7010329054846185, "5": 0.8937292646683588, "7": 0.6461112484947549, "8": 0.4105884143170383, "9": 0.8128551965592921, "10": 0.5968611232684455, "12": 0.9754846259278245, "15": 0.9700371969819471, "16": 0.6884083870932094, "17": 0.8192778384406973, "18": 0.8269134158533042, "20": 0.5474193847659086, "21": 0.9093223456592029, "22": 0.9949767420272078, "23": 0.8655817455287372, "26": 0.8755225610321277, "27": 0.8016408203693159, "28": 0.7827128748780958, "31": 0.6733213007476928, "32": 0.7344574150666381, "34": 0.921999206994456, "36": 0.27361805570435394, "38": 0.6260072594908512, "39": 0.7651270313034763, "40": 0.901748777249892, "41": 0.6733559840239098, "42": 0.9335934621781633, "44": 0.7849634154001839, "45": 0.9114128703941509, "48": 0.6491935015945167, "49": -0.0947404194997906, "50": 0.672838018811495, "52": 0.5513144173319915, "53": 0.684961249623832, "55": 0.7979575173700935, "58": 0.3618877879644028, "60": 0.2503692319591206, "61": 0.9217586009312606, "63": 0.9711625608873772, "64": 0.5728615902782304, "65": 0.8642616605705435, "70": 0.16671988941425248, "71": 0.9539519567428785, "72": 0.557010402473584, "73": 0.8330156279542347, "74": 0.5358827365043197, "75": 0.6526061874683491, "77": 0.8427021256521232, "78": 0.3778574483795422, "79": 0.5685866553822061, "80": 0.6678093024213296, "82": 0.9672364309982049, "83": 0.0882759782354223, "84": 0.9462769360884645, "85": 0.26136390952185357, "86": 0.8481193470413299, "87": 0.6685812721607511, "88": 0.9141130735845608, "89": 0.6929517111605159, "90": 0.5934663199690213, "93": 0.48607992823877844, "94": 0.8228614044510839, "95": 0.49449967940027634, "96": 0.7645950398284564, "97": 0.9713595535558777, "99": 0.5292378121730696}