{"1": 0.4177603683134038, "3": 0.7379307378016127, "6": 0.8355145194626965, "7": 0.794809675390955, "10": 0.8192778384406973, "12": 0.6693343840321941, "13": 0.2509905064061316, "15": 0.16250390370453338, "16": 0.7646765538921914, "19": 0.7221837384092362, "22": 0.4022301907132587, "23": 0.8384486312256896, "27": 0.9442464244826696, "28": 0.839499383943443, "32": 0.9449277469107293, "33": 0.9217586009312606, "37": 0.7842662112103962, "38": 0.7046060648353794, "39": 0.5996391118620429, "40": 0.6260072594908512, "42": 0.5281252572136516, "44": 0.428475922718237, "46": 0.9013207959089523, "47": 0.5191079896380062, "48": 0.2767841223723977, "52": 0.4016541682532744, "53": 0.6037377621296608, "62": 0.22734391786948904, "63": 0.6578214786098125, "68": 0.7453499248555291, "72": 0.5547459930806762, "73": 0.980133147923703, "76": 0.8338039374787547, "77": 0.28227242882712666, "80": 0.7389296594229778, "85": 0.7224963859377518, "86": 0.4005374875718429, "88": 0.4084090026327155, "90": 0.6644525431570972, "94": -0.6081942934229754, "98": 0.9865001752117635, "99": 0.9029526996772712}