{"1": 0.8791473832634391, "2": 0.3314564875247754, "3": -0.1470090609812008, "4": 0.890252696998722, "5": 0.691751106621022, "6": 0.6526061874683491, "7": 0.7044932779019406, "8": 0.5195850373691462, "9": 0.6260072594908512, "10": 0.525660031037205, "11": 0.7222404595346871, "12": 0.7051300887732297, "13": 0.6733559840239098, "14": 0.3778574483795422, "16": 0.0882759782354223, "17": 0.5375996711722785, "18": 0.6733213007476928, "21": 0.6357951477407896, "23": 0.8020121717905242, "24": 0.5685866553822061, "25": 0.8340739750893507, "26": 0.7849634154001839, "28": 0.19636038889005966, "29": 0.832860782860757, "30": 0.5968611232684455, "31": 0.26136390952185357, "32": 0.09900965570485776, "33": 0.9093223456592029, "34": 0.5513144173319915, "35": 0.9021221516449848, "36": 0.8331087363663148, "37": 0.9335934621781633, "40": 0.8128551965592921, "41": 0.5198685220641122, "42": 0.9865001752117635, "43": 0.3919330666766958, "44": -0.0947404194997906, "45": 0.8720945545738419, "47": 0.9713595535558777, "50": 0.8311229959955457, "51": 0.7923975123858403, "52": 0.6685812721607511, "53": 0.3544914461619832, "54": 0.9315684879650371, "55": 0.8242914753084221, "56": 0.9217586009312606, "57": 0.799615023321244, "59": 0.8016408203693159, "60": 0.5292378121730696, "61": 0.557010402473584, "62": 0.9432447077790973, "63": 0.6825879786594446, "67": 0.7146389994851791, "69": 0.8444621505000198, "71": 0.6013506347590544, "73": 0.48113657271127597, "74": 0.34384838052099814, "75": 0.8192778384406973, "76": 0.263755577319145, "77": 0.29830921354618783, "78": 0.43936027081587725, "79": 0.9141130735845608, "80": 0.7637396974633953, "82": 0.71239120112094, "83": 0.8313281921485667, "87": 0.8843497809749714, "88": 0.6821030813261982, "91": 0.8646846833957632, "92": 0.7646757269224965, "95": 0.9539519567428785, "97": 0.9704814302099272, "99": 0.8813757932458062}