{"1": 0.5692230943864816, "2": 0.5440573070736175, "3": 0.32401149947346136, "4": 0.5330129882742034, "6": 0.8054178653376559, "7": 0.8952635008702641, "10": 0.9949767420272078, "11": 0.5872521844470704, "15": 0.7295943799312998, "17": 0.7292299074932773, "18": 0.8679251610276782, "23": 0.7831581017980025, "24": 0.569375849700575, "27": 0.5188760781150386, "28": 0.28642582430553964, "33": 0.9476023808238805, "35": 0.907437228275553, "37": 0.7875652124174528, "41": 0.7916586209485028, "44": 0.5277970050517098, "46": -0.5287367167350292, "47": 0.48113657271127597, "50": 0.716682951966982, "51": 0.7010120954522201, "59": 0.9573146345238671, "66": 0.9196762676827337, "69": 0.5373523283266604, "70": -0.27496486801528375, "71": 0.7312980711222234, "72": 0.7581225162695594, "80": 0.9217586009312606, "81": 0.9140329995531735, "83": 0.8404461023348363, "84": 0.9149068217490111, "85": 0.980133147923703, "86": 0.9652197466936353, "89": 0.7525152029882107, "92": 0.8743034803525781, "93": 0.921999206994456, "94": 0.9750826465612488, "97": 0.9462769360884645, "99": 0.4792863336120088}