{"0": 0.19636038889005966, "1": 0.6685812721607511, "2": 0.5571774282145698, "3": 0.5247123185998133, "4": 0.8937292646683588, "5": 0.5329985134853309, "6": 0.5513144173319915, "9": 0.9249524416875297, "10": 0.24399981448481795, "11": 0.9472676651898911, "12": 0.9021221516449848, "13": 0.7866875579257706, "14": 0.8804661100413582, "15": 0.9949767420272078, "16": 0.8040811604720839, "17": 0.3763534091155593, "19": 0.48113657271127597, "20": 0.8756754309304606, "22": 0.9053622125320325, "23": -0.0475896289864841, "24": 0.8122493739852138, "26": 0.9476023808238805, "27": 0.9687175705183642, "28": 0.7162613517526044, "29": 0.6733213007476928, "30": 0.9093223456592029, "31": 0.757604564146452, "32": 0.4242280550173186, "36": 0.9006714259588862, "37": 0.691751106621022, "38": 0.45714849257876067, "39": 0.9335934621781633, "41": 0.660673913766087, "42": 0.9315684879650371, "44": 0.557010402473584, "45": 0.981232131685918, "46": 0.6291855423259535, "47": 0.7637396974633953, "49": 0.203542385530102, "50": 0.5685866553822061, "52": 0.9700371969819471, "56": 0.8216912714609571, "60": 0.9217586009312606, "61": 0.5836069712923149, "65": 0.3734674554169725, "66": 0.6749831880399266, "68": 0.943959991281367, "69": 0.8646846833957632, "70": 0.7617414539305428, "72": 0.684961249623832, "74": 0.7149526270853626, "75": 0.29830921354618783, "76": 0.9865001752117635, "77": 0.345320135375195, "78": 0.36292828239957664, "79": 0.8016408203693159, "80": 0.5220569662425524, "81": 0.9141130735845608, "82": 0.6260072594908512, "84": 0.6415605559254902, "85": 0.8809396244696035, "87": 0.5198685220641122, "88": 0.9710685701243187, "90": 0.6739808271819189, "91": 0.9754846259278245, "94": -0.66484306795428, "96": 0.842125366218683, "97": 0.7064157330606455, "98": 0.7910066852120582, "99": 0.4418727674630778}