{"1": 0.8323941801799644, "2": 0.9726464016239643, "5": 0.5787596828610473, "7": 0.45108080920774074, "8": 0.7216740359861025, "9": 0.721201578607827, "14": 0.9865001752117635, "16": 0.7118376356868954, "18": 0.9710685701243187, "19": 0.8296273215268468, "20": 0.4925751032650776, "21": 0.2926714706602051, "22": 0.9983737266052923, "33": 0.7292084368571095, "34": 0.48113657271127597, "40": 0.6650523650300169, "42": 0.9217586009312606, "44": 0.8459104550384517, "47": 0.450248802770478, "49": 0.8953599538075763, "53": 0.9488360901438864, "55": 0.9711625608873772, "63": 0.8404461023348363, "64": 0.9594035181408698, "65": 0.757604564146452, "67": 0.6308626824776593, "68": 0.45322087647439024, "69": 0.00723227887763421, "71": 0.9157957284855488, "72": 0.07974920501930652, "73": 0.8140041516556153, "74": 0.9672702438730358, "76": 0.6598356163030963, "77": 0.7698996693081083, "78": 0.9949767420272078, "81": 0.653745415073548, "82": 0.980133147923703, "88": 0.6484387208983722, "92": 0.7991437719188091, "93": 0.5930378050465042, "96": 0.7777275459012706, "98": 0.9462769360884645, "99": 0.8660821594179322}