{"0": 0.8444621505000198, "2": 0.6260072594908512, "4": 0.7355570043475652, "5": 0.736569972007167, "6": 0.9074636875542608, "8": 0.8128551965592921, "9": 0.8016408203693159, "11": 0.5513144173319915, "12": 0.541679995135772, "14": 0.9141130735845608, "15": 0.4183847681953678, "16": 0.8192778384406973, "17": 0.7724981668231352, "19": 0.757604564146452, "20": 0.967905757640733, "21": 0.7075546733458378, "23": 0.6491935015945167, "24": 0.6685812721607511, "25": 0.9711625608873772, "26": 0.20357370368672326, "28": 0.8160580510402684, "29": 0.9604526003642835, "31": 0.8135959109091585, "32": 0.645567693533785, "33": 0.5198685220641122, "34": 0.8216912714609571, "35": 0.6653534822950975, "36": 0.61606391717242, "37": 0.8655817455287372, "39": 0.691751106621022, "41": 0.26136390952185357, "43": 0.8311229959955457, "44": 0.5530272450832279, "45": 0.9539519567428785, "47": 0.7425417598060612, "49": 0.6183965727147215, "51": 0.7979713081674964, "52": 0.9476023808238805, "54": 0.9709483288034012, "56": 0.6892484794612321, "58": 0.7849634154001839, "59": 0.11816446672651273, "60": 0.8684827535567756, "63": 0.5220569662425524, "64": 0.5237928548754169, "65": 0.48113657271127597, "69": 0.8646846833957632, "70": 0.6733559840239098, "73": 0.9335934621781633, "74": 0.8333468763597425, "76": 0.4438992657983284, "78": 0.7637396974633953, "85": 0.9315684879650371, "86": 0.921999206994456, "87": -0.0020026099042433354, "90": 0.6526061874683491, "94": 0.9093223456592029, "96": 0.8809396244696035, "99": 0.9983737266052923}