{"0": 0.32113888420452796, "3": 0.5959273580799486, "4": 0.6814252731877313, "5": 0.9037624449431414, "6": 0.4830297741520577, "7": 0.922294457292, "8": 0.585586251779141, "11": 0.653209847131031, "12": 0.9204330867250647, "13": 0.43332274575770785, "15": 0.0410237918118173, "16": 0.2953856035288217, "17": 0.8550788993153542, "19": 0.8141832062021633, "20": 0.4515407220895862, "24": 0.6042278518089281, "26": 0.34671147306685846, "27": 0.6073044330611681, "29": 0.9949767420272078, "30": 0.46553258652577156, "31": 0.817646510887517, "32": 0.6139961670765683, "34": 0.8070834178164799, "36": 0.730287493560162, "37": 0.9709483288034012, "39": 0.2579972027204882, "40": 0.7496293598194063, "41": 0.9865001752117635, "48": 0.7052490603131518, "50": 0.5339227416352619, "51": 0.8720945545738419, "55": 0.7119335302503771, "56": 0.5946183293422755, "57": 0.8257826968312392, "60": 0.5182219759028084, "62": 0.6042284243738167, "65": 0.9261420991474387, "66": 0.7782912029730289, "71": 0.42582329374901107, "72": 0.5097259068808745, "74": 0.9202355368134549, "78": 0.8669152769714364, "79": 0.525027673004182, "83": 0.9239777041182415, "86": 0.6328148590009532, "87": 0.05584330816767899, "89": 0.5241478553875311, "93": 0.5457924244165593, "98": 0.19186440008252775}