{"0": 0.7721440652032403, "1": 0.6476504487144292, "2": 0.6480970951138354, "3": 0.4643551671991042, "4": 0.8095143528152856, "6": 0.9319404149571233, "7": 0.41622646102605887, "9": 0.7525964989578007, "12": 0.9711625608873772, "15": 0.6260072594908512, "17": 0.6855371499457523, "25": -0.10968394090785467, "27": 0.4275324209414182, "28": 0.48113657271127597, "32": 0.6169230582168284, "34": 0.651996684699735, "38": 0.9488360901438864, "39": 0.967905757640733, "41": 0.7993444339342476, "51": 0.5656239013279367, "53": 0.9462769360884645, "55": 0.9988882682104072, "59": 0.8868354277616741, "61": 0.9709483288034012, "62": 0.7167203750530338, "63": 0.8229737192598, "65": 0.8330156279542347, "69": 0.8691620314277804, "72": 0.2940275107389931, "79": 0.981232131685918, "80": 0.36729564110539037, "81": 0.7915689899385825, "82": 0.32401149947346136, "84": 0.9190576797913016, "85": -0.5077710976205282, "89": 0.20719309844180892, "90": 0.6494037638572137, "92": 0.5663370034758634, "99": 0.980133147923703}