{"0": 0.6013506347590544, "1": 0.6196188954656859, "2": 0.8809389516283095, "3": 0.2561457159470151, "4": 0.5292378121730696, "5": 0.7849634154001839, "6": 0.9021221516449848, "7": 0.8475814908605418, "8": 0.660673913766087, "9": 0.6733213007476928, "10": 0.7468704531551593, "11": 0.6260072594908512, "12": 0.7146389994851791, "13": 0.0882759782354223, "14": 0.5266201652392615, "15": 0.7634150330236524, "16": 0.32893364296232114, "18": 0.6733559840239098, "19": 0.8646846833957632, "20": 0.5195850373691462, "21": 0.8444621505000198, "22": 0.5146433052455969, "24": 0.45057250402910076, "25": 0.691751106621022, "26": 0.4154512915887426, "27": 0.786565829456501, "28": 0.5968611232684455, "29": 0.9865001752117635, "30": 0.7051300887732297, "31": 0.9053622125320325, "33": 0.921999206994456, "34": 0.26136390952185357, "35": 0.8333468763597425, "36": 0.557010402473584, "37": 0.8755225610321277, "38": 0.7647374990419398, "39": 0.5198685220641122, "40": 0.7637396974633953, "42": 0.7923975123858403, "43": 0.943959991281367, "45": 0.6397620421540968, "46": 0.48607992823877844, "47": 0.8128551965592921, "48": 0.9700371969819471, "49": 0.6685812721607511, "51": 0.16671988941425248, "52": 0.23032766890594292, "53": 0.8642616605705435, "54": 0.8937292646683588, "55": 0.5410752967980765, "56": 0.8756754309304606, "57": 0.9983737266052923, "58": 0.5660963114554163, "59": 0.6258554352216742, "60": 0.8809396244696035, "61": 0.8331087363663148, "62": 0.684961249623832, "63": 0.9093223456592029, "64": 0.9096911896636037, "65": 0.8178413482602938, "67": 0.9141130735845608, "68": 0.3778574483795422, "70": 0.34384838052099814, "71": 0.8928144447523121, "73": 0.5685866553822061, "74": 0.8216912714609571, "75": 0.9217455898854673, "76": 0.6914842433289334, "78": 0.8720945545738419, "80": 0.901748777249892, "85": 0.6831037492617165, "86": 0.9217586009312606, "88": -0.535948585147687, "89": 0.9129039455580766, "90": 0.799615023321244, "92": 0.6526061874683491, "93": 0.3641110015527814, "94": 0.19636038889005966, "95": 0.981232131685918, "96": 0.6821030813261982, "97": 0.48652483919001444, "98": 0.32486547688738276, "99": -0.03156587147432149}