{"0": 0.607313466527472, "3": 0.4729406353903478, "4": 0.8388869775585056, "5": 0.020147251561369116, "7": 0.8283229826289671, "11": 0.9949767420272078, "13": 0.7139502504202366, "14": 0.21644460337521587, "15": 0.7127301950855451, "17": 0.9865001752117635, "18": 0.739408798492845, "19": 0.5091228617623638, "21": 0.9356155407207811, "24": 0.5441508032487349, "25": 0.980133147923703, "26": 0.5208419760385938, "28": 0.6527383214021293, "30": 0.4586554870964289, "32": 0.8896091423460812, "35": 0.684961249623832, "38": 0.9711625608873772, "40": 0.7831581017980025, "42": 0.8953599538075763, "43": 0.5422082297352742, "44": 0.851197279994985, "45": 0.5623374058312797, "49": 0.6472125053108531, "50": 0.9217586009312606, "54": 0.4255199276585092, "64": 0.17468377270558988, "65": 0.601475709718643, "67": 0.8213445434803914, "68": 0.5358486061188189, "69": 0.7362738421594113, "73": 0.16123966173785675, "74": 0.8830833783478265, "75": 0.5494179053416772, "81": 0.9275979296429275, "82": 0.9709483288034012, "84": 0.6737107614467951, "88": 0.8507716786183757, "89": 0.981232131685918, "90": 0.9453520912576178, "91": 0.6359125783382944, "92": -0.4325643337307621, "93": 0.8531182567595281, "96": 0.7934299234683997, "98": 0.8819761592021869}