{"2": 0.7979713081674964, "5": 0.28771364480092465, "6": 0.5396377937771126, "8": 0.850464538303962, "10": 0.8720945545738419, "11": 0.48113657271127597, "12": 0.6275423096063782, "13": 0.9983737266052923, "14": 0.6902379247211508, "17": 0.7198203733849472, "19": 0.4065694600147872, "20": 0.8849754216590083, "22": 0.9865001752117635, "23": 0.9217586009312606, "24": 0.8952635008702641, "27": 0.09703523486140758, "29": 0.8726781241219697, "30": 0.981232131685918, "32": 0.30637066858878764, "33": 0.3880133518666372, "35": 0.9140329995531735, "36": 0.8830833783478265, "37": 0.8251212269136671, "39": 0.9709483288034012, "43": 0.4114441197987367, "44": 0.3814691664240364, "45": 0.702475452810122, "49": 0.8366841729045951, "50": 0.9949767420272078, "51": 0.4448436144074455, "52": 0.8363100595305545, "53": 0.7565715229467262, "64": 0.37064808764974794, "65": 0.7451733970016927, "69": 0.9472676651898911, "71": 0.5500598184407095, "72": 0.6260072594908512, "74": 0.5039561297414805, "77": 0.585586251779141, "78": 0.6733211388470915, "79": 0.8614221847634407, "83": 0.768312659874588, "87": 0.8342844565664564, "95": 0.943959991281367, "97": 0.6602703327799062, "98": 0.8216912714609571}