{"0": 0.7860260307038078, "1": 0.7253351705653528, "2": 0.5968611232684455, "3": 0.5513144173319915, "4": 0.9097043845728758, "5": 0.4683244144889779, "6": 0.8755225610321277, "7": 0.424062593700137, "8": 0.660673913766087, "9": 0.27361805570435394, "10": 0.8475814908605418, "11": 0.6443955829734422, "13": 0.8016408203693159, "15": 0.5292378121730696, "16": 0.26242612893149053, "17": 0.9093223456592029, "18": 0.691751106621022, "20": 0.4154512915887426, "21": 0.48113657271127597, "22": 0.11889000311667515, "23": 0.943959991281367, "24": 0.8333468763597425, "25": 0.9217586009312606, "26": 0.8216912714609571, "27": 0.41247311771951933, "28": 0.7637396974633953, "29": 0.29830921354618783, "30": 0.7849634154001839, "31": 0.8928144447523121, "32": 0.3778574483795422, "33": 0.7051300887732297, "34": 0.9335934621781633, "37": 0.9129039455580766, "38": 0.8128551965592921, "39": 0.9141130735845608, "40": 0.5198685220641122, "41": 0.5247123185998133, "42": 0.6685812721607511, "43": 0.6821030813261982, "44": 0.7634150330236524, "45": 0.684961249623832, "46": 0.8444621505000198, "47": 0.6733213007476928, "48": 0.7750054133812562, "49": 0.46912644829314326, "50": 0.9983737266052923, "52": 0.921999206994456, "54": 0.9432447077790973, "56": 0.6260072594908512, "58": 0.8905582349460391, "59": -0.03156587147432149, "60": 0.8331087363663148, "61": 0.9021221516449848, "62": 0.7572156673043826, "63": 0.20270924568334603, "64": 0.7075546733458378, "66": 0.832860782860757, "67": 0.8646846833957632, "68": 0.8229848270258664, "70": 0.1768916338584662, "72": 0.9865001752117635, "73": 0.784017252417081, "74": 0.3641110015527814, "75": 0.7923975123858403, "76": 0.16671988941425248, "77": 0.19604000714321895, "80": 0.8642395554081561, "81": 0.6013506347590544, "83": 0.901748777249892, "87": 0.5685866553822061, "88": 0.8417961933053902, "90": 0.5410752967980765, "92": 0.7425417598060612, "93": 0.6526061874683491, "94": 0.4148795515128957, "96": 0.8126874765373676, "97": 0.8756754309304606, "98": 0.9711625608873772, "99": 0.9700371969819471}