{"0": 0.5513144173319915, "1": 0.891717231203165, "2": 0.9093223456592029, "3": 0.639062295487238, "5": 0.8928144447523121, "6": 0.4183847681953678, "7": 0.5880858500374273, "9": 0.7661661029987421, "11": 0.5247123185998133, "12": 0.7146389994851791, "13": 0.7496293598194063, "14": 0.8937292646683588, "15": 0.27361805570435394, "16": 0.8475814908605418, "17": 0.5590755786185421, "18": 0.691751106621022, "19": -0.0947404194997906, "20": 0.943959991281367, "22": 0.8755225610321277, "23": 0.41247311771951933, "24": 0.0882759782354223, "25": 0.3778574483795422, "26": 0.7637396974633953, "27": 0.9177778432333028, "29": 0.7277700950671528, "30": 0.8126874765373676, "31": 0.9141130735845608, "32": 0.8311229959955457, "33": 0.7849634154001839, "34": 0.6733213007476928, "35": 0.5195850373691462, "36": 0.6258554352216742, "37": 0.5509321997381238, "41": 0.9687175705183642, "42": 0.9488360901438864, "43": 0.8128551965592921, "45": 0.5292378121730696, "46": 0.6877291499065614, "47": 0.7611417343895699, "48": 0.9217586009312606, "49": 0.901748777249892, "50": 0.6196188954656859, "52": 0.6260072594908512, "53": 0.26136390952185357, "54": 0.8444621505000198, "55": 0.11661037297160878, "56": 0.9865001752117635, "57": 0.6491935015945167, "58": 0.8216912714609571, "59": 0.9700371969819471, "60": 0.9114128703941509, "61": 0.34384838052099814, "62": 0.981232131685918, "63": 0.7425417598060612, "65": 0.684961249623832, "66": 0.37540567929468754, "68": 0.8646846833957632, "69": 0.921999206994456, "70": 0.640076576565072, "71": 0.9335934621781633, "72": 0.8756754309304606, "73": 0.29830921354618783, "74": 0.9711625608873772, "75": 0.557010402473584, "76": 0.16671988941425248, "78": 0.9983737266052923, "81": 0.9536751312786333, "83": 0.3703850179127782, "85": 0.6154531542585313, "87": 0.5068262921424477, "88": 0.7634150330236524, "89": 0.8642616605705435, "92": 0.7229507265874966, "94": 0.8720945545738419, "95": 0.6526061874683491, "98": 0.4064178987639405, "99": 0.9129039455580766}