{"1": 0.5998183687698095, "2": 0.9074842152471276, "3": 0.44682032732824595, "4": 0.7452671131239963, "6": 0.7712479032323918, "7": 0.6015856076940252, "8": 0.572741198528629, "11": 0.5935521207761624, "12": 0.1849729925433437, "13": 0.8357490712297171, "14": 0.40139991743747055, "15": 0.8667182607118262, "17": 0.7765073422868769, "19": 0.9949767420272078, "21": 0.8723432805509908, "22": 0.8379121223274029, "23": 0.8452701926364774, "27": 0.8484159424070237, "28": 0.593616288804013, "29": 0.5076928094249736, "32": 0.6975953133227302, "36": 0.7241360779491477, "38": 0.8316076253923786, "39": 0.27651093854946196, "42": 0.2758449100720442, "44": 0.7053250850897668, "45": 0.9217455898854673, "46": 0.6260072594908512, "47": 0.3258036849292134, "50": 0.9006714259588862, "51": 0.7213556937671599, "53": 0.757604564146452, "54": 0.46349913049472957, "55": 0.527888054698687, "57": 0.7385242498163751, "58": 0.3973592218686093, "59": 0.7173439764639746, "64": 0.9363102851791325, "66": 0.769584866628883, "68": -0.6839958387610735, "69": 0.6139961670765683, "73": 0.7822750916848437, "75": 0.9488360901438864, "76": 0.2258950788703631, "78": 0.6041921308507163, "80": 0.5829388491491342, "81": 0.5958548643563197, "84": 0.4185620399405522, "87": 0.9239777041182415, "88": 0.7782912029730289, "98": 0.9449277469107293}