{"0": 0.7216280926489133, "1": 0.2138454936356507, "2": 0.8453354338703316, "4": 0.47421236163675573, "5": 0.7777202758223645, "6": 0.3323303645799537, "9": 0.7537139383462061, "11": 0.6227144686691928, "12": 0.8169683714073805, "13": 0.9710685701243187, "14": 0.5383095281175706, "15": 0.9034923666227912, "16": 0.9006714259588862, "21": -0.40477798687613076, "25": 0.5195358188128116, "27": 0.7010120954522201, "35": 0.7573576077009716, "38": 0.9949767420272078, "42": 0.21128677785160954, "45": 0.5765151722568849, "48": 0.9442464244826696, "49": 0.5294447108015252, "52": 0.716682951966982, "53": 0.7831581017980025, "54": 0.7975643555712324, "61": 0.5800238378292917, "63": 0.981232131685918, "64": -0.15345094145548951, "65": 0.594947001655963, "71": 0.5358827365043197, "75": 0.8352441535944656, "77": -0.66484306795428, "78": 0.4931775091448835, "80": 0.5350990871777538, "81": 0.9173276414766982, "82": 0.9217586009312606, "84": 0.4856182748514142, "85": 0.5251400407653548, "89": 0.32547846506023326, "91": 0.9488360901438864, "93": 0.9592332369017739, "95": 0.7669301099235952}