{"1": 0.4316606553737613, "2": 0.5557812267656927, "3": 0.6249476661641837, "4": 0.6695239766894299, "5": 0.5968611232684455, "6": 0.5598616473210442, "8": 0.7785555942040256, "10": 0.6481804719053275, "11": 0.2947142446477705, "12": 0.9865001752117635, "13": 0.9709483288034012, "14": 0.7309457099441535, "15": 0.943959991281367, "17": 0.723433033193625, "18": 0.7933356502289579, "20": 0.48113657271127597, "21": 0.9217586009312606, "22": 0.9093223456592029, "24": 0.9476023808238805, "27": 0.6176520119758615, "28": 0.6397620421540968, "29": 0.6473190143827223, "31": 0.838807105863113, "33": 0.8937292646683588, "35": 0.3778574483795422, "36": 0.5685866553822061, "40": 0.7010120954522201, "42": 0.7912692073427967, "43": 0.8316076253923786, "44": 0.644548784921014, "45": 0.5513144173319915, "46": 0.27361805570435394, "48": 0.922744768583531, "49": 0.8646846833957632, "50": 0.7051300887732297, "52": 0.9053622125320325, "55": 0.29830921354618783, "56": 0.8333468763597425, "58": 0.5198685220641122, "59": 0.16671988941425248, "60": 0.727702565045798, "62": 0.8391384615947584, "63": 0.9711625608873772, "64": 0.8756754309304606, "65": 0.579782635805751, "66": -0.03156587147432149, "67": 0.16036051746416222, "68": -0.0947404194997906, "69": 0.7637396974633953, "70": 0.980133147923703, "71": 0.46912644829314326, "72": 0.6358677152800862, "74": 0.6623738443135211, "75": 0.6526061874683491, "76": 0.282411643860353, "78": 0.8574388199587318, "80": 0.5148839656094295, "81": 0.017581498289859186, "82": 0.6258554352216742, "83": 0.4921145446193782, "87": 0.5294447108015252, "89": 0.7565606933728686, "95": 0.7064157330606455, "97": 0.841121674857908}