{"1": 0.8302051050303796, "2": 0.5786232597120047, "3": 0.6288473701422195, "4": 0.7753207936829353, "5": 0.7286763948693882, "6": 0.9744982279864627, "8": 0.7849001521249795, "9": 0.9217586009312606, "10": 0.9014519177228164, "11": 0.5808446707006777, "12": 0.5839329105511379, "13": 0.4065694600147872, "14": 0.46439758602712555, "15": 0.3817228158048144, "17": 0.8486036868438486, "18": 0.3574814469878156, "19": 0.9672364309982049, "23": 0.42430923449937985, "24": 0.8953599538075763, "26": 0.9704814302099272, "28": 0.8809396244696035, "30": 0.6860737852539478, "34": 0.5802751916919293, "36": 0.8427021256521232, "38": 0.8229737192598, "41": 0.48113657271127597, "43": 0.7075546733458378, "44": 0.9949767420272078, "46": 0.9865001752117635, "48": 0.8145375945529222, "50": 0.7698762317841632, "51": 0.5611022967235983, "52": 0.6696491163221966, "57": 0.980133147923703, "60": 0.8756815747812206, "61": 0.9711625608873772, "62": 0.5664502064241324, "63": 0.8052925668193489, "65": 0.07967105127318252, "66": 0.9573146345238671, "71": 0.3245876608341007, "73": 0.9046385716627112, "75": 0.684961249623832, "76": 0.5241478553875311, "78": 0.855894411218914, "79": 0.7574810693663337, "80": 0.942699523539489, "81": 0.8431159508544971, "82": 0.25461884811574187, "84": 0.757604564146452, "86": 0.09179101071138548, "91": 0.7903154202208877, "94": 0.8830833783478265, "99": 0.7013866630124699}