{"0": 0.9249524416875297, "1": 0.5799811776941057, "2": 0.7637396974633953, "3": 0.9892581571897634, "4": -0.03156587147432149, "5": 0.2667876912297211, "6": 0.8949211271494089, "7": 0.9493540059122985, "8": 0.5198685220641122, "9": 0.6821030813261982, "10": 0.8311229959955457, "11": 0.8697134878509117, "12": 0.901748777249892, "13": 0.8475814908605418, "14": -0.0475896289864841, "15": 0.8292426892435174, "16": 0.5120501550986825, "17": 0.8333468763597425, "18": 0.24399981448481795, "19": 0.9777812587919528, "20": 0.7449588556572684, "21": 0.6526061874683491, "22": 0.8192778384406973, "23": 0.9093223456592029, "24": 0.9713595535558777, "25": 0.9096911896636037, "26": 0.5968611232684455, "27": 0.691751106621022, "28": 0.6313731905431029, "29": 0.8655817455287372, "30": 0.9884989516004242, "31": 0.1975043325266742, "32": 0.8646846833957632, "33": 0.9691939465332382, "34": 0.9403846533518059, "35": 0.9021221516449848, "36": 0.9636589083754621, "37": 0.8601391183990965, "38": 0.11661037297160878, "39": 0.8809396244696035, "40": 0.9140329995531735, "41": 0.8830833783478265, "42": 0.5808446707006777, "43": 0.4949948198706473, "44": 0.8359579514350155, "45": 0.9129039455580766, "46": 0.7466890867450248, "47": 0.8727104168106703, "48": 0.6082976936329352, "49": 0.9432447077790973, "50": 0.9141130735845608, "51": 0.7849634154001839, "52": 0.6196188954656859, "53": 0.8688965644538921, "54": 0.832860782860757, "55": 0.8545885282580425, "56": -0.0947404194997906, "57": 0.48607992823877844, "58": 0.9335934621781633, "59": 0.44260974064371894, "60": 0.7425417598060612, "61": 0.8455117632990026, "62": 0.757604564146452, "63": 0.9472676651898911, "64": 0.9709483288034012, "65": 0.9114128703941509, "66": 0.9298097197394065, "67": 0.8128551965592921, "68": 0.18293795068874083, "69": 0.7937358642281429, "70": 0.7634150330236524, "71": 0.943959991281367, "72": 0.6733559840239098, "73": 0.981232131685918, "74": 0.8216912714609571, "75": 0.20641358651095307, "76": 0.263755577319145, "77": 0.7010120954522201, "78": 0.5685866553822061, "79": 0.6260072594908512, "80": 0.684961249623832, "81": 0.8756754309304606, "82": 0.8720945545738419, "83": 0.25917053223486763, "84": 0.7075546733458378, "85": 0.48113657271127597, "86": 0.9476023808238805, "87": 0.9711625608873772, "88": 0.9700371969819471, "89": 0.6491935015945167, "90": 0.34384838052099814, "91": 0.9217586009312606, "92": 0.9983737266052923, "93": 0.9539519567428785, "94": 0.921999206994456, "95": 0.9865001752117635, "96": 0.9949767420272078}