{"0": 0.8472879608371888, "1": 0.8311229959955457, "2": 0.8794961698328488, "3": 0.8554309231514209, "4": 0.8978997239936704, "5": 0.9892581571897634, "6": 0.9988882682104072, "7": 0.8192778384406973, "8": 0.9750826465612488, "9": 0.9010430376776922, "10": 0.9687237924699306, "11": 0.9485822131185805, "12": 0.942923417458683, "13": 0.8280814828306626, "14": 0.9006714259588862, "15": 0.9884989516004242, "16": 0.9140329995531735, "17": 0.9304763003992487, "18": 0.9691939465332382, "19": 0.8775265032524076, "20": 0.9830954797357201, "21": 0.1975043325266742, "22": 0.9335934621781633, "23": 0.9061104814689838, "24": 0.8830833783478265, "25": 0.8720945545738419, "26": 0.7010120954522201, "27": 0.9687175705183642, "28": 0.8366841729045951, "29": 0.9472676651898911, "30": 0.8756754309304606, "31": 0.6061367038825813, "32": 0.9711625608873772, "33": 0.757604564146452, "34": 0.9983737266052923, "35": 0.981232131685918, "36": 0.9488360901438864, "37": 0.9217586009312606, "38": 0.9865001752117635, "39": 0.9709483288034012, "40": 0.9949767420272078}