{"0": 0.8794961698328488, "1": 0.8949721784391503, "2": 0.8286008454269056, "3": 0.7365398254287008, "4": 0.8933045543118125, "5": 0.9212526051038312, "6": 0.8280814828306626, "7": 0.9304763003992487, "8": 0.8192778384406973, "9": 0.9750826465612488, "10": 0.920017648857659, "11": 0.9432151547278886, "12": 0.942923417458683, "13": 0.9006714259588862, "14": 0.9335934621781633, "15": 0.9884989516004242, "16": 0.9140329995531735, "17": 0.9830954797357201, "18": 0.9061104814689838, "19": 0.8720945545738419, "20": 0.8366841729045951, "21": 0.8830833783478265, "22": 0.7010120954522201, "23": 0.9013207959089523, "24": 0.9687175705183642, "25": 0.9711625608873772, "26": 0.8756754309304606, "27": 0.5358827365043197, "28": 0.9472676651898911, "29": 0.757604564146452, "30": 0.981232131685918, "31": 0.9983737266052923, "32": 0.9217586009312606, "33": 0.9488360901438864, "34": 0.7336565076444184, "35": 0.9865001752117635, "36": 0.980133147923703, "37": 0.9709483288034012, "38": 0.9949767420272078}