{"0": 0.953211483519156, "1": 0.9428768410156919, "2": 0.8978997239936704, "3": 0.8835599668670103, "4": 0.8794961698328488, "5": 0.8940120835886608, "6": 0.9750826465612488, "7": 0.7931269495727602, "8": 0.8311229959955457, "9": -0.0475896289864841, "10": 0.7729045905760077, "11": 0.9055674494584188, "12": 0.9672702438730358, "13": 0.9140329995531735, "14": 0.1975043325266742, "15": 0.9884989516004242, "16": 0.9691939465332382, "17": 0.8615112575471175, "18": 0.8280814828306626, "19": 0.9000543078507882, "20": 0.9830954797357201, "21": 0.9988882682104072, "22": 0.881875322540995, "23": 0.8830833783478265, "24": 0.8188763159117212, "25": 0.9472676651898911, "26": 0.981232131685918, "27": 0.9687175705183642, "28": 0.7010120954522201, "29": 0.9488360901438864, "30": 0.978789337755493, "31": 0.8366841729045951, "32": 0.8720945545738419, "33": 0.7260287547211197, "34": 0.9592332369017739, "35": 0.6061367038825813, "36": 0.9983737266052923, "37": 0.7831581017980025, "38": 0.9217586009312606, "39": 0.9709483288034012, "40": 0.9865001752117635, "41": 0.9949767420272078}