{"0": 0.9249524416875297, "1": 0.30685047983091546, "2": 0.5358827365043197, "3": 0.9687175705183642, "4": 0.757604564146452, "5": 0.8272104826016874, "6": 0.9750826465612488, "7": 0.9713595535558777, "8": 0.7870072749384418, "9": 0.9140329995531735, "10": 0.8830833783478265, "11": 0.4983268803960832, "12": 0.8386443644739268, "13": 0.8613776094407015, "14": 0.3702217257773508, "15": 0.5620431679053567, "16": 0.9830954797357201, "17": 0.9801948925335262, "18": 0.9592332369017739, "19": 0.5984882081394154, "20": 0.8366841729045951, "21": 0.9422384203384251, "22": 0.981232131685918, "23": 0.9072409240804903, "24": 0.967905757640733, "25": 0.9335934621781633, "26": 0.9090796779337953, "27": 0.8756754309304606, "28": 0.9687370516063287, "29": 0.9949767420272078, "30": 0.9507162578215236, "31": 0.941952435588411, "32": 0.9327349011946073, "33": 0.8794961698328488, "34": 0.9142951613245062, "35": 0.9587780833337113, "36": 0.8311229959955457, "37": 0.3909079689464179, "38": 0.3885201854651707, "39": 0.8767764380190937, "40": 0.8862374456360023, "41": 0.9884989516004242, "42": 0.6082976936329352, "43": 0.8463778409804674, "44": 0.9988882682104072, "45": 0.8720945545738419, "46": 0.9865001752117635, "47": 0.9983737266052923, "48": 0.9316966264562736, "49": 0.9204330867250647, "50": 0.6332207795531988}