{"0": 0.8642616605705435, "1": 0.424062593700137, "2": 0.19636038889005966, "3": 0.29830921354618783, "4": 0.921999206994456, "5": 0.5513144173319915, "6": 0.714638999485179, "7": -0.0947404194997906, "8": 0.7923975123858403, "9": 0.9129039455580766, "10": -0.03156587147432149, "11": 0.943959991281367, "12": 0.660673913766087, "13": 0.6526061874683491, "14": 0.0882759782354223, "15": 0.37540567929468754, "16": 0.8444621505000198, "17": 0.5968611232684455, "18": 0.5198685220641122, "19": 0.9053622125320326, "20": 0.684961249623832, "21": 0.7634150330236524, "22": 0.7849634154001839, "23": 0.691751106621022, "24": 0.8809396244696035, "25": 0.6733213007476928, "26": 0.8016408203693158, "27": 0.3778574483795422, "28": 0.901748777249892, "29": 0.8655817455287372, "30": 0.48113657271127597, "31": 0.8311229959955457, "32": 0.6443955829734422, "33": 0.8192778384406973, "34": 0.41247311771951933, "35": 0.9711625608873772, "36": 0.9476023808238805, "37": 0.5292378121730696, "38": 0.8126874765373676, "39": 0.6082976936329352, "40": 0.557010402473584, "41": 0.7051300887732296, "42": 0.9021221516449848, "43": 0.5195850373691461, "44": 0.5247123185998133, "45": 0.8646846833957632, "46": 0.27361805570435394, "47": 0.8755225610321277, "48": 0.799615023321244, "49": 0.2613639095218535, "50": 0.8928144447523121, "51": 0.6685812721607511, "52": 0.7425417598060612, "53": 0.6258554352216742, "54": 0.8333468763597427, "55": 0.6196188954656859, "56": 0.8937292646683588, "57": 0.23032766890594292, "58": 0.832860782860757, "59": 0.1864354156823636, "60": 0.9141130735845608, "61": 0.8475814908605418, "62": 0.6733559840239098, "63": 0.9217586009312606, "64": 0.5685866553822061, "65": 0.9865001752117635, "66": 0.6397620421540968, "67": 0.9713595535558777, "68": 0.7646757269224965, "69": 0.8331087363663148, "70": 0.9093223456592029, "71": 0.16671988941425248, "72": 0.8756754309304606, "73": 0.6013506347590544, "74": 0.5410752967980765, "75": 0.4154512915887426, "76": 0.9315684879650371, "77": 0.6260072594908512, "78": 0.9335934621781633, "79": 0.7637396974633953, "80": 0.8720945545738419, "81": 0.8178413482602938, "82": 0.9114128703941509, "83": 0.9700371969819471, "84": 0.8128551965592921, "85": 0.8216912714609571, "86": 0.34384838052099814, "87": 0.3641110015527814, "88": 0.981232131685918, "89": 0.9983737266052923, "90": 0.6821030813261982}